{"id":"56b0d758706175520c020000","meta_data":{"capture_uuid":"df712aa0-00b1-0133-fbd7-58d385a7bbd0","page_uri":"http://digitalcollections.nypl.org/items/df712aa0-00b1-0133-fbd7-58d385a7bbd0","book_uri":"http://digitalcollections.nypl.org/items/df712aa0-00b1-0133-fbd7-58d385a7bbd0","source_rotated":"0","source_x":"0","source_y":"1253.41","source_w":"1749","source_h":"1304.59"},"type":"final_subject_set","search_terms_by_field":{},"subjects":[{"id":"56b0d758706175520c030000","type":"root","location":{"standard":"https://s3.amazonaws.com/scribe.nypl.org/emigrant-s4/full/df712aa0-00b1-0133-fbd7-58d385a7bbd0.unsplit-bottom.jpg","thumbnail":"https://s3.amazonaws.com/scribe.nypl.org/emigrant-s4/thumb/df712aa0-00b1-0133-fbd7-58d385a7bbd0.unsplit-bottom.jpg"},"status":"bad","width":1749,"height":1304,"meta_data":{"capture_uuid":"df712aa0-00b1-0133-fbd7-58d385a7bbd0","page_uri":"http://digitalcollections.nypl.org/items/df712aa0-00b1-0133-fbd7-58d385a7bbd0","book_uri":"http://digitalcollections.nypl.org/items/df712aa0-00b1-0133-fbd7-58d385a7bbd0","source_rotated":"0","source_x":"0","source_y":"1253.41","source_w":"1749","source_h":"1304.59"},"assertions":[]}]}