{"id":"56b0d758706175520c040000","meta_data":{"capture_uuid":"df7bee30-00b1-0133-b1e5-58d385a7bbd0","page_uri":"http://digitalcollections.nypl.org/items/df7bee30-00b1-0133-b1e5-58d385a7bbd0","book_uri":"http://digitalcollections.nypl.org/items/df712aa0-00b1-0133-fbd7-58d385a7bbd0","source_rotated":"1.56629","source_x":"0","source_y":"0","source_w":"1387.57","source_h":"1085.28"},"type":"final_subject_set","search_terms_by_field":{"Mortgager":["Alten, Howey"],"Amount Loaned":["1110"]},"subjects":[{"id":"56b0d75a706175520c050000","type":"root","location":{"standard":"https://s3.amazonaws.com/scribe.nypl.org/emigrant-s4/full/df7bee30-00b1-0133-b1e5-58d385a7bbd0.left-top.jpg","thumbnail":"https://s3.amazonaws.com/scribe.nypl.org/emigrant-s4/thumb/df7bee30-00b1-0133-b1e5-58d385a7bbd0.left-top.jpg"},"status":"active","width":1387,"height":1085,"meta_data":{"capture_uuid":"df7bee30-00b1-0133-b1e5-58d385a7bbd0","page_uri":"http://digitalcollections.nypl.org/items/df7bee30-00b1-0133-b1e5-58d385a7bbd0","book_uri":"http://digitalcollections.nypl.org/items/df712aa0-00b1-0133-fbd7-58d385a7bbd0","source_rotated":"1.56629","source_x":"0","source_y":"0","source_w":"1387.57","source_h":"1085.28"},"assertions":[{"id":"56b0d75a706175520c060000","status":"awaiting_transcriptions","name":"Mortgager","created_in_workflow":"transcribe","confidence":0.3333333333333333,"data":{"value":"American Ministry Methodist Society of Brooklyn"},"versions":[{"data":{"value":"American Ministry Methodist Society of Brooklyn"},"votes":1,"confidence":0.3333333333333333,"instances":[{"created":"2016-01-14T18:26:02Z","user_id":"5697e5f43763340003de0000","duration":34.641}]},{"data":{"value":"American Primitive Methodist Society of Brooklyn"},"votes":1,"confidence":0.3333333333333333,"instances":[{"created":"2016-01-14T19:54:23Z","user_id":"5697f04837633400035d0100","duration":46.438}]}],"region":{"x":43.780049121625964,"y":522.3636543600911,"width":549.8564527954106,"height":57.022153302465995,"label":"Mortgager Name","shape":"rectangle"},"task_key":"em_record_mortgager","instructions":{"mark":"Mortgager Name","transcribe":"Enter the mortgager's name"}},{"id":"56b0d75a706175520c070000","status":"awaiting_votes","name":"Mortgager","created_in_workflow":"transcribe","confidence":0.3333333333333333,"data":{"value":"Armheim Cath.e"},"versions":[{"data":{"value":"Armheim Cath.e"},"votes":1,"confidence":0.3333333333333333,"instances":[{"created":"2016-01-14T04:06:38Z","user_id":"567ac7e161383400030e0500","duration":12.559}]},{"data":{"value":"Armheim  Cath.e"},"votes":1,"confidence":0.3333333333333333,"instances":[{"created":"2016-01-14T17:56:22Z","user_id":"5697dcd164376500032b0700","duration":26.181}]},{"data":{"value":"Arnheim, Cath."},"votes":1,"confidence":0.3333333333333333,"instances":[{"created":"2016-01-14T19:15:41Z","user_id":"5697f3686437650003830800","duration":9.175}]}],"region":{"x":61.68805295692122,"y":116.00630578215116,"width":395.62844151263903,"height":30.845607317797416,"label":"Mortgager Name","shape":"rectangle"},"task_key":"em_record_mortgager","instructions":{"mark":"Mortgager Name","transcribe":"Enter the mortgager's name"}},{"id":"56b0d75a706175520c080000","status":"awaiting_votes","name":"Mortgager","created_in_workflow":"transcribe","confidence":0.3333333333333333,"data":{"value":"Armstrong Margt."},"versions":[{"data":{"value":"Armstrong Margt."},"votes":1,"confidence":0.3333333333333333,"instances":[{"created":"2016-01-14T18:19:56Z","user_id":"5697e3d93763340003b70000","duration":14.764}]},{"data":{"value":"Armstrong, Margt."},"votes":1,"confidence":0.3333333333333333,"instances":[{"created":"2016-01-14T18:24:22Z","user_id":"5697e5f43763340003de0000","duration":22.797}]},{"data":{"value":"Armstrong, Margaret"},"votes":1,"confidence":0.3333333333333333,"instances":[{"created":"2016-01-14T19:16:36Z","user_id":"5697f3686437650003830800","duration":10.594}]}],"region":{"x":75.09918656751915,"y":388.92287487657615,"width":339.9722370286577,"height":36.88061744519257,"label":"Mortgager Name","shape":"rectangle"},"task_key":"em_record_mortgager","instructions":{"mark":"Mortgager Name","transcribe":"Enter the mortgager's name"}},{"id":"56b0d75a706175520c090000","status":"awaiting_votes","name":"Mortgager","created_in_workflow":"transcribe","confidence":0.6666666666666666,"data":{"value":"Amend, Bernard"},"versions":[{"data":{"value":"Amend, Bernard"},"votes":2,"confidence":0.6666666666666666,"instances":[{"created":"2016-01-14T18:23:14Z","user_id":"5697e5f43763340003de0000","duration":8.284},{"created":"2016-01-14T19:16:14Z","user_id":"5697f3686437650003830800","duration":5.79}]},{"data":{"value":"Amend. Bernard."},"votes":1,"confidence":0.3333333333333333,"instances":[{"created":"2016-01-14T18:19:31Z","user_id":"5697e3d93763340003b70000","duration":11.166}]}],"region":{"x":76.44029992857895,"y":321.19665011358614,"width":344.6661337923669,"height":36.210060764370894,"label":"Mortgager Name","shape":"rectangle"},"task_key":"em_record_mortgager","instructions":{"mark":"Mortgager Name","transcribe":"Enter the mortgager's name"}},{"id":"56b0d75a706175520c0a0000","status":"awaiting_votes","name":"Mortgager","created_in_workflow":"transcribe","confidence":0.5,"data":{"value":"Agramonte D. de"},"versions":[{"data":{"value":"Agramonte D. de"},"votes":2,"confidence":0.5,"instances":[{"created":"2016-01-14T04:06:51Z","user_id":"567ac7e161383400030e0500","duration":6.135},{"created":"2016-01-14T19:24:43Z","user_id":"5697ef546437650003550800","duration":54.798}]},{"data":{"value":"Agramonte  E. de."},"votes":1,"confidence":0.25,"instances":[{"created":"2016-01-14T17:57:25Z","user_id":"5697dcd164376500032b0700","duration":31.177}]},{"data":{"value":"Agramonte, D. de."},"votes":1,"confidence":0.25,"instances":[{"created":"2016-01-14T19:16:02Z","user_id":"5697f3686437650003830800","duration":10.494}]}],"region":{"x":77.11085660910884,"y":194.46143743828807,"width":378.1939678188617,"height":29.50449395615405,"label":"Mortgager Name","shape":"rectangle"},"task_key":"em_record_mortgager","instructions":{"mark":"Mortgager Name","transcribe":"Enter the mortgager's name"}},{"id":"56b0d75a706175520c0b0000","status":"awaiting_votes","name":"Mortgager","created_in_workflow":"transcribe","confidence":0.3333333333333333,"data":{"value":"Anderson E. E."},"versions":[{"data":{"value":"Anderson E. E."},"votes":1,"confidence":0.3333333333333333,"instances":[{"created":"2016-01-14T04:07:03Z","user_id":"567ac7e161383400030e0500","duration":4.463}]},{"data":{"value":"Anderson E.E."},"votes":1,"confidence":0.3333333333333333,"instances":[{"created":"2016-01-14T18:19:08Z","user_id":"5697e3d93763340003b70000","duration":36.529}]},{"data":{"value":"Anderson, C. C."},"votes":1,"confidence":0.3333333333333333,"instances":[{"created":"2016-01-14T18:22:37Z","user_id":"5697e5f43763340003de0000","duration":15.916}]}],"region":{"x":80.46364001175832,"y":252.12931198895294,"width":357.4067107224349,"height":41.57451421094432,"label":"Mortgager Name","shape":"rectangle"},"task_key":"em_record_mortgager","instructions":{"mark":"Mortgager Name","transcribe":"Enter the mortgager's name"}},{"id":"56b0d75a706175520c0c0000","status":"awaiting_votes","name":"Mortgager","created_in_workflow":"transcribe","confidence":0.5,"data":{"value":"Allner, Fred."},"versions":[{"data":{"value":"Allner, Fred."},"votes":2,"confidence":0.5,"instances":[{"created":"2016-01-14T17:55:56Z","user_id":"5697dcd164376500032b0700","duration":49.568},{"created":"2016-01-14T19:15:31Z","user_id":"5697f3686437650003830800","duration":16.135}]},{"data":{"value":"Allner Fred."},"votes":1,"confidence":0.25,"instances":[{"created":"2016-01-14T04:06:25Z","user_id":"567ac7e161383400030e0500","duration":57.407}]},{"data":{"value":"Allner Hred"},"votes":1,"confidence":0.25,"instances":[{"created":"2016-01-14T19:20:31Z","user_id":"5697ef546437650003550800","duration":722.032}]}],"region":{"x":87.83976349758719,"y":79.79624501778028,"width":342.65446375077727,"height":33.52783404108415,"label":"Mortgager Name","shape":"rectangle"},"task_key":"em_record_mortgager","instructions":{"mark":"Mortgager Name","transcribe":"Enter the mortgager's name"}},{"id":"56b0d75a706175520c0d0000","status":"complete","name":"Mortgager","created_in_workflow":"transcribe","confidence":1.0,"data":{"value":"Auld, Thomas"},"versions":[{"data":{"value":"Auld, Thomas"},"votes":3,"confidence":1.0,"instances":[{"created":"2016-01-14T18:20:36Z","user_id":"5697e3d93763340003b70000","duration":7.425},{"created":"2016-01-14T18:25:27Z","user_id":"5697e5f43763340003de0000","duration":7.574},{"created":"2016-01-14T19:53:36Z","user_id":"5697f04837633400035d0100","duration":12.859}]}],"region":{"x":88.58316749754833,"y":494.8708304464019,"width":292.2385221338572,"height":40.730109501761476,"label":"Mortgager Name","shape":"rectangle"},"task_key":"em_record_mortgager","instructions":{"mark":"Mortgager Name","transcribe":"Enter the mortgager's name"}},{"id":"56b0d75a706175520c0e0000","status":"complete","name":"Mortgager","created_in_workflow":"transcribe","confidence":1.0,"data":{"value":"Academy of the Sacred Heart"},"versions":[{"data":{"value":"Academy of the Sacred Heart"},"votes":4,"confidence":1.0,"instances":[{"created":"2016-01-14T04:06:45Z","user_id":"567ac7e161383400030e0500","duration":6.798},{"created":"2016-01-14T17:56:54Z","user_id":"5697dcd164376500032b0700","duration":14.98},{"created":"2016-01-14T19:15:51Z","user_id":"5697f3686437650003830800","duration":10.86},{"created":"2016-01-14T19:22:00Z","user_id":"5697ef546437650003550800","duration":18.634}]}],"region":{"x":97.22755702500574,"y":156.23970663145212,"width":413.0629152064164,"height":27.492823913689023,"label":"Mortgager Name","shape":"rectangle"},"task_key":"em_record_mortgager","instructions":{"mark":"Mortgager Name","transcribe":"Enter the mortgager's name"}},{"id":"56b0d75a706175520c0f0000","status":"awaiting_transcriptions","name":"Mortgager","created_in_workflow":"transcribe","confidence":0.3333333333333333,"data":{"value":"Archbishop of Mary South"},"versions":[{"data":{"value":"Archbishop of Mary South"},"votes":1,"confidence":0.3333333333333333,"instances":[{"created":"2016-01-14T18:23:59Z","user_id":"5697e5f43763340003de0000","duration":46.308}]},{"data":{"value":"Archbishop of New York"},"votes":1,"confidence":0.3333333333333333,"instances":[{"created":"2016-01-14T19:16:26Z","user_id":"5697f3686437650003830800","duration":11.339}]}],"region":{"x":97.22755702500574,"y":362.7711643245305,"width":336.6194536260081,"height":38.8922874876576,"label":"Mortgager Name","shape":"rectangle"},"task_key":"em_record_mortgager","instructions":{"mark":"Mortgager Name","transcribe":"Enter the mortgager's name"}},{"id":"56b0d75a706175520c100000","status":"awaiting_votes","name":"Mortgager","created_in_workflow":"transcribe","confidence":0.3333333333333333,"data":{"value":"Association for befriending Children"},"versions":[{"data":{"value":"Association for befriending Children"},"votes":1,"confidence":0.3333333333333333,"instances":[{"created":"2016-01-14T18:20:29Z","user_id":"5697e3d93763340003b70000","duration":33.295}]},{"data":{"value":"Association for Foundling Children"},"votes":1,"confidence":0.3333333333333333,"instances":[{"created":"2016-01-14T18:25:20Z","user_id":"5697e5f43763340003de0000","duration":58.438}]},{"data":{"value":"Association for befriending children"},"votes":1,"confidence":0.3333333333333333,"instances":[{"created":"2016-01-14T19:16:52Z","user_id":"5697f3686437650003830800","duration":15.786}]}],"region":{"x":97.22755702500574,"y":433.1796158108072,"width":352.0422572781958,"height":56.3267611890214,"label":"Mortgager Name","shape":"rectangle"},"task_key":"em_record_mortgager","instructions":{"mark":"Mortgager Name","transcribe":"Enter the mortgager's name"}},{"id":"56b0d75a706175520c110000","status":"awaiting_votes","name":"Mortgager","created_in_workflow":"transcribe","confidence":0.3333333333333333,"data":{"value":"Arnold, Dan.l P."},"versions":[{"data":{"value":"Arnold, Dan.l P."},"votes":1,"confidence":0.3333333333333333,"instances":[{"created":"2016-01-14T18:26:42Z","user_id":"5697e5f43763340003de0000","duration":12.958}]},{"data":{"value":"Arnoold, Dan. P."},"votes":1,"confidence":0.3333333333333333,"instances":[{"created":"2016-01-14T20:00:39Z","user_id":"5697f04837633400035d0100","duration":303.817}]},{"data":{"value":"Arnold David P."},"votes":1,"confidence":0.3333333333333333,"instances":[{"created":"2016-01-14T20:11:52Z","user_id":"569800f33763340003f10200","duration":8.255}]}],"region":{"x":98.76569440116702,"y":671.0285540415205,"width":326.8591136061608,"height":38.69360402667348,"label":"Mortgager Name","shape":"rectangle"},"task_key":"em_record_mortgager","instructions":{"mark":"Mortgager Name","transcribe":"Enter the mortgager's name"}},{"id":"56b0d75a706175520c120000","status":"awaiting_transcriptions","name":"Mortgager","created_in_workflow":"transcribe","confidence":0.3333333333333333,"data":{"value":"Allers. Carston"},"versions":[{"data":{"value":"Allers. Carston"},"votes":1,"confidence":0.3333333333333333,"instances":[{"created":"2016-01-14T04:06:59Z","user_id":"567ac7e161383400030e0500","duration":8.111}]},{"data":{"value":"Allers  Carston"},"votes":1,"confidence":0.3333333333333333,"instances":[{"created":"2016-01-14T17:57:39Z","user_id":"5697dcd164376500032b0700","duration":13.835}]}],"region":{"x":103.93312383030471,"y":227.9892714793722,"width":342.65446375077727,"height":23.469483828758925,"label":"Mortgager Name","shape":"rectangle"},"task_key":"em_record_mortgager","instructions":{"mark":"Mortgager Name","transcribe":"Enter the mortgager's name"}},{"id":"56b0d75a706175520c130000","status":"awaiting_votes","name":"Mortgager","created_in_workflow":"transcribe","confidence":0.3333333333333333,"data":{"value":"Allen Thos. P."},"versions":[{"data":{"value":"Allen Thos. P."},"votes":1,"confidence":0.3333333333333333,"instances":[{"created":"2016-01-14T18:19:20Z","user_id":"5697e3d93763340003b70000","duration":12.308}]},{"data":{"value":"Allen, Tho."},"votes":1,"confidence":0.3333333333333333,"instances":[{"created":"2016-01-14T18:23:06Z","user_id":"5697e5f43763340003de0000","duration":28.471}]},{"data":{"value":"Allen, Theo. P."},"votes":1,"confidence":0.3333333333333333,"instances":[{"created":"2016-01-14T19:16:09Z","user_id":"5697f3686437650003830800","duration":6.589}]}],"region":{"x":107.95646391348409,"y":300.40939300811397,"width":305.103289641103,"height":24.81059719040229,"label":"Mortgager Name","shape":"rectangle"},"task_key":"em_record_mortgager","instructions":{"mark":"Mortgager Name","transcribe":"Enter the mortgager's name"}},{"id":"56b0d75a706175520c140000","status":"awaiting_transcriptions","name":"Mortgager","created_in_workflow":"transcribe","confidence":0.3333333333333333,"data":{"value":"Alten, Howey"},"versions":[{"data":{"value":"Alten, Howey"},"votes":1,"confidence":0.3333333333333333,"instances":[{"created":"2016-01-14T18:26:28Z","user_id":"5697e5f43763340003de0000","duration":26.915}]},{"data":{"value":"Alker, Henry"},"votes":1,"confidence":0.3333333333333333,"instances":[{"created":"2016-01-14T19:55:35Z","user_id":"5697f04837633400035d0100","duration":72.307}]}],"region":{"x":115.05773744695698,"y":589.5683350379975,"width":267.8004575651722,"height":56.003900564922105,"label":"Mortgager Name","shape":"rectangle"},"task_key":"em_record_mortgager","instructions":{"mark":"Mortgager Name","transcribe":"Enter the mortgager's name"}},{"id":"56b0d75a706175520c150000","status":"awaiting_transcriptions","name":"Amount Loaned","created_in_workflow":"transcribe","confidence":0.3333333333333333,"data":{"value":"1407."},"versions":[{"data":{"value":"1407."},"votes":1,"confidence":0.3333333333333333,"instances":[{"created":"2016-01-14T18:21:52Z","user_id":"5697e3d93763340003b70000","duration":8.393}]},{"data":{"value":"1407"},"votes":1,"confidence":0.3333333333333333,"instances":[{"created":"2016-01-14T18:27:57Z","user_id":"5697e5f43763340003de0000","duration":3.544}]}],"region":{"x":405.25975420009036,"y":584.4770713502774,"width":104.88002710727278,"height":67.20468067790648,"label":"Amount Loaned","shape":"rectangle"},"task_key":"em_record_amount_loaned","instructions":{"mark":"Amount Loaned","transcribe":"Enter the Amount Loaned"}},{"id":"56b0d75a706175520c160000","status":"awaiting_transcriptions","name":"Amount Loaned","created_in_workflow":"transcribe","confidence":0.3333333333333333,"data":{"value":"1105."},"versions":[{"data":{"value":"1105."},"votes":1,"confidence":0.3333333333333333,"instances":[{"created":"2016-01-14T18:21:34Z","user_id":"5697e3d93763340003b70000","duration":6.654}]},{"data":{"value":"1105"},"votes":1,"confidence":0.3333333333333333,"instances":[{"created":"2016-01-14T18:27:28Z","user_id":"5697e5f43763340003de0000","duration":5.431}]}],"region":{"x":472.4644317639739,"y":488.7613140211378,"width":102.843521726549,"height":49.8943841396578,"label":"Amount Loaned","shape":"rectangle"},"task_key":"em_record_amount_loaned","instructions":{"mark":"Amount Loaned","transcribe":"Enter the Amount Loaned"}},{"id":"56b0d75a706175520c170000","status":"awaiting_transcriptions","name":"Amount Loaned","created_in_workflow":"transcribe","confidence":0.3333333333333333,"data":{"value":"990."},"versions":[{"data":{"value":"990."},"votes":1,"confidence":0.3333333333333333,"instances":[{"created":"2016-01-14T04:10:01Z","user_id":"567ac7e161383400030e0500","duration":2.39}]},{"data":{"value":"99"},"votes":1,"confidence":0.3333333333333333,"instances":[{"created":"2016-01-14T18:27:17Z","user_id":"5697e5f43763340003de0000","duration":4.545}]}],"region":{"x":476.5374425254214,"y":392.0273039544543,"width":103.86177441691086,"height":45.821373189481676,"label":"Amount Loaned","shape":"rectangle"},"task_key":"em_record_amount_loaned","instructions":{"mark":"Amount Loaned","transcribe":"Enter the Amount Loaned"}},{"id":"56b0d75a706175520c180000","status":"awaiting_transcriptions","name":"Amount Loaned","created_in_workflow":"transcribe","confidence":0.3333333333333333,"data":{"value":"782. 982."},"versions":[{"data":{"value":"782. 982."},"votes":1,"confidence":0.3333333333333333,"instances":[{"created":"2016-01-14T04:09:55Z","user_id":"567ac7e161383400030e0500","duration":4.525}]}],"region":{"x":480.61045328686885,"y":313.6218431635634,"width":141.53712396030016,"height":49.89438413965786,"label":"Amount Loaned","shape":"rectangle"},"task_key":"em_record_amount_loaned","instructions":{"mark":"Amount Loaned","transcribe":"Enter the Amount Loaned"}},{"id":"56b0d75a706175520c190000","status":"awaiting_transcriptions","name":"Amount Loaned","created_in_workflow":"transcribe","confidence":0.3333333333333333,"data":{"value":"997"},"versions":[{"data":{"value":"997"},"votes":1,"confidence":0.3333333333333333,"instances":[{"created":"2016-01-14T18:27:23Z","user_id":"5697e5f43763340003de0000","duration":5.755}]},{"data":{"value":"$997"},"votes":1,"confidence":0.3333333333333333,"instances":[{"created":"2016-01-14T19:39:11Z","user_id":"5697f8cd3337650003e70000","duration":3.987}]}],"region":{"x":481.62870597723077,"y":466.359753795169,"width":92.66099482293032,"height":27.492823913688994,"label":"Amount Loaned","shape":"rectangle"},"task_key":"em_record_amount_loaned","instructions":{"mark":"Amount Loaned","transcribe":"Enter the Amount Loaned"}},{"id":"56b0d75a706175520c1a0000","status":"awaiting_transcriptions","name":"Amount Loaned","created_in_workflow":"transcribe","confidence":0.3333333333333333,"data":{"value":"894."},"versions":[{"data":{"value":"894."},"votes":1,"confidence":0.3333333333333333,"instances":[{"created":"2016-01-14T04:09:58Z","user_id":"567ac7e161383400030e0500","duration":3.054}]}],"region":{"x":486.7199694290401,"y":356.388458140413,"width":83.49672060967345,"height":35.638845814041304,"label":"Amount Loaned","shape":"rectangle"},"task_key":"em_record_amount_loaned","instructions":{"mark":"Amount Loaned","transcribe":"Enter the Amount Loaned"}},{"id":"56b0d75a706175520c1b0000","status":"awaiting_transcriptions","name":"Amount Loaned","created_in_workflow":"transcribe","confidence":0.3333333333333333,"data":{"value":"758."},"versions":[{"data":{"value":"758."},"votes":1,"confidence":0.3333333333333333,"instances":[{"created":"2016-01-14T04:09:51Z","user_id":"567ac7e161383400030e0500","duration":2.685}]}],"region":{"x":499.95725440374446,"y":291.2202829375946,"width":74.33244639641663,"height":33.60234033895324,"label":"Amount Loaned","shape":"rectangle"},"task_key":"em_record_amount_loaned","instructions":{"mark":"Amount Loaned","transcribe":"Enter the Amount Loaned"}},{"id":"56b0d75a706175520c1c0000","status":"awaiting_transcriptions","name":"Amount Loaned","created_in_workflow":"transcribe","confidence":0.3333333333333333,"data":{"value":"390."},"versions":[{"data":{"value":"390."},"votes":1,"confidence":0.3333333333333333,"instances":[{"created":"2016-01-14T04:09:38Z","user_id":"567ac7e161383400030e0500","duration":2.822}]},{"data":{"value":"$390"},"votes":1,"confidence":0.3333333333333333,"instances":[{"created":"2016-01-14T19:38:54Z","user_id":"5697f8cd3337650003e70000","duration":20.174}]}],"region":{"x":559.0159104447326,"y":150.70140515651747,"width":85.53322599039723,"height":29.529329388777057,"label":"Amount Loaned","shape":"rectangle"},"task_key":"em_record_amount_loaned","instructions":{"mark":"Amount Loaned","transcribe":"Enter the Amount Loaned"}},{"id":"56b0d75a706175520c1d0000","status":"awaiting_transcriptions","name":"Amount Loaned","created_in_workflow":"transcribe","confidence":0.3333333333333333,"data":{"value":"552."},"versions":[{"data":{"value":"552."},"votes":1,"confidence":0.3333333333333333,"instances":[{"created":"2016-01-14T04:09:46Z","user_id":"567ac7e161383400030e0500","duration":2.191}]},{"data":{"value":"$552"},"votes":1,"confidence":0.3333333333333333,"instances":[{"created":"2016-01-14T19:39:03Z","user_id":"5697f8cd3337650003e70000","duration":4.687}]}],"region":{"x":563.0889212061804,"y":212.81482214670376,"width":80.44196253858786,"height":42.76661497684955,"label":"Amount Loaned","shape":"rectangle"},"task_key":"em_record_amount_loaned","instructions":{"mark":"Amount Loaned","transcribe":"Enter the Amount Loaned"}},{"id":"56b0d75a706175520c1e0000","status":"awaiting_transcriptions","name":"Amount Loaned","created_in_workflow":"transcribe","confidence":0.3333333333333333,"data":{"value":"705."},"versions":[{"data":{"value":"705."},"votes":1,"confidence":0.3333333333333333,"instances":[{"created":"2016-01-14T04:09:48Z","user_id":"567ac7e161383400030e0500","duration":2.095}]},{"data":{"value":"$705"},"votes":1,"confidence":0.3333333333333333,"instances":[{"created":"2016-01-14T19:39:07Z","user_id":"5697f8cd3337650003e70000","duration":3.982}]}],"region":{"x":565.1254265869042,"y":254.56318438600928,"width":76.36895177714041,"height":42.76661497684958,"label":"Amount Loaned","shape":"rectangle"},"task_key":"em_record_amount_loaned","instructions":{"mark":"Amount Loaned","transcribe":"Enter the Amount Loaned"}},{"id":"56b0d75a706175520c1f0000","status":"awaiting_transcriptions","name":"Amount Loaned","created_in_workflow":"transcribe","confidence":0.3333333333333333,"data":{"value":"368."},"versions":[{"data":{"value":"368."},"votes":1,"confidence":0.3333333333333333,"instances":[{"created":"2016-01-14T04:09:35Z","user_id":"567ac7e161383400030e0500","duration":4.535}]},{"data":{"value":"368"},"votes":1,"confidence":0.3333333333333333,"instances":[{"created":"2016-01-14T20:11:35Z","user_id":"569800f33763340003f10200","duration":1.398}]}],"region":{"x":574.2897008001611,"y":113.02605386738813,"width":74.33244639641657,"height":36.657098551585335,"label":"Amount Loaned","shape":"rectangle"},"task_key":"em_record_amount_loaned","instructions":{"mark":"Amount Loaned","transcribe":"Enter the Amount Loaned"}},{"id":"56b0d75a706175520c200000","status":"awaiting_transcriptions","name":"Amount Loaned","created_in_workflow":"transcribe","confidence":0.3333333333333333,"data":{"value":"408."},"versions":[{"data":{"value":"408."},"votes":1,"confidence":0.3333333333333333,"instances":[{"created":"2016-01-14T04:09:44Z","user_id":"567ac7e161383400030e0500","duration":2.755}]},{"data":{"value":"$408"},"votes":1,"confidence":0.3333333333333333,"instances":[{"created":"2016-01-14T19:38:59Z","user_id":"5697f8cd3337650003e70000","duration":4.982}]}],"region":{"x":574.2897008001611,"y":184.30374549547074,"width":67.20467756388348,"height":35.638845814041304,"label":"Amount Loaned","shape":"rectangle"},"task_key":"em_record_amount_loaned","instructions":{"mark":"Amount Loaned","transcribe":"Enter the Amount Loaned"}},{"id":"56b0d75a706175520c210000","status":"awaiting_transcriptions","name":"Amount Loaned","created_in_workflow":"transcribe","confidence":0.3333333333333333,"data":{"value":"361"},"versions":[{"data":{"value":"361"},"votes":1,"confidence":0.3333333333333333,"instances":[{"created":"2016-01-14T20:11:34Z","user_id":"569800f33763340003f10200","duration":2.125}]}],"region":{"x":584.4722277037798,"y":75.35070257825875,"width":48.87612913736973,"height":37.67535128912938,"label":"Amount Loaned","shape":"rectangle"},"task_key":"em_record_amount_loaned","instructions":{"mark":"Amount Loaned","transcribe":"Enter the Amount Loaned"}},{"id":"56b0d75a706175520c220000","status":"awaiting_transcriptions","name":"Amount Loaned","created_in_workflow":"transcribe","confidence":0.3333333333333333,"data":{"value":"1110"},"versions":[{"data":{"value":"1110"},"votes":1,"confidence":0.3333333333333333,"instances":[{"created":"2016-01-14T18:27:54Z","user_id":"5697e5f43763340003de0000","duration":5.945}]},{"data":{"value":"$1,110"},"votes":1,"confidence":0.3333333333333333,"instances":[{"created":"2016-01-14T19:39:36Z","user_id":"5697f8cd3337650003e70000","duration":17.269}]}],"region":{"x":601.7825234399315,"y":528.4731707853553,"width":62.113414112074224,"height":61.095164252642235,"label":"Amount Loaned","shape":"rectangle"},"task_key":"em_record_amount_loaned","instructions":{"mark":"Amount Loaned","transcribe":"Enter the Amount Loaned"}}]}]}