{"id":"56b0d75a706175520c290000","meta_data":{"capture_uuid":"df858290-00b1-0133-1325-58d385a7bbd0","page_uri":"http://digitalcollections.nypl.org/items/df858290-00b1-0133-1325-58d385a7bbd0","book_uri":"http://digitalcollections.nypl.org/items/df712aa0-00b1-0133-fbd7-58d385a7bbd0","source_rotated":"1.03502","source_x":"0","source_y":"0","source_w":"1375.91","source_h":"1015.68"},"type":"final_subject_set","search_terms_by_field":{"Record Number":["1302"],"Mortgager":["Blew, Jas. B."]},"subjects":[{"id":"56b0d75f706175520c2a0000","type":"root","location":{"standard":"https://s3.amazonaws.com/scribe.nypl.org/emigrant-s4/full/df858290-00b1-0133-1325-58d385a7bbd0.left-top.jpg","thumbnail":"https://s3.amazonaws.com/scribe.nypl.org/emigrant-s4/thumb/df858290-00b1-0133-1325-58d385a7bbd0.left-top.jpg"},"status":"retired","width":1375,"height":1015,"meta_data":{"capture_uuid":"df858290-00b1-0133-1325-58d385a7bbd0","page_uri":"http://digitalcollections.nypl.org/items/df858290-00b1-0133-1325-58d385a7bbd0","book_uri":"http://digitalcollections.nypl.org/items/df712aa0-00b1-0133-fbd7-58d385a7bbd0","source_rotated":"1.03502","source_x":"0","source_y":"0","source_w":"1375.91","source_h":"1015.68"},"assertions":[{"id":"56b0d75f706175520c2b0000","status":"awaiting_transcriptions","name":"Record Number","created_in_workflow":"transcribe","confidence":0.3333333333333333,"data":{"value":"583"},"versions":[{"data":{"value":"583"},"votes":1,"confidence":0.3333333333333333,"instances":[{"created":"2015-12-03T02:21:22Z","user_id":"565fa45365316400032b0600","duration":4.071}]}],"region":{"x":496.03236406223687,"y":748.1547369304355,"width":87.2165838493687,"height":44.97104976084586,"label":"Record Number","shape":"rectangle"},"task_key":"em_record_number","instructions":{"mark":"Record Number","transcribe":"Enter the record number"}},{"id":"56b0d75f706175520c2c0000","status":"awaiting_transcriptions","name":"Record Number","created_in_workflow":"transcribe","confidence":0.3333333333333333,"data":{"value":"597"},"versions":[{"data":{"value":"597"},"votes":1,"confidence":0.3333333333333333,"instances":[{"created":"2015-12-03T00:32:43Z","user_id":"563f8b7a3264340003774b00","duration":9.675}]}],"region":{"x":498.75788230752966,"y":820.3809683645213,"width":79.04002911349033,"height":40.88277250985982,"label":"Record Number","shape":"rectangle"},"task_key":"em_record_number","instructions":{"mark":"Record Number","transcribe":"Enter the record number"}},{"id":"56b0d75f706175520c2d0000","status":"complete","name":"Record Number","created_in_workflow":"transcribe","confidence":1.0,"data":{"value":"639"},"versions":[{"data":{"value":"639"},"votes":3,"confidence":1.0,"instances":[{"created":"2015-12-02T21:06:32Z","user_id":"565ef8663539650003f20100","duration":5.008},{"created":"2015-12-03T00:13:17Z","user_id":"565f7fd43539650003110600","duration":7.083},{"created":"2015-12-03T00:32:59Z","user_id":"563f8b7a3264340003774b00","duration":4.876}]}],"region":{"x":502.8461596754688,"y":960.7451539817068,"width":85.85382472672222,"height":38.15725434253591,"label":"Record Number","shape":"rectangle"},"task_key":"em_record_number","instructions":{"mark":"Record Number","transcribe":"Enter the record number"}},{"id":"56b0d75f706175520c2e0000","status":"awaiting_transcriptions","name":"Record Number","created_in_workflow":"transcribe","confidence":0.6666666666666666,"data":{"value":"597"},"versions":[{"data":{"value":"597"},"votes":2,"confidence":0.6666666666666666,"instances":[{"created":"2015-12-03T00:32:33Z","user_id":"563f8b7a3264340003774b00","duration":8.13},{"created":"2015-12-03T02:21:39Z","user_id":"565fa45365316400032b0600","duration":5.807}]}],"region":{"x":504.2089187981152,"y":814.9299320298734,"width":72.22623350025845,"height":47.69656792816977,"label":"Record Number","shape":"rectangle"},"task_key":"em_record_number","instructions":{"mark":"Record Number","transcribe":"Enter the record number"}},{"id":"56b0d75f706175520c2f0000","status":"complete","name":"Record Number","created_in_workflow":"transcribe","confidence":1.0,"data":{"value":"611"},"versions":[{"data":{"value":"611"},"votes":3,"confidence":1.0,"instances":[{"created":"2015-12-03T00:32:49Z","user_id":"563f8b7a3264340003774b00","duration":3.536},{"created":"2015-12-03T01:25:17Z","user_id":"565f983e6531640003e60500","duration":8.731},{"created":"2015-12-03T02:21:47Z","user_id":"565fa45365316400032b0600","duration":3.863}]}],"region":{"x":504.2089187981152,"y":887.156163463959,"width":79.04002911349039,"height":40.88277250985993,"label":"Record Number","shape":"rectangle"},"task_key":"em_record_number","instructions":{"mark":"Record Number","transcribe":"Enter the record number"}},{"id":"56b0d75f706175520c300000","status":"awaiting_votes","name":"Record Number","created_in_workflow":"transcribe","confidence":0.6666666666666666,"data":{"value":"623"},"versions":[{"data":{"value":"623"},"votes":2,"confidence":0.6666666666666666,"instances":[{"created":"2015-12-02T21:06:27Z","user_id":"565ef8663539650003f20100","duration":9.884},{"created":"2015-12-03T00:32:54Z","user_id":"563f8b7a3264340003774b00","duration":4.372}]},{"data":{"value":"624"},"votes":1,"confidence":0.3333333333333333,"instances":[{"created":"2015-12-03T00:13:10Z","user_id":"565f7fd43539650003110600","duration":9.394}]}],"region":{"x":504.2089187981152,"y":926.676176890157,"width":81.76554735878312,"height":35.43173617521188,"label":"Record Number","shape":"rectangle"},"task_key":"em_record_number","instructions":{"mark":"Record Number","transcribe":"Enter the record number"}},{"id":"56b0d75f706175520c310000","status":"awaiting_transcriptions","name":"Record Number","created_in_workflow":"transcribe","confidence":0.3333333333333333,"data":{"value":"569"},"versions":[{"data":{"value":"569"},"votes":1,"confidence":0.3333333333333333,"instances":[{"created":"2015-12-03T02:21:09Z","user_id":"565fa45365316400032b0600","duration":29.918}]}],"region":{"x":504.2089187981154,"y":718.1740370898715,"width":94.04002911349035,"height":42.24553159352195,"label":"Record Number","shape":"rectangle"},"task_key":"em_record_number","instructions":{"mark":"Record Number","transcribe":"Enter the record number"}},{"id":"56b0d75f706175520c320000","status":"complete","name":"Record Number","created_in_workflow":"transcribe","confidence":1.0,"data":{"value":"599"},"versions":[{"data":{"value":"599"},"votes":3,"confidence":1.0,"instances":[{"created":"2015-12-03T00:32:46Z","user_id":"563f8b7a3264340003774b00","duration":2.724},{"created":"2015-12-03T01:25:08Z","user_id":"565f983e6531640003e60500","duration":2.729},{"created":"2015-12-03T02:21:43Z","user_id":"565fa45365316400032b0600","duration":3.858}]}],"region":{"x":506.93443704340797,"y":854.4499454560712,"width":76.3145108681976,"height":40.88277250985982,"label":"Record Number","shape":"rectangle"},"task_key":"em_record_number","instructions":{"mark":"Record Number","transcribe":"Enter the record number"}},{"id":"56b0d75f706175520c330000","status":"awaiting_transcriptions","name":"Record Number","created_in_workflow":"transcribe","confidence":0.6666666666666666,"data":{"value":"487"},"versions":[{"data":{"value":"487"},"votes":2,"confidence":0.6666666666666666,"instances":[{"created":"2015-12-02T21:02:02Z","user_id":"565ef8663539650003f20100","duration":3.871},{"created":"2015-12-03T00:01:34Z","user_id":"565f7fd43539650003110600","duration":5.312}]}],"region":{"x":508.29719616605433,"y":580.5353696400101,"width":83.12830648142955,"height":43.608290677183845,"label":"Record Number","shape":"rectangle"},"task_key":"em_record_number","instructions":{"mark":"Record Number","transcribe":"Enter the record number"}},{"id":"56b0d75f706175520c340000","status":"awaiting_transcriptions","name":"Record Number","created_in_workflow":"transcribe","confidence":0.6666666666666666,"data":{"value":"434"},"versions":[{"data":{"value":"434"},"votes":2,"confidence":0.6666666666666666,"instances":[{"created":"2015-12-02T21:01:47Z","user_id":"565ef8663539650003f20100","duration":3.189},{"created":"2015-12-03T00:01:11Z","user_id":"565f7fd43539650003110600","duration":4.656}]}],"region":{"x":509.6599552887007,"y":549.1919107157842,"width":77.67726999084397,"height":35.43173617521182,"label":"Record Number","shape":"rectangle"},"task_key":"em_record_number","instructions":{"mark":"Record Number","transcribe":"Enter the record number"}},{"id":"56b0d75f706175520c350000","status":"awaiting_transcriptions","name":"Record Number","created_in_workflow":"transcribe","confidence":0.3333333333333333,"data":{"value":"548"},"versions":[{"data":{"value":"548"},"votes":1,"confidence":0.3333333333333333,"instances":[{"created":"2015-12-03T04:18:53Z","user_id":"565fc1a165316400030e0800","duration":2.151}]},{"data":{"value":"548."},"votes":1,"confidence":0.3333333333333333,"instances":[{"created":"2015-12-03T05:48:53Z","user_id":"565fd6d86531640003440900","duration":5.632}]}],"region":{"x":513.7482326566399,"y":652.7616010740959,"width":79.04002911349039,"height":42.24553159352183,"label":"Record Number","shape":"rectangle"},"task_key":"em_record_number","instructions":{"mark":"Record Number","transcribe":"Enter the record number"}},{"id":"56b0d75f706175520c360000","status":"awaiting_transcriptions","name":"Record Number","created_in_workflow":"transcribe","confidence":0.3333333333333333,"data":{"value":"556 __"},"versions":[{"data":{"value":"556 __"},"votes":1,"confidence":0.3333333333333333,"instances":[{"created":"2015-12-03T05:49:09Z","user_id":"565fd6d86531640003440900","duration":15.568}]}],"region":{"x":516.4737509019327,"y":682.7423009146597,"width":85.85382472672222,"height":44.97104976084586,"label":"Record Number","shape":"rectangle"},"task_key":"em_record_number","instructions":{"mark":"Record Number","transcribe":"Enter the record number"}},{"id":"56b0d75f706175520c370000","status":"awaiting_transcriptions","name":"Record Number","created_in_workflow":"transcribe","confidence":0.3333333333333333,"data":{"value":"587"},"versions":[{"data":{"value":"587"},"votes":1,"confidence":0.3333333333333333,"instances":[{"created":"2015-12-03T02:21:33Z","user_id":"565fa45365316400032b0600","duration":10.853}]}],"region":{"x":516.4737509019327,"y":787.6747503566335,"width":114.47176630229626,"height":42.24553159352183,"label":"Record Number","shape":"rectangle"},"task_key":"em_record_number","instructions":{"mark":"Record Number","transcribe":"Enter the record number"}},{"id":"56b0d75f706175520c380000","status":"awaiting_transcriptions","name":"Record Number","created_in_workflow":"transcribe","confidence":0.3333333333333333,"data":{"value":"499 1149"},"versions":[{"data":{"value":"499 1149"},"votes":1,"confidence":0.3333333333333333,"instances":[{"created":"2015-12-03T04:18:51Z","user_id":"565fc1a165316400030e0800","duration":6.037}]},{"data":{"value":"499. 1119"},"votes":1,"confidence":0.3333333333333333,"instances":[{"created":"2015-12-03T05:48:37Z","user_id":"565fd6d86531640003440900","duration":11.664}]}],"region":{"x":523.2875465151645,"y":606.427792229588,"width":117.19728454758922,"height":53.14760426281785,"label":"Record Number","shape":"rectangle"},"task_key":"em_record_number","instructions":{"mark":"Record Number","transcribe":"Enter the record number"}},{"id":"56b0d75f706175520c390000","status":"awaiting_transcriptions","name":"Record Number","created_in_workflow":"transcribe","confidence":0.3333333333333333,"data":{"value":"165"},"versions":[{"data":{"value":"165"},"votes":1,"confidence":0.3333333333333333,"instances":[{"created":"2015-12-03T05:46:18Z","user_id":"565fd6d86531640003440900","duration":81.816}]}],"region":{"x":530.1013421283965,"y":245.2966350591592,"width":96.75589770789338,"height":32.70621800788791,"label":"Record Number","shape":"rectangle"},"task_key":"em_record_number","instructions":{"mark":"Record Number","transcribe":"Enter the record number"}},{"id":"56b0d75f706175520c3a0000","status":"awaiting_transcriptions","name":"Record Number","created_in_workflow":"transcribe","confidence":0.3333333333333333,"data":{"value":"230"},"versions":[{"data":{"value":"230"},"votes":1,"confidence":0.3333333333333333,"instances":[{"created":"2015-12-03T01:22:06Z","user_id":"565f983e6531640003e60500","duration":16.288}]}],"region":{"x":536.9151377416284,"y":343.4152890828229,"width":99.48141595318612,"height":36.794495258873894,"label":"Record Number","shape":"rectangle"},"task_key":"em_record_number","instructions":{"mark":"Record Number","transcribe":"Enter the record number"}},{"id":"56b0d75f706175520c3b0000","status":"awaiting_transcriptions","name":"Record Number","created_in_workflow":"transcribe","confidence":0.6666666666666666,"data":{"value":"195"},"versions":[{"data":{"value":"195"},"votes":2,"confidence":0.6666666666666666,"instances":[{"created":"2015-12-02T21:01:39Z","user_id":"565ef8663539650003f20100","duration":6.448},{"created":"2015-12-03T04:18:19Z","user_id":"565fc1a165316400030e0800","duration":3.258}]}],"region":{"x":539.6406559869212,"y":279.36561215070907,"width":92.66762033995428,"height":31.3434589242259,"label":"Record Number","shape":"rectangle"},"task_key":"em_record_number","instructions":{"mark":"Record Number","transcribe":"Enter the record number"}},{"id":"56b0d75f706175520c3c0000","status":"awaiting_transcriptions","name":"Record Number","created_in_workflow":"transcribe","confidence":0.6666666666666666,"data":{"value":"271"},"versions":[{"data":{"value":"271"},"votes":2,"confidence":0.6666666666666666,"instances":[{"created":"2015-12-03T00:30:01Z","user_id":"563f8b7a3264340003774b00","duration":5.125},{"created":"2015-12-03T01:22:17Z","user_id":"565f983e6531640003e60500","duration":2.504}]}],"region":{"x":543.7289333548604,"y":408.82772509859865,"width":87.21658384936859,"height":40.882772509859876,"label":"Record Number","shape":"rectangle"},"task_key":"em_record_number","instructions":{"mark":"Record Number","transcribe":"Enter the record number"}},{"id":"56b0d75f706175520c3d0000","status":"awaiting_transcriptions","name":"Record Number","created_in_workflow":"transcribe","confidence":0.3333333333333333,"data":{"value":"266"},"versions":[{"data":{"value":"266"},"votes":1,"confidence":0.3333333333333333,"instances":[{"created":"2015-12-03T01:22:14Z","user_id":"565f983e6531640003e60500","duration":3.533}]}],"region":{"x":545.0916924775067,"y":380.2097843416968,"width":91.3048612173078,"height":36.794495258873845,"label":"Record Number","shape":"rectangle"},"task_key":"em_record_number","instructions":{"mark":"Record Number","transcribe":"Enter the record number"}},{"id":"56b0d75f706175520c3e0000","status":"awaiting_transcriptions","name":"Record Number","created_in_workflow":"transcribe","confidence":0.6666666666666666,"data":{"value":"391"},"versions":[{"data":{"value":"391"},"votes":2,"confidence":0.6666666666666666,"instances":[{"created":"2015-12-03T00:30:48Z","user_id":"563f8b7a3264340003774b00","duration":5.102},{"created":"2015-12-03T01:22:53Z","user_id":"565f983e6531640003e60500","duration":2.887}]}],"region":{"x":545.0916924775067,"y":519.2112108752203,"width":85.85382472672222,"height":40.88277250985982,"label":"Record Number","shape":"rectangle"},"task_key":"em_record_number","instructions":{"mark":"Record Number","transcribe":"Enter the record number"}},{"id":"56b0d75f706175520c3f0000","status":"awaiting_transcriptions","name":"Record Number","created_in_workflow":"transcribe","confidence":0.3333333333333333,"data":{"value":"344, 510, 512"},"versions":[{"data":{"value":"344, 510, 512"},"votes":1,"confidence":0.3333333333333333,"instances":[{"created":"2015-12-03T00:30:32Z","user_id":"563f8b7a3264340003774b00","duration":24.999}]},{"data":{"value":"344510, 344512"},"votes":1,"confidence":0.3333333333333333,"instances":[{"created":"2015-12-03T01:22:46Z","user_id":"565f983e6531640003e60500","duration":24.591}]}],"region":{"x":546.4544516001531,"y":449.7104976084585,"width":104.9324524437717,"height":47.69656792816983,"label":"Record Number","shape":"rectangle"},"task_key":"em_record_number","instructions":{"mark":"Record Number","transcribe":"Enter the record number"}},{"id":"56b0d75f706175520c400000","status":"awaiting_transcriptions","name":"Record Number","created_in_workflow":"transcribe","confidence":0.6666666666666666,"data":{"value":"128"},"versions":[{"data":{"value":"128"},"votes":2,"confidence":0.6666666666666666,"instances":[{"created":"2015-12-02T21:01:19Z","user_id":"565ef8663539650003f20100","duration":4.48},{"created":"2015-12-03T00:00:03Z","user_id":"565f7fd43539650003110600","duration":5.883}]}],"region":{"x":547.8172107227995,"y":175.79592179239742,"width":72.22623350025845,"height":32.706218007887884,"label":"Record Number","shape":"rectangle"},"task_key":"em_record_number","instructions":{"mark":"Record Number","transcribe":"Enter the record number"}},{"id":"56b0d75f706175520c410000","status":"awaiting_transcriptions","name":"Record Number","created_in_workflow":"transcribe","confidence":0.3333333333333333,"data":{"value":"h3"},"versions":[{"data":{"value":"h3"},"votes":1,"confidence":0.3333333333333333,"instances":[{"created":"2015-12-02T21:01:03Z","user_id":"565ef8663539650003f20100","duration":5.445}]},{"data":{"value":"63"},"votes":1,"confidence":0.3333333333333333,"instances":[{"created":"2015-12-02T23:59:40Z","user_id":"565f7fd43539650003110600","duration":9.068}]}],"region":{"x":549.179969845446,"y":62.68691784845179,"width":69.5007152549656,"height":39.52001342619787,"label":"Record Number","shape":"rectangle"},"task_key":"em_record_number","instructions":{"mark":"Record Number","transcribe":"Enter the record number"}},{"id":"56b0d75f706175520c420000","status":"complete","name":"Record Number","created_in_workflow":"transcribe","confidence":1.0,"data":{"value":"74"},"versions":[{"data":{"value":"74"},"votes":3,"confidence":1.0,"instances":[{"created":"2015-12-02T21:01:07Z","user_id":"565ef8663539650003f20100","duration":4.851},{"created":"2015-12-02T23:59:45Z","user_id":"565f7fd43539650003110600","duration":5.476},{"created":"2015-12-03T04:18:03Z","user_id":"565fc1a165316400030e0800","duration":15.774}]}],"region":{"x":549.179969845446,"y":107.65796760929764,"width":79.04002911349033,"height":31.343458924225914,"label":"Record Number","shape":"rectangle"},"task_key":"em_record_number","instructions":{"mark":"Record Number","transcribe":"Enter the record number"}},{"id":"56b0d75f706175520c430000","status":"awaiting_transcriptions","name":"Record Number","created_in_workflow":"transcribe","confidence":0.6666666666666666,"data":{"value":"129"},"versions":[{"data":{"value":"129"},"votes":2,"confidence":0.6666666666666666,"instances":[{"created":"2015-12-02T21:01:27Z","user_id":"565ef8663539650003f20100","duration":3.87},{"created":"2015-12-03T00:00:14Z","user_id":"565f7fd43539650003110600","duration":5.101}]}],"region":{"x":553.268247213385,"y":208.5021398002853,"width":72.22623350025846,"height":39.52001342619789,"label":"Record Number","shape":"rectangle"},"task_key":"em_record_number","instructions":{"mark":"Record Number","transcribe":"Enter the record number"}},{"id":"56b0d75f706175520c440000","status":"awaiting_transcriptions","name":"Record Number","created_in_workflow":"transcribe","confidence":0.6666666666666666,"data":{"value":"387"},"versions":[{"data":{"value":"387"},"votes":2,"confidence":0.6666666666666666,"instances":[{"created":"2015-12-03T00:30:37Z","user_id":"563f8b7a3264340003774b00","duration":5.274},{"created":"2015-12-03T01:22:50Z","user_id":"565f983e6531640003e60500","duration":3.762}]}],"region":{"x":553.268247213385,"y":479.6911974490224,"width":74.95175174555118,"height":40.88277250985993,"label":"Record Number","shape":"rectangle"},"task_key":"em_record_number","instructions":{"mark":"Record Number","transcribe":"Enter the record number"}},{"id":"56b0d75f706175520c450000","status":"complete","name":"Record Number","created_in_workflow":"transcribe","confidence":1.0,"data":{"value":"97"},"versions":[{"data":{"value":"97"},"votes":3,"confidence":1.0,"instances":[{"created":"2015-12-02T21:01:10Z","user_id":"565ef8663539650003f20100","duration":2.909},{"created":"2015-12-02T23:59:50Z","user_id":"565f7fd43539650003110600","duration":4.815},{"created":"2015-12-03T04:18:05Z","user_id":"565fc1a165316400030e0800","duration":2.044}]}],"region":{"x":561.4448019492634,"y":136.27590836619956,"width":54.510364905855454,"height":39.52001342619786,"label":"Record Number","shape":"rectangle"},"task_key":"em_record_number","instructions":{"mark":"Record Number","transcribe":"Enter the record number"}},{"id":"56b0d75f706175520c460000","status":"complete","name":"Record Number","created_in_workflow":"transcribe","confidence":1.0,"data":{"value":"1414 to 1424"},"versions":[{"data":{"value":"1414 to 1424"},"votes":3,"confidence":1.0,"instances":[{"created":"2015-12-02T21:01:59Z","user_id":"565ef8663539650003f20100","duration":10.997},{"created":"2015-12-03T00:01:29Z","user_id":"565f7fd43539650003110600","duration":17.427},{"created":"2015-12-03T00:31:06Z","user_id":"563f8b7a3264340003774b00","duration":17.921}]}],"region":{"x":948.4683927808368,"y":576.4470923890241,"width":242.57112383105652,"height":54.510363346479835,"label":"Record Number","shape":"rectangle"},"task_key":"em_record_number","instructions":{"mark":"Record Number","transcribe":"Enter the record number"}},{"id":"56b0d75f706175520c470000","status":"complete","name":"Record Number","created_in_workflow":"transcribe","confidence":1.0,"data":{"value":"1457"},"versions":[{"data":{"value":"1457"},"votes":3,"confidence":1.0,"instances":[{"created":"2015-12-02T21:02:10Z","user_id":"565ef8663539650003f20100","duration":4.821},{"created":"2015-12-03T00:01:41Z","user_id":"565f7fd43539650003110600","duration":6.358},{"created":"2015-12-03T00:31:10Z","user_id":"563f8b7a3264340003774b00","duration":4.377}]}],"region":{"x":960.7332248846543,"y":640.4967693211379,"width":111.74624805700353,"height":50.422086095493796,"label":"Record Number","shape":"rectangle"},"task_key":"em_record_number","instructions":{"mark":"Record Number","transcribe":"Enter the record number"}},{"id":"56b0d75f706175520c480000","status":"awaiting_votes","name":"Record Number","created_in_workflow":"transcribe","confidence":0.6666666666666666,"data":{"value":"1498.1550."},"versions":[{"data":{"value":"1498.1550."},"votes":2,"confidence":0.6666666666666666,"instances":[{"created":"2015-12-02T21:02:23Z","user_id":"565ef8663539650003f20100","duration":12.912},{"created":"2015-12-03T00:02:05Z","user_id":"565f7fd43539650003110600","duration":23.969}]},{"data":{"value":"1498. 1550"},"votes":1,"confidence":0.3333333333333333,"instances":[{"created":"2015-12-03T01:23:06Z","user_id":"565f983e6531640003e60500","duration":13.1}]}],"region":{"x":962.0959840073007,"y":711.3602416715617,"width":148.54074436845588,"height":58.598640597465874,"label":"Record Number","shape":"rectangle"},"task_key":"em_record_number","instructions":{"mark":"Record Number","transcribe":"Enter the record number"}},{"id":"56b0d75f706175520c490000","status":"complete","name":"Record Number","created_in_workflow":"transcribe","confidence":1.0,"data":{"value":"1547"},"versions":[{"data":{"value":"1547"},"votes":3,"confidence":1.0,"instances":[{"created":"2015-12-02T21:02:41Z","user_id":"565ef8663539650003f20100","duration":8.79},{"created":"2015-12-03T00:02:26Z","user_id":"565f7fd43539650003110600","duration":6.717},{"created":"2015-12-03T04:18:56Z","user_id":"565fc1a165316400030e0800","duration":2.746}]}],"region":{"x":970.272538743179,"y":914.411345137199,"width":110.38348893435727,"height":55.87312243014185,"label":"Record Number","shape":"rectangle"},"task_key":"em_record_number","instructions":{"mark":"Record Number","transcribe":"Enter the record number"}},{"id":"56b0d75f706175520c4a0000","status":"complete","name":"Record Number","created_in_workflow":"transcribe","confidence":1.0,"data":{"value":"1528"},"versions":[{"data":{"value":"1528"},"votes":3,"confidence":1.0,"instances":[{"created":"2015-12-02T21:02:32Z","user_id":"565ef8663539650003f20100","duration":6.02},{"created":"2015-12-03T00:02:20Z","user_id":"565f7fd43539650003110600","duration":6.406},{"created":"2015-12-03T02:19:47Z","user_id":"565fa45365316400032b0600","duration":3.958}]}],"region":{"x":977.0863343564109,"y":850.3616682050853,"width":118.56004367023559,"height":46.33380884450776,"label":"Record Number","shape":"rectangle"},"task_key":"em_record_number","instructions":{"mark":"Record Number","transcribe":"Enter the record number"}},{"id":"56b0d75f706175520c4b0000","status":"complete","name":"Record Number","created_in_workflow":"transcribe","confidence":1.0,"data":{"value":"1509"},"versions":[{"data":{"value":"1509"},"votes":3,"confidence":1.0,"instances":[{"created":"2015-12-02T21:02:26Z","user_id":"565ef8663539650003f20100","duration":3.396},{"created":"2015-12-03T00:02:13Z","user_id":"565f7fd43539650003110600","duration":8.571},{"created":"2015-12-03T02:19:43Z","user_id":"565fa45365316400032b0600","duration":5.084}]}],"region":{"x":982.5373708469964,"y":776.7726776873375,"width":104.9324524437717,"height":59.96139968112777,"label":"Record Number","shape":"rectangle"},"task_key":"em_record_number","instructions":{"mark":"Record Number","transcribe":"Enter the record number"}},{"id":"56b0d75f706175520c4c0000","status":"complete","name":"Record Number","created_in_workflow":"transcribe","confidence":1.0,"data":{"value":"1393"},"versions":[{"data":{"value":"1393"},"votes":3,"confidence":1.0,"instances":[{"created":"2015-12-03T00:01:01Z","user_id":"565f7fd43539650003110600","duration":14.724},{"created":"2015-12-03T00:30:07Z","user_id":"563f8b7a3264340003774b00","duration":6.402},{"created":"2015-12-03T01:22:21Z","user_id":"565f983e6531640003e60500","duration":4.408}]}],"region":{"x":1031.5966992622664,"y":438.80842493916253,"width":114.47176630229637,"height":53.14760426281788,"label":"Record Number","shape":"rectangle"},"task_key":"em_record_number","instructions":{"mark":"Record Number","transcribe":"Enter the record number"}},{"id":"56b0d75f706175520c4d0000","status":"complete","name":"Record Number","created_in_workflow":"transcribe","confidence":1.0,"data":{"value":"1412"},"versions":[{"data":{"value":"1412"},"votes":3,"confidence":1.0,"instances":[{"created":"2015-12-02T21:01:44Z","user_id":"565ef8663539650003f20100","duration":5.408},{"created":"2015-12-03T00:01:07Z","user_id":"565f7fd43539650003110600","duration":5.753},{"created":"2015-12-03T00:30:43Z","user_id":"563f8b7a3264340003774b00","duration":5.157}]}],"region":{"x":1034.3222175075591,"y":498.76982462029036,"width":107.65797068906431,"height":55.87312243014185,"label":"Record Number","shape":"rectangle"},"task_key":"em_record_number","instructions":{"mark":"Record Number","transcribe":"Enter the record number"}},{"id":"56b0d75f706175520c4e0000","status":"complete","name":"Record Number","created_in_workflow":"transcribe","confidence":1.0,"data":{"value":"1359"},"versions":[{"data":{"value":"1359"},"votes":3,"confidence":1.0,"instances":[{"created":"2015-12-03T00:29:56Z","user_id":"563f8b7a3264340003774b00","duration":5.089},{"created":"2015-12-03T01:22:11Z","user_id":"565f983e6531640003e60500","duration":5.239},{"created":"2015-12-03T02:19:32Z","user_id":"565fa45365316400032b0600","duration":7.958}]}],"region":{"x":1039.7732539981446,"y":374.7587480070488,"width":104.93245244377181,"height":50.42208609549385,"label":"Record Number","shape":"rectangle"},"task_key":"em_record_number","instructions":{"mark":"Record Number","transcribe":"Enter the record number"}},{"id":"56b0d75f706175520c4f0000","status":"complete","name":"Record Number","created_in_workflow":"transcribe","confidence":1.0,"data":{"value":"1349"},"versions":[{"data":{"value":"1349"},"votes":3,"confidence":1.0,"instances":[{"created":"2015-12-03T00:29:51Z","user_id":"563f8b7a3264340003774b00","duration":6.614},{"created":"2015-12-03T01:21:49Z","user_id":"565f983e6531640003e60500","duration":7.141},{"created":"2015-12-03T04:18:23Z","user_id":"565fc1a165316400030e0800","duration":3.588}]}],"region":{"x":1050.6753269793157,"y":309.346311991273,"width":104.93245244377158,"height":50.422086095493796,"label":"Record Number","shape":"rectangle"},"task_key":"em_record_number","instructions":{"mark":"Record Number","transcribe":"Enter the record number"}},{"id":"56b0d75f706175520c500000","status":"awaiting_transcriptions","name":"Record Number","created_in_workflow":"transcribe","confidence":0.6666666666666666,"data":{"value":"1330"},"versions":[{"data":{"value":"1330"},"votes":2,"confidence":0.6666666666666666,"instances":[{"created":"2015-12-02T21:01:23Z","user_id":"565ef8663539650003f20100","duration":3.602},{"created":"2015-12-03T00:00:09Z","user_id":"565f7fd43539650003110600","duration":5.572}]}],"region":{"x":1054.7636043472548,"y":207.13938071662332,"width":119.92280279288184,"height":35.43173617521188,"label":"Record Number","shape":"rectangle"},"task_key":"em_record_number","instructions":{"mark":"Record Number","transcribe":"Enter the record number"}},{"id":"56b0d75f706175520c510000","status":"awaiting_transcriptions","name":"Record Number","created_in_workflow":"transcribe","confidence":0.6666666666666666,"data":{"value":"1323"},"versions":[{"data":{"value":"1323"},"votes":2,"confidence":0.6666666666666666,"instances":[{"created":"2015-12-02T21:01:15Z","user_id":"565ef8663539650003f20100","duration":4.484},{"created":"2015-12-02T23:59:57Z","user_id":"565f7fd43539650003110600","duration":7.27}]}],"region":{"x":1058.851881715194,"y":139.00142653352356,"width":103.56969332112544,"height":38.15725434253585,"label":"Record Number","shape":"rectangle"},"task_key":"em_record_number","instructions":{"mark":"Record Number","transcribe":"Enter the record number"}},{"id":"56b0d75f706175520c520000","status":"complete","name":"Record Number","created_in_workflow":"transcribe","confidence":1.0,"data":{"value":"1302"},"versions":[{"data":{"value":"1302"},"votes":3,"confidence":1.0,"instances":[{"created":"2015-12-02T21:00:57Z","user_id":"565ef8663539650003f20100","duration":4.711},{"created":"2015-12-02T23:59:31Z","user_id":"565f7fd43539650003110600","duration":9.865},{"created":"2015-12-03T02:13:30Z","user_id":"565fa54a3539650003ae0700","duration":12.165}]}],"region":{"x":1071.1167138190115,"y":61.3241587647898,"width":122.6483210381748,"height":42.24553159352186,"label":"Record Number","shape":"rectangle"},"task_key":"em_record_number","instructions":{"mark":"Record Number","transcribe":"Enter the record number"}},{"id":"56b0d75f706175520c530000","status":"awaiting_transcriptions","name":"Mortgager","created_in_workflow":"transcribe","confidence":0.3333333333333333,"data":{"value":"Bernheimer, H."},"versions":[{"data":{"value":"Bernheimer, H."},"votes":1,"confidence":0.3333333333333333,"instances":[{"created":"2015-12-03T00:13:16Z","user_id":"563f8b7a3264340003774b00","duration":46.195}]},{"data":{"value":"H. Bernheimer"},"votes":1,"confidence":0.3333333333333333,"instances":[{"created":"2015-12-03T00:54:34Z","user_id":"564e49d539646600031a0b00","duration":7.508}]}],"region":{"x":87.20462726832127,"y":49.05932701183184,"width":324.33667118983965,"height":53.14760426281782,"label":"Mortgager Name","shape":"rectangle"},"task_key":"em_record_mortgager","instructions":{"mark":"Mortgager Name","transcribe":"Enter the mortgager's name"}},{"id":"56b0d75f706175520c540000","status":"awaiting_transcriptions","name":"Mortgager","created_in_workflow":"transcribe","confidence":0.3333333333333333,"data":{"value":"Brown \u0026 Soutrell"},"versions":[{"data":{"value":"Brown \u0026 Soutrell"},"votes":1,"confidence":0.3333333333333333,"instances":[{"created":"2015-12-02T23:51:55Z","user_id":"565f7fd43539650003110600","duration":35.03}]},{"data":{"value":"Bwwn S Soutrell"},"votes":1,"confidence":0.3333333333333333,"instances":[{"created":"2015-12-03T02:14:39Z","user_id":"565fa54a3539650003ae0700","duration":69.116}]}],"region":{"x":91.29290463626043,"y":306.620793823949,"width":313.4345982086687,"height":35.431736175211896,"label":"Mortgager Name","shape":"rectangle"},"task_key":"em_record_mortgager","instructions":{"mark":"Mortgager Name","transcribe":"Enter the mortgager's name"}},{"id":"56b0d75f706175520c550000","status":"complete","name":"Mortgager","created_in_workflow":"transcribe","confidence":1.0,"data":{"value":"Bishop of Brooklyn"},"versions":[{"data":{"value":"Bishop of Brooklyn"},"votes":3,"confidence":1.0,"instances":[{"created":"2015-12-02T23:51:19Z","user_id":"565f7fd43539650003110600","duration":18.344},{"created":"2015-12-03T00:54:59Z","user_id":"564e49d539646600031a0b00","duration":13.452},{"created":"2015-12-03T01:36:34Z","user_id":"565f9c683539650003a40700","duration":48.714}]}],"region":{"x":94.01842288155319,"y":273.9145758160611,"width":340.68978066159633,"height":35.43173617521194,"label":"Mortgager Name","shape":"rectangle"},"task_key":"em_record_mortgager","instructions":{"mark":"Mortgager Name","transcribe":"Enter the mortgager's name"}},{"id":"56b0d75f706175520c560000","status":"awaiting_transcriptions","name":"Mortgager","created_in_workflow":"transcribe","confidence":0.3333333333333333,"data":{"value":"Bevins L.L"},"versions":[{"data":{"value":"Bevins L.L"},"votes":1,"confidence":0.3333333333333333,"instances":[{"created":"2015-12-02T20:59:57Z","user_id":"565ef8663539650003f20100","duration":12.986}]},{"data":{"value":"Bevins, J.J."},"votes":1,"confidence":0.3333333333333333,"instances":[{"created":"2015-12-03T00:19:34Z","user_id":"563f8b7a3264340003774b00","duration":32.771}]}],"region":{"x":95.38118200419959,"y":163.53109003943948,"width":291.6304522463265,"height":40.88277250985985,"label":"Mortgager Name","shape":"rectangle"},"task_key":"em_record_mortgager","instructions":{"mark":"Mortgager Name","transcribe":"Enter the mortgager's name"}},{"id":"56b0d75f706175520c570000","status":"awaiting_transcriptions","name":"Mortgager","created_in_workflow":"transcribe","confidence":0.3333333333333333,"data":{"value":"Bischoll H."},"versions":[{"data":{"value":"Bischoll H."},"votes":1,"confidence":0.3333333333333333,"instances":[{"created":"2015-12-02T20:59:44Z","user_id":"565ef8663539650003f20100","duration":12.45}]},{"data":{"value":"Bischoff, H."},"votes":1,"confidence":0.3333333333333333,"instances":[{"created":"2015-12-03T00:19:02Z","user_id":"563f8b7a3264340003774b00","duration":23.329}]}],"region":{"x":96.74394112684597,"y":129.46211294788958,"width":298.4442478595584,"height":38.15725434253588,"label":"Mortgager Name","shape":"rectangle"},"task_key":"em_record_mortgager","instructions":{"mark":"Mortgager Name","transcribe":"Enter the mortgager's name"}},{"id":"56b0d75f706175520c580000","status":"awaiting_transcriptions","name":"Mortgager","created_in_workflow":"transcribe","confidence":0.3333333333333333,"data":{"value":"Bannard S.W"},"versions":[{"data":{"value":"Bannard S.W"},"votes":1,"confidence":0.3333333333333333,"instances":[{"created":"2015-12-02T20:59:31Z","user_id":"565ef8663539650003f20100","duration":23.553}]},{"data":{"value":"Barnard, S.W."},"votes":1,"confidence":0.3333333333333333,"instances":[{"created":"2015-12-03T00:18:38Z","user_id":"563f8b7a3264340003774b00","duration":321.782}]}],"region":{"x":99.46945937213874,"y":98.11865402366368,"width":322.9739120671933,"height":35.43173617521188,"label":"Mortgager Name","shape":"rectangle"},"task_key":"em_record_mortgager","instructions":{"mark":"Mortgager Name","transcribe":"Enter the mortgager's name"}},{"id":"56b0d75f706175520c590000","status":"awaiting_votes","name":"Mortgager","created_in_workflow":"transcribe","confidence":0.6666666666666666,"data":{"value":"Brandreth, Ben."},"versions":[{"data":{"value":"Brandreth, Ben."},"votes":2,"confidence":0.6666666666666666,"instances":[{"created":"2015-12-02T20:49:45Z","user_id":"565f4d1865316400030d0300","duration":53.911},{"created":"2015-12-02T23:52:17Z","user_id":"565f7fd43539650003110600","duration":22.282}]},{"data":{"value":"Brandreth Ben"},"votes":1,"confidence":0.3333333333333333,"instances":[{"created":"2015-12-03T02:15:11Z","user_id":"565fa54a3539650003ae0700","duration":31.897}]}],"region":{"x":99.46945937213874,"y":337.9642527481749,"width":299.8070069822048,"height":42.24553159352189,"label":"Mortgager Name","shape":"rectangle"},"task_key":"em_record_mortgager","instructions":{"mark":"Mortgager Name","transcribe":"Enter the mortgager's name"}},{"id":"56b0d75f706175520c5a0000","status":"awaiting_transcriptions","name":"Mortgager","created_in_workflow":"transcribe","confidence":0.3333333333333333,"data":{"value":"Binsse, L. B."},"versions":[{"data":{"value":"Binsse, L. B."},"votes":1,"confidence":0.3333333333333333,"instances":[{"created":"2015-12-02T23:58:58Z","user_id":"565f7fd43539650003110600","duration":284.489}]},{"data":{"value":"Binsse S. B."},"votes":1,"confidence":0.3333333333333333,"instances":[{"created":"2015-12-03T02:15:28Z","user_id":"565fa54a3539650003ae0700","duration":17.403}]}],"region":{"x":99.46945937213874,"y":474.2401611143745,"width":288.90493400103367,"height":40.88277250985982,"label":"Mortgager Name","shape":"rectangle"},"task_key":"em_record_mortgager","instructions":{"mark":"Mortgager Name","transcribe":"Enter the mortgager's name"}},{"id":"56b0d75f706175520c5b0000","status":"awaiting_transcriptions","name":"Mortgager","created_in_workflow":"transcribe","confidence":0.3333333333333333,"data":{"value":"Burchell J.G \u0026 J.J."},"versions":[{"data":{"value":"Burchell J.G \u0026 J.J."},"votes":1,"confidence":0.3333333333333333,"instances":[{"created":"2015-12-03T02:18:25Z","user_id":"565fa54a3539650003ae0700","duration":49.202}]}],"region":{"x":103.5577367400779,"y":549.1919107157842,"width":303.8952843501439,"height":32.70621800788797,"label":"Mortgager Name","shape":"rectangle"},"task_key":"em_record_mortgager","instructions":{"mark":"Mortgager Name","transcribe":"Enter the mortgager's name"}},{"id":"56b0d75f706175520c5c0000","status":"awaiting_transcriptions","name":"Mortgager","created_in_workflow":"transcribe","confidence":0.6666666666666666,"data":{"value":"Blackwood, Jane"},"versions":[{"data":{"value":"Blackwood, Jane"},"votes":2,"confidence":0.6666666666666666,"instances":[{"created":"2015-12-03T00:00:46Z","user_id":"565f7fd43539650003110600","duration":12.117},{"created":"2015-12-03T00:29:44Z","user_id":"563f8b7a3264340003774b00","duration":31.892}]}],"region":{"x":103.5577367400779,"y":953.9313585633969,"width":324.33667118983965,"height":42.24553159352183,"label":"Mortgager Name","shape":"rectangle"},"task_key":"em_record_mortgager","instructions":{"mark":"Mortgager Name","transcribe":"Enter the mortgager's name"}},{"id":"56b0d75f706175520c5d0000","status":"awaiting_transcriptions","name":"Mortgager","created_in_workflow":"transcribe","confidence":0.6666666666666666,"data":{"value":"Briant, John"},"versions":[{"data":{"value":"Briant, John"},"votes":2,"confidence":0.6666666666666666,"instances":[{"created":"2015-12-03T00:22:14Z","user_id":"563f8b7a3264340003774b00","duration":36.561},{"created":"2015-12-03T01:20:16Z","user_id":"565f983e6531640003e60500","duration":10.726}]}],"region":{"x":104.92049586272428,"y":654.1243601577579,"width":284.8166566330945,"height":36.79449525887378,"label":"Mortgager Name","shape":"rectangle"},"task_key":"em_record_mortgager","instructions":{"mark":"Mortgager Name","transcribe":"Enter the mortgager's name"}},{"id":"56b0d75f706175520c5e0000","status":"awaiting_transcriptions","name":"Mortgager","created_in_workflow":"transcribe","confidence":0.3333333333333333,"data":{"value":"Barker, Cath."},"versions":[{"data":{"value":"Barker, Cath."},"votes":1,"confidence":0.3333333333333333,"instances":[{"created":"2015-12-03T00:27:10Z","user_id":"563f8b7a3264340003774b00","duration":35.534}]},{"data":{"value":"Barker, Cathe"},"votes":1,"confidence":0.3333333333333333,"instances":[{"created":"2015-12-03T01:20:58Z","user_id":"565f983e6531640003e60500","duration":10.779}]}],"region":{"x":104.92049586272428,"y":789.0375094402954,"width":265.73802891604515,"height":40.88277250985993,"label":"Mortgager Name","shape":"rectangle"},"task_key":"em_record_mortgager","instructions":{"mark":"Mortgager Name","transcribe":"Enter the mortgager's name"}},{"id":"56b0d75f706175520c5f0000","status":"complete","name":"Mortgager","created_in_workflow":"transcribe","confidence":1.0,"data":{"value":"Blair, Ed."},"versions":[{"data":{"value":"Blair, Ed."},"votes":3,"confidence":1.0,"instances":[{"created":"2015-12-02T21:00:03Z","user_id":"565ef8663539650003f20100","duration":6.057},{"created":"2015-12-02T23:50:17Z","user_id":"565f7fd43539650003110600","duration":20.166},{"created":"2015-12-03T00:19:52Z","user_id":"563f8b7a3264340003774b00","duration":18.119}]}],"region":{"x":106.28325498537066,"y":204.41386254929932,"width":256.1987150575205,"height":35.43173617521188,"label":"Mortgager Name","shape":"rectangle"},"task_key":"em_record_mortgager","instructions":{"mark":"Mortgager Name","transcribe":"Enter the mortgager's name"}},{"id":"56b0d75f706175520c600000","status":"awaiting_votes","name":"Mortgager","created_in_workflow":"transcribe","confidence":0.6666666666666666,"data":{"value":"Bray, Thomas"},"versions":[{"data":{"value":"Bray, Thomas"},"votes":2,"confidence":0.6666666666666666,"instances":[{"created":"2015-12-02T20:50:09Z","user_id":"565f4d1865316400030d0300","duration":23.865},{"created":"2015-12-02T23:52:28Z","user_id":"565f7fd43539650003110600","duration":11.567}]},{"data":{"value":"Bray Thomas"},"votes":1,"confidence":0.3333333333333333,"instances":[{"created":"2015-12-02T21:00:18Z","user_id":"565ef8663539650003f20100","duration":9.096}]}],"region":{"x":106.28325498537066,"y":374.7587480070488,"width":301.1697661048512,"height":35.43173617521188,"label":"Mortgager Name","shape":"rectangle"},"task_key":"em_record_mortgager","instructions":{"mark":"Mortgager Name","transcribe":"Enter the mortgager's name"}},{"id":"56b0d75f706175520c610000","status":"awaiting_votes","name":"Mortgager","created_in_workflow":"transcribe","confidence":0.3333333333333333,"data":{"value":"Bond, W. L."},"versions":[{"data":{"value":"Bond, W. L."},"votes":1,"confidence":0.3333333333333333,"instances":[{"created":"2015-12-02T23:51:01Z","user_id":"565f7fd43539650003110600","duration":43.705}]},{"data":{"value":"Boyd, N.L."},"votes":1,"confidence":0.3333333333333333,"instances":[{"created":"2015-12-03T00:20:15Z","user_id":"563f8b7a3264340003774b00","duration":22.865}]},{"data":{"value":"N. L. Boyd"},"votes":1,"confidence":0.3333333333333333,"instances":[{"created":"2015-12-03T00:54:46Z","user_id":"564e49d539646600031a0b00","duration":11.841}]}],"region":{"x":107.64601410801706,"y":239.8455987245112,"width":284.81665663309457,"height":36.794495258873894,"label":"Mortgager Name","shape":"rectangle"},"task_key":"em_record_mortgager","instructions":{"mark":"Mortgager Name","transcribe":"Enter the mortgager's name"}},{"id":"56b0d75f706175520c620000","status":"awaiting_votes","name":"Mortgager","created_in_workflow":"transcribe","confidence":0.3333333333333333,"data":{"value":"Burchell, H. J."},"versions":[{"data":{"value":"Burchell, H. J."},"votes":1,"confidence":0.3333333333333333,"instances":[{"created":"2015-12-02T20:53:44Z","user_id":"565f4d1865316400030d0300","duration":196.12}]},{"data":{"value":"Burchell, H. F."},"votes":1,"confidence":0.3333333333333333,"instances":[{"created":"2015-12-02T23:54:13Z","user_id":"565f7fd43539650003110600","duration":72.873}]},{"data":{"value":"Burchell, H. L."},"votes":1,"confidence":0.3333333333333333,"instances":[{"created":"2015-12-03T01:41:32Z","user_id":"565f9c683539650003a40700","duration":133.213}]}],"region":{"x":107.64601410801706,"y":442.8967021901486,"width":282.0911383878017,"height":36.79449525887389,"label":"Mortgager Name","shape":"rectangle"},"task_key":"em_record_mortgager","instructions":{"mark":"Mortgager Name","transcribe":"Enter the mortgager's name"}},{"id":"56b0d75f706175520c630000","status":"awaiting_transcriptions","name":"Mortgager","created_in_workflow":"transcribe","confidence":0.3333333333333333,"data":{"value":"Brown Arthur"},"versions":[{"data":{"value":"Brown Arthur"},"votes":1,"confidence":0.3333333333333333,"instances":[{"created":"2015-12-02T21:00:33Z","user_id":"565ef8663539650003f20100","duration":9.248}]},{"data":{"value":"Brown, Arthur"},"votes":1,"confidence":0.3333333333333333,"instances":[{"created":"2015-12-03T01:20:06Z","user_id":"565f983e6531640003e60500","duration":6.119}]}],"region":{"x":110.37153235330982,"y":617.329864898884,"width":280.7283792651554,"height":36.794495258873894,"label":"Mortgager Name","shape":"rectangle"},"task_key":"em_record_mortgager","instructions":{"mark":"Mortgager Name","transcribe":"Enter the mortgager's name"}},{"id":"56b0d75f706175520c640000","status":"awaiting_transcriptions","name":"Mortgager","created_in_workflow":"transcribe","confidence":0.3333333333333333,"data":{"value":"Boettigheimer, C."},"versions":[{"data":{"value":"Boettigheimer, C."},"votes":1,"confidence":0.3333333333333333,"instances":[{"created":"2015-12-03T00:28:36Z","user_id":"563f8b7a3264340003774b00","duration":35.075}]},{"data":{"value":"Bocttigheiman, C"},"votes":1,"confidence":0.3333333333333333,"instances":[{"created":"2015-12-03T01:21:42Z","user_id":"565f983e6531640003e60500","duration":22.316}]}],"region":{"x":110.37153235330982,"y":887.156163463959,"width":284.81665663309457,"height":38.15725434253591,"label":"Mortgager Name","shape":"rectangle"},"task_key":"em_record_mortgager","instructions":{"mark":"Mortgager Name","transcribe":"Enter the mortgager's name"}},{"id":"56b0d75f706175520c650000","status":"awaiting_transcriptions","name":"Mortgager","created_in_workflow":"transcribe","confidence":0.3333333333333333,"data":{"value":"Burchell, Nat."},"versions":[{"data":{"value":"Burchell, Nat."},"votes":1,"confidence":0.3333333333333333,"instances":[{"created":"2015-12-03T00:26:35Z","user_id":"563f8b7a3264340003774b00","duration":31.603}]},{"data":{"value":"Burchell, Nat"},"votes":1,"confidence":0.3333333333333333,"instances":[{"created":"2015-12-03T01:20:47Z","user_id":"565f983e6531640003e60500","duration":12.799}]}],"region":{"x":111.73429147595621,"y":750.8802550977596,"width":246.65940119899577,"height":38.15725434253579,"label":"Mortgager Name","shape":"rectangle"},"task_key":"em_record_mortgager","instructions":{"mark":"Mortgager Name","transcribe":"Enter the mortgager's name"}},{"id":"56b0d75f706175520c660000","status":"awaiting_transcriptions","name":"Mortgager","created_in_workflow":"transcribe","confidence":0.3333333333333333,"data":{"value":"Baesnay, Maur."},"versions":[{"data":{"value":"Baesnay, Maur."},"votes":1,"confidence":0.3333333333333333,"instances":[{"created":"2015-12-03T00:27:50Z","user_id":"563f8b7a3264340003774b00","duration":39.936}]},{"data":{"value":"Baesnay, Noam"},"votes":1,"confidence":0.3333333333333333,"instances":[{"created":"2015-12-03T01:21:14Z","user_id":"565f983e6531640003e60500","duration":16.211}]}],"region":{"x":111.73429147595621,"y":821.7437274481833,"width":271.1890654066307,"height":44.97104976084586,"label":"Mortgager Name","shape":"rectangle"},"task_key":"em_record_mortgager","instructions":{"mark":"Mortgager Name","transcribe":"Enter the mortgager's name"}},{"id":"56b0d75f706175520c670000","status":"awaiting_transcriptions","name":"Mortgager","created_in_workflow":"transcribe","confidence":0.3333333333333333,"data":{"value":"Breid, Englbt"},"versions":[{"data":{"value":"Breid, Englbt"},"votes":1,"confidence":0.3333333333333333,"instances":[{"created":"2015-12-03T01:20:00Z","user_id":"565f983e6531640003e60500","duration":13.473}]}],"region":{"x":113.09705059860259,"y":580.5353696400101,"width":284.8166566330945,"height":34.06897709154987,"label":"Mortgager Name","shape":"rectangle"},"task_key":"em_record_mortgager","instructions":{"mark":"Mortgager Name","transcribe":"Enter the mortgager's name"}},{"id":"56b0d75f706175520c680000","status":"awaiting_votes","name":"Mortgager","created_in_workflow":"transcribe","confidence":0.6666666666666666,"data":{"value":"Baker, Harvey"},"versions":[{"data":{"value":"Baker, Harvey"},"votes":2,"confidence":0.6666666666666666,"instances":[{"created":"2015-12-02T23:53:00Z","user_id":"565f7fd43539650003110600","duration":32.07},{"created":"2015-12-03T01:38:14Z","user_id":"565f9c683539650003a40700","duration":29.845}]},{"data":{"value":"Butler, Harvey"},"votes":1,"confidence":0.3333333333333333,"instances":[{"created":"2015-12-02T20:50:28Z","user_id":"565f4d1865316400030d0300","duration":18.417}]}],"region":{"x":114.45980972124897,"y":406.1022069312747,"width":288.9049340010337,"height":43.608290677183845,"label":"Mortgager Name","shape":"rectangle"},"task_key":"em_record_mortgager","instructions":{"mark":"Mortgager Name","transcribe":"Enter the mortgager's name"}},{"id":"56b0d75f706175520c690000","status":"awaiting_transcriptions","name":"Mortgager","created_in_workflow":"transcribe","confidence":0.3333333333333333,"data":{"value":"Barnum, P. C."},"versions":[{"data":{"value":"Barnum, P. C."},"votes":1,"confidence":0.3333333333333333,"instances":[{"created":"2015-12-03T00:00:34Z","user_id":"565f7fd43539650003110600","duration":20.439}]},{"data":{"value":"Barnum, P.C."},"votes":1,"confidence":0.3333333333333333,"instances":[{"created":"2015-12-03T00:29:12Z","user_id":"563f8b7a3264340003774b00","duration":36.234}]}],"region":{"x":114.45980972124897,"y":922.5878996391709,"width":301.16976610485113,"height":42.245531593521946,"label":"Mortgager Name","shape":"rectangle"},"task_key":"em_record_mortgager","instructions":{"mark":"Mortgager Name","transcribe":"Enter the mortgager's name"}},{"id":"56b0d75f706175520c6a0000","status":"awaiting_transcriptions","name":"Mortgager","created_in_workflow":"transcribe","confidence":0.3333333333333333,"data":{"value":"Bursh, J.J."},"versions":[{"data":{"value":"Bursh, J.J."},"votes":1,"confidence":0.3333333333333333,"instances":[{"created":"2015-12-03T00:26:03Z","user_id":"563f8b7a3264340003774b00","duration":212.181}]},{"data":{"value":"Bush, J T"},"votes":1,"confidence":0.3333333333333333,"instances":[{"created":"2015-12-03T01:20:34Z","user_id":"565f983e6531640003e60500","duration":8.962}]}],"region":{"x":115.82256884389537,"y":719.5367961735336,"width":242.57112383105655,"height":35.43173617521195,"label":"Mortgager Name","shape":"rectangle"},"task_key":"em_record_mortgager","instructions":{"mark":"Mortgager Name","transcribe":"Enter the mortgager's name"}},{"id":"56b0d75f706175520c6b0000","status":"awaiting_votes","name":"Mortgager","created_in_workflow":"transcribe","confidence":0.6666666666666666,"data":{"value":"Barry, James"},"versions":[{"data":{"value":"Barry, James"},"votes":2,"confidence":0.6666666666666666,"instances":[{"created":"2015-12-03T00:28:01Z","user_id":"563f8b7a3264340003774b00","duration":10.28},{"created":"2015-12-03T01:21:20Z","user_id":"565f983e6531640003e60500","duration":5.733}]},{"data":{"value":"Barry James"},"votes":1,"confidence":0.3333333333333333,"instances":[{"created":"2015-12-02T21:00:51Z","user_id":"565ef8663539650003f20100","duration":7.506}]}],"region":{"x":115.82256884389537,"y":853.0871863724092,"width":260.28699242545963,"height":39.52001342619792,"label":"Mortgager Name","shape":"rectangle"},"task_key":"em_record_mortgager","instructions":{"mark":"Mortgager Name","transcribe":"Enter the mortgager's name"}},{"id":"56b0d75f706175520c6c0000","status":"awaiting_transcriptions","name":"Mortgager","created_in_workflow":"transcribe","confidence":0.3333333333333333,"data":{"value":"Baker C. M."},"versions":[{"data":{"value":"Baker C. M."},"votes":1,"confidence":0.3333333333333333,"instances":[{"created":"2015-12-03T02:17:36Z","user_id":"565fa54a3539650003ae0700","duration":127.796}]}],"region":{"x":117.18532796654175,"y":513.7601745405723,"width":256.1987150575204,"height":35.43173617521188,"label":"Mortgager Name","shape":"rectangle"},"task_key":"em_record_mortgager","instructions":{"mark":"Mortgager Name","transcribe":"Enter the mortgager's name"}},{"id":"56b0d75f706175520c6d0000","status":"awaiting_transcriptions","name":"Mortgager","created_in_workflow":"transcribe","confidence":0.3333333333333333,"data":{"value":"Beatty, Robt."},"versions":[{"data":{"value":"Beatty, Robt."},"votes":1,"confidence":0.3333333333333333,"instances":[{"created":"2015-12-03T00:22:31Z","user_id":"563f8b7a3264340003774b00","duration":17.602}]},{"data":{"value":"Beatty, Robt"},"votes":1,"confidence":0.3333333333333333,"instances":[{"created":"2015-12-03T01:20:25Z","user_id":"565f983e6531640003e60500","duration":8.998}]}],"region":{"x":121.2736053344809,"y":678.6540236636738,"width":246.65940119899574,"height":40.88277250985982,"label":"Mortgager Name","shape":"rectangle"},"task_key":"em_record_mortgager","instructions":{"mark":"Mortgager Name","transcribe":"Enter the mortgager's name"}},{"id":"56b0d75f706175520c6e0000","status":"awaiting_votes","name":"Mortgager","created_in_workflow":"transcribe","confidence":0.6666666666666666,"data":{"value":"Braisted, Peter D."},"versions":[{"data":{"value":"Braisted, Peter D."},"votes":2,"confidence":0.6666666666666666,"instances":[{"created":"2015-12-02T20:35:26Z","user_id":"565f4d1865316400030d0300","duration":54.824},{"created":"2015-12-02T23:41:16Z","user_id":"565f7fd43539650003110600","duration":22.687}]},{"data":{"value":"Peter D. Brinsted"},"votes":1,"confidence":0.3333333333333333,"instances":[{"created":"2015-12-03T00:52:52Z","user_id":"564e49d539646600031a0b00","duration":20.355}]}],"region":{"x":667.7400135156814,"y":49.05932701183184,"width":298.44424785955835,"height":61.3241587647898,"label":"Mortgager Name","shape":"rectangle"},"task_key":"em_record_mortgager","instructions":{"mark":"Mortgager Name","transcribe":"Enter the mortgager's name"}},{"id":"56b0d75f706175520c6f0000","status":"awaiting_votes","name":"Mortgager","created_in_workflow":"transcribe","confidence":0.6666666666666666,"data":{"value":"Burchill, Mary"},"versions":[{"data":{"value":"Burchill, Mary"},"votes":2,"confidence":0.6666666666666666,"instances":[{"created":"2015-12-02T20:35:41Z","user_id":"565f4d1865316400030d0300","duration":14.831},{"created":"2015-12-03T01:17:50Z","user_id":"565f983e6531640003e60500","duration":34.046}]},{"data":{"value":"Mary Burchill"},"votes":1,"confidence":0.3333333333333333,"instances":[{"created":"2015-12-03T00:52:58Z","user_id":"564e49d539646600031a0b00","duration":5.98}]}],"region":{"x":675.9165682515597,"y":118.56004027859362,"width":286.17941575574093,"height":61.324158764789786,"label":"Mortgager Name","shape":"rectangle"},"task_key":"em_record_mortgager","instructions":{"mark":"Mortgager Name","transcribe":"Enter the mortgager's name"}},{"id":"56b0d75f706175520c700000","status":"awaiting_transcriptions","name":"Mortgager","created_in_workflow":"transcribe","confidence":0.3333333333333333,"data":{"value":"Brush, Thos H"},"versions":[{"data":{"value":"Brush, Thos H"},"votes":1,"confidence":0.3333333333333333,"instances":[{"created":"2015-12-03T01:19:11Z","user_id":"565f983e6531640003e60500","duration":11.564}]},{"data":{"value":"Brush, Thos. H."},"votes":1,"confidence":0.3333333333333333,"instances":[{"created":"2015-12-03T01:42:05Z","user_id":"565f9c683539650003a40700","duration":16.953}]}],"region":{"x":675.9165682515597,"y":573.7215742217002,"width":257.5614741801668,"height":62.6869178484518,"label":"Mortgager Name","shape":"rectangle"},"task_key":"em_record_mortgager","instructions":{"mark":"Mortgager Name","transcribe":"Enter the mortgager's name"}},{"id":"56b0d75f706175520c710000","status":"awaiting_transcriptions","name":"Mortgager","created_in_workflow":"transcribe","confidence":0.6666666666666666,"data":{"value":"Berman, Victoria"},"versions":[{"data":{"value":"Berman, Victoria"},"votes":2,"confidence":0.6666666666666666,"instances":[{"created":"2015-12-03T00:20:51Z","user_id":"563f8b7a3264340003774b00","duration":17.566},{"created":"2015-12-03T01:19:46Z","user_id":"565f983e6531640003e60500","duration":10.753}]}],"region":{"x":677.2793273742061,"y":769.9588822690275,"width":299.8070069822048,"height":65.41243601577571,"label":"Mortgager Name","shape":"rectangle"},"task_key":"em_record_mortgager","instructions":{"mark":"Mortgager Name","transcribe":"Enter the mortgager's name"}},{"id":"56b0d75f706175520c720000","status":"complete","name":"Mortgager","created_in_workflow":"transcribe","confidence":1.0,"data":{"value":"Bach, Joseph"},"versions":[{"data":{"value":"Bach, Joseph"},"votes":3,"confidence":1.0,"instances":[{"created":"2015-12-02T20:36:31Z","user_id":"565f4d1865316400030d0300","duration":9.039},{"created":"2015-12-02T20:57:49Z","user_id":"565ef8663539650003f20100","duration":14.98},{"created":"2015-12-03T01:18:01Z","user_id":"565f983e6531640003e60500","duration":10.438}]}],"region":{"x":684.093122987438,"y":192.14903079634138,"width":299.8070069822047,"height":57.235881513803804,"label":"Mortgager Name","shape":"rectangle"},"task_key":"em_record_mortgager","instructions":{"mark":"Mortgager Name","transcribe":"Enter the mortgager's name"}},{"id":"56b0d75f706175520c730000","status":"awaiting_transcriptions","name":"Mortgager","created_in_workflow":"transcribe","confidence":0.3333333333333333,"data":{"value":"Bearns, Jos. H."},"versions":[{"data":{"value":"Bearns, Jos. H."},"votes":1,"confidence":0.3333333333333333,"instances":[{"created":"2015-12-03T00:20:34Z","user_id":"563f8b7a3264340003774b00","duration":18.338}]},{"data":{"value":"Bearns, Jos. H"},"votes":1,"confidence":0.3333333333333333,"instances":[{"created":"2015-12-03T01:19:35Z","user_id":"565f983e6531640003e60500","duration":13.018}]}],"region":{"x":685.4558821100844,"y":711.3602416715617,"width":278.0028610198626,"height":49.0593270118319,"label":"Mortgager Name","shape":"rectangle"},"task_key":"em_record_mortgager","instructions":{"mark":"Mortgager Name","transcribe":"Enter the mortgager's name"}},{"id":"56b0d75f706175520c740000","status":"awaiting_votes","name":"Mortgager","created_in_workflow":"transcribe","confidence":0.3333333333333333,"data":{"value":"Barnum, Phineas J."},"versions":[{"data":{"value":"Barnum, Phineas J."},"votes":1,"confidence":0.3333333333333333,"instances":[{"created":"2015-12-02T20:58:55Z","user_id":"565ef8663539650003f20100","duration":10.84}]},{"data":{"value":"Barnum, Phineas T"},"votes":1,"confidence":0.3333333333333333,"instances":[{"created":"2015-12-03T01:19:00Z","user_id":"565f983e6531640003e60500","duration":11.503}]},{"data":{"value":"Barnum, Phineas T."},"votes":1,"confidence":0.3333333333333333,"instances":[{"created":"2015-12-03T01:41:48Z","user_id":"565f9c683539650003a40700","duration":15.88}]}],"region":{"x":692.2696777233164,"y":498.76982462029036,"width":346.14081715218185,"height":65.41243601577582,"label":"Mortgager Name","shape":"rectangle"},"task_key":"em_record_mortgager","instructions":{"mark":"Mortgager Name","transcribe":"Enter the mortgager's name"}},{"id":"56b0d75f706175520c750000","status":"awaiting_transcriptions","name":"Mortgager","created_in_workflow":"transcribe","confidence":0.3333333333333333,"data":{"value":"Bupp Charles"},"versions":[{"data":{"value":"Bupp Charles"},"votes":1,"confidence":0.3333333333333333,"instances":[{"created":"2015-12-02T20:59:05Z","user_id":"565ef8663539650003f20100","duration":6.978}]},{"data":{"value":"Bopp, Charles"},"votes":1,"confidence":0.3333333333333333,"instances":[{"created":"2015-12-03T01:19:22Z","user_id":"565f983e6531640003e60500","duration":11.198}]}],"region":{"x":694.9951959686091,"y":643.2222874884619,"width":243.93388295370303,"height":53.14760426281781,"label":"Mortgager Name","shape":"rectangle"},"task_key":"em_record_mortgager","instructions":{"mark":"Mortgager Name","transcribe":"Enter the mortgager's name"}},{"id":"56b0d75f706175520c760000","status":"awaiting_transcriptions","name":"Mortgager","created_in_workflow":"transcribe","confidence":0.3333333333333333,"data":{"value":"Byrne, W.P."},"versions":[{"data":{"value":"Byrne, W.P."},"votes":1,"confidence":0.3333333333333333,"instances":[{"created":"2015-12-03T00:21:08Z","user_id":"563f8b7a3264340003774b00","duration":16.536}]},{"data":{"value":"Byrne, W. P."},"votes":1,"confidence":0.3333333333333333,"instances":[{"created":"2015-12-03T01:42:21Z","user_id":"565f9c683539650003a40700","duration":15.588}]}],"region":{"x":696.3579550912555,"y":846.2733909540992,"width":256.19871505752053,"height":53.14760426281782,"label":"Mortgager Name","shape":"rectangle"},"task_key":"em_record_mortgager","instructions":{"mark":"Mortgager Name","transcribe":"Enter the mortgager's name"}},{"id":"56b0d75f706175520c770000","status":"awaiting_votes","name":"Mortgager","created_in_workflow":"transcribe","confidence":0.3333333333333333,"data":{"value":"Brokhahne, Wm."},"versions":[{"data":{"value":"Brokhahne, Wm."},"votes":1,"confidence":0.3333333333333333,"instances":[{"created":"2015-12-02T20:43:42Z","user_id":"565f4d1865316400030d0300","duration":430.859}]},{"data":{"value":"BrokRhahne, Mrs"},"votes":1,"confidence":0.3333333333333333,"instances":[{"created":"2015-12-02T20:58:09Z","user_id":"565ef8663539650003f20100","duration":19.295}]},{"data":{"value":"Bro Rhahne, Wm"},"votes":1,"confidence":0.3333333333333333,"instances":[{"created":"2015-12-03T01:18:24Z","user_id":"565f983e6531640003e60500","duration":22.984}]}],"region":{"x":700.4462324591947,"y":290.26768482000506,"width":320.24839382190055,"height":59.96139968112777,"label":"Mortgager Name","shape":"rectangle"},"task_key":"em_record_mortgager","instructions":{"mark":"Mortgager Name","transcribe":"Enter the mortgager's name"}},{"id":"56b0d75f706175520c780000","status":"awaiting_votes","name":"Mortgager","created_in_workflow":"transcribe","confidence":0.3333333333333333,"data":{"value":"Butler, Edmond Jr."},"versions":[{"data":{"value":"Butler, Edmond Jr."},"votes":1,"confidence":0.3333333333333333,"instances":[{"created":"2015-12-02T20:43:56Z","user_id":"565f4d1865316400030d0300","duration":13.472}]},{"data":{"value":"Butler, Edmond. J"},"votes":1,"confidence":0.3333333333333333,"instances":[{"created":"2015-12-02T20:58:41Z","user_id":"565ef8663539650003f20100","duration":31.929}]},{"data":{"value":"Butler, Edmond J"},"votes":1,"confidence":0.3333333333333333,"instances":[{"created":"2015-12-03T01:18:34Z","user_id":"565f983e6531640003e60500","duration":9.918}]}],"region":{"x":700.4462324591947,"y":355.6801208357808,"width":265.7380289160451,"height":70.86347235042376,"label":"Mortgager Name","shape":"rectangle"},"task_key":"em_record_mortgager","instructions":{"mark":"Mortgager Name","transcribe":"Enter the mortgager's name"}},{"id":"56b0d75f706175520c790000","status":"awaiting_transcriptions","name":"Mortgager","created_in_workflow":"transcribe","confidence":0.6666666666666666,"data":{"value":"Buxton, Wm. H."},"versions":[{"data":{"value":"Buxton, Wm. H."},"votes":2,"confidence":0.6666666666666666,"instances":[{"created":"2015-12-03T00:21:37Z","user_id":"563f8b7a3264340003774b00","duration":29.208},{"created":"2015-12-03T01:42:32Z","user_id":"565f9c683539650003a40700","duration":11.067}]}],"region":{"x":703.1717507044874,"y":906.234790635227,"width":258.92423330281326,"height":59.96139968112789,"label":"Mortgager Name","shape":"rectangle"},"task_key":"em_record_mortgager","instructions":{"mark":"Mortgager Name","transcribe":"Enter the mortgager's name"}},{"id":"56b0d75f706175520c7a0000","status":"awaiting_votes","name":"Mortgager","created_in_workflow":"transcribe","confidence":0.3333333333333333,"data":{"value":"Blew, Jas. B."},"versions":[{"data":{"value":"Blew, Jas. B."},"votes":1,"confidence":0.3333333333333333,"instances":[{"created":"2015-12-02T20:45:20Z","user_id":"565f4d1865316400030d0300","duration":83.857}]},{"data":{"value":"Blen, Jas B"},"votes":1,"confidence":0.3333333333333333,"instances":[{"created":"2015-12-03T01:18:48Z","user_id":"565f983e6531640003e60500","duration":14.436}]},{"data":{"value":"Blen, Jas. B."},"votes":1,"confidence":0.3333333333333333,"instances":[{"created":"2015-12-03T01:39:19Z","user_id":"565f9c683539650003a40700","duration":65.545}]}],"region":{"x":708.622787195073,"y":438.80842493916253,"width":273.9145836519234,"height":49.05932701183184,"label":"Mortgager Name","shape":"rectangle"},"task_key":"em_record_mortgager","instructions":{"mark":"Mortgager Name","transcribe":"Enter the mortgager's name"}}]}]}