key,name,description,cover_image_url,external_url,meta_data_1,retire_count
KWM_13_JPGs,Alfred Gibbs (1851-1854),Vessel: Alfred Gibbs; First Year: 1851; Last Year: 1854; Master: Isaac H. Jenney,http://demo.zooniverse.org/whaling-logs-test-data/KWM_13_JPGs/logbookofalfredg1851unse_0005.jpg,http://demo.zooniverse.org/whaling-logs-test-data/KWM_13_JPGs/logbookofalfredg1851unse_0005.jpg,2
KWM_37_JPGs,California (1894-1895),Vessel: California; First Year: 1894; Last Year: 1895; Master: Ellsworth Luce West,http://demo.zooniverse.org/whaling-logs-test-data/KWM_37_JPGs/logbookofcaliforn00cali_0003.jpg,http://demo.zooniverse.org/whaling-logs-test-data/KWM_37_JPGs/logbookofcaliforn00cali_0003.jpg,2
KWM_40_JPGs,Unknown (1906),n/a/,http://demo.zooniverse.org/whaling-logs-test-data/KWM_40_JPGs/logbookofcalifor00unse_0004.jpg,http://demo.zooniverse.org/whaling-logs-test-data/KWM_40_JPGs/logbookofcalifor00unse_0004.jpg,2
KWM_51_JPGs,Phillipe de la Noye (1852-1854),Vessel: Phillipe de la Noye; First Year: 1852; Last Year: 1854; Master: David G. Pierce,http://demo.zooniverse.org/whaling-logs-test-data/KWM_51_JPGs/logbookofphillip00unse_0004.jpg,http://demo.zooniverse.org/whaling-logs-test-data/KWM_51_JPGs/logbookofphillip00unse_0004.jpg,2
