order,file_path,thumbnail,width,height,capture_location,date,set_key,zooniverse_id
1,http://demo.zooniverse.org/whaling-logs-test-data/beta-logbooks/herman/logbookofhermans00unse_0026.jpg,http://demo.zooniverse.org/whaling-logs-test-data/beta-logbooks/herman/logbookofhermans00unse_0026_thumb.jpg,1600,2628,n/a,n/a,n/a,916794
2,http://demo.zooniverse.org/whaling-logs-test-data/beta-logbooks/herman/logbookofhermans00unse_0027.jpg,http://demo.zooniverse.org/whaling-logs-test-data/beta-logbooks/herman/logbookofhermans00unse_0027_thumb.jpg,1600,2649,n/a,n/a,n/a,916780
3,http://demo.zooniverse.org/whaling-logs-test-data/beta-logbooks/herman/logbookofhermans00unse_0028.jpg,http://demo.zooniverse.org/whaling-logs-test-data/beta-logbooks/herman/logbookofhermans00unse_0028_thumb.jpg,1600,2628,n/a,n/a,n/a,916785
4,http://demo.zooniverse.org/whaling-logs-test-data/beta-logbooks/herman/logbookofhermans00unse_0029.jpg,http://demo.zooniverse.org/whaling-logs-test-data/beta-logbooks/herman/logbookofhermans00unse_0029_thumb.jpg,1600,2683,n/a,n/a,n/a,916784
5,http://demo.zooniverse.org/whaling-logs-test-data/beta-logbooks/herman/logbookofhermans00unse_0030.jpg,http://demo.zooniverse.org/whaling-logs-test-data/beta-logbooks/herman/logbookofhermans00unse_0030_thumb.jpg,1600,2628,n/a,n/a,n/a,916792
6,http://demo.zooniverse.org/whaling-logs-test-data/beta-logbooks/herman/logbookofhermans00unse_0031.jpg,http://demo.zooniverse.org/whaling-logs-test-data/beta-logbooks/herman/logbookofhermans00unse_0031_thumb.jpg,1600,2649,n/a,n/a,n/a,916793
7,http://demo.zooniverse.org/whaling-logs-test-data/beta-logbooks/herman/logbookofhermans00unse_0032.jpg,http://demo.zooniverse.org/whaling-logs-test-data/beta-logbooks/herman/logbookofhermans00unse_0032_thumb.jpg,1600,2628,n/a,n/a,n/a,916787
8,http://demo.zooniverse.org/whaling-logs-test-data/beta-logbooks/herman/logbookofhermans00unse_0033.jpg,http://demo.zooniverse.org/whaling-logs-test-data/beta-logbooks/herman/logbookofhermans00unse_0033_thumb.jpg,1600,2649,n/a,n/a,n/a,916708
9,http://demo.zooniverse.org/whaling-logs-test-data/beta-logbooks/herman/logbookofhermans00unse_0034.jpg,http://demo.zooniverse.org/whaling-logs-test-data/beta-logbooks/herman/logbookofhermans00unse_0034_thumb.jpg,1600,2628,n/a,n/a,n/a,916737
10,http://demo.zooniverse.org/whaling-logs-test-data/beta-logbooks/herman/logbookofhermans00unse_0035.jpg,http://demo.zooniverse.org/whaling-logs-test-data/beta-logbooks/herman/logbookofhermans00unse_0035_thumb.jpg,1600,2649,n/a,n/a,n/a,916766
11,http://demo.zooniverse.org/whaling-logs-test-data/beta-logbooks/herman/logbookofhermans00unse_0036.jpg,http://demo.zooniverse.org/whaling-logs-test-data/beta-logbooks/herman/logbookofhermans00unse_0036_thumb.jpg,1600,2636,n/a,n/a,n/a,916783
12,http://demo.zooniverse.org/whaling-logs-test-data/beta-logbooks/herman/logbookofhermans00unse_0037.jpg,http://demo.zooniverse.org/whaling-logs-test-data/beta-logbooks/herman/logbookofhermans00unse_0037_thumb.jpg,1600,2649,n/a,n/a,n/a,916700
13,http://demo.zooniverse.org/whaling-logs-test-data/beta-logbooks/herman/logbookofhermans00unse_0038.jpg,http://demo.zooniverse.org/whaling-logs-test-data/beta-logbooks/herman/logbookofhermans00unse_0038_thumb.jpg,1600,2628,n/a,n/a,n/a,916692
14,http://demo.zooniverse.org/whaling-logs-test-data/beta-logbooks/herman/logbookofhermans00unse_0039.jpg,http://demo.zooniverse.org/whaling-logs-test-data/beta-logbooks/herman/logbookofhermans00unse_0039_thumb.jpg,1600,2649,n/a,n/a,n/a,916778
15,http://demo.zooniverse.org/whaling-logs-test-data/beta-logbooks/herman/logbookofhermans00unse_0040.jpg,http://demo.zooniverse.org/whaling-logs-test-data/beta-logbooks/herman/logbookofhermans00unse_0040_thumb.jpg,1600,2628,n/a,n/a,n/a,916779
16,http://demo.zooniverse.org/whaling-logs-test-data/beta-logbooks/herman/logbookofhermans00unse_0041.jpg,http://demo.zooniverse.org/whaling-logs-test-data/beta-logbooks/herman/logbookofhermans00unse_0041_thumb.jpg,1600,2649,n/a,n/a,n/a,916764
17,http://demo.zooniverse.org/whaling-logs-test-data/beta-logbooks/herman/logbookofhermans00unse_0042.jpg,http://demo.zooniverse.org/whaling-logs-test-data/beta-logbooks/herman/logbookofhermans00unse_0042_thumb.jpg,1600,2628,n/a,n/a,n/a,916718
18,http://demo.zooniverse.org/whaling-logs-test-data/beta-logbooks/herman/logbookofhermans00unse_0043.jpg,http://demo.zooniverse.org/whaling-logs-test-data/beta-logbooks/herman/logbookofhermans00unse_0043_thumb.jpg,1600,2649,n/a,n/a,n/a,916725
19,http://demo.zooniverse.org/whaling-logs-test-data/beta-logbooks/herman/logbookofhermans00unse_0044.jpg,http://demo.zooniverse.org/whaling-logs-test-data/beta-logbooks/herman/logbookofhermans00unse_0044_thumb.jpg,1600,2628,n/a,n/a,n/a,916754
20,http://demo.zooniverse.org/whaling-logs-test-data/beta-logbooks/herman/logbookofhermans00unse_0045.jpg,http://demo.zooniverse.org/whaling-logs-test-data/beta-logbooks/herman/logbookofhermans00unse_0045_thumb.jpg,1600,2649,n/a,n/a,n/a,916760
21,http://demo.zooniverse.org/whaling-logs-test-data/beta-logbooks/herman/logbookofhermans00unse_0046.jpg,http://demo.zooniverse.org/whaling-logs-test-data/beta-logbooks/herman/logbookofhermans00unse_0046_thumb.jpg,1600,2628,n/a,n/a,n/a,916776
22,http://demo.zooniverse.org/whaling-logs-test-data/beta-logbooks/herman/logbookofhermans00unse_0047.jpg,http://demo.zooniverse.org/whaling-logs-test-data/beta-logbooks/herman/logbookofhermans00unse_0047_thumb.jpg,1600,2648,n/a,n/a,n/a,916714
23,http://demo.zooniverse.org/whaling-logs-test-data/beta-logbooks/herman/logbookofhermans00unse_0048.jpg,http://demo.zooniverse.org/whaling-logs-test-data/beta-logbooks/herman/logbookofhermans00unse_0048_thumb.jpg,1600,2608,n/a,n/a,n/a,916773
24,http://demo.zooniverse.org/whaling-logs-test-data/beta-logbooks/herman/logbookofhermans00unse_0049.jpg,http://demo.zooniverse.org/whaling-logs-test-data/beta-logbooks/herman/logbookofhermans00unse_0049_thumb.jpg,1600,2649,n/a,n/a,n/a,916762
