order,file_path,thumbnail,width,height,capture_location,date,set_key
1,http://demo.zooniverse.org/whaling-logs-test-data/KWM_40_JPGs/logbookofcalifor00unse_0001.jpg,http://demo.zooniverse.org/whaling-logs-test-data/KWM_40_JPGs/logbookofcalifor00unse_0001.jpg,2048,3279,n/a,n/a,n/a
2,http://demo.zooniverse.org/whaling-logs-test-data/KWM_40_JPGs/logbookofcalifor00unse_0002.jpg,http://demo.zooniverse.org/whaling-logs-test-data/KWM_40_JPGs/logbookofcalifor00unse_0002.jpg,2048,3500,n/a,n/a,n/a
3,http://demo.zooniverse.org/whaling-logs-test-data/KWM_40_JPGs/logbookofcalifor00unse_0003.jpg,http://demo.zooniverse.org/whaling-logs-test-data/KWM_40_JPGs/logbookofcalifor00unse_0003.jpg,2048,3500,n/a,n/a,n/a
4,http://demo.zooniverse.org/whaling-logs-test-data/KWM_40_JPGs/logbookofcalifor00unse_0004.jpg,http://demo.zooniverse.org/whaling-logs-test-data/KWM_40_JPGs/logbookofcalifor00unse_0004.jpg,2048,3072,n/a,n/a,n/a
5,http://demo.zooniverse.org/whaling-logs-test-data/KWM_40_JPGs/logbookofcalifor00unse_0005.jpg,http://demo.zooniverse.org/whaling-logs-test-data/KWM_40_JPGs/logbookofcalifor00unse_0005.jpg,2048,3072,n/a,n/a,n/a
6,http://demo.zooniverse.org/whaling-logs-test-data/KWM_40_JPGs/logbookofcalifor00unse_0006.jpg,http://demo.zooniverse.org/whaling-logs-test-data/KWM_40_JPGs/logbookofcalifor00unse_0006.jpg,2048,3500,n/a,n/a,n/a
7,http://demo.zooniverse.org/whaling-logs-test-data/KWM_40_JPGs/logbookofcalifor00unse_0007.jpg,http://demo.zooniverse.org/whaling-logs-test-data/KWM_40_JPGs/logbookofcalifor00unse_0007.jpg,2048,3500,n/a,n/a,n/a
8,http://demo.zooniverse.org/whaling-logs-test-data/KWM_40_JPGs/logbookofcalifor00unse_0008.jpg,http://demo.zooniverse.org/whaling-logs-test-data/KWM_40_JPGs/logbookofcalifor00unse_0008.jpg,2048,3500,n/a,n/a,n/a
9,http://demo.zooniverse.org/whaling-logs-test-data/KWM_40_JPGs/logbookofcalifor00unse_0009.jpg,http://demo.zooniverse.org/whaling-logs-test-data/KWM_40_JPGs/logbookofcalifor00unse_0009.jpg,2048,3500,n/a,n/a,n/a
10,http://demo.zooniverse.org/whaling-logs-test-data/KWM_40_JPGs/logbookofcalifor00unse_0010.jpg,http://demo.zooniverse.org/whaling-logs-test-data/KWM_40_JPGs/logbookofcalifor00unse_0010.jpg,2048,3500,n/a,n/a,n/a
11,http://demo.zooniverse.org/whaling-logs-test-data/KWM_40_JPGs/logbookofcalifor00unse_0011.jpg,http://demo.zooniverse.org/whaling-logs-test-data/KWM_40_JPGs/logbookofcalifor00unse_0011.jpg,2048,3500,n/a,n/a,n/a
12,http://demo.zooniverse.org/whaling-logs-test-data/KWM_40_JPGs/logbookofcalifor00unse_0012.jpg,http://demo.zooniverse.org/whaling-logs-test-data/KWM_40_JPGs/logbookofcalifor00unse_0012.jpg,2048,3500,n/a,n/a,n/a
13,http://demo.zooniverse.org/whaling-logs-test-data/KWM_40_JPGs/logbookofcalifor00unse_0013.jpg,http://demo.zooniverse.org/whaling-logs-test-data/KWM_40_JPGs/logbookofcalifor00unse_0013.jpg,2048,3500,n/a,n/a,n/a
14,http://demo.zooniverse.org/whaling-logs-test-data/KWM_40_JPGs/logbookofcalifor00unse_0014.jpg,http://demo.zooniverse.org/whaling-logs-test-data/KWM_40_JPGs/logbookofcalifor00unse_0014.jpg,2048,3500,n/a,n/a,n/a
15,http://demo.zooniverse.org/whaling-logs-test-data/KWM_40_JPGs/logbookofcalifor00unse_0015.jpg,http://demo.zooniverse.org/whaling-logs-test-data/KWM_40_JPGs/logbookofcalifor00unse_0015.jpg,2048,3500,n/a,n/a,n/a
16,http://demo.zooniverse.org/whaling-logs-test-data/KWM_40_JPGs/logbookofcalifor00unse_0016.jpg,http://demo.zooniverse.org/whaling-logs-test-data/KWM_40_JPGs/logbookofcalifor00unse_0016.jpg,2048,3500,n/a,n/a,n/a
17,http://demo.zooniverse.org/whaling-logs-test-data/KWM_40_JPGs/logbookofcalifor00unse_0017.jpg,http://demo.zooniverse.org/whaling-logs-test-data/KWM_40_JPGs/logbookofcalifor00unse_0017.jpg,2048,3500,n/a,n/a,n/a
18,http://demo.zooniverse.org/whaling-logs-test-data/KWM_40_JPGs/logbookofcalifor00unse_0018.jpg,http://demo.zooniverse.org/whaling-logs-test-data/KWM_40_JPGs/logbookofcalifor00unse_0018.jpg,2048,3500,n/a,n/a,n/a
19,http://demo.zooniverse.org/whaling-logs-test-data/KWM_40_JPGs/logbookofcalifor00unse_0019.jpg,http://demo.zooniverse.org/whaling-logs-test-data/KWM_40_JPGs/logbookofcalifor00unse_0019.jpg,2048,3500,n/a,n/a,n/a
20,http://demo.zooniverse.org/whaling-logs-test-data/KWM_40_JPGs/logbookofcalifor00unse_0020.jpg,http://demo.zooniverse.org/whaling-logs-test-data/KWM_40_JPGs/logbookofcalifor00unse_0020.jpg,2048,3500,n/a,n/a,n/a
21,http://demo.zooniverse.org/whaling-logs-test-data/KWM_40_JPGs/logbookofcalifor00unse_0021.jpg,http://demo.zooniverse.org/whaling-logs-test-data/KWM_40_JPGs/logbookofcalifor00unse_0021.jpg,2048,3500,n/a,n/a,n/a
22,http://demo.zooniverse.org/whaling-logs-test-data/KWM_40_JPGs/logbookofcalifor00unse_0022.jpg,http://demo.zooniverse.org/whaling-logs-test-data/KWM_40_JPGs/logbookofcalifor00unse_0022.jpg,2048,3500,n/a,n/a,n/a
23,http://demo.zooniverse.org/whaling-logs-test-data/KWM_40_JPGs/logbookofcalifor00unse_0023.jpg,http://demo.zooniverse.org/whaling-logs-test-data/KWM_40_JPGs/logbookofcalifor00unse_0023.jpg,2048,3500,n/a,n/a,n/a
24,http://demo.zooniverse.org/whaling-logs-test-data/KWM_40_JPGs/logbookofcalifor00unse_0024.jpg,http://demo.zooniverse.org/whaling-logs-test-data/KWM_40_JPGs/logbookofcalifor00unse_0024.jpg,2048,3500,n/a,n/a,n/a
25,http://demo.zooniverse.org/whaling-logs-test-data/KWM_40_JPGs/logbookofcalifor00unse_0025.jpg,http://demo.zooniverse.org/whaling-logs-test-data/KWM_40_JPGs/logbookofcalifor00unse_0025.jpg,2048,3500,n/a,n/a,n/a
26,http://demo.zooniverse.org/whaling-logs-test-data/KWM_40_JPGs/logbookofcalifor00unse_0026.jpg,http://demo.zooniverse.org/whaling-logs-test-data/KWM_40_JPGs/logbookofcalifor00unse_0026.jpg,2048,3500,n/a,n/a,n/a
27,http://demo.zooniverse.org/whaling-logs-test-data/KWM_40_JPGs/logbookofcalifor00unse_0027.jpg,http://demo.zooniverse.org/whaling-logs-test-data/KWM_40_JPGs/logbookofcalifor00unse_0027.jpg,2048,3500,n/a,n/a,n/a
28,http://demo.zooniverse.org/whaling-logs-test-data/KWM_40_JPGs/logbookofcalifor00unse_0028.jpg,http://demo.zooniverse.org/whaling-logs-test-data/KWM_40_JPGs/logbookofcalifor00unse_0028.jpg,2048,3500,n/a,n/a,n/a
29,http://demo.zooniverse.org/whaling-logs-test-data/KWM_40_JPGs/logbookofcalifor00unse_0029.jpg,http://demo.zooniverse.org/whaling-logs-test-data/KWM_40_JPGs/logbookofcalifor00unse_0029.jpg,2048,3500,n/a,n/a,n/a
30,http://demo.zooniverse.org/whaling-logs-test-data/KWM_40_JPGs/logbookofcalifor00unse_0030.jpg,http://demo.zooniverse.org/whaling-logs-test-data/KWM_40_JPGs/logbookofcalifor00unse_0030.jpg,2048,3500,n/a,n/a,n/a
31,http://demo.zooniverse.org/whaling-logs-test-data/KWM_40_JPGs/logbookofcalifor00unse_0031.jpg,http://demo.zooniverse.org/whaling-logs-test-data/KWM_40_JPGs/logbookofcalifor00unse_0031.jpg,2048,3500,n/a,n/a,n/a
32,http://demo.zooniverse.org/whaling-logs-test-data/KWM_40_JPGs/logbookofcalifor00unse_0032.jpg,http://demo.zooniverse.org/whaling-logs-test-data/KWM_40_JPGs/logbookofcalifor00unse_0032.jpg,2048,3500,n/a,n/a,n/a
33,http://demo.zooniverse.org/whaling-logs-test-data/KWM_40_JPGs/logbookofcalifor00unse_0033.jpg,http://demo.zooniverse.org/whaling-logs-test-data/KWM_40_JPGs/logbookofcalifor00unse_0033.jpg,2048,3500,n/a,n/a,n/a
34,http://demo.zooniverse.org/whaling-logs-test-data/KWM_40_JPGs/logbookofcalifor00unse_0034.jpg,http://demo.zooniverse.org/whaling-logs-test-data/KWM_40_JPGs/logbookofcalifor00unse_0034.jpg,2048,3500,n/a,n/a,n/a
35,http://demo.zooniverse.org/whaling-logs-test-data/KWM_40_JPGs/logbookofcalifor00unse_0035.jpg,http://demo.zooniverse.org/whaling-logs-test-data/KWM_40_JPGs/logbookofcalifor00unse_0035.jpg,2048,3500,n/a,n/a,n/a
36,http://demo.zooniverse.org/whaling-logs-test-data/KWM_40_JPGs/logbookofcalifor00unse_0036.jpg,http://demo.zooniverse.org/whaling-logs-test-data/KWM_40_JPGs/logbookofcalifor00unse_0036.jpg,2048,3500,n/a,n/a,n/a
37,http://demo.zooniverse.org/whaling-logs-test-data/KWM_40_JPGs/logbookofcalifor00unse_0037.jpg,http://demo.zooniverse.org/whaling-logs-test-data/KWM_40_JPGs/logbookofcalifor00unse_0037.jpg,2048,3500,n/a,n/a,n/a
38,http://demo.zooniverse.org/whaling-logs-test-data/KWM_40_JPGs/logbookofcalifor00unse_0038.jpg,http://demo.zooniverse.org/whaling-logs-test-data/KWM_40_JPGs/logbookofcalifor00unse_0038.jpg,2048,3500,n/a,n/a,n/a
39,http://demo.zooniverse.org/whaling-logs-test-data/KWM_40_JPGs/logbookofcalifor00unse_0039.jpg,http://demo.zooniverse.org/whaling-logs-test-data/KWM_40_JPGs/logbookofcalifor00unse_0039.jpg,2048,3500,n/a,n/a,n/a
40,http://demo.zooniverse.org/whaling-logs-test-data/KWM_40_JPGs/logbookofcalifor00unse_0040.jpg,http://demo.zooniverse.org/whaling-logs-test-data/KWM_40_JPGs/logbookofcalifor00unse_0040.jpg,2048,3500,n/a,n/a,n/a
41,http://demo.zooniverse.org/whaling-logs-test-data/KWM_40_JPGs/logbookofcalifor00unse_0041.jpg,http://demo.zooniverse.org/whaling-logs-test-data/KWM_40_JPGs/logbookofcalifor00unse_0041.jpg,2048,3500,n/a,n/a,n/a
42,http://demo.zooniverse.org/whaling-logs-test-data/KWM_40_JPGs/logbookofcalifor00unse_0042.jpg,http://demo.zooniverse.org/whaling-logs-test-data/KWM_40_JPGs/logbookofcalifor00unse_0042.jpg,2048,3500,n/a,n/a,n/a
43,http://demo.zooniverse.org/whaling-logs-test-data/KWM_40_JPGs/logbookofcalifor00unse_0043.jpg,http://demo.zooniverse.org/whaling-logs-test-data/KWM_40_JPGs/logbookofcalifor00unse_0043.jpg,2048,3500,n/a,n/a,n/a
44,http://demo.zooniverse.org/whaling-logs-test-data/KWM_40_JPGs/logbookofcalifor00unse_0044.jpg,http://demo.zooniverse.org/whaling-logs-test-data/KWM_40_JPGs/logbookofcalifor00unse_0044.jpg,2048,3500,n/a,n/a,n/a
45,http://demo.zooniverse.org/whaling-logs-test-data/KWM_40_JPGs/logbookofcalifor00unse_0045.jpg,http://demo.zooniverse.org/whaling-logs-test-data/KWM_40_JPGs/logbookofcalifor00unse_0045.jpg,2048,3500,n/a,n/a,n/a
46,http://demo.zooniverse.org/whaling-logs-test-data/KWM_40_JPGs/logbookofcalifor00unse_0046.jpg,http://demo.zooniverse.org/whaling-logs-test-data/KWM_40_JPGs/logbookofcalifor00unse_0046.jpg,2048,3500,n/a,n/a,n/a
47,http://demo.zooniverse.org/whaling-logs-test-data/KWM_40_JPGs/logbookofcalifor00unse_0047.jpg,http://demo.zooniverse.org/whaling-logs-test-data/KWM_40_JPGs/logbookofcalifor00unse_0047.jpg,2048,3500,n/a,n/a,n/a
48,http://demo.zooniverse.org/whaling-logs-test-data/KWM_40_JPGs/logbookofcalifor00unse_0048.jpg,http://demo.zooniverse.org/whaling-logs-test-data/KWM_40_JPGs/logbookofcalifor00unse_0048.jpg,2048,3500,n/a,n/a,n/a
49,http://demo.zooniverse.org/whaling-logs-test-data/KWM_40_JPGs/logbookofcalifor00unse_0049.jpg,http://demo.zooniverse.org/whaling-logs-test-data/KWM_40_JPGs/logbookofcalifor00unse_0049.jpg,2048,3500,n/a,n/a,n/a
50,http://demo.zooniverse.org/whaling-logs-test-data/KWM_40_JPGs/logbookofcalifor00unse_0050.jpg,http://demo.zooniverse.org/whaling-logs-test-data/KWM_40_JPGs/logbookofcalifor00unse_0050.jpg,2048,3500,n/a,n/a,n/a
51,http://demo.zooniverse.org/whaling-logs-test-data/KWM_40_JPGs/logbookofcalifor00unse_0051.jpg,http://demo.zooniverse.org/whaling-logs-test-data/KWM_40_JPGs/logbookofcalifor00unse_0051.jpg,2048,3500,n/a,n/a,n/a
52,http://demo.zooniverse.org/whaling-logs-test-data/KWM_40_JPGs/logbookofcalifor00unse_0052.jpg,http://demo.zooniverse.org/whaling-logs-test-data/KWM_40_JPGs/logbookofcalifor00unse_0052.jpg,2048,3500,n/a,n/a,n/a
53,http://demo.zooniverse.org/whaling-logs-test-data/KWM_40_JPGs/logbookofcalifor00unse_0053.jpg,http://demo.zooniverse.org/whaling-logs-test-data/KWM_40_JPGs/logbookofcalifor00unse_0053.jpg,2048,3500,n/a,n/a,n/a
54,http://demo.zooniverse.org/whaling-logs-test-data/KWM_40_JPGs/logbookofcalifor00unse_0054.jpg,http://demo.zooniverse.org/whaling-logs-test-data/KWM_40_JPGs/logbookofcalifor00unse_0054.jpg,2048,3500,n/a,n/a,n/a
55,http://demo.zooniverse.org/whaling-logs-test-data/KWM_40_JPGs/logbookofcalifor00unse_0055.jpg,http://demo.zooniverse.org/whaling-logs-test-data/KWM_40_JPGs/logbookofcalifor00unse_0055.jpg,2048,3500,n/a,n/a,n/a
56,http://demo.zooniverse.org/whaling-logs-test-data/KWM_40_JPGs/logbookofcalifor00unse_0056.jpg,http://demo.zooniverse.org/whaling-logs-test-data/KWM_40_JPGs/logbookofcalifor00unse_0056.jpg,2048,3500,n/a,n/a,n/a
57,http://demo.zooniverse.org/whaling-logs-test-data/KWM_40_JPGs/logbookofcalifor00unse_0057.jpg,http://demo.zooniverse.org/whaling-logs-test-data/KWM_40_JPGs/logbookofcalifor00unse_0057.jpg,2048,3500,n/a,n/a,n/a
58,http://demo.zooniverse.org/whaling-logs-test-data/KWM_40_JPGs/logbookofcalifor00unse_0058.jpg,http://demo.zooniverse.org/whaling-logs-test-data/KWM_40_JPGs/logbookofcalifor00unse_0058.jpg,2048,3500,n/a,n/a,n/a
59,http://demo.zooniverse.org/whaling-logs-test-data/KWM_40_JPGs/logbookofcalifor00unse_0059.jpg,http://demo.zooniverse.org/whaling-logs-test-data/KWM_40_JPGs/logbookofcalifor00unse_0059.jpg,2048,3500,n/a,n/a,n/a
60,http://demo.zooniverse.org/whaling-logs-test-data/KWM_40_JPGs/logbookofcalifor00unse_0060.jpg,http://demo.zooniverse.org/whaling-logs-test-data/KWM_40_JPGs/logbookofcalifor00unse_0060.jpg,2048,3500,n/a,n/a,n/a
61,http://demo.zooniverse.org/whaling-logs-test-data/KWM_40_JPGs/logbookofcalifor00unse_0061.jpg,http://demo.zooniverse.org/whaling-logs-test-data/KWM_40_JPGs/logbookofcalifor00unse_0061.jpg,2048,3500,n/a,n/a,n/a
62,http://demo.zooniverse.org/whaling-logs-test-data/KWM_40_JPGs/logbookofcalifor00unse_0062.jpg,http://demo.zooniverse.org/whaling-logs-test-data/KWM_40_JPGs/logbookofcalifor00unse_0062.jpg,2048,3500,n/a,n/a,n/a
63,http://demo.zooniverse.org/whaling-logs-test-data/KWM_40_JPGs/logbookofcalifor00unse_0063.jpg,http://demo.zooniverse.org/whaling-logs-test-data/KWM_40_JPGs/logbookofcalifor00unse_0063.jpg,2048,3500,n/a,n/a,n/a
64,http://demo.zooniverse.org/whaling-logs-test-data/KWM_40_JPGs/logbookofcalifor00unse_0064.jpg,http://demo.zooniverse.org/whaling-logs-test-data/KWM_40_JPGs/logbookofcalifor00unse_0064.jpg,2048,3500,n/a,n/a,n/a
65,http://demo.zooniverse.org/whaling-logs-test-data/KWM_40_JPGs/logbookofcalifor00unse_0065.jpg,http://demo.zooniverse.org/whaling-logs-test-data/KWM_40_JPGs/logbookofcalifor00unse_0065.jpg,2048,3500,n/a,n/a,n/a
66,http://demo.zooniverse.org/whaling-logs-test-data/KWM_40_JPGs/logbookofcalifor00unse_0066.jpg,http://demo.zooniverse.org/whaling-logs-test-data/KWM_40_JPGs/logbookofcalifor00unse_0066.jpg,2048,3500,n/a,n/a,n/a
67,http://demo.zooniverse.org/whaling-logs-test-data/KWM_40_JPGs/logbookofcalifor00unse_0067.jpg,http://demo.zooniverse.org/whaling-logs-test-data/KWM_40_JPGs/logbookofcalifor00unse_0067.jpg,2048,3500,n/a,n/a,n/a
68,http://demo.zooniverse.org/whaling-logs-test-data/KWM_40_JPGs/logbookofcalifor00unse_0068.jpg,http://demo.zooniverse.org/whaling-logs-test-data/KWM_40_JPGs/logbookofcalifor00unse_0068.jpg,2048,3500,n/a,n/a,n/a
69,http://demo.zooniverse.org/whaling-logs-test-data/KWM_40_JPGs/logbookofcalifor00unse_0069.jpg,http://demo.zooniverse.org/whaling-logs-test-data/KWM_40_JPGs/logbookofcalifor00unse_0069.jpg,2048,3500,n/a,n/a,n/a
70,http://demo.zooniverse.org/whaling-logs-test-data/KWM_40_JPGs/logbookofcalifor00unse_0070.jpg,http://demo.zooniverse.org/whaling-logs-test-data/KWM_40_JPGs/logbookofcalifor00unse_0070.jpg,2048,3500,n/a,n/a,n/a
71,http://demo.zooniverse.org/whaling-logs-test-data/KWM_40_JPGs/logbookofcalifor00unse_0071.jpg,http://demo.zooniverse.org/whaling-logs-test-data/KWM_40_JPGs/logbookofcalifor00unse_0071.jpg,2048,3500,n/a,n/a,n/a
72,http://demo.zooniverse.org/whaling-logs-test-data/KWM_40_JPGs/logbookofcalifor00unse_0072.jpg,http://demo.zooniverse.org/whaling-logs-test-data/KWM_40_JPGs/logbookofcalifor00unse_0072.jpg,2048,3500,n/a,n/a,n/a
73,http://demo.zooniverse.org/whaling-logs-test-data/KWM_40_JPGs/logbookofcalifor00unse_0073.jpg,http://demo.zooniverse.org/whaling-logs-test-data/KWM_40_JPGs/logbookofcalifor00unse_0073.jpg,2048,3500,n/a,n/a,n/a
74,http://demo.zooniverse.org/whaling-logs-test-data/KWM_40_JPGs/logbookofcalifor00unse_0074.jpg,http://demo.zooniverse.org/whaling-logs-test-data/KWM_40_JPGs/logbookofcalifor00unse_0074.jpg,2048,3500,n/a,n/a,n/a
75,http://demo.zooniverse.org/whaling-logs-test-data/KWM_40_JPGs/logbookofcalifor00unse_0075.jpg,http://demo.zooniverse.org/whaling-logs-test-data/KWM_40_JPGs/logbookofcalifor00unse_0075.jpg,2048,3500,n/a,n/a,n/a
76,http://demo.zooniverse.org/whaling-logs-test-data/KWM_40_JPGs/logbookofcalifor00unse_0076.jpg,http://demo.zooniverse.org/whaling-logs-test-data/KWM_40_JPGs/logbookofcalifor00unse_0076.jpg,2048,3500,n/a,n/a,n/a
77,http://demo.zooniverse.org/whaling-logs-test-data/KWM_40_JPGs/logbookofcalifor00unse_0077.jpg,http://demo.zooniverse.org/whaling-logs-test-data/KWM_40_JPGs/logbookofcalifor00unse_0077.jpg,2048,3500,n/a,n/a,n/a
78,http://demo.zooniverse.org/whaling-logs-test-data/KWM_40_JPGs/logbookofcalifor00unse_0078.jpg,http://demo.zooniverse.org/whaling-logs-test-data/KWM_40_JPGs/logbookofcalifor00unse_0078.jpg,2048,3500,n/a,n/a,n/a
79,http://demo.zooniverse.org/whaling-logs-test-data/KWM_40_JPGs/logbookofcalifor00unse_0079.jpg,http://demo.zooniverse.org/whaling-logs-test-data/KWM_40_JPGs/logbookofcalifor00unse_0079.jpg,2048,3500,n/a,n/a,n/a
80,http://demo.zooniverse.org/whaling-logs-test-data/KWM_40_JPGs/logbookofcalifor00unse_0080.jpg,http://demo.zooniverse.org/whaling-logs-test-data/KWM_40_JPGs/logbookofcalifor00unse_0080.jpg,2048,3500,n/a,n/a,n/a
81,http://demo.zooniverse.org/whaling-logs-test-data/KWM_40_JPGs/logbookofcalifor00unse_0081.jpg,http://demo.zooniverse.org/whaling-logs-test-data/KWM_40_JPGs/logbookofcalifor00unse_0081.jpg,2048,3500,n/a,n/a,n/a
82,http://demo.zooniverse.org/whaling-logs-test-data/KWM_40_JPGs/logbookofcalifor00unse_0082.jpg,http://demo.zooniverse.org/whaling-logs-test-data/KWM_40_JPGs/logbookofcalifor00unse_0082.jpg,2048,3500,n/a,n/a,n/a
83,http://demo.zooniverse.org/whaling-logs-test-data/KWM_40_JPGs/logbookofcalifor00unse_0083.jpg,http://demo.zooniverse.org/whaling-logs-test-data/KWM_40_JPGs/logbookofcalifor00unse_0083.jpg,2048,3500,n/a,n/a,n/a
84,http://demo.zooniverse.org/whaling-logs-test-data/KWM_40_JPGs/logbookofcalifor00unse_0084.jpg,http://demo.zooniverse.org/whaling-logs-test-data/KWM_40_JPGs/logbookofcalifor00unse_0084.jpg,2048,3500,n/a,n/a,n/a
85,http://demo.zooniverse.org/whaling-logs-test-data/KWM_40_JPGs/logbookofcalifor00unse_0085.jpg,http://demo.zooniverse.org/whaling-logs-test-data/KWM_40_JPGs/logbookofcalifor00unse_0085.jpg,2048,3500,n/a,n/a,n/a
86,http://demo.zooniverse.org/whaling-logs-test-data/KWM_40_JPGs/logbookofcalifor00unse_0086.jpg,http://demo.zooniverse.org/whaling-logs-test-data/KWM_40_JPGs/logbookofcalifor00unse_0086.jpg,2048,3500,n/a,n/a,n/a
87,http://demo.zooniverse.org/whaling-logs-test-data/KWM_40_JPGs/logbookofcalifor00unse_0087.jpg,http://demo.zooniverse.org/whaling-logs-test-data/KWM_40_JPGs/logbookofcalifor00unse_0087.jpg,2048,3500,n/a,n/a,n/a
88,http://demo.zooniverse.org/whaling-logs-test-data/KWM_40_JPGs/logbookofcalifor00unse_0088.jpg,http://demo.zooniverse.org/whaling-logs-test-data/KWM_40_JPGs/logbookofcalifor00unse_0088.jpg,2048,3500,n/a,n/a,n/a
89,http://demo.zooniverse.org/whaling-logs-test-data/KWM_40_JPGs/logbookofcalifor00unse_0089.jpg,http://demo.zooniverse.org/whaling-logs-test-data/KWM_40_JPGs/logbookofcalifor00unse_0089.jpg,2048,3500,n/a,n/a,n/a
90,http://demo.zooniverse.org/whaling-logs-test-data/KWM_40_JPGs/logbookofcalifor00unse_0090.jpg,http://demo.zooniverse.org/whaling-logs-test-data/KWM_40_JPGs/logbookofcalifor00unse_0090.jpg,2048,3500,n/a,n/a,n/a
91,http://demo.zooniverse.org/whaling-logs-test-data/KWM_40_JPGs/logbookofcalifor00unse_0091.jpg,http://demo.zooniverse.org/whaling-logs-test-data/KWM_40_JPGs/logbookofcalifor00unse_0091.jpg,2048,3500,n/a,n/a,n/a
92,http://demo.zooniverse.org/whaling-logs-test-data/KWM_40_JPGs/logbookofcalifor00unse_0092.jpg,http://demo.zooniverse.org/whaling-logs-test-data/KWM_40_JPGs/logbookofcalifor00unse_0092.jpg,2048,3500,n/a,n/a,n/a
93,http://demo.zooniverse.org/whaling-logs-test-data/KWM_40_JPGs/logbookofcalifor00unse_0093.jpg,http://demo.zooniverse.org/whaling-logs-test-data/KWM_40_JPGs/logbookofcalifor00unse_0093.jpg,2048,3500,n/a,n/a,n/a
94,http://demo.zooniverse.org/whaling-logs-test-data/KWM_40_JPGs/logbookofcalifor00unse_0094.jpg,http://demo.zooniverse.org/whaling-logs-test-data/KWM_40_JPGs/logbookofcalifor00unse_0094.jpg,2048,3500,n/a,n/a,n/a
95,http://demo.zooniverse.org/whaling-logs-test-data/KWM_40_JPGs/logbookofcalifor00unse_0095.jpg,http://demo.zooniverse.org/whaling-logs-test-data/KWM_40_JPGs/logbookofcalifor00unse_0095.jpg,2048,3500,n/a,n/a,n/a
96,http://demo.zooniverse.org/whaling-logs-test-data/KWM_40_JPGs/logbookofcalifor00unse_0096.jpg,http://demo.zooniverse.org/whaling-logs-test-data/KWM_40_JPGs/logbookofcalifor00unse_0096.jpg,2048,3500,n/a,n/a,n/a
97,http://demo.zooniverse.org/whaling-logs-test-data/KWM_40_JPGs/logbookofcalifor00unse_0097.jpg,http://demo.zooniverse.org/whaling-logs-test-data/KWM_40_JPGs/logbookofcalifor00unse_0097.jpg,2048,3500,n/a,n/a,n/a
98,http://demo.zooniverse.org/whaling-logs-test-data/KWM_40_JPGs/logbookofcalifor00unse_0098.jpg,http://demo.zooniverse.org/whaling-logs-test-data/KWM_40_JPGs/logbookofcalifor00unse_0098.jpg,2048,3500,n/a,n/a,n/a
99,http://demo.zooniverse.org/whaling-logs-test-data/KWM_40_JPGs/logbookofcalifor00unse_0099.jpg,http://demo.zooniverse.org/whaling-logs-test-data/KWM_40_JPGs/logbookofcalifor00unse_0099.jpg,2048,3500,n/a,n/a,n/a
100,http://demo.zooniverse.org/whaling-logs-test-data/KWM_40_JPGs/logbookofcalifor00unse_0100.jpg,http://demo.zooniverse.org/whaling-logs-test-data/KWM_40_JPGs/logbookofcalifor00unse_0100.jpg,2048,3500,n/a,n/a,n/a
101,http://demo.zooniverse.org/whaling-logs-test-data/KWM_40_JPGs/logbookofcalifor00unse_0101.jpg,http://demo.zooniverse.org/whaling-logs-test-data/KWM_40_JPGs/logbookofcalifor00unse_0101.jpg,2048,3500,n/a,n/a,n/a
102,http://demo.zooniverse.org/whaling-logs-test-data/KWM_40_JPGs/logbookofcalifor00unse_0102.jpg,http://demo.zooniverse.org/whaling-logs-test-data/KWM_40_JPGs/logbookofcalifor00unse_0102.jpg,2048,3500,n/a,n/a,n/a
103,http://demo.zooniverse.org/whaling-logs-test-data/KWM_40_JPGs/logbookofcalifor00unse_0103.jpg,http://demo.zooniverse.org/whaling-logs-test-data/KWM_40_JPGs/logbookofcalifor00unse_0103.jpg,2048,3500,n/a,n/a,n/a
104,http://demo.zooniverse.org/whaling-logs-test-data/KWM_40_JPGs/logbookofcalifor00unse_0104.jpg,http://demo.zooniverse.org/whaling-logs-test-data/KWM_40_JPGs/logbookofcalifor00unse_0104.jpg,2048,3500,n/a,n/a,n/a
105,http://demo.zooniverse.org/whaling-logs-test-data/KWM_40_JPGs/logbookofcalifor00unse_0105.jpg,http://demo.zooniverse.org/whaling-logs-test-data/KWM_40_JPGs/logbookofcalifor00unse_0105.jpg,2048,3500,n/a,n/a,n/a
106,http://demo.zooniverse.org/whaling-logs-test-data/KWM_40_JPGs/logbookofcalifor00unse_0106.jpg,http://demo.zooniverse.org/whaling-logs-test-data/KWM_40_JPGs/logbookofcalifor00unse_0106.jpg,2048,3500,n/a,n/a,n/a
107,http://demo.zooniverse.org/whaling-logs-test-data/KWM_40_JPGs/logbookofcalifor00unse_0107.jpg,http://demo.zooniverse.org/whaling-logs-test-data/KWM_40_JPGs/logbookofcalifor00unse_0107.jpg,2048,3500,n/a,n/a,n/a
108,http://demo.zooniverse.org/whaling-logs-test-data/KWM_40_JPGs/logbookofcalifor00unse_0108.jpg,http://demo.zooniverse.org/whaling-logs-test-data/KWM_40_JPGs/logbookofcalifor00unse_0108.jpg,2048,3500,n/a,n/a,n/a
109,http://demo.zooniverse.org/whaling-logs-test-data/KWM_40_JPGs/logbookofcalifor00unse_0109.jpg,http://demo.zooniverse.org/whaling-logs-test-data/KWM_40_JPGs/logbookofcalifor00unse_0109.jpg,2048,3500,n/a,n/a,n/a
110,http://demo.zooniverse.org/whaling-logs-test-data/KWM_40_JPGs/logbookofcalifor00unse_0110.jpg,http://demo.zooniverse.org/whaling-logs-test-data/KWM_40_JPGs/logbookofcalifor00unse_0110.jpg,2048,3500,n/a,n/a,n/a
111,http://demo.zooniverse.org/whaling-logs-test-data/KWM_40_JPGs/logbookofcalifor00unse_0111.jpg,http://demo.zooniverse.org/whaling-logs-test-data/KWM_40_JPGs/logbookofcalifor00unse_0111.jpg,2048,3500,n/a,n/a,n/a
112,http://demo.zooniverse.org/whaling-logs-test-data/KWM_40_JPGs/logbookofcalifor00unse_0112.jpg,http://demo.zooniverse.org/whaling-logs-test-data/KWM_40_JPGs/logbookofcalifor00unse_0112.jpg,2048,3500,n/a,n/a,n/a
113,http://demo.zooniverse.org/whaling-logs-test-data/KWM_40_JPGs/logbookofcalifor00unse_0113.jpg,http://demo.zooniverse.org/whaling-logs-test-data/KWM_40_JPGs/logbookofcalifor00unse_0113.jpg,2048,3500,n/a,n/a,n/a
114,http://demo.zooniverse.org/whaling-logs-test-data/KWM_40_JPGs/logbookofcalifor00unse_0114.jpg,http://demo.zooniverse.org/whaling-logs-test-data/KWM_40_JPGs/logbookofcalifor00unse_0114.jpg,2048,3500,n/a,n/a,n/a
115,http://demo.zooniverse.org/whaling-logs-test-data/KWM_40_JPGs/logbookofcalifor00unse_0115.jpg,http://demo.zooniverse.org/whaling-logs-test-data/KWM_40_JPGs/logbookofcalifor00unse_0115.jpg,2048,3500,n/a,n/a,n/a
116,http://demo.zooniverse.org/whaling-logs-test-data/KWM_40_JPGs/logbookofcalifor00unse_0116.jpg,http://demo.zooniverse.org/whaling-logs-test-data/KWM_40_JPGs/logbookofcalifor00unse_0116.jpg,2048,3500,n/a,n/a,n/a
117,http://demo.zooniverse.org/whaling-logs-test-data/KWM_40_JPGs/logbookofcalifor00unse_0117.jpg,http://demo.zooniverse.org/whaling-logs-test-data/KWM_40_JPGs/logbookofcalifor00unse_0117.jpg,2048,3500,n/a,n/a,n/a
118,http://demo.zooniverse.org/whaling-logs-test-data/KWM_40_JPGs/logbookofcalifor00unse_0118.jpg,http://demo.zooniverse.org/whaling-logs-test-data/KWM_40_JPGs/logbookofcalifor00unse_0118.jpg,2048,3500,n/a,n/a,n/a
119,http://demo.zooniverse.org/whaling-logs-test-data/KWM_40_JPGs/logbookofcalifor00unse_0119.jpg,http://demo.zooniverse.org/whaling-logs-test-data/KWM_40_JPGs/logbookofcalifor00unse_0119.jpg,2048,3500,n/a,n/a,n/a
120,http://demo.zooniverse.org/whaling-logs-test-data/KWM_40_JPGs/logbookofcalifor00unse_0120.jpg,http://demo.zooniverse.org/whaling-logs-test-data/KWM_40_JPGs/logbookofcalifor00unse_0120.jpg,2048,3500,n/a,n/a,n/a
121,http://demo.zooniverse.org/whaling-logs-test-data/KWM_40_JPGs/logbookofcalifor00unse_0121.jpg,http://demo.zooniverse.org/whaling-logs-test-data/KWM_40_JPGs/logbookofcalifor00unse_0121.jpg,2048,3500,n/a,n/a,n/a
122,http://demo.zooniverse.org/whaling-logs-test-data/KWM_40_JPGs/logbookofcalifor00unse_0122.jpg,http://demo.zooniverse.org/whaling-logs-test-data/KWM_40_JPGs/logbookofcalifor00unse_0122.jpg,2048,3500,n/a,n/a,n/a
123,http://demo.zooniverse.org/whaling-logs-test-data/KWM_40_JPGs/logbookofcalifor00unse_0123.jpg,http://demo.zooniverse.org/whaling-logs-test-data/KWM_40_JPGs/logbookofcalifor00unse_0123.jpg,2048,3500,n/a,n/a,n/a
124,http://demo.zooniverse.org/whaling-logs-test-data/KWM_40_JPGs/logbookofcalifor00unse_0124.jpg,http://demo.zooniverse.org/whaling-logs-test-data/KWM_40_JPGs/logbookofcalifor00unse_0124.jpg,2048,3500,n/a,n/a,n/a
125,http://demo.zooniverse.org/whaling-logs-test-data/KWM_40_JPGs/logbookofcalifor00unse_0125.jpg,http://demo.zooniverse.org/whaling-logs-test-data/KWM_40_JPGs/logbookofcalifor00unse_0125.jpg,2048,3500,n/a,n/a,n/a
126,http://demo.zooniverse.org/whaling-logs-test-data/KWM_40_JPGs/logbookofcalifor00unse_0126.jpg,http://demo.zooniverse.org/whaling-logs-test-data/KWM_40_JPGs/logbookofcalifor00unse_0126.jpg,2048,3500,n/a,n/a,n/a
127,http://demo.zooniverse.org/whaling-logs-test-data/KWM_40_JPGs/logbookofcalifor00unse_0127.jpg,http://demo.zooniverse.org/whaling-logs-test-data/KWM_40_JPGs/logbookofcalifor00unse_0127.jpg,2048,3500,n/a,n/a,n/a
128,http://demo.zooniverse.org/whaling-logs-test-data/KWM_40_JPGs/logbookofcalifor00unse_0128.jpg,http://demo.zooniverse.org/whaling-logs-test-data/KWM_40_JPGs/logbookofcalifor00unse_0128.jpg,2048,3500,n/a,n/a,n/a
129,http://demo.zooniverse.org/whaling-logs-test-data/KWM_40_JPGs/logbookofcalifor00unse_0129.jpg,http://demo.zooniverse.org/whaling-logs-test-data/KWM_40_JPGs/logbookofcalifor00unse_0129.jpg,2048,3500,n/a,n/a,n/a
130,http://demo.zooniverse.org/whaling-logs-test-data/KWM_40_JPGs/logbookofcalifor00unse_0130.jpg,http://demo.zooniverse.org/whaling-logs-test-data/KWM_40_JPGs/logbookofcalifor00unse_0130.jpg,2048,3415,n/a,n/a,n/a
131,http://demo.zooniverse.org/whaling-logs-test-data/KWM_40_JPGs/logbookofcalifor00unse_0131.jpg,http://demo.zooniverse.org/whaling-logs-test-data/KWM_40_JPGs/logbookofcalifor00unse_0131.jpg,2048,3415,n/a,n/a,n/a
132,http://demo.zooniverse.org/whaling-logs-test-data/KWM_40_JPGs/logbookofcalifor00unse_0132.jpg,http://demo.zooniverse.org/whaling-logs-test-data/KWM_40_JPGs/logbookofcalifor00unse_0132.jpg,2048,3415,n/a,n/a,n/a
133,http://demo.zooniverse.org/whaling-logs-test-data/KWM_40_JPGs/logbookofcalifor00unse_0133.jpg,http://demo.zooniverse.org/whaling-logs-test-data/KWM_40_JPGs/logbookofcalifor00unse_0133.jpg,2048,3415,n/a,n/a,n/a
134,http://demo.zooniverse.org/whaling-logs-test-data/KWM_40_JPGs/logbookofcalifor00unse_0134.jpg,http://demo.zooniverse.org/whaling-logs-test-data/KWM_40_JPGs/logbookofcalifor00unse_0134.jpg,2048,3415,n/a,n/a,n/a
135,http://demo.zooniverse.org/whaling-logs-test-data/KWM_40_JPGs/logbookofcalifor00unse_0135.jpg,http://demo.zooniverse.org/whaling-logs-test-data/KWM_40_JPGs/logbookofcalifor00unse_0135.jpg,2048,3415,n/a,n/a,n/a
136,http://demo.zooniverse.org/whaling-logs-test-data/KWM_40_JPGs/logbookofcalifor00unse_0136.jpg,http://demo.zooniverse.org/whaling-logs-test-data/KWM_40_JPGs/logbookofcalifor00unse_0136.jpg,2048,3415,n/a,n/a,n/a
137,http://demo.zooniverse.org/whaling-logs-test-data/KWM_40_JPGs/logbookofcalifor00unse_0137.jpg,http://demo.zooniverse.org/whaling-logs-test-data/KWM_40_JPGs/logbookofcalifor00unse_0137.jpg,2048,3415,n/a,n/a,n/a
138,http://demo.zooniverse.org/whaling-logs-test-data/KWM_40_JPGs/logbookofcalifor00unse_0138.jpg,http://demo.zooniverse.org/whaling-logs-test-data/KWM_40_JPGs/logbookofcalifor00unse_0138.jpg,2048,3415,n/a,n/a,n/a
139,http://demo.zooniverse.org/whaling-logs-test-data/KWM_40_JPGs/logbookofcalifor00unse_0139.jpg,http://demo.zooniverse.org/whaling-logs-test-data/KWM_40_JPGs/logbookofcalifor00unse_0139.jpg,2048,3415,n/a,n/a,n/a
140,http://demo.zooniverse.org/whaling-logs-test-data/KWM_40_JPGs/logbookofcalifor00unse_0140.jpg,http://demo.zooniverse.org/whaling-logs-test-data/KWM_40_JPGs/logbookofcalifor00unse_0140.jpg,2048,3415,n/a,n/a,n/a
141,http://demo.zooniverse.org/whaling-logs-test-data/KWM_40_JPGs/logbookofcalifor00unse_0141.jpg,http://demo.zooniverse.org/whaling-logs-test-data/KWM_40_JPGs/logbookofcalifor00unse_0141.jpg,2048,3415,n/a,n/a,n/a
142,http://demo.zooniverse.org/whaling-logs-test-data/KWM_40_JPGs/logbookofcalifor00unse_0142.jpg,http://demo.zooniverse.org/whaling-logs-test-data/KWM_40_JPGs/logbookofcalifor00unse_0142.jpg,2048,3415,n/a,n/a,n/a
143,http://demo.zooniverse.org/whaling-logs-test-data/KWM_40_JPGs/logbookofcalifor00unse_0143.jpg,http://demo.zooniverse.org/whaling-logs-test-data/KWM_40_JPGs/logbookofcalifor00unse_0143.jpg,2048,3415,n/a,n/a,n/a
144,http://demo.zooniverse.org/whaling-logs-test-data/KWM_40_JPGs/logbookofcalifor00unse_0144.jpg,http://demo.zooniverse.org/whaling-logs-test-data/KWM_40_JPGs/logbookofcalifor00unse_0144.jpg,2048,3415,n/a,n/a,n/a
145,http://demo.zooniverse.org/whaling-logs-test-data/KWM_40_JPGs/logbookofcalifor00unse_0145.jpg,http://demo.zooniverse.org/whaling-logs-test-data/KWM_40_JPGs/logbookofcalifor00unse_0145.jpg,2048,3415,n/a,n/a,n/a
146,http://demo.zooniverse.org/whaling-logs-test-data/KWM_40_JPGs/logbookofcalifor00unse_0146.jpg,http://demo.zooniverse.org/whaling-logs-test-data/KWM_40_JPGs/logbookofcalifor00unse_0146.jpg,2048,3415,n/a,n/a,n/a
147,http://demo.zooniverse.org/whaling-logs-test-data/KWM_40_JPGs/logbookofcalifor00unse_0147.jpg,http://demo.zooniverse.org/whaling-logs-test-data/KWM_40_JPGs/logbookofcalifor00unse_0147.jpg,2048,3415,n/a,n/a,n/a
148,http://demo.zooniverse.org/whaling-logs-test-data/KWM_40_JPGs/logbookofcalifor00unse_0148.jpg,http://demo.zooniverse.org/whaling-logs-test-data/KWM_40_JPGs/logbookofcalifor00unse_0148.jpg,2048,3415,n/a,n/a,n/a
149,http://demo.zooniverse.org/whaling-logs-test-data/KWM_40_JPGs/logbookofcalifor00unse_0149.jpg,http://demo.zooniverse.org/whaling-logs-test-data/KWM_40_JPGs/logbookofcalifor00unse_0149.jpg,2048,3415,n/a,n/a,n/a
150,http://demo.zooniverse.org/whaling-logs-test-data/KWM_40_JPGs/logbookofcalifor00unse_0150.jpg,http://demo.zooniverse.org/whaling-logs-test-data/KWM_40_JPGs/logbookofcalifor00unse_0150.jpg,2048,3415,n/a,n/a,n/a
151,http://demo.zooniverse.org/whaling-logs-test-data/KWM_40_JPGs/logbookofcalifor00unse_0151.jpg,http://demo.zooniverse.org/whaling-logs-test-data/KWM_40_JPGs/logbookofcalifor00unse_0151.jpg,2048,3415,n/a,n/a,n/a
152,http://demo.zooniverse.org/whaling-logs-test-data/KWM_40_JPGs/logbookofcalifor00unse_0152.jpg,http://demo.zooniverse.org/whaling-logs-test-data/KWM_40_JPGs/logbookofcalifor00unse_0152.jpg,2048,3415,n/a,n/a,n/a
153,http://demo.zooniverse.org/whaling-logs-test-data/KWM_40_JPGs/logbookofcalifor00unse_0153.jpg,http://demo.zooniverse.org/whaling-logs-test-data/KWM_40_JPGs/logbookofcalifor00unse_0153.jpg,2048,3415,n/a,n/a,n/a
154,http://demo.zooniverse.org/whaling-logs-test-data/KWM_40_JPGs/logbookofcalifor00unse_0154.jpg,http://demo.zooniverse.org/whaling-logs-test-data/KWM_40_JPGs/logbookofcalifor00unse_0154.jpg,2048,3415,n/a,n/a,n/a
155,http://demo.zooniverse.org/whaling-logs-test-data/KWM_40_JPGs/logbookofcalifor00unse_0155.jpg,http://demo.zooniverse.org/whaling-logs-test-data/KWM_40_JPGs/logbookofcalifor00unse_0155.jpg,2048,3415,n/a,n/a,n/a
156,http://demo.zooniverse.org/whaling-logs-test-data/KWM_40_JPGs/logbookofcalifor00unse_0156.jpg,http://demo.zooniverse.org/whaling-logs-test-data/KWM_40_JPGs/logbookofcalifor00unse_0156.jpg,2048,3415,n/a,n/a,n/a
157,http://demo.zooniverse.org/whaling-logs-test-data/KWM_40_JPGs/logbookofcalifor00unse_0157.jpg,http://demo.zooniverse.org/whaling-logs-test-data/KWM_40_JPGs/logbookofcalifor00unse_0157.jpg,2048,3415,n/a,n/a,n/a
158,http://demo.zooniverse.org/whaling-logs-test-data/KWM_40_JPGs/logbookofcalifor00unse_0158.jpg,http://demo.zooniverse.org/whaling-logs-test-data/KWM_40_JPGs/logbookofcalifor00unse_0158.jpg,2048,3415,n/a,n/a,n/a
159,http://demo.zooniverse.org/whaling-logs-test-data/KWM_40_JPGs/logbookofcalifor00unse_0159.jpg,http://demo.zooniverse.org/whaling-logs-test-data/KWM_40_JPGs/logbookofcalifor00unse_0159.jpg,2048,3415,n/a,n/a,n/a
160,http://demo.zooniverse.org/whaling-logs-test-data/KWM_40_JPGs/logbookofcalifor00unse_0160.jpg,http://demo.zooniverse.org/whaling-logs-test-data/KWM_40_JPGs/logbookofcalifor00unse_0160.jpg,2048,3415,n/a,n/a,n/a
161,http://demo.zooniverse.org/whaling-logs-test-data/KWM_40_JPGs/logbookofcalifor00unse_0161.jpg,http://demo.zooniverse.org/whaling-logs-test-data/KWM_40_JPGs/logbookofcalifor00unse_0161.jpg,2048,3415,n/a,n/a,n/a
162,http://demo.zooniverse.org/whaling-logs-test-data/KWM_40_JPGs/logbookofcalifor00unse_0162.jpg,http://demo.zooniverse.org/whaling-logs-test-data/KWM_40_JPGs/logbookofcalifor00unse_0162.jpg,2048,3415,n/a,n/a,n/a
163,http://demo.zooniverse.org/whaling-logs-test-data/KWM_40_JPGs/logbookofcalifor00unse_0163.jpg,http://demo.zooniverse.org/whaling-logs-test-data/KWM_40_JPGs/logbookofcalifor00unse_0163.jpg,2048,3415,n/a,n/a,n/a
164,http://demo.zooniverse.org/whaling-logs-test-data/KWM_40_JPGs/logbookofcalifor00unse_0164.jpg,http://demo.zooniverse.org/whaling-logs-test-data/KWM_40_JPGs/logbookofcalifor00unse_0164.jpg,2048,3415,n/a,n/a,n/a
165,http://demo.zooniverse.org/whaling-logs-test-data/KWM_40_JPGs/logbookofcalifor00unse_0165.jpg,http://demo.zooniverse.org/whaling-logs-test-data/KWM_40_JPGs/logbookofcalifor00unse_0165.jpg,2048,3415,n/a,n/a,n/a
166,http://demo.zooniverse.org/whaling-logs-test-data/KWM_40_JPGs/logbookofcalifor00unse_0166.jpg,http://demo.zooniverse.org/whaling-logs-test-data/KWM_40_JPGs/logbookofcalifor00unse_0166.jpg,2048,3415,n/a,n/a,n/a
167,http://demo.zooniverse.org/whaling-logs-test-data/KWM_40_JPGs/logbookofcalifor00unse_0167.jpg,http://demo.zooniverse.org/whaling-logs-test-data/KWM_40_JPGs/logbookofcalifor00unse_0167.jpg,2048,3415,n/a,n/a,n/a
168,http://demo.zooniverse.org/whaling-logs-test-data/KWM_40_JPGs/logbookofcalifor00unse_0168.jpg,http://demo.zooniverse.org/whaling-logs-test-data/KWM_40_JPGs/logbookofcalifor00unse_0168.jpg,2048,3415,n/a,n/a,n/a
169,http://demo.zooniverse.org/whaling-logs-test-data/KWM_40_JPGs/logbookofcalifor00unse_0169.jpg,http://demo.zooniverse.org/whaling-logs-test-data/KWM_40_JPGs/logbookofcalifor00unse_0169.jpg,2048,3415,n/a,n/a,n/a
170,http://demo.zooniverse.org/whaling-logs-test-data/KWM_40_JPGs/logbookofcalifor00unse_0170.jpg,http://demo.zooniverse.org/whaling-logs-test-data/KWM_40_JPGs/logbookofcalifor00unse_0170.jpg,2048,3415,n/a,n/a,n/a
171,http://demo.zooniverse.org/whaling-logs-test-data/KWM_40_JPGs/logbookofcalifor00unse_0171.jpg,http://demo.zooniverse.org/whaling-logs-test-data/KWM_40_JPGs/logbookofcalifor00unse_0171.jpg,2048,3415,n/a,n/a,n/a
172,http://demo.zooniverse.org/whaling-logs-test-data/KWM_40_JPGs/logbookofcalifor00unse_0172.jpg,http://demo.zooniverse.org/whaling-logs-test-data/KWM_40_JPGs/logbookofcalifor00unse_0172.jpg,2048,3415,n/a,n/a,n/a
173,http://demo.zooniverse.org/whaling-logs-test-data/KWM_40_JPGs/logbookofcalifor00unse_0173.jpg,http://demo.zooniverse.org/whaling-logs-test-data/KWM_40_JPGs/logbookofcalifor00unse_0173.jpg,2048,3415,n/a,n/a,n/a
174,http://demo.zooniverse.org/whaling-logs-test-data/KWM_40_JPGs/logbookofcalifor00unse_0174.jpg,http://demo.zooniverse.org/whaling-logs-test-data/KWM_40_JPGs/logbookofcalifor00unse_0174.jpg,2048,3415,n/a,n/a,n/a
175,http://demo.zooniverse.org/whaling-logs-test-data/KWM_40_JPGs/logbookofcalifor00unse_0175.jpg,http://demo.zooniverse.org/whaling-logs-test-data/KWM_40_JPGs/logbookofcalifor00unse_0175.jpg,2048,3415,n/a,n/a,n/a
176,http://demo.zooniverse.org/whaling-logs-test-data/KWM_40_JPGs/logbookofcalifor00unse_0176.jpg,http://demo.zooniverse.org/whaling-logs-test-data/KWM_40_JPGs/logbookofcalifor00unse_0176.jpg,2048,3415,n/a,n/a,n/a
177,http://demo.zooniverse.org/whaling-logs-test-data/KWM_40_JPGs/logbookofcalifor00unse_0177.jpg,http://demo.zooniverse.org/whaling-logs-test-data/KWM_40_JPGs/logbookofcalifor00unse_0177.jpg,2048,3415,n/a,n/a,n/a
178,http://demo.zooniverse.org/whaling-logs-test-data/KWM_40_JPGs/logbookofcalifor00unse_0178.jpg,http://demo.zooniverse.org/whaling-logs-test-data/KWM_40_JPGs/logbookofcalifor00unse_0178.jpg,2048,3415,n/a,n/a,n/a
179,http://demo.zooniverse.org/whaling-logs-test-data/KWM_40_JPGs/logbookofcalifor00unse_0179.jpg,http://demo.zooniverse.org/whaling-logs-test-data/KWM_40_JPGs/logbookofcalifor00unse_0179.jpg,2048,3415,n/a,n/a,n/a
180,http://demo.zooniverse.org/whaling-logs-test-data/KWM_40_JPGs/logbookofcalifor00unse_0180.jpg,http://demo.zooniverse.org/whaling-logs-test-data/KWM_40_JPGs/logbookofcalifor00unse_0180.jpg,2048,3415,n/a,n/a,n/a
181,http://demo.zooniverse.org/whaling-logs-test-data/KWM_40_JPGs/logbookofcalifor00unse_0181.jpg,http://demo.zooniverse.org/whaling-logs-test-data/KWM_40_JPGs/logbookofcalifor00unse_0181.jpg,2048,3415,n/a,n/a,n/a
182,http://demo.zooniverse.org/whaling-logs-test-data/KWM_40_JPGs/logbookofcalifor00unse_0182.jpg,http://demo.zooniverse.org/whaling-logs-test-data/KWM_40_JPGs/logbookofcalifor00unse_0182.jpg,2048,3415,n/a,n/a,n/a
183,http://demo.zooniverse.org/whaling-logs-test-data/KWM_40_JPGs/logbookofcalifor00unse_0183.jpg,http://demo.zooniverse.org/whaling-logs-test-data/KWM_40_JPGs/logbookofcalifor00unse_0183.jpg,2048,3415,n/a,n/a,n/a
184,http://demo.zooniverse.org/whaling-logs-test-data/KWM_40_JPGs/logbookofcalifor00unse_0184.jpg,http://demo.zooniverse.org/whaling-logs-test-data/KWM_40_JPGs/logbookofcalifor00unse_0184.jpg,2048,3415,n/a,n/a,n/a
185,http://demo.zooniverse.org/whaling-logs-test-data/KWM_40_JPGs/logbookofcalifor00unse_0185.jpg,http://demo.zooniverse.org/whaling-logs-test-data/KWM_40_JPGs/logbookofcalifor00unse_0185.jpg,2048,3415,n/a,n/a,n/a
186,http://demo.zooniverse.org/whaling-logs-test-data/KWM_40_JPGs/logbookofcalifor00unse_0186.jpg,http://demo.zooniverse.org/whaling-logs-test-data/KWM_40_JPGs/logbookofcalifor00unse_0186.jpg,2048,3415,n/a,n/a,n/a
187,http://demo.zooniverse.org/whaling-logs-test-data/KWM_40_JPGs/logbookofcalifor00unse_0187.jpg,http://demo.zooniverse.org/whaling-logs-test-data/KWM_40_JPGs/logbookofcalifor00unse_0187.jpg,2048,3415,n/a,n/a,n/a
188,http://demo.zooniverse.org/whaling-logs-test-data/KWM_40_JPGs/logbookofcalifor00unse_0188.jpg,http://demo.zooniverse.org/whaling-logs-test-data/KWM_40_JPGs/logbookofcalifor00unse_0188.jpg,2048,3415,n/a,n/a,n/a
189,http://demo.zooniverse.org/whaling-logs-test-data/KWM_40_JPGs/logbookofcalifor00unse_0189.jpg,http://demo.zooniverse.org/whaling-logs-test-data/KWM_40_JPGs/logbookofcalifor00unse_0189.jpg,2048,3415,n/a,n/a,n/a
190,http://demo.zooniverse.org/whaling-logs-test-data/KWM_40_JPGs/logbookofcalifor00unse_0190.jpg,http://demo.zooniverse.org/whaling-logs-test-data/KWM_40_JPGs/logbookofcalifor00unse_0190.jpg,2048,3415,n/a,n/a,n/a
191,http://demo.zooniverse.org/whaling-logs-test-data/KWM_40_JPGs/logbookofcalifor00unse_0191.jpg,http://demo.zooniverse.org/whaling-logs-test-data/KWM_40_JPGs/logbookofcalifor00unse_0191.jpg,2048,3415,n/a,n/a,n/a
192,http://demo.zooniverse.org/whaling-logs-test-data/KWM_40_JPGs/logbookofcalifor00unse_0192.jpg,http://demo.zooniverse.org/whaling-logs-test-data/KWM_40_JPGs/logbookofcalifor00unse_0192.jpg,2048,3415,n/a,n/a,n/a
193,http://demo.zooniverse.org/whaling-logs-test-data/KWM_40_JPGs/logbookofcalifor00unse_0193.jpg,http://demo.zooniverse.org/whaling-logs-test-data/KWM_40_JPGs/logbookofcalifor00unse_0193.jpg,2048,3415,n/a,n/a,n/a
194,http://demo.zooniverse.org/whaling-logs-test-data/KWM_40_JPGs/logbookofcalifor00unse_0194.jpg,http://demo.zooniverse.org/whaling-logs-test-data/KWM_40_JPGs/logbookofcalifor00unse_0194.jpg,2048,3415,n/a,n/a,n/a
195,http://demo.zooniverse.org/whaling-logs-test-data/KWM_40_JPGs/logbookofcalifor00unse_0195.jpg,http://demo.zooniverse.org/whaling-logs-test-data/KWM_40_JPGs/logbookofcalifor00unse_0195.jpg,2048,3415,n/a,n/a,n/a
196,http://demo.zooniverse.org/whaling-logs-test-data/KWM_40_JPGs/logbookofcalifor00unse_0196.jpg,http://demo.zooniverse.org/whaling-logs-test-data/KWM_40_JPGs/logbookofcalifor00unse_0196.jpg,2048,3415,n/a,n/a,n/a
197,http://demo.zooniverse.org/whaling-logs-test-data/KWM_40_JPGs/logbookofcalifor00unse_0197.jpg,http://demo.zooniverse.org/whaling-logs-test-data/KWM_40_JPGs/logbookofcalifor00unse_0197.jpg,2048,3415,n/a,n/a,n/a
198,http://demo.zooniverse.org/whaling-logs-test-data/KWM_40_JPGs/logbookofcalifor00unse_0198.jpg,http://demo.zooniverse.org/whaling-logs-test-data/KWM_40_JPGs/logbookofcalifor00unse_0198.jpg,2048,3415,n/a,n/a,n/a
199,http://demo.zooniverse.org/whaling-logs-test-data/KWM_40_JPGs/logbookofcalifor00unse_0199.jpg,http://demo.zooniverse.org/whaling-logs-test-data/KWM_40_JPGs/logbookofcalifor00unse_0199.jpg,2048,3415,n/a,n/a,n/a
200,http://demo.zooniverse.org/whaling-logs-test-data/KWM_40_JPGs/logbookofcalifor00unse_0200.jpg,http://demo.zooniverse.org/whaling-logs-test-data/KWM_40_JPGs/logbookofcalifor00unse_0200.jpg,2048,3415,n/a,n/a,n/a
201,http://demo.zooniverse.org/whaling-logs-test-data/KWM_40_JPGs/logbookofcalifor00unse_0201.jpg,http://demo.zooniverse.org/whaling-logs-test-data/KWM_40_JPGs/logbookofcalifor00unse_0201.jpg,2048,3415,n/a,n/a,n/a
202,http://demo.zooniverse.org/whaling-logs-test-data/KWM_40_JPGs/logbookofcalifor00unse_0202.jpg,http://demo.zooniverse.org/whaling-logs-test-data/KWM_40_JPGs/logbookofcalifor00unse_0202.jpg,2048,3415,n/a,n/a,n/a
203,http://demo.zooniverse.org/whaling-logs-test-data/KWM_40_JPGs/logbookofcalifor00unse_0203.jpg,http://demo.zooniverse.org/whaling-logs-test-data/KWM_40_JPGs/logbookofcalifor00unse_0203.jpg,2048,3415,n/a,n/a,n/a
204,http://demo.zooniverse.org/whaling-logs-test-data/KWM_40_JPGs/logbookofcalifor00unse_0204.jpg,http://demo.zooniverse.org/whaling-logs-test-data/KWM_40_JPGs/logbookofcalifor00unse_0204.jpg,2048,3415,n/a,n/a,n/a
205,http://demo.zooniverse.org/whaling-logs-test-data/KWM_40_JPGs/logbookofcalifor00unse_0205.jpg,http://demo.zooniverse.org/whaling-logs-test-data/KWM_40_JPGs/logbookofcalifor00unse_0205.jpg,2048,3415,n/a,n/a,n/a
206,http://demo.zooniverse.org/whaling-logs-test-data/KWM_40_JPGs/logbookofcalifor00unse_0206.jpg,http://demo.zooniverse.org/whaling-logs-test-data/KWM_40_JPGs/logbookofcalifor00unse_0206.jpg,2048,3415,n/a,n/a,n/a
207,http://demo.zooniverse.org/whaling-logs-test-data/KWM_40_JPGs/logbookofcalifor00unse_0207.jpg,http://demo.zooniverse.org/whaling-logs-test-data/KWM_40_JPGs/logbookofcalifor00unse_0207.jpg,2048,3415,n/a,n/a,n/a
208,http://demo.zooniverse.org/whaling-logs-test-data/KWM_40_JPGs/logbookofcalifor00unse_0208.jpg,http://demo.zooniverse.org/whaling-logs-test-data/KWM_40_JPGs/logbookofcalifor00unse_0208.jpg,2048,3415,n/a,n/a,n/a
209,http://demo.zooniverse.org/whaling-logs-test-data/KWM_40_JPGs/logbookofcalifor00unse_0209.jpg,http://demo.zooniverse.org/whaling-logs-test-data/KWM_40_JPGs/logbookofcalifor00unse_0209.jpg,2048,3415,n/a,n/a,n/a
210,http://demo.zooniverse.org/whaling-logs-test-data/KWM_40_JPGs/logbookofcalifor00unse_0210.jpg,http://demo.zooniverse.org/whaling-logs-test-data/KWM_40_JPGs/logbookofcalifor00unse_0210.jpg,2048,3415,n/a,n/a,n/a
211,http://demo.zooniverse.org/whaling-logs-test-data/KWM_40_JPGs/logbookofcalifor00unse_0211.jpg,http://demo.zooniverse.org/whaling-logs-test-data/KWM_40_JPGs/logbookofcalifor00unse_0211.jpg,2048,3415,n/a,n/a,n/a
212,http://demo.zooniverse.org/whaling-logs-test-data/KWM_40_JPGs/logbookofcalifor00unse_0212.jpg,http://demo.zooniverse.org/whaling-logs-test-data/KWM_40_JPGs/logbookofcalifor00unse_0212.jpg,2048,3415,n/a,n/a,n/a
213,http://demo.zooniverse.org/whaling-logs-test-data/KWM_40_JPGs/logbookofcalifor00unse_0213.jpg,http://demo.zooniverse.org/whaling-logs-test-data/KWM_40_JPGs/logbookofcalifor00unse_0213.jpg,2048,3415,n/a,n/a,n/a
214,http://demo.zooniverse.org/whaling-logs-test-data/KWM_40_JPGs/logbookofcalifor00unse_0214.jpg,http://demo.zooniverse.org/whaling-logs-test-data/KWM_40_JPGs/logbookofcalifor00unse_0214.jpg,2048,3415,n/a,n/a,n/a
215,http://demo.zooniverse.org/whaling-logs-test-data/KWM_40_JPGs/logbookofcalifor00unse_0215.jpg,http://demo.zooniverse.org/whaling-logs-test-data/KWM_40_JPGs/logbookofcalifor00unse_0215.jpg,2048,3415,n/a,n/a,n/a
216,http://demo.zooniverse.org/whaling-logs-test-data/KWM_40_JPGs/logbookofcalifor00unse_0216.jpg,http://demo.zooniverse.org/whaling-logs-test-data/KWM_40_JPGs/logbookofcalifor00unse_0216.jpg,2048,3415,n/a,n/a,n/a
217,http://demo.zooniverse.org/whaling-logs-test-data/KWM_40_JPGs/logbookofcalifor00unse_0217.jpg,http://demo.zooniverse.org/whaling-logs-test-data/KWM_40_JPGs/logbookofcalifor00unse_0217.jpg,2048,3415,n/a,n/a,n/a
218,http://demo.zooniverse.org/whaling-logs-test-data/KWM_40_JPGs/logbookofcalifor00unse_0218.jpg,http://demo.zooniverse.org/whaling-logs-test-data/KWM_40_JPGs/logbookofcalifor00unse_0218.jpg,2048,3415,n/a,n/a,n/a
219,http://demo.zooniverse.org/whaling-logs-test-data/KWM_40_JPGs/logbookofcalifor00unse_0219.jpg,http://demo.zooniverse.org/whaling-logs-test-data/KWM_40_JPGs/logbookofcalifor00unse_0219.jpg,2048,3415,n/a,n/a,n/a
220,http://demo.zooniverse.org/whaling-logs-test-data/KWM_40_JPGs/logbookofcalifor00unse_0220.jpg,http://demo.zooniverse.org/whaling-logs-test-data/KWM_40_JPGs/logbookofcalifor00unse_0220.jpg,2048,3415,n/a,n/a,n/a
221,http://demo.zooniverse.org/whaling-logs-test-data/KWM_40_JPGs/logbookofcalifor00unse_0221.jpg,http://demo.zooniverse.org/whaling-logs-test-data/KWM_40_JPGs/logbookofcalifor00unse_0221.jpg,2048,3415,n/a,n/a,n/a
222,http://demo.zooniverse.org/whaling-logs-test-data/KWM_40_JPGs/logbookofcalifor00unse_0222.jpg,http://demo.zooniverse.org/whaling-logs-test-data/KWM_40_JPGs/logbookofcalifor00unse_0222.jpg,2048,3415,n/a,n/a,n/a
223,http://demo.zooniverse.org/whaling-logs-test-data/KWM_40_JPGs/logbookofcalifor00unse_0223.jpg,http://demo.zooniverse.org/whaling-logs-test-data/KWM_40_JPGs/logbookofcalifor00unse_0223.jpg,2048,3415,n/a,n/a,n/a
224,http://demo.zooniverse.org/whaling-logs-test-data/KWM_40_JPGs/logbookofcalifor00unse_0224.jpg,http://demo.zooniverse.org/whaling-logs-test-data/KWM_40_JPGs/logbookofcalifor00unse_0224.jpg,2048,3415,n/a,n/a,n/a
225,http://demo.zooniverse.org/whaling-logs-test-data/KWM_40_JPGs/logbookofcalifor00unse_0225.jpg,http://demo.zooniverse.org/whaling-logs-test-data/KWM_40_JPGs/logbookofcalifor00unse_0225.jpg,2048,3415,n/a,n/a,n/a
226,http://demo.zooniverse.org/whaling-logs-test-data/KWM_40_JPGs/logbookofcalifor00unse_0226.jpg,http://demo.zooniverse.org/whaling-logs-test-data/KWM_40_JPGs/logbookofcalifor00unse_0226.jpg,2048,3415,n/a,n/a,n/a
227,http://demo.zooniverse.org/whaling-logs-test-data/KWM_40_JPGs/logbookofcalifor00unse_0227.jpg,http://demo.zooniverse.org/whaling-logs-test-data/KWM_40_JPGs/logbookofcalifor00unse_0227.jpg,2048,3415,n/a,n/a,n/a
228,http://demo.zooniverse.org/whaling-logs-test-data/KWM_40_JPGs/logbookofcalifor00unse_0228.jpg,http://demo.zooniverse.org/whaling-logs-test-data/KWM_40_JPGs/logbookofcalifor00unse_0228.jpg,2048,3415,n/a,n/a,n/a
229,http://demo.zooniverse.org/whaling-logs-test-data/KWM_40_JPGs/logbookofcalifor00unse_0229.jpg,http://demo.zooniverse.org/whaling-logs-test-data/KWM_40_JPGs/logbookofcalifor00unse_0229.jpg,2048,3415,n/a,n/a,n/a
230,http://demo.zooniverse.org/whaling-logs-test-data/KWM_40_JPGs/logbookofcalifor00unse_0230.jpg,http://demo.zooniverse.org/whaling-logs-test-data/KWM_40_JPGs/logbookofcalifor00unse_0230.jpg,2048,3415,n/a,n/a,n/a
231,http://demo.zooniverse.org/whaling-logs-test-data/KWM_40_JPGs/logbookofcalifor00unse_0231.jpg,http://demo.zooniverse.org/whaling-logs-test-data/KWM_40_JPGs/logbookofcalifor00unse_0231.jpg,2048,3415,n/a,n/a,n/a
232,http://demo.zooniverse.org/whaling-logs-test-data/KWM_40_JPGs/logbookofcalifor00unse_0232.jpg,http://demo.zooniverse.org/whaling-logs-test-data/KWM_40_JPGs/logbookofcalifor00unse_0232.jpg,2048,3415,n/a,n/a,n/a
233,http://demo.zooniverse.org/whaling-logs-test-data/KWM_40_JPGs/logbookofcalifor00unse_0233.jpg,http://demo.zooniverse.org/whaling-logs-test-data/KWM_40_JPGs/logbookofcalifor00unse_0233.jpg,2048,3415,n/a,n/a,n/a
234,http://demo.zooniverse.org/whaling-logs-test-data/KWM_40_JPGs/logbookofcalifor00unse_0234.jpg,http://demo.zooniverse.org/whaling-logs-test-data/KWM_40_JPGs/logbookofcalifor00unse_0234.jpg,2048,3415,n/a,n/a,n/a
235,http://demo.zooniverse.org/whaling-logs-test-data/KWM_40_JPGs/logbookofcalifor00unse_0235.jpg,http://demo.zooniverse.org/whaling-logs-test-data/KWM_40_JPGs/logbookofcalifor00unse_0235.jpg,2048,3415,n/a,n/a,n/a
236,http://demo.zooniverse.org/whaling-logs-test-data/KWM_40_JPGs/logbookofcalifor00unse_0236.jpg,http://demo.zooniverse.org/whaling-logs-test-data/KWM_40_JPGs/logbookofcalifor00unse_0236.jpg,2048,3415,n/a,n/a,n/a
237,http://demo.zooniverse.org/whaling-logs-test-data/KWM_40_JPGs/logbookofcalifor00unse_0237.jpg,http://demo.zooniverse.org/whaling-logs-test-data/KWM_40_JPGs/logbookofcalifor00unse_0237.jpg,2048,3415,n/a,n/a,n/a
238,http://demo.zooniverse.org/whaling-logs-test-data/KWM_40_JPGs/logbookofcalifor00unse_0238.jpg,http://demo.zooniverse.org/whaling-logs-test-data/KWM_40_JPGs/logbookofcalifor00unse_0238.jpg,2048,3415,n/a,n/a,n/a
239,http://demo.zooniverse.org/whaling-logs-test-data/KWM_40_JPGs/logbookofcalifor00unse_0239.jpg,http://demo.zooniverse.org/whaling-logs-test-data/KWM_40_JPGs/logbookofcalifor00unse_0239.jpg,2048,3415,n/a,n/a,n/a
240,http://demo.zooniverse.org/whaling-logs-test-data/KWM_40_JPGs/logbookofcalifor00unse_0240.jpg,http://demo.zooniverse.org/whaling-logs-test-data/KWM_40_JPGs/logbookofcalifor00unse_0240.jpg,2048,3415,n/a,n/a,n/a
241,http://demo.zooniverse.org/whaling-logs-test-data/KWM_40_JPGs/logbookofcalifor00unse_0241.jpg,http://demo.zooniverse.org/whaling-logs-test-data/KWM_40_JPGs/logbookofcalifor00unse_0241.jpg,2048,3415,n/a,n/a,n/a
242,http://demo.zooniverse.org/whaling-logs-test-data/KWM_40_JPGs/logbookofcalifor00unse_0242.jpg,http://demo.zooniverse.org/whaling-logs-test-data/KWM_40_JPGs/logbookofcalifor00unse_0242.jpg,2048,3415,n/a,n/a,n/a
243,http://demo.zooniverse.org/whaling-logs-test-data/KWM_40_JPGs/logbookofcalifor00unse_0243.jpg,http://demo.zooniverse.org/whaling-logs-test-data/KWM_40_JPGs/logbookofcalifor00unse_0243.jpg,2048,3415,n/a,n/a,n/a
244,http://demo.zooniverse.org/whaling-logs-test-data/KWM_40_JPGs/logbookofcalifor00unse_0244.jpg,http://demo.zooniverse.org/whaling-logs-test-data/KWM_40_JPGs/logbookofcalifor00unse_0244.jpg,2048,3072,n/a,n/a,n/a
245,http://demo.zooniverse.org/whaling-logs-test-data/KWM_40_JPGs/logbookofcalifor00unse_0245.jpg,http://demo.zooniverse.org/whaling-logs-test-data/KWM_40_JPGs/logbookofcalifor00unse_0245.jpg,2048,3072,n/a,n/a,n/a
246,http://demo.zooniverse.org/whaling-logs-test-data/KWM_40_JPGs/logbookofcalifor00unse_0246.jpg,http://demo.zooniverse.org/whaling-logs-test-data/KWM_40_JPGs/logbookofcalifor00unse_0246.jpg,2048,3415,n/a,n/a,n/a
247,http://demo.zooniverse.org/whaling-logs-test-data/KWM_40_JPGs/logbookofcalifor00unse_0247.jpg,http://demo.zooniverse.org/whaling-logs-test-data/KWM_40_JPGs/logbookofcalifor00unse_0247.jpg,2048,3415,n/a,n/a,n/a
248,http://demo.zooniverse.org/whaling-logs-test-data/KWM_40_JPGs/logbookofcalifor00unse_0248.jpg,http://demo.zooniverse.org/whaling-logs-test-data/KWM_40_JPGs/logbookofcalifor00unse_0248.jpg,2048,3415,n/a,n/a,n/a
249,http://demo.zooniverse.org/whaling-logs-test-data/KWM_40_JPGs/logbookofcalifor00unse_0249.jpg,http://demo.zooniverse.org/whaling-logs-test-data/KWM_40_JPGs/logbookofcalifor00unse_0249.jpg,2048,3415,n/a,n/a,n/a
250,http://demo.zooniverse.org/whaling-logs-test-data/KWM_40_JPGs/logbookofcalifor00unse_0250.jpg,http://demo.zooniverse.org/whaling-logs-test-data/KWM_40_JPGs/logbookofcalifor00unse_0250.jpg,2048,3415,n/a,n/a,n/a
251,http://demo.zooniverse.org/whaling-logs-test-data/KWM_40_JPGs/logbookofcalifor00unse_0251.jpg,http://demo.zooniverse.org/whaling-logs-test-data/KWM_40_JPGs/logbookofcalifor00unse_0251.jpg,2048,3415,n/a,n/a,n/a
252,http://demo.zooniverse.org/whaling-logs-test-data/KWM_40_JPGs/logbookofcalifor00unse_0252.jpg,http://demo.zooniverse.org/whaling-logs-test-data/KWM_40_JPGs/logbookofcalifor00unse_0252.jpg,2048,3415,n/a,n/a,n/a
253,http://demo.zooniverse.org/whaling-logs-test-data/KWM_40_JPGs/logbookofcalifor00unse_0253.jpg,http://demo.zooniverse.org/whaling-logs-test-data/KWM_40_JPGs/logbookofcalifor00unse_0253.jpg,2048,3415,n/a,n/a,n/a
254,http://demo.zooniverse.org/whaling-logs-test-data/KWM_40_JPGs/logbookofcalifor00unse_0254.jpg,http://demo.zooniverse.org/whaling-logs-test-data/KWM_40_JPGs/logbookofcalifor00unse_0254.jpg,2048,3415,n/a,n/a,n/a
255,http://demo.zooniverse.org/whaling-logs-test-data/KWM_40_JPGs/logbookofcalifor00unse_0255.jpg,http://demo.zooniverse.org/whaling-logs-test-data/KWM_40_JPGs/logbookofcalifor00unse_0255.jpg,2048,3415,n/a,n/a,n/a
256,http://demo.zooniverse.org/whaling-logs-test-data/KWM_40_JPGs/logbookofcalifor00unse_0256.jpg,http://demo.zooniverse.org/whaling-logs-test-data/KWM_40_JPGs/logbookofcalifor00unse_0256.jpg,2048,3415,n/a,n/a,n/a
257,http://demo.zooniverse.org/whaling-logs-test-data/KWM_40_JPGs/logbookofcalifor00unse_0257.jpg,http://demo.zooniverse.org/whaling-logs-test-data/KWM_40_JPGs/logbookofcalifor00unse_0257.jpg,2048,3415,n/a,n/a,n/a
258,http://demo.zooniverse.org/whaling-logs-test-data/KWM_40_JPGs/logbookofcalifor00unse_0258.jpg,http://demo.zooniverse.org/whaling-logs-test-data/KWM_40_JPGs/logbookofcalifor00unse_0258.jpg,2048,3415,n/a,n/a,n/a
259,http://demo.zooniverse.org/whaling-logs-test-data/KWM_40_JPGs/logbookofcalifor00unse_0259.jpg,http://demo.zooniverse.org/whaling-logs-test-data/KWM_40_JPGs/logbookofcalifor00unse_0259.jpg,2048,3415,n/a,n/a,n/a
260,http://demo.zooniverse.org/whaling-logs-test-data/KWM_40_JPGs/logbookofcalifor00unse_0260.jpg,http://demo.zooniverse.org/whaling-logs-test-data/KWM_40_JPGs/logbookofcalifor00unse_0260.jpg,2048,3415,n/a,n/a,n/a
261,http://demo.zooniverse.org/whaling-logs-test-data/KWM_40_JPGs/logbookofcalifor00unse_0261.jpg,http://demo.zooniverse.org/whaling-logs-test-data/KWM_40_JPGs/logbookofcalifor00unse_0261.jpg,2048,3415,n/a,n/a,n/a
262,http://demo.zooniverse.org/whaling-logs-test-data/KWM_40_JPGs/logbookofcalifor00unse_0262.jpg,http://demo.zooniverse.org/whaling-logs-test-data/KWM_40_JPGs/logbookofcalifor00unse_0262.jpg,2048,3415,n/a,n/a,n/a
263,http://demo.zooniverse.org/whaling-logs-test-data/KWM_40_JPGs/logbookofcalifor00unse_0263.jpg,http://demo.zooniverse.org/whaling-logs-test-data/KWM_40_JPGs/logbookofcalifor00unse_0263.jpg,2048,3415,n/a,n/a,n/a
264,http://demo.zooniverse.org/whaling-logs-test-data/KWM_40_JPGs/logbookofcalifor00unse_0264.jpg,http://demo.zooniverse.org/whaling-logs-test-data/KWM_40_JPGs/logbookofcalifor00unse_0264.jpg,2048,3381,n/a,n/a,n/a
