order,file_path,thumbnail,width,height,capture_location,date,set_key,zooniverse_id
1,http://demo.zooniverse.org/whaling-logs-test-data/beta-logbooks/seneca/logbookofsenecab00unse_0069.jpg,http://demo.zooniverse.org/whaling-logs-test-data/beta-logbooks/seneca/logbookofsenecab00unse_0069_thumb.jpg,1600,2636,n/a,n/a,n/a,916723
2,http://demo.zooniverse.org/whaling-logs-test-data/beta-logbooks/seneca/logbookofsenecab00unse_0070.jpg,http://demo.zooniverse.org/whaling-logs-test-data/beta-logbooks/seneca/logbookofsenecab00unse_0070_thumb.jpg,1600,2575,n/a,n/a,n/a,916771
3,http://demo.zooniverse.org/whaling-logs-test-data/beta-logbooks/seneca/logbookofsenecab00unse_0071.jpg,http://demo.zooniverse.org/whaling-logs-test-data/beta-logbooks/seneca/logbookofsenecab00unse_0071_thumb.jpg,1600,2636,n/a,n/a,n/a,916731
4,http://demo.zooniverse.org/whaling-logs-test-data/beta-logbooks/seneca/logbookofsenecab00unse_0072.jpg,http://demo.zooniverse.org/whaling-logs-test-data/beta-logbooks/seneca/logbookofsenecab00unse_0072_thumb.jpg,1600,2575,n/a,n/a,n/a,916722
5,http://demo.zooniverse.org/whaling-logs-test-data/beta-logbooks/seneca/logbookofsenecab00unse_0073.jpg,http://demo.zooniverse.org/whaling-logs-test-data/beta-logbooks/seneca/logbookofsenecab00unse_0073_thumb.jpg,1600,2636,n/a,n/a,n/a,916767
6,http://demo.zooniverse.org/whaling-logs-test-data/beta-logbooks/seneca/logbookofsenecab00unse_0074.jpg,http://demo.zooniverse.org/whaling-logs-test-data/beta-logbooks/seneca/logbookofsenecab00unse_0074_thumb.jpg,1600,2575,n/a,n/a,n/a,916732
7,http://demo.zooniverse.org/whaling-logs-test-data/beta-logbooks/seneca/logbookofsenecab00unse_0075.jpg,http://demo.zooniverse.org/whaling-logs-test-data/beta-logbooks/seneca/logbookofsenecab00unse_0075_thumb.jpg,1600,2636,n/a,n/a,n/a,916729
8,http://demo.zooniverse.org/whaling-logs-test-data/beta-logbooks/seneca/logbookofsenecab00unse_0076.jpg,http://demo.zooniverse.org/whaling-logs-test-data/beta-logbooks/seneca/logbookofsenecab00unse_0076_thumb.jpg,1600,2575,n/a,n/a,n/a,916716
9,http://demo.zooniverse.org/whaling-logs-test-data/beta-logbooks/seneca/logbookofsenecab00unse_0077.jpg,http://demo.zooniverse.org/whaling-logs-test-data/beta-logbooks/seneca/logbookofsenecab00unse_0077_thumb.jpg,1600,2636,n/a,n/a,n/a,916753
10,http://demo.zooniverse.org/whaling-logs-test-data/beta-logbooks/seneca/logbookofsenecab00unse_0078.jpg,http://demo.zooniverse.org/whaling-logs-test-data/beta-logbooks/seneca/logbookofsenecab00unse_0078_thumb.jpg,1600,2575,n/a,n/a,n/a,916739
11,http://demo.zooniverse.org/whaling-logs-test-data/beta-logbooks/seneca/logbookofsenecab00unse_0079.jpg,http://demo.zooniverse.org/whaling-logs-test-data/beta-logbooks/seneca/logbookofsenecab00unse_0079_thumb.jpg,1600,2636,n/a,n/a,n/a,916751
12,http://demo.zooniverse.org/whaling-logs-test-data/beta-logbooks/seneca/logbookofsenecab00unse_0080.jpg,http://demo.zooniverse.org/whaling-logs-test-data/beta-logbooks/seneca/logbookofsenecab00unse_0080_thumb.jpg,1600,2575,n/a,n/a,n/a,916777
13,http://demo.zooniverse.org/whaling-logs-test-data/beta-logbooks/seneca/logbookofsenecab00unse_0081.jpg,http://demo.zooniverse.org/whaling-logs-test-data/beta-logbooks/seneca/logbookofsenecab00unse_0081_thumb.jpg,1600,2636,n/a,n/a,n/a,916715
14,http://demo.zooniverse.org/whaling-logs-test-data/beta-logbooks/seneca/logbookofsenecab00unse_0082.jpg,http://demo.zooniverse.org/whaling-logs-test-data/beta-logbooks/seneca/logbookofsenecab00unse_0082_thumb.jpg,1600,2575,n/a,n/a,n/a,916733
15,http://demo.zooniverse.org/whaling-logs-test-data/beta-logbooks/seneca/logbookofsenecab00unse_0083.jpg,http://demo.zooniverse.org/whaling-logs-test-data/beta-logbooks/seneca/logbookofsenecab00unse_0083_thumb.jpg,1600,2636,n/a,n/a,n/a,916744
16,http://demo.zooniverse.org/whaling-logs-test-data/beta-logbooks/seneca/logbookofsenecab00unse_0084.jpg,http://demo.zooniverse.org/whaling-logs-test-data/beta-logbooks/seneca/logbookofsenecab00unse_0084_thumb.jpg,1600,2575,n/a,n/a,n/a,916719
17,http://demo.zooniverse.org/whaling-logs-test-data/beta-logbooks/seneca/logbookofsenecab00unse_0085.jpg,http://demo.zooniverse.org/whaling-logs-test-data/beta-logbooks/seneca/logbookofsenecab00unse_0085_thumb.jpg,1600,2636,n/a,n/a,n/a,916774
18,http://demo.zooniverse.org/whaling-logs-test-data/beta-logbooks/seneca/logbookofsenecab00unse_0086.jpg,http://demo.zooniverse.org/whaling-logs-test-data/beta-logbooks/seneca/logbookofsenecab00unse_0086_thumb.jpg,1600,2575,n/a,n/a,n/a,916755
19,http://demo.zooniverse.org/whaling-logs-test-data/beta-logbooks/seneca/logbookofsenecab00unse_0087.jpg,http://demo.zooniverse.org/whaling-logs-test-data/beta-logbooks/seneca/logbookofsenecab00unse_0087_thumb.jpg,1600,2636,n/a,n/a,n/a,916738
20,http://demo.zooniverse.org/whaling-logs-test-data/beta-logbooks/seneca/logbookofsenecab00unse_0088.jpg,http://demo.zooniverse.org/whaling-logs-test-data/beta-logbooks/seneca/logbookofsenecab00unse_0088_thumb.jpg,1600,2575,n/a,n/a,n/a,916728
21,http://demo.zooniverse.org/whaling-logs-test-data/beta-logbooks/seneca/logbookofsenecab00unse_0089.jpg,http://demo.zooniverse.org/whaling-logs-test-data/beta-logbooks/seneca/logbookofsenecab00unse_0089_thumb.jpg,1600,2636,n/a,n/a,n/a,916765
22,http://demo.zooniverse.org/whaling-logs-test-data/beta-logbooks/seneca/logbookofsenecab00unse_0090.jpg,http://demo.zooniverse.org/whaling-logs-test-data/beta-logbooks/seneca/logbookofsenecab00unse_0090_thumb.jpg,1600,2575,n/a,n/a,n/a,916752
23,http://demo.zooniverse.org/whaling-logs-test-data/beta-logbooks/seneca/logbookofsenecab00unse_0091.jpg,http://demo.zooniverse.org/whaling-logs-test-data/beta-logbooks/seneca/logbookofsenecab00unse_0091_thumb.jpg,1600,2636,n/a,n/a,n/a,916782
24,http://demo.zooniverse.org/whaling-logs-test-data/beta-logbooks/seneca/logbookofsenecab00unse_0092.jpg,http://demo.zooniverse.org/whaling-logs-test-data/beta-logbooks/seneca/logbookofsenecab00unse_0092_thumb.jpg,1600,2575,n/a,n/a,n/a,916707
25,http://demo.zooniverse.org/whaling-logs-test-data/beta-logbooks/seneca/logbookofsenecab00unse_0093.jpg,http://demo.zooniverse.org/whaling-logs-test-data/beta-logbooks/seneca/logbookofsenecab00unse_0093_thumb.jpg,1600,2636,n/a,n/a,n/a,916734
26,http://demo.zooniverse.org/whaling-logs-test-data/beta-logbooks/seneca/logbookofsenecab00unse_0094.jpg,http://demo.zooniverse.org/whaling-logs-test-data/beta-logbooks/seneca/logbookofsenecab00unse_0094_thumb.jpg,1600,2575,n/a,n/a,n/a,916745
27,http://demo.zooniverse.org/whaling-logs-test-data/beta-logbooks/seneca/logbookofsenecab00unse_0095.jpg,http://demo.zooniverse.org/whaling-logs-test-data/beta-logbooks/seneca/logbookofsenecab00unse_0095_thumb.jpg,1600,2636,n/a,n/a,n/a,916736
28,http://demo.zooniverse.org/whaling-logs-test-data/beta-logbooks/seneca/logbookofsenecab00unse_0096.jpg,http://demo.zooniverse.org/whaling-logs-test-data/beta-logbooks/seneca/logbookofsenecab00unse_0096_thumb.jpg,1600,2575,n/a,n/a,n/a,916781
29,http://demo.zooniverse.org/whaling-logs-test-data/beta-logbooks/seneca/logbookofsenecab00unse_0097.jpg,http://demo.zooniverse.org/whaling-logs-test-data/beta-logbooks/seneca/logbookofsenecab00unse_0097_thumb.jpg,1600,2636,n/a,n/a,n/a,916786
30,http://demo.zooniverse.org/whaling-logs-test-data/beta-logbooks/seneca/logbookofsenecab00unse_0098.jpg,http://demo.zooniverse.org/whaling-logs-test-data/beta-logbooks/seneca/logbookofsenecab00unse_0098_thumb.jpg,1600,2575,n/a,n/a,n/a,916691
31,http://demo.zooniverse.org/whaling-logs-test-data/beta-logbooks/seneca/logbookofsenecab00unse_0099.jpg,http://demo.zooniverse.org/whaling-logs-test-data/beta-logbooks/seneca/logbookofsenecab00unse_0099_thumb.jpg,1600,2636,n/a,n/a,n/a,916790
32,http://demo.zooniverse.org/whaling-logs-test-data/beta-logbooks/seneca/logbookofsenecab00unse_0100.jpg,http://demo.zooniverse.org/whaling-logs-test-data/beta-logbooks/seneca/logbookofsenecab00unse_0100_thumb.jpg,1600,2575,n/a,n/a,n/a,916789
33,http://demo.zooniverse.org/whaling-logs-test-data/beta-logbooks/seneca/logbookofsenecab00unse_0101.jpg,http://demo.zooniverse.org/whaling-logs-test-data/beta-logbooks/seneca/logbookofsenecab00unse_0101_thumb.jpg,1600,2636,n/a,n/a,n/a,916757
34,http://demo.zooniverse.org/whaling-logs-test-data/beta-logbooks/seneca/logbookofsenecab00unse_0102.jpg,http://demo.zooniverse.org/whaling-logs-test-data/beta-logbooks/seneca/logbookofsenecab00unse_0102_thumb.jpg,1600,2575,n/a,n/a,n/a,916791
35,http://demo.zooniverse.org/whaling-logs-test-data/beta-logbooks/seneca/logbookofsenecab00unse_0103.jpg,http://demo.zooniverse.org/whaling-logs-test-data/beta-logbooks/seneca/logbookofsenecab00unse_0103_thumb.jpg,1600,2636,n/a,n/a,n/a,916788
