order,file_path,thumbnail,width,height,capture_location,date,set_key
1,http://demo.zooniverse.org/whaling-logs-test-data/KWM_13_JPGs/logbookofalfredg1851unse_0001.jpg,http://demo.zooniverse.org/whaling-logs-test-data/KWM_13_JPGs/logbookofalfredg1851unse_0001.jpg,2048,3320,n/a,n/a,n/a
2,http://demo.zooniverse.org/whaling-logs-test-data/KWM_13_JPGs/logbookofalfredg1851unse_0002.jpg,http://demo.zooniverse.org/whaling-logs-test-data/KWM_13_JPGs/logbookofalfredg1851unse_0002.jpg,2048,3490,n/a,n/a,n/a
3,http://demo.zooniverse.org/whaling-logs-test-data/KWM_13_JPGs/logbookofalfredg1851unse_0003.jpg,http://demo.zooniverse.org/whaling-logs-test-data/KWM_13_JPGs/logbookofalfredg1851unse_0003.jpg,2048,3533,n/a,n/a,n/a
4,http://demo.zooniverse.org/whaling-logs-test-data/KWM_13_JPGs/logbookofalfredg1851unse_0004.jpg,http://demo.zooniverse.org/whaling-logs-test-data/KWM_13_JPGs/logbookofalfredg1851unse_0004.jpg,2048,3318,n/a,n/a,n/a
5,http://demo.zooniverse.org/whaling-logs-test-data/KWM_13_JPGs/logbookofalfredg1851unse_0005.jpg,http://demo.zooniverse.org/whaling-logs-test-data/KWM_13_JPGs/logbookofalfredg1851unse_0005.jpg,2048,3599,n/a,n/a,n/a
6,http://demo.zooniverse.org/whaling-logs-test-data/KWM_13_JPGs/logbookofalfredg1851unse_0006.jpg,http://demo.zooniverse.org/whaling-logs-test-data/KWM_13_JPGs/logbookofalfredg1851unse_0006.jpg,2048,3618,n/a,n/a,n/a
7,http://demo.zooniverse.org/whaling-logs-test-data/KWM_13_JPGs/logbookofalfredg1851unse_0007.jpg,http://demo.zooniverse.org/whaling-logs-test-data/KWM_13_JPGs/logbookofalfredg1851unse_0007.jpg,2048,3494,n/a,n/a,n/a
8,http://demo.zooniverse.org/whaling-logs-test-data/KWM_13_JPGs/logbookofalfredg1851unse_0008.jpg,http://demo.zooniverse.org/whaling-logs-test-data/KWM_13_JPGs/logbookofalfredg1851unse_0008.jpg,2048,3459,n/a,n/a,n/a
9,http://demo.zooniverse.org/whaling-logs-test-data/KWM_13_JPGs/logbookofalfredg1851unse_0009.jpg,http://demo.zooniverse.org/whaling-logs-test-data/KWM_13_JPGs/logbookofalfredg1851unse_0009.jpg,2048,3478,n/a,n/a,n/a
10,http://demo.zooniverse.org/whaling-logs-test-data/KWM_13_JPGs/logbookofalfredg1851unse_0010.jpg,http://demo.zooniverse.org/whaling-logs-test-data/KWM_13_JPGs/logbookofalfredg1851unse_0010.jpg,2048,3431,n/a,n/a,n/a
11,http://demo.zooniverse.org/whaling-logs-test-data/KWM_13_JPGs/logbookofalfredg1851unse_0011.jpg,http://demo.zooniverse.org/whaling-logs-test-data/KWM_13_JPGs/logbookofalfredg1851unse_0011.jpg,2048,3416,n/a,n/a,n/a
12,http://demo.zooniverse.org/whaling-logs-test-data/KWM_13_JPGs/logbookofalfredg1851unse_0012.jpg,http://demo.zooniverse.org/whaling-logs-test-data/KWM_13_JPGs/logbookofalfredg1851unse_0012.jpg,2048,3451,n/a,n/a,n/a
13,http://demo.zooniverse.org/whaling-logs-test-data/KWM_13_JPGs/logbookofalfredg1851unse_0013.jpg,http://demo.zooniverse.org/whaling-logs-test-data/KWM_13_JPGs/logbookofalfredg1851unse_0013.jpg,2048,3336,n/a,n/a,n/a
14,http://demo.zooniverse.org/whaling-logs-test-data/KWM_13_JPGs/logbookofalfredg1851unse_0014.jpg,http://demo.zooniverse.org/whaling-logs-test-data/KWM_13_JPGs/logbookofalfredg1851unse_0014.jpg,2048,3461,n/a,n/a,n/a
15,http://demo.zooniverse.org/whaling-logs-test-data/KWM_13_JPGs/logbookofalfredg1851unse_0015.jpg,http://demo.zooniverse.org/whaling-logs-test-data/KWM_13_JPGs/logbookofalfredg1851unse_0015.jpg,2048,3336,n/a,n/a,n/a
16,http://demo.zooniverse.org/whaling-logs-test-data/KWM_13_JPGs/logbookofalfredg1851unse_0016.jpg,http://demo.zooniverse.org/whaling-logs-test-data/KWM_13_JPGs/logbookofalfredg1851unse_0016.jpg,2048,3465,n/a,n/a,n/a
17,http://demo.zooniverse.org/whaling-logs-test-data/KWM_13_JPGs/logbookofalfredg1851unse_0017.jpg,http://demo.zooniverse.org/whaling-logs-test-data/KWM_13_JPGs/logbookofalfredg1851unse_0017.jpg,2048,3336,n/a,n/a,n/a
18,http://demo.zooniverse.org/whaling-logs-test-data/KWM_13_JPGs/logbookofalfredg1851unse_0018.jpg,http://demo.zooniverse.org/whaling-logs-test-data/KWM_13_JPGs/logbookofalfredg1851unse_0018.jpg,2048,3499,n/a,n/a,n/a
19,http://demo.zooniverse.org/whaling-logs-test-data/KWM_13_JPGs/logbookofalfredg1851unse_0019.jpg,http://demo.zooniverse.org/whaling-logs-test-data/KWM_13_JPGs/logbookofalfredg1851unse_0019.jpg,2048,3336,n/a,n/a,n/a
20,http://demo.zooniverse.org/whaling-logs-test-data/KWM_13_JPGs/logbookofalfredg1851unse_0020.jpg,http://demo.zooniverse.org/whaling-logs-test-data/KWM_13_JPGs/logbookofalfredg1851unse_0020.jpg,2048,3465,n/a,n/a,n/a
21,http://demo.zooniverse.org/whaling-logs-test-data/KWM_13_JPGs/logbookofalfredg1851unse_0021.jpg,http://demo.zooniverse.org/whaling-logs-test-data/KWM_13_JPGs/logbookofalfredg1851unse_0021.jpg,2048,3336,n/a,n/a,n/a
22,http://demo.zooniverse.org/whaling-logs-test-data/KWM_13_JPGs/logbookofalfredg1851unse_0022.jpg,http://demo.zooniverse.org/whaling-logs-test-data/KWM_13_JPGs/logbookofalfredg1851unse_0022.jpg,2048,3465,n/a,n/a,n/a
23,http://demo.zooniverse.org/whaling-logs-test-data/KWM_13_JPGs/logbookofalfredg1851unse_0023.jpg,http://demo.zooniverse.org/whaling-logs-test-data/KWM_13_JPGs/logbookofalfredg1851unse_0023.jpg,2048,3336,n/a,n/a,n/a
24,http://demo.zooniverse.org/whaling-logs-test-data/KWM_13_JPGs/logbookofalfredg1851unse_0024.jpg,http://demo.zooniverse.org/whaling-logs-test-data/KWM_13_JPGs/logbookofalfredg1851unse_0024.jpg,2048,3379,n/a,n/a,n/a
25,http://demo.zooniverse.org/whaling-logs-test-data/KWM_13_JPGs/logbookofalfredg1851unse_0025.jpg,http://demo.zooniverse.org/whaling-logs-test-data/KWM_13_JPGs/logbookofalfredg1851unse_0025.jpg,2048,3336,n/a,n/a,n/a
26,http://demo.zooniverse.org/whaling-logs-test-data/KWM_13_JPGs/logbookofalfredg1851unse_0026.jpg,http://demo.zooniverse.org/whaling-logs-test-data/KWM_13_JPGs/logbookofalfredg1851unse_0026.jpg,2048,3329,n/a,n/a,n/a
27,http://demo.zooniverse.org/whaling-logs-test-data/KWM_13_JPGs/logbookofalfredg1851unse_0027.jpg,http://demo.zooniverse.org/whaling-logs-test-data/KWM_13_JPGs/logbookofalfredg1851unse_0027.jpg,2048,3336,n/a,n/a,n/a
28,http://demo.zooniverse.org/whaling-logs-test-data/KWM_13_JPGs/logbookofalfredg1851unse_0028.jpg,http://demo.zooniverse.org/whaling-logs-test-data/KWM_13_JPGs/logbookofalfredg1851unse_0028.jpg,2048,3329,n/a,n/a,n/a
29,http://demo.zooniverse.org/whaling-logs-test-data/KWM_13_JPGs/logbookofalfredg1851unse_0029.jpg,http://demo.zooniverse.org/whaling-logs-test-data/KWM_13_JPGs/logbookofalfredg1851unse_0029.jpg,2048,3336,n/a,n/a,n/a
30,http://demo.zooniverse.org/whaling-logs-test-data/KWM_13_JPGs/logbookofalfredg1851unse_0030.jpg,http://demo.zooniverse.org/whaling-logs-test-data/KWM_13_JPGs/logbookofalfredg1851unse_0030.jpg,2048,3329,n/a,n/a,n/a
31,http://demo.zooniverse.org/whaling-logs-test-data/KWM_13_JPGs/logbookofalfredg1851unse_0031.jpg,http://demo.zooniverse.org/whaling-logs-test-data/KWM_13_JPGs/logbookofalfredg1851unse_0031.jpg,2048,3336,n/a,n/a,n/a
32,http://demo.zooniverse.org/whaling-logs-test-data/KWM_13_JPGs/logbookofalfredg1851unse_0032.jpg,http://demo.zooniverse.org/whaling-logs-test-data/KWM_13_JPGs/logbookofalfredg1851unse_0032.jpg,2048,3329,n/a,n/a,n/a
33,http://demo.zooniverse.org/whaling-logs-test-data/KWM_13_JPGs/logbookofalfredg1851unse_0033.jpg,http://demo.zooniverse.org/whaling-logs-test-data/KWM_13_JPGs/logbookofalfredg1851unse_0033.jpg,2048,3336,n/a,n/a,n/a
34,http://demo.zooniverse.org/whaling-logs-test-data/KWM_13_JPGs/logbookofalfredg1851unse_0034.jpg,http://demo.zooniverse.org/whaling-logs-test-data/KWM_13_JPGs/logbookofalfredg1851unse_0034.jpg,2048,3329,n/a,n/a,n/a
35,http://demo.zooniverse.org/whaling-logs-test-data/KWM_13_JPGs/logbookofalfredg1851unse_0035.jpg,http://demo.zooniverse.org/whaling-logs-test-data/KWM_13_JPGs/logbookofalfredg1851unse_0035.jpg,2048,3336,n/a,n/a,n/a
36,http://demo.zooniverse.org/whaling-logs-test-data/KWM_13_JPGs/logbookofalfredg1851unse_0036.jpg,http://demo.zooniverse.org/whaling-logs-test-data/KWM_13_JPGs/logbookofalfredg1851unse_0036.jpg,2048,3329,n/a,n/a,n/a
37,http://demo.zooniverse.org/whaling-logs-test-data/KWM_13_JPGs/logbookofalfredg1851unse_0037.jpg,http://demo.zooniverse.org/whaling-logs-test-data/KWM_13_JPGs/logbookofalfredg1851unse_0037.jpg,2048,3336,n/a,n/a,n/a
38,http://demo.zooniverse.org/whaling-logs-test-data/KWM_13_JPGs/logbookofalfredg1851unse_0038.jpg,http://demo.zooniverse.org/whaling-logs-test-data/KWM_13_JPGs/logbookofalfredg1851unse_0038.jpg,2048,3329,n/a,n/a,n/a
39,http://demo.zooniverse.org/whaling-logs-test-data/KWM_13_JPGs/logbookofalfredg1851unse_0039.jpg,http://demo.zooniverse.org/whaling-logs-test-data/KWM_13_JPGs/logbookofalfredg1851unse_0039.jpg,2048,3336,n/a,n/a,n/a
40,http://demo.zooniverse.org/whaling-logs-test-data/KWM_13_JPGs/logbookofalfredg1851unse_0040.jpg,http://demo.zooniverse.org/whaling-logs-test-data/KWM_13_JPGs/logbookofalfredg1851unse_0040.jpg,2048,3329,n/a,n/a,n/a
41,http://demo.zooniverse.org/whaling-logs-test-data/KWM_13_JPGs/logbookofalfredg1851unse_0041.jpg,http://demo.zooniverse.org/whaling-logs-test-data/KWM_13_JPGs/logbookofalfredg1851unse_0041.jpg,2048,3336,n/a,n/a,n/a
42,http://demo.zooniverse.org/whaling-logs-test-data/KWM_13_JPGs/logbookofalfredg1851unse_0042.jpg,http://demo.zooniverse.org/whaling-logs-test-data/KWM_13_JPGs/logbookofalfredg1851unse_0042.jpg,2048,3329,n/a,n/a,n/a
43,http://demo.zooniverse.org/whaling-logs-test-data/KWM_13_JPGs/logbookofalfredg1851unse_0043.jpg,http://demo.zooniverse.org/whaling-logs-test-data/KWM_13_JPGs/logbookofalfredg1851unse_0043.jpg,2048,3336,n/a,n/a,n/a
44,http://demo.zooniverse.org/whaling-logs-test-data/KWM_13_JPGs/logbookofalfredg1851unse_0044.jpg,http://demo.zooniverse.org/whaling-logs-test-data/KWM_13_JPGs/logbookofalfredg1851unse_0044.jpg,2048,3329,n/a,n/a,n/a
45,http://demo.zooniverse.org/whaling-logs-test-data/KWM_13_JPGs/logbookofalfredg1851unse_0045.jpg,http://demo.zooniverse.org/whaling-logs-test-data/KWM_13_JPGs/logbookofalfredg1851unse_0045.jpg,2048,3336,n/a,n/a,n/a
46,http://demo.zooniverse.org/whaling-logs-test-data/KWM_13_JPGs/logbookofalfredg1851unse_0046.jpg,http://demo.zooniverse.org/whaling-logs-test-data/KWM_13_JPGs/logbookofalfredg1851unse_0046.jpg,2048,3329,n/a,n/a,n/a
47,http://demo.zooniverse.org/whaling-logs-test-data/KWM_13_JPGs/logbookofalfredg1851unse_0047.jpg,http://demo.zooniverse.org/whaling-logs-test-data/KWM_13_JPGs/logbookofalfredg1851unse_0047.jpg,2048,3336,n/a,n/a,n/a
48,http://demo.zooniverse.org/whaling-logs-test-data/KWM_13_JPGs/logbookofalfredg1851unse_0048.jpg,http://demo.zooniverse.org/whaling-logs-test-data/KWM_13_JPGs/logbookofalfredg1851unse_0048.jpg,2048,3329,n/a,n/a,n/a
49,http://demo.zooniverse.org/whaling-logs-test-data/KWM_13_JPGs/logbookofalfredg1851unse_0049.jpg,http://demo.zooniverse.org/whaling-logs-test-data/KWM_13_JPGs/logbookofalfredg1851unse_0049.jpg,2048,3336,n/a,n/a,n/a
50,http://demo.zooniverse.org/whaling-logs-test-data/KWM_13_JPGs/logbookofalfredg1851unse_0050.jpg,http://demo.zooniverse.org/whaling-logs-test-data/KWM_13_JPGs/logbookofalfredg1851unse_0050.jpg,2048,3329,n/a,n/a,n/a
51,http://demo.zooniverse.org/whaling-logs-test-data/KWM_13_JPGs/logbookofalfredg1851unse_0051.jpg,http://demo.zooniverse.org/whaling-logs-test-data/KWM_13_JPGs/logbookofalfredg1851unse_0051.jpg,2048,3336,n/a,n/a,n/a
52,http://demo.zooniverse.org/whaling-logs-test-data/KWM_13_JPGs/logbookofalfredg1851unse_0052.jpg,http://demo.zooniverse.org/whaling-logs-test-data/KWM_13_JPGs/logbookofalfredg1851unse_0052.jpg,2048,3329,n/a,n/a,n/a
53,http://demo.zooniverse.org/whaling-logs-test-data/KWM_13_JPGs/logbookofalfredg1851unse_0053.jpg,http://demo.zooniverse.org/whaling-logs-test-data/KWM_13_JPGs/logbookofalfredg1851unse_0053.jpg,2048,3336,n/a,n/a,n/a
54,http://demo.zooniverse.org/whaling-logs-test-data/KWM_13_JPGs/logbookofalfredg1851unse_0054.jpg,http://demo.zooniverse.org/whaling-logs-test-data/KWM_13_JPGs/logbookofalfredg1851unse_0054.jpg,2048,3299,n/a,n/a,n/a
55,http://demo.zooniverse.org/whaling-logs-test-data/KWM_13_JPGs/logbookofalfredg1851unse_0055.jpg,http://demo.zooniverse.org/whaling-logs-test-data/KWM_13_JPGs/logbookofalfredg1851unse_0055.jpg,2048,3336,n/a,n/a,n/a
56,http://demo.zooniverse.org/whaling-logs-test-data/KWM_13_JPGs/logbookofalfredg1851unse_0056.jpg,http://demo.zooniverse.org/whaling-logs-test-data/KWM_13_JPGs/logbookofalfredg1851unse_0056.jpg,2048,3284,n/a,n/a,n/a
57,http://demo.zooniverse.org/whaling-logs-test-data/KWM_13_JPGs/logbookofalfredg1851unse_0057.jpg,http://demo.zooniverse.org/whaling-logs-test-data/KWM_13_JPGs/logbookofalfredg1851unse_0057.jpg,2048,3336,n/a,n/a,n/a
58,http://demo.zooniverse.org/whaling-logs-test-data/KWM_13_JPGs/logbookofalfredg1851unse_0058.jpg,http://demo.zooniverse.org/whaling-logs-test-data/KWM_13_JPGs/logbookofalfredg1851unse_0058.jpg,2048,3284,n/a,n/a,n/a
59,http://demo.zooniverse.org/whaling-logs-test-data/KWM_13_JPGs/logbookofalfredg1851unse_0059.jpg,http://demo.zooniverse.org/whaling-logs-test-data/KWM_13_JPGs/logbookofalfredg1851unse_0059.jpg,2048,3336,n/a,n/a,n/a
60,http://demo.zooniverse.org/whaling-logs-test-data/KWM_13_JPGs/logbookofalfredg1851unse_0060.jpg,http://demo.zooniverse.org/whaling-logs-test-data/KWM_13_JPGs/logbookofalfredg1851unse_0060.jpg,2048,3284,n/a,n/a,n/a
61,http://demo.zooniverse.org/whaling-logs-test-data/KWM_13_JPGs/logbookofalfredg1851unse_0061.jpg,http://demo.zooniverse.org/whaling-logs-test-data/KWM_13_JPGs/logbookofalfredg1851unse_0061.jpg,2048,3336,n/a,n/a,n/a
62,http://demo.zooniverse.org/whaling-logs-test-data/KWM_13_JPGs/logbookofalfredg1851unse_0062.jpg,http://demo.zooniverse.org/whaling-logs-test-data/KWM_13_JPGs/logbookofalfredg1851unse_0062.jpg,2048,3284,n/a,n/a,n/a
63,http://demo.zooniverse.org/whaling-logs-test-data/KWM_13_JPGs/logbookofalfredg1851unse_0063.jpg,http://demo.zooniverse.org/whaling-logs-test-data/KWM_13_JPGs/logbookofalfredg1851unse_0063.jpg,2048,3336,n/a,n/a,n/a
64,http://demo.zooniverse.org/whaling-logs-test-data/KWM_13_JPGs/logbookofalfredg1851unse_0064.jpg,http://demo.zooniverse.org/whaling-logs-test-data/KWM_13_JPGs/logbookofalfredg1851unse_0064.jpg,2048,3284,n/a,n/a,n/a
65,http://demo.zooniverse.org/whaling-logs-test-data/KWM_13_JPGs/logbookofalfredg1851unse_0065.jpg,http://demo.zooniverse.org/whaling-logs-test-data/KWM_13_JPGs/logbookofalfredg1851unse_0065.jpg,2048,3336,n/a,n/a,n/a
66,http://demo.zooniverse.org/whaling-logs-test-data/KWM_13_JPGs/logbookofalfredg1851unse_0066.jpg,http://demo.zooniverse.org/whaling-logs-test-data/KWM_13_JPGs/logbookofalfredg1851unse_0066.jpg,2048,3284,n/a,n/a,n/a
67,http://demo.zooniverse.org/whaling-logs-test-data/KWM_13_JPGs/logbookofalfredg1851unse_0067.jpg,http://demo.zooniverse.org/whaling-logs-test-data/KWM_13_JPGs/logbookofalfredg1851unse_0067.jpg,2048,3336,n/a,n/a,n/a
68,http://demo.zooniverse.org/whaling-logs-test-data/KWM_13_JPGs/logbookofalfredg1851unse_0068.jpg,http://demo.zooniverse.org/whaling-logs-test-data/KWM_13_JPGs/logbookofalfredg1851unse_0068.jpg,2048,3284,n/a,n/a,n/a
69,http://demo.zooniverse.org/whaling-logs-test-data/KWM_13_JPGs/logbookofalfredg1851unse_0069.jpg,http://demo.zooniverse.org/whaling-logs-test-data/KWM_13_JPGs/logbookofalfredg1851unse_0069.jpg,2048,3336,n/a,n/a,n/a
70,http://demo.zooniverse.org/whaling-logs-test-data/KWM_13_JPGs/logbookofalfredg1851unse_0070.jpg,http://demo.zooniverse.org/whaling-logs-test-data/KWM_13_JPGs/logbookofalfredg1851unse_0070.jpg,2048,3284,n/a,n/a,n/a
71,http://demo.zooniverse.org/whaling-logs-test-data/KWM_13_JPGs/logbookofalfredg1851unse_0071.jpg,http://demo.zooniverse.org/whaling-logs-test-data/KWM_13_JPGs/logbookofalfredg1851unse_0071.jpg,2048,3336,n/a,n/a,n/a
72,http://demo.zooniverse.org/whaling-logs-test-data/KWM_13_JPGs/logbookofalfredg1851unse_0072.jpg,http://demo.zooniverse.org/whaling-logs-test-data/KWM_13_JPGs/logbookofalfredg1851unse_0072.jpg,2048,3284,n/a,n/a,n/a
73,http://demo.zooniverse.org/whaling-logs-test-data/KWM_13_JPGs/logbookofalfredg1851unse_0073.jpg,http://demo.zooniverse.org/whaling-logs-test-data/KWM_13_JPGs/logbookofalfredg1851unse_0073.jpg,2048,3336,n/a,n/a,n/a
74,http://demo.zooniverse.org/whaling-logs-test-data/KWM_13_JPGs/logbookofalfredg1851unse_0074.jpg,http://demo.zooniverse.org/whaling-logs-test-data/KWM_13_JPGs/logbookofalfredg1851unse_0074.jpg,2048,3284,n/a,n/a,n/a
75,http://demo.zooniverse.org/whaling-logs-test-data/KWM_13_JPGs/logbookofalfredg1851unse_0075.jpg,http://demo.zooniverse.org/whaling-logs-test-data/KWM_13_JPGs/logbookofalfredg1851unse_0075.jpg,2048,3336,n/a,n/a,n/a
76,http://demo.zooniverse.org/whaling-logs-test-data/KWM_13_JPGs/logbookofalfredg1851unse_0076.jpg,http://demo.zooniverse.org/whaling-logs-test-data/KWM_13_JPGs/logbookofalfredg1851unse_0076.jpg,2048,3284,n/a,n/a,n/a
77,http://demo.zooniverse.org/whaling-logs-test-data/KWM_13_JPGs/logbookofalfredg1851unse_0077.jpg,http://demo.zooniverse.org/whaling-logs-test-data/KWM_13_JPGs/logbookofalfredg1851unse_0077.jpg,2048,3336,n/a,n/a,n/a
78,http://demo.zooniverse.org/whaling-logs-test-data/KWM_13_JPGs/logbookofalfredg1851unse_0078.jpg,http://demo.zooniverse.org/whaling-logs-test-data/KWM_13_JPGs/logbookofalfredg1851unse_0078.jpg,2048,3284,n/a,n/a,n/a
79,http://demo.zooniverse.org/whaling-logs-test-data/KWM_13_JPGs/logbookofalfredg1851unse_0079.jpg,http://demo.zooniverse.org/whaling-logs-test-data/KWM_13_JPGs/logbookofalfredg1851unse_0079.jpg,2048,3336,n/a,n/a,n/a
80,http://demo.zooniverse.org/whaling-logs-test-data/KWM_13_JPGs/logbookofalfredg1851unse_0080.jpg,http://demo.zooniverse.org/whaling-logs-test-data/KWM_13_JPGs/logbookofalfredg1851unse_0080.jpg,2048,3284,n/a,n/a,n/a
81,http://demo.zooniverse.org/whaling-logs-test-data/KWM_13_JPGs/logbookofalfredg1851unse_0081.jpg,http://demo.zooniverse.org/whaling-logs-test-data/KWM_13_JPGs/logbookofalfredg1851unse_0081.jpg,2048,3336,n/a,n/a,n/a
82,http://demo.zooniverse.org/whaling-logs-test-data/KWM_13_JPGs/logbookofalfredg1851unse_0082.jpg,http://demo.zooniverse.org/whaling-logs-test-data/KWM_13_JPGs/logbookofalfredg1851unse_0082.jpg,2048,3284,n/a,n/a,n/a
83,http://demo.zooniverse.org/whaling-logs-test-data/KWM_13_JPGs/logbookofalfredg1851unse_0083.jpg,http://demo.zooniverse.org/whaling-logs-test-data/KWM_13_JPGs/logbookofalfredg1851unse_0083.jpg,2048,3336,n/a,n/a,n/a
84,http://demo.zooniverse.org/whaling-logs-test-data/KWM_13_JPGs/logbookofalfredg1851unse_0084.jpg,http://demo.zooniverse.org/whaling-logs-test-data/KWM_13_JPGs/logbookofalfredg1851unse_0084.jpg,2048,3284,n/a,n/a,n/a
85,http://demo.zooniverse.org/whaling-logs-test-data/KWM_13_JPGs/logbookofalfredg1851unse_0085.jpg,http://demo.zooniverse.org/whaling-logs-test-data/KWM_13_JPGs/logbookofalfredg1851unse_0085.jpg,2048,3336,n/a,n/a,n/a
86,http://demo.zooniverse.org/whaling-logs-test-data/KWM_13_JPGs/logbookofalfredg1851unse_0086.jpg,http://demo.zooniverse.org/whaling-logs-test-data/KWM_13_JPGs/logbookofalfredg1851unse_0086.jpg,2048,3284,n/a,n/a,n/a
87,http://demo.zooniverse.org/whaling-logs-test-data/KWM_13_JPGs/logbookofalfredg1851unse_0087.jpg,http://demo.zooniverse.org/whaling-logs-test-data/KWM_13_JPGs/logbookofalfredg1851unse_0087.jpg,2048,3336,n/a,n/a,n/a
88,http://demo.zooniverse.org/whaling-logs-test-data/KWM_13_JPGs/logbookofalfredg1851unse_0088.jpg,http://demo.zooniverse.org/whaling-logs-test-data/KWM_13_JPGs/logbookofalfredg1851unse_0088.jpg,2048,3284,n/a,n/a,n/a
89,http://demo.zooniverse.org/whaling-logs-test-data/KWM_13_JPGs/logbookofalfredg1851unse_0089.jpg,http://demo.zooniverse.org/whaling-logs-test-data/KWM_13_JPGs/logbookofalfredg1851unse_0089.jpg,2048,3336,n/a,n/a,n/a
90,http://demo.zooniverse.org/whaling-logs-test-data/KWM_13_JPGs/logbookofalfredg1851unse_0090.jpg,http://demo.zooniverse.org/whaling-logs-test-data/KWM_13_JPGs/logbookofalfredg1851unse_0090.jpg,2048,3284,n/a,n/a,n/a
91,http://demo.zooniverse.org/whaling-logs-test-data/KWM_13_JPGs/logbookofalfredg1851unse_0091.jpg,http://demo.zooniverse.org/whaling-logs-test-data/KWM_13_JPGs/logbookofalfredg1851unse_0091.jpg,2048,3336,n/a,n/a,n/a
92,http://demo.zooniverse.org/whaling-logs-test-data/KWM_13_JPGs/logbookofalfredg1851unse_0092.jpg,http://demo.zooniverse.org/whaling-logs-test-data/KWM_13_JPGs/logbookofalfredg1851unse_0092.jpg,2048,3284,n/a,n/a,n/a
93,http://demo.zooniverse.org/whaling-logs-test-data/KWM_13_JPGs/logbookofalfredg1851unse_0093.jpg,http://demo.zooniverse.org/whaling-logs-test-data/KWM_13_JPGs/logbookofalfredg1851unse_0093.jpg,2048,3336,n/a,n/a,n/a
94,http://demo.zooniverse.org/whaling-logs-test-data/KWM_13_JPGs/logbookofalfredg1851unse_0094.jpg,http://demo.zooniverse.org/whaling-logs-test-data/KWM_13_JPGs/logbookofalfredg1851unse_0094.jpg,2048,3284,n/a,n/a,n/a
95,http://demo.zooniverse.org/whaling-logs-test-data/KWM_13_JPGs/logbookofalfredg1851unse_0095.jpg,http://demo.zooniverse.org/whaling-logs-test-data/KWM_13_JPGs/logbookofalfredg1851unse_0095.jpg,2048,3336,n/a,n/a,n/a
96,http://demo.zooniverse.org/whaling-logs-test-data/KWM_13_JPGs/logbookofalfredg1851unse_0096.jpg,http://demo.zooniverse.org/whaling-logs-test-data/KWM_13_JPGs/logbookofalfredg1851unse_0096.jpg,2048,3284,n/a,n/a,n/a
97,http://demo.zooniverse.org/whaling-logs-test-data/KWM_13_JPGs/logbookofalfredg1851unse_0097.jpg,http://demo.zooniverse.org/whaling-logs-test-data/KWM_13_JPGs/logbookofalfredg1851unse_0097.jpg,2048,3336,n/a,n/a,n/a
98,http://demo.zooniverse.org/whaling-logs-test-data/KWM_13_JPGs/logbookofalfredg1851unse_0098.jpg,http://demo.zooniverse.org/whaling-logs-test-data/KWM_13_JPGs/logbookofalfredg1851unse_0098.jpg,2048,3284,n/a,n/a,n/a
99,http://demo.zooniverse.org/whaling-logs-test-data/KWM_13_JPGs/logbookofalfredg1851unse_0099.jpg,http://demo.zooniverse.org/whaling-logs-test-data/KWM_13_JPGs/logbookofalfredg1851unse_0099.jpg,2048,3336,n/a,n/a,n/a
100,http://demo.zooniverse.org/whaling-logs-test-data/KWM_13_JPGs/logbookofalfredg1851unse_0100.jpg,http://demo.zooniverse.org/whaling-logs-test-data/KWM_13_JPGs/logbookofalfredg1851unse_0100.jpg,2048,3284,n/a,n/a,n/a
101,http://demo.zooniverse.org/whaling-logs-test-data/KWM_13_JPGs/logbookofalfredg1851unse_0101.jpg,http://demo.zooniverse.org/whaling-logs-test-data/KWM_13_JPGs/logbookofalfredg1851unse_0101.jpg,2048,3336,n/a,n/a,n/a
102,http://demo.zooniverse.org/whaling-logs-test-data/KWM_13_JPGs/logbookofalfredg1851unse_0102.jpg,http://demo.zooniverse.org/whaling-logs-test-data/KWM_13_JPGs/logbookofalfredg1851unse_0102.jpg,2048,3284,n/a,n/a,n/a
103,http://demo.zooniverse.org/whaling-logs-test-data/KWM_13_JPGs/logbookofalfredg1851unse_0103.jpg,http://demo.zooniverse.org/whaling-logs-test-data/KWM_13_JPGs/logbookofalfredg1851unse_0103.jpg,2048,3336,n/a,n/a,n/a
104,http://demo.zooniverse.org/whaling-logs-test-data/KWM_13_JPGs/logbookofalfredg1851unse_0104.jpg,http://demo.zooniverse.org/whaling-logs-test-data/KWM_13_JPGs/logbookofalfredg1851unse_0104.jpg,2048,3284,n/a,n/a,n/a
105,http://demo.zooniverse.org/whaling-logs-test-data/KWM_13_JPGs/logbookofalfredg1851unse_0105.jpg,http://demo.zooniverse.org/whaling-logs-test-data/KWM_13_JPGs/logbookofalfredg1851unse_0105.jpg,2048,3336,n/a,n/a,n/a
106,http://demo.zooniverse.org/whaling-logs-test-data/KWM_13_JPGs/logbookofalfredg1851unse_0106.jpg,http://demo.zooniverse.org/whaling-logs-test-data/KWM_13_JPGs/logbookofalfredg1851unse_0106.jpg,2048,3284,n/a,n/a,n/a
107,http://demo.zooniverse.org/whaling-logs-test-data/KWM_13_JPGs/logbookofalfredg1851unse_0107.jpg,http://demo.zooniverse.org/whaling-logs-test-data/KWM_13_JPGs/logbookofalfredg1851unse_0107.jpg,2048,3502,n/a,n/a,n/a
108,http://demo.zooniverse.org/whaling-logs-test-data/KWM_13_JPGs/logbookofalfredg1851unse_0108.jpg,http://demo.zooniverse.org/whaling-logs-test-data/KWM_13_JPGs/logbookofalfredg1851unse_0108.jpg,2048,3284,n/a,n/a,n/a
109,http://demo.zooniverse.org/whaling-logs-test-data/KWM_13_JPGs/logbookofalfredg1851unse_0109.jpg,http://demo.zooniverse.org/whaling-logs-test-data/KWM_13_JPGs/logbookofalfredg1851unse_0109.jpg,2048,3502,n/a,n/a,n/a
110,http://demo.zooniverse.org/whaling-logs-test-data/KWM_13_JPGs/logbookofalfredg1851unse_0110.jpg,http://demo.zooniverse.org/whaling-logs-test-data/KWM_13_JPGs/logbookofalfredg1851unse_0110.jpg,2048,3284,n/a,n/a,n/a
111,http://demo.zooniverse.org/whaling-logs-test-data/KWM_13_JPGs/logbookofalfredg1851unse_0111.jpg,http://demo.zooniverse.org/whaling-logs-test-data/KWM_13_JPGs/logbookofalfredg1851unse_0111.jpg,2048,3502,n/a,n/a,n/a
112,http://demo.zooniverse.org/whaling-logs-test-data/KWM_13_JPGs/logbookofalfredg1851unse_0112.jpg,http://demo.zooniverse.org/whaling-logs-test-data/KWM_13_JPGs/logbookofalfredg1851unse_0112.jpg,2048,3284,n/a,n/a,n/a
113,http://demo.zooniverse.org/whaling-logs-test-data/KWM_13_JPGs/logbookofalfredg1851unse_0113.jpg,http://demo.zooniverse.org/whaling-logs-test-data/KWM_13_JPGs/logbookofalfredg1851unse_0113.jpg,2048,3502,n/a,n/a,n/a
114,http://demo.zooniverse.org/whaling-logs-test-data/KWM_13_JPGs/logbookofalfredg1851unse_0114.jpg,http://demo.zooniverse.org/whaling-logs-test-data/KWM_13_JPGs/logbookofalfredg1851unse_0114.jpg,2048,3284,n/a,n/a,n/a
115,http://demo.zooniverse.org/whaling-logs-test-data/KWM_13_JPGs/logbookofalfredg1851unse_0115.jpg,http://demo.zooniverse.org/whaling-logs-test-data/KWM_13_JPGs/logbookofalfredg1851unse_0115.jpg,2048,3502,n/a,n/a,n/a
116,http://demo.zooniverse.org/whaling-logs-test-data/KWM_13_JPGs/logbookofalfredg1851unse_0116.jpg,http://demo.zooniverse.org/whaling-logs-test-data/KWM_13_JPGs/logbookofalfredg1851unse_0116.jpg,2048,3284,n/a,n/a,n/a
117,http://demo.zooniverse.org/whaling-logs-test-data/KWM_13_JPGs/logbookofalfredg1851unse_0117.jpg,http://demo.zooniverse.org/whaling-logs-test-data/KWM_13_JPGs/logbookofalfredg1851unse_0117.jpg,2048,3502,n/a,n/a,n/a
118,http://demo.zooniverse.org/whaling-logs-test-data/KWM_13_JPGs/logbookofalfredg1851unse_0118.jpg,http://demo.zooniverse.org/whaling-logs-test-data/KWM_13_JPGs/logbookofalfredg1851unse_0118.jpg,2048,3284,n/a,n/a,n/a
119,http://demo.zooniverse.org/whaling-logs-test-data/KWM_13_JPGs/logbookofalfredg1851unse_0119.jpg,http://demo.zooniverse.org/whaling-logs-test-data/KWM_13_JPGs/logbookofalfredg1851unse_0119.jpg,2048,3502,n/a,n/a,n/a
120,http://demo.zooniverse.org/whaling-logs-test-data/KWM_13_JPGs/logbookofalfredg1851unse_0120.jpg,http://demo.zooniverse.org/whaling-logs-test-data/KWM_13_JPGs/logbookofalfredg1851unse_0120.jpg,2048,3284,n/a,n/a,n/a
121,http://demo.zooniverse.org/whaling-logs-test-data/KWM_13_JPGs/logbookofalfredg1851unse_0121.jpg,http://demo.zooniverse.org/whaling-logs-test-data/KWM_13_JPGs/logbookofalfredg1851unse_0121.jpg,2048,3502,n/a,n/a,n/a
122,http://demo.zooniverse.org/whaling-logs-test-data/KWM_13_JPGs/logbookofalfredg1851unse_0122.jpg,http://demo.zooniverse.org/whaling-logs-test-data/KWM_13_JPGs/logbookofalfredg1851unse_0122.jpg,2048,3284,n/a,n/a,n/a
123,http://demo.zooniverse.org/whaling-logs-test-data/KWM_13_JPGs/logbookofalfredg1851unse_0123.jpg,http://demo.zooniverse.org/whaling-logs-test-data/KWM_13_JPGs/logbookofalfredg1851unse_0123.jpg,2048,3502,n/a,n/a,n/a
124,http://demo.zooniverse.org/whaling-logs-test-data/KWM_13_JPGs/logbookofalfredg1851unse_0124.jpg,http://demo.zooniverse.org/whaling-logs-test-data/KWM_13_JPGs/logbookofalfredg1851unse_0124.jpg,2048,3284,n/a,n/a,n/a
125,http://demo.zooniverse.org/whaling-logs-test-data/KWM_13_JPGs/logbookofalfredg1851unse_0125.jpg,http://demo.zooniverse.org/whaling-logs-test-data/KWM_13_JPGs/logbookofalfredg1851unse_0125.jpg,2048,3502,n/a,n/a,n/a
126,http://demo.zooniverse.org/whaling-logs-test-data/KWM_13_JPGs/logbookofalfredg1851unse_0126.jpg,http://demo.zooniverse.org/whaling-logs-test-data/KWM_13_JPGs/logbookofalfredg1851unse_0126.jpg,2048,3284,n/a,n/a,n/a
127,http://demo.zooniverse.org/whaling-logs-test-data/KWM_13_JPGs/logbookofalfredg1851unse_0127.jpg,http://demo.zooniverse.org/whaling-logs-test-data/KWM_13_JPGs/logbookofalfredg1851unse_0127.jpg,2048,3502,n/a,n/a,n/a
128,http://demo.zooniverse.org/whaling-logs-test-data/KWM_13_JPGs/logbookofalfredg1851unse_0128.jpg,http://demo.zooniverse.org/whaling-logs-test-data/KWM_13_JPGs/logbookofalfredg1851unse_0128.jpg,2048,3284,n/a,n/a,n/a
129,http://demo.zooniverse.org/whaling-logs-test-data/KWM_13_JPGs/logbookofalfredg1851unse_0129.jpg,http://demo.zooniverse.org/whaling-logs-test-data/KWM_13_JPGs/logbookofalfredg1851unse_0129.jpg,2048,3502,n/a,n/a,n/a
130,http://demo.zooniverse.org/whaling-logs-test-data/KWM_13_JPGs/logbookofalfredg1851unse_0130.jpg,http://demo.zooniverse.org/whaling-logs-test-data/KWM_13_JPGs/logbookofalfredg1851unse_0130.jpg,2048,3284,n/a,n/a,n/a
131,http://demo.zooniverse.org/whaling-logs-test-data/KWM_13_JPGs/logbookofalfredg1851unse_0131.jpg,http://demo.zooniverse.org/whaling-logs-test-data/KWM_13_JPGs/logbookofalfredg1851unse_0131.jpg,2048,3502,n/a,n/a,n/a
132,http://demo.zooniverse.org/whaling-logs-test-data/KWM_13_JPGs/logbookofalfredg1851unse_0132.jpg,http://demo.zooniverse.org/whaling-logs-test-data/KWM_13_JPGs/logbookofalfredg1851unse_0132.jpg,2048,3284,n/a,n/a,n/a
133,http://demo.zooniverse.org/whaling-logs-test-data/KWM_13_JPGs/logbookofalfredg1851unse_0133.jpg,http://demo.zooniverse.org/whaling-logs-test-data/KWM_13_JPGs/logbookofalfredg1851unse_0133.jpg,2048,3502,n/a,n/a,n/a
134,http://demo.zooniverse.org/whaling-logs-test-data/KWM_13_JPGs/logbookofalfredg1851unse_0134.jpg,http://demo.zooniverse.org/whaling-logs-test-data/KWM_13_JPGs/logbookofalfredg1851unse_0134.jpg,2048,3284,n/a,n/a,n/a
135,http://demo.zooniverse.org/whaling-logs-test-data/KWM_13_JPGs/logbookofalfredg1851unse_0135.jpg,http://demo.zooniverse.org/whaling-logs-test-data/KWM_13_JPGs/logbookofalfredg1851unse_0135.jpg,2048,3502,n/a,n/a,n/a
136,http://demo.zooniverse.org/whaling-logs-test-data/KWM_13_JPGs/logbookofalfredg1851unse_0136.jpg,http://demo.zooniverse.org/whaling-logs-test-data/KWM_13_JPGs/logbookofalfredg1851unse_0136.jpg,2048,3284,n/a,n/a,n/a
137,http://demo.zooniverse.org/whaling-logs-test-data/KWM_13_JPGs/logbookofalfredg1851unse_0137.jpg,http://demo.zooniverse.org/whaling-logs-test-data/KWM_13_JPGs/logbookofalfredg1851unse_0137.jpg,2048,3502,n/a,n/a,n/a
138,http://demo.zooniverse.org/whaling-logs-test-data/KWM_13_JPGs/logbookofalfredg1851unse_0138.jpg,http://demo.zooniverse.org/whaling-logs-test-data/KWM_13_JPGs/logbookofalfredg1851unse_0138.jpg,2048,3284,n/a,n/a,n/a
139,http://demo.zooniverse.org/whaling-logs-test-data/KWM_13_JPGs/logbookofalfredg1851unse_0139.jpg,http://demo.zooniverse.org/whaling-logs-test-data/KWM_13_JPGs/logbookofalfredg1851unse_0139.jpg,2048,3502,n/a,n/a,n/a
140,http://demo.zooniverse.org/whaling-logs-test-data/KWM_13_JPGs/logbookofalfredg1851unse_0140.jpg,http://demo.zooniverse.org/whaling-logs-test-data/KWM_13_JPGs/logbookofalfredg1851unse_0140.jpg,2048,3284,n/a,n/a,n/a
141,http://demo.zooniverse.org/whaling-logs-test-data/KWM_13_JPGs/logbookofalfredg1851unse_0141.jpg,http://demo.zooniverse.org/whaling-logs-test-data/KWM_13_JPGs/logbookofalfredg1851unse_0141.jpg,2048,3502,n/a,n/a,n/a
142,http://demo.zooniverse.org/whaling-logs-test-data/KWM_13_JPGs/logbookofalfredg1851unse_0142.jpg,http://demo.zooniverse.org/whaling-logs-test-data/KWM_13_JPGs/logbookofalfredg1851unse_0142.jpg,2048,3284,n/a,n/a,n/a
143,http://demo.zooniverse.org/whaling-logs-test-data/KWM_13_JPGs/logbookofalfredg1851unse_0143.jpg,http://demo.zooniverse.org/whaling-logs-test-data/KWM_13_JPGs/logbookofalfredg1851unse_0143.jpg,2048,3502,n/a,n/a,n/a
144,http://demo.zooniverse.org/whaling-logs-test-data/KWM_13_JPGs/logbookofalfredg1851unse_0144.jpg,http://demo.zooniverse.org/whaling-logs-test-data/KWM_13_JPGs/logbookofalfredg1851unse_0144.jpg,2048,3284,n/a,n/a,n/a
145,http://demo.zooniverse.org/whaling-logs-test-data/KWM_13_JPGs/logbookofalfredg1851unse_0145.jpg,http://demo.zooniverse.org/whaling-logs-test-data/KWM_13_JPGs/logbookofalfredg1851unse_0145.jpg,2048,3502,n/a,n/a,n/a
146,http://demo.zooniverse.org/whaling-logs-test-data/KWM_13_JPGs/logbookofalfredg1851unse_0146.jpg,http://demo.zooniverse.org/whaling-logs-test-data/KWM_13_JPGs/logbookofalfredg1851unse_0146.jpg,2048,3284,n/a,n/a,n/a
147,http://demo.zooniverse.org/whaling-logs-test-data/KWM_13_JPGs/logbookofalfredg1851unse_0147.jpg,http://demo.zooniverse.org/whaling-logs-test-data/KWM_13_JPGs/logbookofalfredg1851unse_0147.jpg,2048,3502,n/a,n/a,n/a
148,http://demo.zooniverse.org/whaling-logs-test-data/KWM_13_JPGs/logbookofalfredg1851unse_0148.jpg,http://demo.zooniverse.org/whaling-logs-test-data/KWM_13_JPGs/logbookofalfredg1851unse_0148.jpg,2048,3284,n/a,n/a,n/a
149,http://demo.zooniverse.org/whaling-logs-test-data/KWM_13_JPGs/logbookofalfredg1851unse_0149.jpg,http://demo.zooniverse.org/whaling-logs-test-data/KWM_13_JPGs/logbookofalfredg1851unse_0149.jpg,2048,3502,n/a,n/a,n/a
150,http://demo.zooniverse.org/whaling-logs-test-data/KWM_13_JPGs/logbookofalfredg1851unse_0150.jpg,http://demo.zooniverse.org/whaling-logs-test-data/KWM_13_JPGs/logbookofalfredg1851unse_0150.jpg,2048,3284,n/a,n/a,n/a
151,http://demo.zooniverse.org/whaling-logs-test-data/KWM_13_JPGs/logbookofalfredg1851unse_0151.jpg,http://demo.zooniverse.org/whaling-logs-test-data/KWM_13_JPGs/logbookofalfredg1851unse_0151.jpg,2048,3502,n/a,n/a,n/a
152,http://demo.zooniverse.org/whaling-logs-test-data/KWM_13_JPGs/logbookofalfredg1851unse_0152.jpg,http://demo.zooniverse.org/whaling-logs-test-data/KWM_13_JPGs/logbookofalfredg1851unse_0152.jpg,2048,3284,n/a,n/a,n/a
153,http://demo.zooniverse.org/whaling-logs-test-data/KWM_13_JPGs/logbookofalfredg1851unse_0153.jpg,http://demo.zooniverse.org/whaling-logs-test-data/KWM_13_JPGs/logbookofalfredg1851unse_0153.jpg,2048,3502,n/a,n/a,n/a
154,http://demo.zooniverse.org/whaling-logs-test-data/KWM_13_JPGs/logbookofalfredg1851unse_0154.jpg,http://demo.zooniverse.org/whaling-logs-test-data/KWM_13_JPGs/logbookofalfredg1851unse_0154.jpg,2048,3284,n/a,n/a,n/a
155,http://demo.zooniverse.org/whaling-logs-test-data/KWM_13_JPGs/logbookofalfredg1851unse_0155.jpg,http://demo.zooniverse.org/whaling-logs-test-data/KWM_13_JPGs/logbookofalfredg1851unse_0155.jpg,2048,3502,n/a,n/a,n/a
156,http://demo.zooniverse.org/whaling-logs-test-data/KWM_13_JPGs/logbookofalfredg1851unse_0156.jpg,http://demo.zooniverse.org/whaling-logs-test-data/KWM_13_JPGs/logbookofalfredg1851unse_0156.jpg,2048,3275,n/a,n/a,n/a
