order,file_path,thumbnail,width,height,capture_location,date,set_key
1,http://demo.zooniverse.org/whaling-logs-test-data/KWM_51_JPGs/logbookofphillip00unse_0001.jpg,http://demo.zooniverse.org/whaling-logs-test-data/KWM_51_JPGs/logbookofphillip00unse_0001.jpg,2048,3285,n/a,n/a,n/a
2,http://demo.zooniverse.org/whaling-logs-test-data/KWM_51_JPGs/logbookofphillip00unse_0002.jpg,http://demo.zooniverse.org/whaling-logs-test-data/KWM_51_JPGs/logbookofphillip00unse_0002.jpg,2048,3380,n/a,n/a,n/a
3,http://demo.zooniverse.org/whaling-logs-test-data/KWM_51_JPGs/logbookofphillip00unse_0003.jpg,http://demo.zooniverse.org/whaling-logs-test-data/KWM_51_JPGs/logbookofphillip00unse_0003.jpg,2048,3380,n/a,n/a,n/a
4,http://demo.zooniverse.org/whaling-logs-test-data/KWM_51_JPGs/logbookofphillip00unse_0004.jpg,http://demo.zooniverse.org/whaling-logs-test-data/KWM_51_JPGs/logbookofphillip00unse_0004.jpg,2048,3380,n/a,n/a,n/a
5,http://demo.zooniverse.org/whaling-logs-test-data/KWM_51_JPGs/logbookofphillip00unse_0005.jpg,http://demo.zooniverse.org/whaling-logs-test-data/KWM_51_JPGs/logbookofphillip00unse_0005.jpg,2048,3380,n/a,n/a,n/a
6,http://demo.zooniverse.org/whaling-logs-test-data/KWM_51_JPGs/logbookofphillip00unse_0006.jpg,http://demo.zooniverse.org/whaling-logs-test-data/KWM_51_JPGs/logbookofphillip00unse_0006.jpg,2048,3380,n/a,n/a,n/a
7,http://demo.zooniverse.org/whaling-logs-test-data/KWM_51_JPGs/logbookofphillip00unse_0007.jpg,http://demo.zooniverse.org/whaling-logs-test-data/KWM_51_JPGs/logbookofphillip00unse_0007.jpg,2048,3380,n/a,n/a,n/a
8,http://demo.zooniverse.org/whaling-logs-test-data/KWM_51_JPGs/logbookofphillip00unse_0008.jpg,http://demo.zooniverse.org/whaling-logs-test-data/KWM_51_JPGs/logbookofphillip00unse_0008.jpg,2048,3380,n/a,n/a,n/a
9,http://demo.zooniverse.org/whaling-logs-test-data/KWM_51_JPGs/logbookofphillip00unse_0009.jpg,http://demo.zooniverse.org/whaling-logs-test-data/KWM_51_JPGs/logbookofphillip00unse_0009.jpg,2048,3380,n/a,n/a,n/a
10,http://demo.zooniverse.org/whaling-logs-test-data/KWM_51_JPGs/logbookofphillip00unse_0010.jpg,http://demo.zooniverse.org/whaling-logs-test-data/KWM_51_JPGs/logbookofphillip00unse_0010.jpg,2048,3380,n/a,n/a,n/a
11,http://demo.zooniverse.org/whaling-logs-test-data/KWM_51_JPGs/logbookofphillip00unse_0011.jpg,http://demo.zooniverse.org/whaling-logs-test-data/KWM_51_JPGs/logbookofphillip00unse_0011.jpg,2048,3380,n/a,n/a,n/a
12,http://demo.zooniverse.org/whaling-logs-test-data/KWM_51_JPGs/logbookofphillip00unse_0012.jpg,http://demo.zooniverse.org/whaling-logs-test-data/KWM_51_JPGs/logbookofphillip00unse_0012.jpg,2048,3380,n/a,n/a,n/a
13,http://demo.zooniverse.org/whaling-logs-test-data/KWM_51_JPGs/logbookofphillip00unse_0013.jpg,http://demo.zooniverse.org/whaling-logs-test-data/KWM_51_JPGs/logbookofphillip00unse_0013.jpg,2048,3380,n/a,n/a,n/a
14,http://demo.zooniverse.org/whaling-logs-test-data/KWM_51_JPGs/logbookofphillip00unse_0014.jpg,http://demo.zooniverse.org/whaling-logs-test-data/KWM_51_JPGs/logbookofphillip00unse_0014.jpg,2048,3380,n/a,n/a,n/a
15,http://demo.zooniverse.org/whaling-logs-test-data/KWM_51_JPGs/logbookofphillip00unse_0015.jpg,http://demo.zooniverse.org/whaling-logs-test-data/KWM_51_JPGs/logbookofphillip00unse_0015.jpg,2048,3380,n/a,n/a,n/a
16,http://demo.zooniverse.org/whaling-logs-test-data/KWM_51_JPGs/logbookofphillip00unse_0016.jpg,http://demo.zooniverse.org/whaling-logs-test-data/KWM_51_JPGs/logbookofphillip00unse_0016.jpg,2048,3380,n/a,n/a,n/a
17,http://demo.zooniverse.org/whaling-logs-test-data/KWM_51_JPGs/logbookofphillip00unse_0017.jpg,http://demo.zooniverse.org/whaling-logs-test-data/KWM_51_JPGs/logbookofphillip00unse_0017.jpg,2048,3380,n/a,n/a,n/a
18,http://demo.zooniverse.org/whaling-logs-test-data/KWM_51_JPGs/logbookofphillip00unse_0018.jpg,http://demo.zooniverse.org/whaling-logs-test-data/KWM_51_JPGs/logbookofphillip00unse_0018.jpg,2048,3380,n/a,n/a,n/a
19,http://demo.zooniverse.org/whaling-logs-test-data/KWM_51_JPGs/logbookofphillip00unse_0019.jpg,http://demo.zooniverse.org/whaling-logs-test-data/KWM_51_JPGs/logbookofphillip00unse_0019.jpg,2048,3380,n/a,n/a,n/a
20,http://demo.zooniverse.org/whaling-logs-test-data/KWM_51_JPGs/logbookofphillip00unse_0020.jpg,http://demo.zooniverse.org/whaling-logs-test-data/KWM_51_JPGs/logbookofphillip00unse_0020.jpg,2048,3380,n/a,n/a,n/a
21,http://demo.zooniverse.org/whaling-logs-test-data/KWM_51_JPGs/logbookofphillip00unse_0021.jpg,http://demo.zooniverse.org/whaling-logs-test-data/KWM_51_JPGs/logbookofphillip00unse_0021.jpg,2048,3380,n/a,n/a,n/a
22,http://demo.zooniverse.org/whaling-logs-test-data/KWM_51_JPGs/logbookofphillip00unse_0022.jpg,http://demo.zooniverse.org/whaling-logs-test-data/KWM_51_JPGs/logbookofphillip00unse_0022.jpg,2048,3380,n/a,n/a,n/a
23,http://demo.zooniverse.org/whaling-logs-test-data/KWM_51_JPGs/logbookofphillip00unse_0023.jpg,http://demo.zooniverse.org/whaling-logs-test-data/KWM_51_JPGs/logbookofphillip00unse_0023.jpg,2048,3380,n/a,n/a,n/a
24,http://demo.zooniverse.org/whaling-logs-test-data/KWM_51_JPGs/logbookofphillip00unse_0024.jpg,http://demo.zooniverse.org/whaling-logs-test-data/KWM_51_JPGs/logbookofphillip00unse_0024.jpg,2048,3380,n/a,n/a,n/a
25,http://demo.zooniverse.org/whaling-logs-test-data/KWM_51_JPGs/logbookofphillip00unse_0025.jpg,http://demo.zooniverse.org/whaling-logs-test-data/KWM_51_JPGs/logbookofphillip00unse_0025.jpg,2048,3380,n/a,n/a,n/a
