{"id":"56b100ad7061755afbf81100","meta_data":{"capture_uuid":"e2d1b360-00b1-0133-7643-58d385a7bbd0","page_uri":"http://digitalcollections.nypl.org/items/e2d1b360-00b1-0133-7643-58d385a7bbd0","book_uri":"http://digitalcollections.nypl.org/items/df712aa0-00b1-0133-fbd7-58d385a7bbd0","source_rotated":"0.923143","source_x":"1219.18","source_y":"0","source_w":"1374.82","source_h":"1008.91"},"type":"final_subject_set","search_terms_by_field":{"Record Number":["521"],"Mortgager":["Michael Sheehy"],"Street Address":["49 East Broadway"],"Land \u0026 Building Dimensions":["25 x 75","25 x 50"],"Stories \u0026 Materials":["5","brick"],"Additional Info":["house"],"Record Date":["\"1879 November\"","1871. Decemb 5"],"Valuation Date":["1874 November","1879 November"],"Land \u0026 Building Value":[],"Total Value":["$15,000"],"Amount Loaned":["$8,000"]},"subjects":[{"id":"56b176fc50617568bba41000","type":"root","location":{"standard":"https://s3.amazonaws.com/scribe.nypl.org/emigrant-s4/full/e2d1b360-00b1-0133-7643-58d385a7bbd0.right-top.jpg","thumbnail":"https://s3.amazonaws.com/scribe.nypl.org/emigrant-s4/thumb/e2d1b360-00b1-0133-7643-58d385a7bbd0.right-top.jpg"},"status":"retired","width":1374,"height":1008,"meta_data":{"capture_uuid":"e2d1b360-00b1-0133-7643-58d385a7bbd0","page_uri":"http://digitalcollections.nypl.org/items/e2d1b360-00b1-0133-7643-58d385a7bbd0","book_uri":"http://digitalcollections.nypl.org/items/df712aa0-00b1-0133-fbd7-58d385a7bbd0","source_rotated":"0.923143","source_x":"1219.18","source_y":"0","source_w":"1374.82","source_h":"1008.91"},"assertions":[{"id":"56b176fc50617568bba51000","status":"awaiting_votes","name":"Record Number","created_in_workflow":"transcribe","confidence":0.6666666666666666,"data":{"value":"521"},"versions":[{"data":{"value":"521"},"votes":2,"confidence":0.6666666666666666,"instances":[{"created":"2015-11-20T01:08:01Z","user_id":"564b62033863320003ba0500","duration":4.222},{"created":"2015-11-20T02:41:18Z","user_id":"564e87966438310003a41000","duration":6.748}]},{"data":{"value":"\"521\""},"votes":1,"confidence":0.3333333333333333,"instances":[{"created":"2015-11-20T00:10:18Z","user_id":"564e58f46438310003990c00","duration":12.183}]}],"region":{"x":974.15508523805,"y":34.962063732928684,"width":118.87101669195746,"height":53.60849772382397,"label":"Record Number","shape":"rectangle"},"task_key":"em_record_number","instructions":{"mark":"Record Number","transcribe":"Enter the record number"}},{"id":"56b176fc50617568bba61000","status":"awaiting_votes","name":"Mortgager","created_in_workflow":"transcribe","confidence":0.6666666666666666,"data":{"value":"Michael Sheehy"},"versions":[{"data":{"value":"Michael Sheehy"},"votes":2,"confidence":0.6666666666666666,"instances":[{"created":"2015-11-20T01:08:20Z","user_id":"564b62033863320003ba0500","duration":5.772},{"created":"2015-11-20T02:42:04Z","user_id":"564e87966438310003a41000","duration":11.836}]},{"data":{"value":"\"Michael Sheehy\""},"votes":1,"confidence":0.3333333333333333,"instances":[{"created":"2015-11-20T00:11:48Z","user_id":"564e58f46438310003990c00","duration":13.076}]}],"region":{"x":471.86676960830806,"y":536.0849772382395,"width":339.13201820940816,"height":66.42792109256459,"label":"Mortgager Name","shape":"rectangle"},"task_key":"em_record_mortgager","instructions":{"mark":"Mortgager Name","transcribe":"Enter the mortgager's name"}},{"id":"56b176fc50617568bba71000","status":"awaiting_votes","name":"Street Address","created_in_workflow":"transcribe","confidence":0.3333333333333333,"data":{"value":"49 East Broadway"},"versions":[{"data":{"value":"49 East Broadway"},"votes":1,"confidence":0.3333333333333333,"instances":[{"created":"2015-11-20T00:09:34Z","user_id":"563f8b7a3264340003774b00","duration":21.072}]},{"data":{"value":"No. 49 East Boradway"},"votes":1,"confidence":0.3333333333333333,"instances":[{"created":"2015-11-20T01:08:34Z","user_id":"564b62033863320003ba0500","duration":5.484}]},{"data":{"value":"No.49 East Broadway"},"votes":1,"confidence":0.3333333333333333,"instances":[{"created":"2015-11-20T02:42:38Z","user_id":"564e87966438310003a41000","duration":15.127}]}],"region":{"x":503.3326269679439,"y":578.0394537177542,"width":379.92109256449163,"height":58.270106221547735,"label":"Street Address","shape":"rectangle"},"task_key":"em_record_street_address","instructions":{"mark":"Street Address","transcribe":"Enter the street address"}},{"id":"56b176fc50617568bba81000","status":"awaiting_transcriptions","name":"Land \u0026 Building Dimensions","created_in_workflow":"transcribe","confidence":0.3333333333333333,"data":{"em_survey_land_dimensions":"25 x 75","em_survey_building_dimensions":"25 x 50"},"versions":[{"data":{"em_survey_land_dimensions":"25 x 75","em_survey_building_dimensions":"25 x 50"},"votes":1,"confidence":0.3333333333333333,"instances":[{"created":"2015-11-20T00:09:50Z","user_id":"563f8b7a3264340003774b00","duration":15.855}]}],"region":{"x":524.3098652077011,"y":624.6555386949924,"width":445.18361153262515,"height":80.41274658573604,"label":"Dimension \u0026 Description","shape":"rectangle"},"task_key":"em_record_survey","instructions":{"mark":"Dimension \u0026 Description","transcribe":"Enter, as they appear, any land and building dimensions that were recorded. In the next screen, you'll enter the descriptive information."}},{"id":"56b176fc50617568bba91000","status":"awaiting_transcriptions","name":"Stories \u0026 Materials","created_in_workflow":"transcribe","confidence":0.3333333333333333,"data":{"em_record_stories":"5","em_record_material":"brick"},"versions":[{"data":{"em_record_stories":"5","em_record_material":"brick"},"votes":1,"confidence":0.3333333333333333,"instances":[{"created":"2015-11-20T00:09:59Z","user_id":"563f8b7a3264340003774b00","duration":8.912}]}],"region":{"x":524.3098652077011,"y":624.6555386949924,"width":445.18361153262515,"height":80.41274658573604,"label":"Dimension \u0026 Description","shape":"rectangle"},"task_key":"em_record_survey_stories_materials","instructions":{"mark":"Dimension \u0026 Description","transcribe":"Enter, as they appear, the number of stories and the building materials."}},{"id":"56b176fc50617568bbaa1000","status":"awaiting_transcriptions","name":"Additional Info","created_in_workflow":"transcribe","confidence":0.3333333333333333,"data":{"value":"house"},"versions":[{"data":{"value":"house"},"votes":1,"confidence":0.3333333333333333,"instances":[{"created":"2015-11-20T00:10:02Z","user_id":"563f8b7a3264340003774b00","duration":3.17}]}],"region":{"x":524.3098652077011,"y":624.6555386949924,"width":445.18361153262515,"height":80.41274658573604,"label":"Dimension \u0026 Description","shape":"rectangle"},"task_key":"em_record_survey_additional_info","instructions":{"mark":"Dimension \u0026 Description","transcribe":"Enter any additional information you find about the building's construction or significance."}},{"id":"56b176fc50617568bbab1000","status":"awaiting_transcriptions","name":"Record Date","created_in_workflow":"transcribe","confidence":0.3333333333333333,"data":{"value":"\"1879 November\""},"versions":[{"data":{"value":"\"1879 November\""},"votes":1,"confidence":0.3333333333333333,"instances":[{"created":"2015-11-20T00:15:27Z","user_id":"564e58f46438310003990c00","duration":19.146}]},{"data":{"value":"1879 November"},"votes":1,"confidence":0.3333333333333333,"instances":[{"created":"2015-12-19T03:45:11Z","user_id":"5674cd4d6139330003b80000","duration":11.398}]}],"region":{"x":118.74992590572838,"y":748.1881638846738,"width":148.00606980273142,"height":123.53262518968131,"label":"Record Date","shape":"rectangle"},"task_key":"em_record_date","instructions":{"mark":"Record Date","transcribe":"Enter the record date"}},{"id":"56b176fc50617568bbac1000","status":"awaiting_votes","name":"Record Date","created_in_workflow":"verify","confidence":0.3333333333333333,"data":{"value":"1871. Decemb 5"},"versions":[{"data":{"value":"1871. Decemb 5"},"votes":1,"confidence":0.3333333333333333,"instances":[{"created":"2016-01-03T16:51:57Z","user_id":"56748e5e3564620003fd0100","duration":10.528}]}],"region":{"x":124.57693652788316,"y":88.57056145675266,"width":157.32928679817906,"height":99.05918057663128,"label":"Record Date","shape":"rectangle"},"task_key":"em_transcribed_date","instructions":{"mark":"Record Date","transcribe":"Enter the record date","verify":"Choose the best transcription or enter your own!"}},{"id":"56b176fc50617568bbad1000","status":"awaiting_transcriptions","name":"Valuation Date","created_in_workflow":"transcribe","confidence":0.3333333333333333,"data":{"value":"1874 November"},"versions":[{"data":{"value":"1874 November"},"votes":1,"confidence":0.3333333333333333,"instances":[{"created":"2016-01-15T23:43:05Z","user_id":"5699825c6166370003450400","duration":15.848}]},{"data":{"value":"1879 November"},"votes":1,"confidence":0.3333333333333333,"instances":[{"created":"2016-01-16T00:03:27Z","user_id":"569988683534370003960600","duration":7.593}]}],"region":{"x":108.66955579631636,"y":733.8757765385969,"width":177.1462621885157,"height":116.11016342801327,"label":"Valuation","shape":"rectangle"},"task_key":"em_record_valuation","instructions":{"mark":"Valuation","transcribe":"Enter the date of the valuation (if one is given). In the next screen, you'll enter the valuation's dollar amounts."}},{"id":"56b176fc50617568bbae1000","status":"awaiting_transcriptions","name":"Valuation Date","created_in_workflow":"transcribe","confidence":0.3333333333333333,"data":{"value":"1879 November"},"versions":[{"data":{"value":"1879 November"},"votes":1,"confidence":0.3333333333333333,"instances":[{"created":"2015-11-20T00:11:35Z","user_id":"563f8b7a3264340003774b00","duration":15.731}]}],"region":{"x":300.55265731695755,"y":758.6767830045524,"width":534.9195751138088,"height":83.90895295902885,"label":"Valuation","shape":"rectangle"},"task_key":"em_record_valuation","instructions":{"mark":"Valuation","transcribe":"Enter the date of the valuation (if one is given). In the next screen, you'll enter the valuation's dollar amounts."}},{"id":"56b176fc50617568bbaf1000","status":"awaiting_transcriptions","name":"Land \u0026 Building Value","created_in_workflow":"transcribe","confidence":0.3333333333333333,"data":{"em_valuation_ground":""},"versions":[{"data":{"em_valuation_ground":""},"votes":1,"confidence":0.3333333333333333,"instances":[{"created":"2015-11-20T00:11:38Z","user_id":"563f8b7a3264340003774b00","duration":3.048}]}],"region":{"x":300.55265731695755,"y":758.6767830045524,"width":534.9195751138088,"height":83.90895295902885,"label":"Valuation","shape":"rectangle"},"task_key":"em_record_valuation_ground_building","instructions":{"mark":"Valuation","transcribe":"Sometimes valuations include itemized dollar values for \"ground\" and \"building\". Enter these amounts if you can find them. In the next screen, you'll enter the total valuation."}},{"id":"56b176fc50617568bbb01000","status":"awaiting_transcriptions","name":"Total Value","created_in_workflow":"transcribe","confidence":0.3333333333333333,"data":{"value":"$15,000"},"versions":[{"data":{"value":"$15,000"},"votes":1,"confidence":0.3333333333333333,"instances":[{"created":"2015-11-20T00:11:50Z","user_id":"563f8b7a3264340003774b00","duration":12.312}]}],"region":{"x":300.55265731695755,"y":758.6767830045524,"width":534.9195751138088,"height":83.90895295902885,"label":"Valuation","shape":"rectangle"},"task_key":"em_record_valuation_total","instructions":{"mark":"Valuation","transcribe":"Enter the valuation ***total*** (if one is given)"}},{"id":"56b176fc50617568bbb11000","status":"awaiting_votes","name":"Amount Loaned","created_in_workflow":"transcribe","confidence":0.3333333333333333,"data":{"value":"$8,000"},"versions":[{"data":{"value":"$8,000"},"votes":1,"confidence":0.3333333333333333,"instances":[{"created":"2015-11-20T00:11:10Z","user_id":"563f8b7a3264340003774b00","duration":7.188}]},{"data":{"value":""},"votes":1,"confidence":0.3333333333333333,"instances":[{"created":"2015-11-20T02:44:15Z","user_id":"564e87966438310003a41000","duration":4.11}]},{"data":{"value":"8000"},"votes":1,"confidence":0.3333333333333333,"instances":[{"created":"2015-11-20T03:50:01Z","user_id":"5642b89c35643800037e0f00","duration":11.802}]}],"region":{"x":1169.9426421424507,"y":727.2109256449165,"width":146.8406676783004,"height":83.90895295902885,"label":"Amount Loaned","shape":"rectangle"},"task_key":"em_record_amount_loaned","instructions":{"mark":"Amount Loaned","transcribe":"Enter the Amount Loaned"}}]}]}