{"id":"56b100c97061755afbf31300","meta_data":{"capture_uuid":"e32967f0-00b1-0133-7e73-58d385a7bbd0","page_uri":"http://digitalcollections.nypl.org/items/e32967f0-00b1-0133-7e73-58d385a7bbd0","book_uri":"http://digitalcollections.nypl.org/items/df712aa0-00b1-0133-fbd7-58d385a7bbd0","source_rotated":"0.811263","source_x":"1217.3","source_y":"0","source_w":"1372.7","source_h":"998.62"},"type":"final_subject_set","search_terms_by_field":{"Record Number":["573"],"Mortgager":["Fernando Wood"],"Street Address":["Boulevard, 11th Avenue, 81st \u0026 82nd Streets"],"Land \u0026 Building Dimensions":["204.4 on 11th Av.e  204.10 on Boulevard, 254.10 on 81st and 257 on 82d Streets"],"Record Date":["1872 April 5"],"Valuation Date":["1879. November"],"Land \u0026 Building Value":[],"Total Value":["$80,000."],"Amount Loaned":["$50,000"]},"subjects":[{"id":"56b1771750617568bb7e1200","type":"root","location":{"standard":"https://s3.amazonaws.com/scribe.nypl.org/emigrant-s4/full/e32967f0-00b1-0133-7e73-58d385a7bbd0.right-top.jpg","thumbnail":"https://s3.amazonaws.com/scribe.nypl.org/emigrant-s4/thumb/e32967f0-00b1-0133-7e73-58d385a7bbd0.right-top.jpg"},"status":"active","width":1372,"height":998,"meta_data":{"capture_uuid":"e32967f0-00b1-0133-7e73-58d385a7bbd0","page_uri":"http://digitalcollections.nypl.org/items/e32967f0-00b1-0133-7e73-58d385a7bbd0","book_uri":"http://digitalcollections.nypl.org/items/df712aa0-00b1-0133-fbd7-58d385a7bbd0","source_rotated":"0.811263","source_x":"1217.3","source_y":"0","source_w":"1372.7","source_h":"998.62"},"assertions":[{"id":"56b1771750617568bb7f1200","status":"complete","name":"Record Number","created_in_workflow":"transcribe","confidence":1.0,"data":{"value":"573"},"versions":[{"data":{"value":"573"},"votes":3,"confidence":1.0,"instances":[{"created":"2015-12-26T05:26:20Z","user_id":"567e1bfe6437360003030200","duration":3.433},{"created":"2015-12-27T02:52:32Z","user_id":"567f35e03037360003d10000","duration":7.555},{"created":"2015-12-27T04:11:28Z","user_id":"567f62713564660003400500","duration":330.842}]}],"region":{"x":972.1397586055538,"y":20.772395401401695,"width":109.05507739222855,"height":81.0123420654666,"label":"Record Number","shape":"rectangle"},"task_key":"em_record_number","instructions":{"mark":"Record Number","transcribe":"Enter the record number"}},{"id":"56b1771750617568bb801200","status":"complete","name":"Mortgager","created_in_workflow":"transcribe","confidence":1.0,"data":{"value":"Fernando Wood"},"versions":[{"data":{"value":"Fernando Wood"},"votes":3,"confidence":1.0,"instances":[{"created":"2015-12-26T05:26:33Z","user_id":"567e1bfe6437360003030200","duration":6.067},{"created":"2015-12-27T02:53:12Z","user_id":"567f35e03037360003d10000","duration":7.132},{"created":"2015-12-27T04:13:24Z","user_id":"567f62713564660003400500","duration":14.014}]}],"region":{"x":438.28918927597834,"y":525.5416036554628,"width":292.890779281985,"height":78.93510252532639,"label":"Mortgager Name","shape":"rectangle"},"task_key":"em_record_mortgager","instructions":{"mark":"Mortgager Name","transcribe":"Enter the mortgager's name"}},{"id":"56b1771750617568bb811200","status":"awaiting_transcriptions","name":"Street Address","created_in_workflow":"transcribe","confidence":0.3333333333333333,"data":{"value":"Boulevard, 11th Avenue, 81st \u0026 82nd Streets"},"versions":[{"data":{"value":"Boulevard, 11th Avenue, 81st \u0026 82nd Streets"},"votes":1,"confidence":0.3333333333333333,"instances":[{"created":"2015-12-27T04:14:46Z","user_id":"567f62713564660003400500","duration":81.85}]},{"data":{"value":"Boulevard, 11th Avenue, 81st \u0026 82d Streets"},"votes":1,"confidence":0.3333333333333333,"instances":[{"created":"2015-12-27T12:32:41Z","user_id":"56748e5e3564620003fd0100","duration":57.364}]}],"region":{"x":467.3705432472393,"y":567.0863944582662,"width":520.3485121286329,"height":57.124087353854605,"label":"Street Address","shape":"rectangle"},"task_key":"em_record_street_address","instructions":{"mark":"Street Address","transcribe":"Enter the street address"}},{"id":"56b1771750617568bb821200","status":"retired","name":null,"created_in_workflow":"mark","confidence":1.0,"data":{"belongsToUser":"true","toolName":"rectangleTool","userCreated":"true","subToolIndex":"3","color":"magenta","isTranscribable":"true","x":"513.0698137735064","y":"423.75686618859453","width":"627.3263499514856","height":"86.20544091581706","_key":"0.2354274292010814","status":"mark","isUncommitted":"true"},"versions":null,"region":{"x":513.0698137735064,"y":423.75686618859453,"width":627.3263499514856,"height":86.20544091581706,"label":"Street Address","shape":"rectangle"},"task_key":"mark_primary","instructions":{"mark":""}},{"id":"56b1771750617568bb831200","status":"awaiting_transcriptions","name":"Land \u0026 Building Dimensions","created_in_workflow":"transcribe","confidence":0.3333333333333333,"data":{"em_survey_land_dimensions":"204.4 on 11th Av.e  204.10 on Boulevard, 254.10 on 81st and 257 on 82d Streets"},"versions":[{"data":{"em_survey_land_dimensions":"204.4 on 11th Av.e  204.10 on Boulevard, 254.10 on 81st and 257 on 82d Streets"},"votes":1,"confidence":0.3333333333333333,"instances":[{"created":"2015-12-26T17:21:22Z","user_id":"567ec3d36633660003170400","duration":195.681}]},{"data":{"em_survey_land_dimensions":"204.4 x 204.10 x 254.10 x 257 being ab't 22 lots"},"votes":1,"confidence":0.3333333333333333,"instances":[{"created":"2015-12-27T12:35:43Z","user_id":"56748e5e3564620003fd0100","duration":172.789}]}],"region":{"x":265.87830501778865,"y":608.6311852610696,"width":980.457076745368,"height":97.63025838658803,"label":"Dimension \u0026 Description","shape":"rectangle"},"task_key":"em_record_survey","instructions":{"mark":"Dimension \u0026 Description","transcribe":"Enter, as they appear, any land and building dimensions that were recorded. In the next screen, you'll enter the descriptive information."}},{"id":"56b1771750617568bb841200","status":"complete","name":"Record Date","created_in_workflow":"transcribe","confidence":1.0,"data":{"value":"1872 April 5"},"versions":[{"data":{"value":"1872 April 5"},"votes":3,"confidence":1.0,"instances":[{"created":"2015-12-26T05:26:27Z","user_id":"567e1bfe6437360003030200","duration":4.302},{"created":"2015-12-27T02:52:40Z","user_id":"567f35e03037360003d10000","duration":8.715},{"created":"2015-12-27T04:11:40Z","user_id":"567f62713564660003400500","duration":11.828}]}],"region":{"x":92.42880097491106,"y":76.85786298518627,"width":201.49223822945066,"height":147.484007349952,"label":"Record Date","shape":"rectangle"},"task_key":"em_record_date","instructions":{"mark":"Record Date","transcribe":"Enter the record date"}},{"id":"56b1771750617568bb851200","status":"awaiting_transcriptions","name":"Valuation Date","created_in_workflow":"transcribe","confidence":0.3333333333333333,"data":{"value":"1879. November"},"versions":[{"data":{"value":"1879. November"},"votes":1,"confidence":0.3333333333333333,"instances":[{"created":"2015-12-26T17:22:41Z","user_id":"567ec3d36633660003170400","duration":18.116}]}],"region":{"x":110.08533731460518,"y":756.1151926110217,"width":659.52356327681,"height":87.244060685887,"label":"Valuation","shape":"rectangle"},"task_key":"em_record_valuation","instructions":{"mark":"Valuation","transcribe":"Enter the date of the valuation (if one is given). In the next screen, you'll enter the valuation's dollar amounts."}},{"id":"56b1771750617568bb861200","status":"awaiting_transcriptions","name":"Land \u0026 Building Value","created_in_workflow":"transcribe","confidence":0.3333333333333333,"data":{"em_valuation_ground":""},"versions":[{"data":{"em_valuation_ground":""},"votes":1,"confidence":0.3333333333333333,"instances":[{"created":"2015-12-26T17:22:45Z","user_id":"567ec3d36633660003170400","duration":4.15}]}],"region":{"x":110.08533731460518,"y":756.1151926110217,"width":659.52356327681,"height":87.244060685887,"label":"Valuation","shape":"rectangle"},"task_key":"em_record_valuation_ground_building","instructions":{"mark":"Valuation","transcribe":"Sometimes valuations include itemized dollar values for \"ground\" and \"building\". Enter these amounts if you can find them. In the next screen, you'll enter the total valuation."}},{"id":"56b1771750617568bb871200","status":"awaiting_transcriptions","name":"Total Value","created_in_workflow":"transcribe","confidence":0.3333333333333333,"data":{"value":"$80,000."},"versions":[{"data":{"value":"$80,000."},"votes":1,"confidence":0.3333333333333333,"instances":[{"created":"2015-12-26T17:22:58Z","user_id":"567ec3d36633660003170400","duration":12.584}]}],"region":{"x":110.08533731460518,"y":756.1151926110217,"width":659.52356327681,"height":87.244060685887,"label":"Valuation","shape":"rectangle"},"task_key":"em_record_valuation_total","instructions":{"mark":"Valuation","transcribe":"Enter the valuation ***total*** (if one is given)"}},{"id":"56b1771750617568bb881200","status":"awaiting_votes","name":"Amount Loaned","created_in_workflow":"transcribe","confidence":0.6666666666666666,"data":{"value":"$50,000"},"versions":[{"data":{"value":"$50,000"},"votes":2,"confidence":0.6666666666666666,"instances":[{"created":"2015-12-27T02:53:51Z","user_id":"567f35e03037360003d10000","duration":9.096},{"created":"2015-12-27T12:36:22Z","user_id":"56748e5e3564620003fd0100","duration":5.917}]},{"data":{"value":"$50,000."},"votes":1,"confidence":0.3333333333333333,"instances":[{"created":"2015-12-26T17:23:07Z","user_id":"567ec3d36633660003170400","duration":9.294}]}],"region":{"x":1116.5079086771705,"y":757.1538123810917,"width":214.99429543039332,"height":70.62614436476576,"label":"Amount Loaned","shape":"rectangle"},"task_key":"em_record_amount_loaned","instructions":{"mark":"Amount Loaned","transcribe":"Enter the Amount Loaned"}}]}]}