{"id":"56b1011f7061755afb441a00","meta_data":{"capture_uuid":"e41d8dc0-00b1-0133-490a-58d385a7bbd0","page_uri":"http://digitalcollections.nypl.org/items/e41d8dc0-00b1-0133-490a-58d385a7bbd0","book_uri":"http://digitalcollections.nypl.org/items/df712aa0-00b1-0133-fbd7-58d385a7bbd0","source_rotated":"0.923143","source_x":"1219.18","source_y":"0","source_w":"1374.82","source_h":"1003.03"},"type":"final_subject_set","search_terms_by_field":{"Record Number":["728"],"Mortgager":["Stephen Lovejoy"],"Street Address":["No. 44 to 50 Rutgers Street"],"Stories \u0026 Materials":["6","brick houses, mantle trimmings"],"Land \u0026 Building Dimensions":["100 x 125, x 113, x 117","100 x 75, 25, 62, and 25 x 25"],"Additional Info":["house"],"Record Date":["1873 July 18"],"Valuation Date":["1879 November","1879 November"],"Total Value":["$90000","$90,000"],"Land \u0026 Building Value":[],"Amount Loaned":["50000"]},"subjects":[{"id":"56b1776e50617568bb681800","type":"root","location":{"standard":"https://s3.amazonaws.com/scribe.nypl.org/emigrant-s4/full/e41d8dc0-00b1-0133-490a-58d385a7bbd0.right-top.jpg","thumbnail":"https://s3.amazonaws.com/scribe.nypl.org/emigrant-s4/thumb/e41d8dc0-00b1-0133-490a-58d385a7bbd0.right-top.jpg"},"status":"retired","width":1374,"height":1003,"meta_data":{"capture_uuid":"e41d8dc0-00b1-0133-490a-58d385a7bbd0","page_uri":"http://digitalcollections.nypl.org/items/e41d8dc0-00b1-0133-490a-58d385a7bbd0","book_uri":"http://digitalcollections.nypl.org/items/df712aa0-00b1-0133-fbd7-58d385a7bbd0","source_rotated":"0.923143","source_x":"1219.18","source_y":"0","source_w":"1374.82","source_h":"1003.03"},"assertions":[{"id":"56b1776e50617568bb691800","status":"complete","name":"Record Number","created_in_workflow":"transcribe","confidence":1.0,"data":{"value":"728"},"versions":[{"data":{"value":"728"},"votes":3,"confidence":1.0,"instances":[{"created":"2015-11-17T03:25:14Z","user_id":"564a98496237610003350300","duration":4.132},{"created":"2015-11-17T04:48:43Z","user_id":"564a92f86532380003d61700","duration":10.934},{"created":"2015-11-17T04:54:05Z","user_id":"5647496e3562310003960400","duration":4.703}]}],"region":{"x":917.8183882177196,"y":24.51167822821867,"width":209.7110453434749,"height":73.53503468465601,"label":"Record Number","shape":"rectangle"},"task_key":"em_record_number","instructions":{"mark":"Record Number","transcribe":"Enter the record number"}},{"id":"56b1776e50617568bb6a1800","status":"complete","name":"Mortgager","created_in_workflow":"transcribe","confidence":1.0,"data":{"value":"Stephen Lovejoy"},"versions":[{"data":{"value":"Stephen Lovejoy"},"votes":3,"confidence":1.0,"instances":[{"created":"2015-11-17T04:49:41Z","user_id":"564a92f86532380003d61700","duration":11.721},{"created":"2015-11-17T04:54:27Z","user_id":"5647496e3562310003960400","duration":22.471},{"created":"2015-11-17T06:26:57Z","user_id":"564ac61b6237610003da0700","duration":15.529}]}],"region":{"x":392.1790148243344,"y":525.6393220051337,"width":287.3313673212546,"height":88.51439360190079,"label":"Mortgager Name","shape":"rectangle"},"task_key":"em_record_mortgager","instructions":{"mark":"Mortgager Name","transcribe":"Enter the mortgager's name"}},{"id":"56b1776e50617568bb6b1800","status":"awaiting_votes","name":"Street Address","created_in_workflow":"transcribe","confidence":0.6666666666666666,"data":{"value":"No. 44 to 50 Rutgers Street"},"versions":[{"data":{"value":"No. 44 to 50 Rutgers Street"},"votes":2,"confidence":0.6666666666666666,"instances":[{"created":"2015-11-17T04:50:19Z","user_id":"564a92f86532380003d61700","duration":38.429},{"created":"2015-11-17T04:54:50Z","user_id":"5647496e3562310003960400","duration":22.959}]},{"data":{"value":"Nos. 44 to 50 Rutgers Street"},"votes":1,"confidence":0.3333333333333333,"instances":[{"created":"2015-11-17T06:27:07Z","user_id":"564ac61b6237610003da0700","duration":10.267}]}],"region":{"x":599.1665400984135,"y":567.8538789537325,"width":409.88977044406465,"height":68.08799507838523,"label":"Street Address","shape":"rectangle"},"task_key":"em_record_street_address","instructions":{"mark":"Street Address","transcribe":"Enter the street address"}},{"id":"56b1776e50617568bb6c1800","status":"awaiting_transcriptions","name":"Stories \u0026 Materials","created_in_workflow":"transcribe","confidence":0.3333333333333333,"data":{"em_record_stories":"6","em_record_material":"brick houses, mantle trimmings"},"versions":[{"data":{"em_record_stories":"6","em_record_material":"brick houses, mantle trimmings"},"votes":1,"confidence":0.3333333333333333,"instances":[{"created":"2015-11-17T06:27:58Z","user_id":"564ac61b6237610003da0700","duration":24.257}]},{"data":{"em_record_stories":"5","em_record_material":"brick, mantle trimmings"},"votes":1,"confidence":0.3333333333333333,"instances":[{"created":"2015-11-17T11:25:49Z","user_id":"564b0ca03164360003630000","duration":15.799}]}],"region":{"x":483.416937149093,"y":608.7066760007637,"width":796.6296202982651,"height":93.96143320817157,"label":"Dimension \u0026 Description","shape":"rectangle"},"task_key":"em_record_survey_stories_materials","instructions":{"mark":"Dimension \u0026 Description","transcribe":"Enter, as they appear, the number of stories and the building materials."}},{"id":"56b1776e50617568bb6d1800","status":"awaiting_transcriptions","name":"Land \u0026 Building Dimensions","created_in_workflow":"transcribe","confidence":0.3333333333333333,"data":{"em_survey_land_dimensions":"100 x 125, x 113, x 117","em_survey_building_dimensions":"100 x 75, 25, 62, and 25 x 25"},"versions":[{"data":{"em_survey_land_dimensions":"100 x 125, x 113, x 117","em_survey_building_dimensions":"100 x 75, 25, 62, and 25 x 25"},"votes":1,"confidence":0.3333333333333333,"instances":[{"created":"2015-11-17T11:25:33Z","user_id":"564b0ca03164360003630000","duration":54.061}]}],"region":{"x":483.416937149093,"y":608.7066760007637,"width":796.6296202982651,"height":93.96143320817157,"label":"Dimension \u0026 Description","shape":"rectangle"},"task_key":"em_record_survey","instructions":{"mark":"Dimension \u0026 Description","transcribe":"Enter, as they appear, any land and building dimensions that were recorded. In the next screen, you'll enter the descriptive information."}},{"id":"56b1776e50617568bb6e1800","status":"awaiting_transcriptions","name":"Additional Info","created_in_workflow":"transcribe","confidence":0.3333333333333333,"data":{"value":"house"},"versions":[{"data":{"value":"house"},"votes":1,"confidence":0.3333333333333333,"instances":[{"created":"2015-11-17T11:25:53Z","user_id":"564b0ca03164360003630000","duration":3.233}]}],"region":{"x":483.416937149093,"y":608.7066760007637,"width":796.6296202982651,"height":93.96143320817157,"label":"Dimension \u0026 Description","shape":"rectangle"},"task_key":"em_record_survey_additional_info","instructions":{"mark":"Dimension \u0026 Description","transcribe":"Enter any additional information you find about the building's construction or significance."}},{"id":"56b1776e50617568bb6f1800","status":"complete","name":"Record Date","created_in_workflow":"transcribe","confidence":1.0,"data":{"value":"1873 July 18"},"versions":[{"data":{"value":"1873 July 18"},"votes":3,"confidence":1.0,"instances":[{"created":"2015-11-09T11:10:59Z","user_id":"56407f423432660003390200","duration":21.595},{"created":"2015-11-17T03:20:48Z","user_id":"5647496e3562310003960400","duration":8.686},{"created":"2015-11-17T06:28:45Z","user_id":"564ac61b6237610003da0700","duration":3.861}]}],"region":{"x":84.42124698261144,"y":70.81151488152061,"width":215.15808548226653,"height":145.7083094677443,"label":"Record Date","shape":"rectangle"},"task_key":"em_record_date","instructions":{"mark":"Record Date","transcribe":"Enter the record date"}},{"id":"56b1776e50617568bb701800","status":"awaiting_transcriptions","name":"Valuation Date","created_in_workflow":"transcribe","confidence":0.6666666666666666,"data":{"value":"1879 November"},"versions":[{"data":{"value":"1879 November"},"votes":2,"confidence":0.6666666666666666,"instances":[{"created":"2016-01-27T23:36:40Z","user_id":"56a94e0830383700035a0100","duration":13.832},{"created":"2016-01-28T00:50:58Z","user_id":"56a959fb3634390003780900","duration":14.526}]}],"region":{"x":113.47377173404513,"y":713.0740563784042,"width":700.8061131485064,"height":121.14591495461059,"label":"Valuation","shape":"rectangle"},"task_key":"em_record_valuation","instructions":{"mark":"Valuation","transcribe":"Enter the date of the valuation (if one is given). In the next screen, you'll enter the valuation's dollar amounts."}},{"id":"56b1776e50617568bb711800","status":"awaiting_transcriptions","name":"Total Value","created_in_workflow":"transcribe","confidence":0.3333333333333333,"data":{"value":"$90000"},"versions":[{"data":{"value":"$90000"},"votes":1,"confidence":0.3333333333333333,"instances":[{"created":"2016-01-27T23:36:49Z","user_id":"56a94e0830383700035a0100","duration":3.849}]},{"data":{"value":"$90.000."},"votes":1,"confidence":0.3333333333333333,"instances":[{"created":"2016-01-28T00:51:27Z","user_id":"56a959fb3634390003780900","duration":17.345}]}],"region":{"x":113.47377173404513,"y":713.0740563784042,"width":700.8061131485064,"height":121.14591495461059,"label":"Valuation","shape":"rectangle"},"task_key":"em_record_valuation_total","instructions":{"mark":"Valuation","transcribe":"Enter the valuation ***total*** (if one is given)"}},{"id":"56b1776e50617568bb721800","status":"awaiting_transcriptions","name":"Valuation Date","created_in_workflow":"transcribe","confidence":0.3333333333333333,"data":{"value":"1879 November"},"versions":[{"data":{"value":"1879 November"},"votes":1,"confidence":0.3333333333333333,"instances":[{"created":"2015-11-17T04:56:18Z","user_id":"5647496e3562310003960400","duration":13.469}]}],"region":{"x":306.3881326383674,"y":750.3297057638049,"width":497.0424126647295,"height":91.23791340503612,"label":"Valuation","shape":"rectangle"},"task_key":"em_record_valuation","instructions":{"mark":"Valuation","transcribe":"Enter the date of the valuation (if one is given). In the next screen, you'll enter the valuation's dollar amounts."}},{"id":"56b1776e50617568bb731800","status":"awaiting_transcriptions","name":"Land \u0026 Building Value","created_in_workflow":"transcribe","confidence":0.3333333333333333,"data":{"em_valuation_ground":""},"versions":[{"data":{"em_valuation_ground":""},"votes":1,"confidence":0.3333333333333333,"instances":[{"created":"2015-11-17T04:56:21Z","user_id":"5647496e3562310003960400","duration":3.197}]}],"region":{"x":306.3881326383674,"y":750.3297057638049,"width":497.0424126647295,"height":91.23791340503612,"label":"Valuation","shape":"rectangle"},"task_key":"em_record_valuation_ground_building","instructions":{"mark":"Valuation","transcribe":"Sometimes valuations include itemized dollar values for \"ground\" and \"building\". Enter these amounts if you can find them. In the next screen, you'll enter the total valuation."}},{"id":"56b1776e50617568bb741800","status":"awaiting_transcriptions","name":"Total Value","created_in_workflow":"transcribe","confidence":0.3333333333333333,"data":{"value":"$90,000"},"versions":[{"data":{"value":"$90,000"},"votes":1,"confidence":0.3333333333333333,"instances":[{"created":"2015-11-17T04:56:29Z","user_id":"5647496e3562310003960400","duration":7.367}]}],"region":{"x":306.3881326383674,"y":750.3297057638049,"width":497.0424126647295,"height":91.23791340503612,"label":"Valuation","shape":"rectangle"},"task_key":"em_record_valuation_total","instructions":{"mark":"Valuation","transcribe":"Enter the valuation ***total*** (if one is given)"}},{"id":"56b1776e50617568bb751800","status":"awaiting_votes","name":"Amount Loaned","created_in_workflow":"transcribe","confidence":0.6666666666666666,"data":{"value":"50000"},"versions":[{"data":{"value":"50000"},"votes":2,"confidence":0.6666666666666666,"instances":[{"created":"2015-11-17T04:52:49Z","user_id":"564a92f86532380003d61700","duration":9.664},{"created":"2015-11-17T06:28:23Z","user_id":"564ac61b6237610003da0700","duration":2.909}]},{"data":{"value":"$50000"},"votes":1,"confidence":0.3333333333333333,"instances":[{"created":"2015-11-17T04:56:05Z","user_id":"5647496e3562310003960400","duration":5.583}]}],"region":{"x":1165.6587145327355,"y":736.7121067481279,"width":162.04944412904865,"height":61.279195570546676,"label":"Amount Loaned","shape":"rectangle"},"task_key":"em_record_amount_loaned","instructions":{"mark":"Amount Loaned","transcribe":"Enter the Amount Loaned"}}]}]}