{"id":"56b100227061755afbb20700","meta_data":{"capture_uuid":"e11b8e90-00b1-0133-fde0-58d385a7bbd0","page_uri":"http://digitalcollections.nypl.org/items/e11b8e90-00b1-0133-fde0-58d385a7bbd0","book_uri":"http://digitalcollections.nypl.org/items/df712aa0-00b1-0133-fbd7-58d385a7bbd0","source_rotated":"1.45446","source_x":"1226.67","source_y":"0","source_w":"1383.33","source_h":"1012.3399999999999"},"type":"final_subject_set","search_terms_by_field":{"Record Number":["287"],"Mortgager":["Samuel Conlon"],"Street Address":["No. 39 Mott St."],"Land \u0026 Building Dimensions":["21.1x93.3"],"Stories \u0026 Materials":["2","brick"],"Additional Info":[],"Record Date":["1867 May 11"],"Valuation Date":["N/A"],"Land \u0026 Building Value":["n/a"],"Total Value":["n/a"],"Amount Loaned":["4500"]},"subjects":[{"id":"56b1766c50617568bb020700","type":"root","location":{"standard":"https://s3.amazonaws.com/scribe.nypl.org/emigrant-s4/full/e11b8e90-00b1-0133-fde0-58d385a7bbd0.right-top.jpg","thumbnail":"https://s3.amazonaws.com/scribe.nypl.org/emigrant-s4/thumb/e11b8e90-00b1-0133-fde0-58d385a7bbd0.right-top.jpg"},"status":"active","width":1383,"height":1012,"meta_data":{"capture_uuid":"e11b8e90-00b1-0133-fde0-58d385a7bbd0","page_uri":"http://digitalcollections.nypl.org/items/e11b8e90-00b1-0133-fde0-58d385a7bbd0","book_uri":"http://digitalcollections.nypl.org/items/df712aa0-00b1-0133-fbd7-58d385a7bbd0","source_rotated":"1.45446","source_x":"1226.67","source_y":"0","source_w":"1383.33","source_h":"1012.3399999999999"},"assertions":[{"id":"56b1766c50617568bb030700","status":"awaiting_votes","name":"Record Number","created_in_workflow":"transcribe","confidence":0.6666666666666666,"data":{"value":"287"},"versions":[{"data":{"value":"287"},"votes":2,"confidence":0.6666666666666666,"instances":[{"created":"2016-01-05T15:06:04Z","user_id":"568ac34a3237350003b80500","duration":2.943},{"created":"2016-01-05T23:29:04Z","user_id":"568c39f93761610003bb0600","duration":4.546}]},{"data":{"value":"287."},"votes":1,"confidence":0.3333333333333333,"instances":[{"created":"2016-01-05T18:04:53Z","user_id":"568bfed86136360003d70000","duration":5.991}]}],"region":{"x":987.245532053124,"y":43.04511976117107,"width":95.80863813173778,"height":55.54209001441429,"label":"Record Number","shape":"rectangle"},"task_key":"em_record_number","instructions":{"mark":"Record Number","transcribe":"Enter the record number"}},{"id":"56b1766c50617568bb040700","status":"complete","name":"Mortgager","created_in_workflow":"transcribe","confidence":1.0,"data":{"value":"Samuel Conlon"},"versions":[{"data":{"value":"Samuel Conlon"},"votes":3,"confidence":1.0,"instances":[{"created":"2016-01-05T15:06:17Z","user_id":"568ac34a3237350003b80500","duration":3.477},{"created":"2016-01-05T18:06:26Z","user_id":"568bfed86136360003d70000","duration":16.391},{"created":"2016-01-05T23:50:52Z","user_id":"567ac7e161383400030e0500","duration":9.623}]}],"region":{"x":476.26612868385587,"y":534.5926163887375,"width":322.13918908062556,"height":47.21077651225221,"label":"Mortgager Name","shape":"rectangle"},"task_key":"em_record_mortgager","instructions":{"mark":"Mortgager Name","transcribe":"Enter the mortgager's name"}},{"id":"56b1766c50617568bb050700","status":"awaiting_votes","name":"Street Address","created_in_workflow":"transcribe","confidence":0.6666666666666666,"data":{"value":"No. 39 Mott St."},"versions":[{"data":{"value":"No. 39 Mott St."},"votes":2,"confidence":0.6666666666666666,"instances":[{"created":"2016-01-05T15:06:30Z","user_id":"568ac34a3237350003b80500","duration":5.086},{"created":"2016-01-05T23:51:01Z","user_id":"567ac7e161383400030e0500","duration":8.455}]},{"data":{"value":"No. 39. Mott St."},"votes":1,"confidence":0.3333333333333333,"instances":[{"created":"2016-01-05T18:07:04Z","user_id":"568bfed86136360003d70000","duration":15.318}]}],"region":{"x":506.8138104070187,"y":570.6949748981068,"width":266.597949583966,"height":47.21077651225221,"label":"Street Address","shape":"rectangle"},"task_key":"em_record_street_address","instructions":{"mark":"Street Address","transcribe":"Enter the street address"}},{"id":"56b1766c50617568bb060700","status":"awaiting_transcriptions","name":"Land \u0026 Building Dimensions","created_in_workflow":"transcribe","confidence":0.3333333333333333,"data":{"em_survey_land_dimensions":"21.1x93.3"},"versions":[{"data":{"em_survey_land_dimensions":"21.1x93.3"},"votes":1,"confidence":0.3333333333333333,"instances":[{"created":"2016-01-06T03:39:10Z","user_id":"568c39f93761610003bb0600","duration":3546.029}]}],"region":{"x":513.7564653441011,"y":606.797333407476,"width":810.9020966512298,"height":87.4787917727025,"label":"Dimension \u0026 Description","shape":"rectangle"},"task_key":"em_record_survey","instructions":{"mark":"Dimension \u0026 Description","transcribe":"Enter, as they appear, any land and building dimensions that were recorded. In the next screen, you'll enter the descriptive information."}},{"id":"56b1766c50617568bb070700","status":"awaiting_transcriptions","name":"Stories \u0026 Materials","created_in_workflow":"transcribe","confidence":0.3333333333333333,"data":{"em_record_stories":"2","em_record_material":"brick"},"versions":[{"data":{"em_record_stories":"2","em_record_material":"brick"},"votes":1,"confidence":0.3333333333333333,"instances":[{"created":"2016-01-06T03:39:25Z","user_id":"568c39f93761610003bb0600","duration":14.756}]}],"region":{"x":513.7564653441011,"y":606.797333407476,"width":810.9020966512298,"height":87.4787917727025,"label":"Dimension \u0026 Description","shape":"rectangle"},"task_key":"em_record_survey_stories_materials","instructions":{"mark":"Dimension \u0026 Description","transcribe":"Enter, as they appear, the number of stories and the building materials."}},{"id":"56b1766c50617568bb080700","status":"awaiting_transcriptions","name":"Additional Info","created_in_workflow":"transcribe","confidence":0.3333333333333333,"data":{"value":""},"versions":[{"data":{"value":""},"votes":1,"confidence":0.3333333333333333,"instances":[{"created":"2016-01-06T03:39:26Z","user_id":"568c39f93761610003bb0600","duration":1.494}]}],"region":{"x":513.7564653441011,"y":606.797333407476,"width":810.9020966512298,"height":87.4787917727025,"label":"Dimension \u0026 Description","shape":"rectangle"},"task_key":"em_record_survey_additional_info","instructions":{"mark":"Dimension \u0026 Description","transcribe":"Enter any additional information you find about the building's construction or significance."}},{"id":"56b1766c50617568bb090700","status":"complete","name":"Record Date","created_in_workflow":"transcribe","confidence":1.0,"data":{"value":"1867 May 11"},"versions":[{"data":{"value":"1867 May 11"},"votes":3,"confidence":1.0,"instances":[{"created":"2016-01-05T15:06:10Z","user_id":"568ac34a3237350003b80500","duration":5.703},{"created":"2016-01-05T18:05:08Z","user_id":"568bfed86136360003d70000","duration":10.428},{"created":"2016-01-05T23:29:23Z","user_id":"568c39f93761610003bb0600","duration":11.895}]}],"region":{"x":133.298974791983,"y":63.87340351657643,"width":174.95490441447765,"height":122.19259803171143,"label":"Record Date","shape":"rectangle"},"task_key":"em_record_date","instructions":{"mark":"Record Date","transcribe":"Enter the record date"}},{"id":"56b1766c50617568bb0a0700","status":"awaiting_transcriptions","name":"Valuation Date","created_in_workflow":"transcribe","confidence":0.3333333333333333,"data":{"value":"N/A"},"versions":[{"data":{"value":"N/A"},"votes":1,"confidence":0.3333333333333333,"instances":[{"created":"2016-01-06T03:39:43Z","user_id":"568c39f93761610003bb0600","duration":10.119}]}],"region":{"x":498.4826244825197,"y":690.1104684290975,"width":224.94201996147132,"height":47.210776512252096,"label":"Valuation","shape":"rectangle"},"task_key":"em_record_valuation","instructions":{"mark":"Valuation","transcribe":"Enter the date of the valuation (if one is given). In the next screen, you'll enter the valuation's dollar amounts."}},{"id":"56b1766c50617568bb0b0700","status":"awaiting_transcriptions","name":"Land \u0026 Building Value","created_in_workflow":"transcribe","confidence":0.3333333333333333,"data":{"em_valuation_ground":"n/a"},"versions":[{"data":{"em_valuation_ground":"n/a"},"votes":1,"confidence":0.3333333333333333,"instances":[{"created":"2016-01-06T03:39:55Z","user_id":"568c39f93761610003bb0600","duration":12.001}]}],"region":{"x":498.4826244825197,"y":690.1104684290975,"width":224.94201996147132,"height":47.210776512252096,"label":"Valuation","shape":"rectangle"},"task_key":"em_record_valuation_ground_building","instructions":{"mark":"Valuation","transcribe":"Sometimes valuations include itemized dollar values for \"ground\" and \"building\". Enter these amounts if you can find them. In the next screen, you'll enter the total valuation."}},{"id":"56b1766c50617568bb0c0700","status":"awaiting_transcriptions","name":"Total Value","created_in_workflow":"transcribe","confidence":0.3333333333333333,"data":{"value":"n/a"},"versions":[{"data":{"value":"n/a"},"votes":1,"confidence":0.3333333333333333,"instances":[{"created":"2016-01-06T03:48:20Z","user_id":"568c39f93761610003bb0600","duration":505.032}]}],"region":{"x":498.4826244825197,"y":690.1104684290975,"width":224.94201996147132,"height":47.210776512252096,"label":"Valuation","shape":"rectangle"},"task_key":"em_record_valuation_total","instructions":{"mark":"Valuation","transcribe":"Enter the valuation ***total*** (if one is given)"}},{"id":"56b1766c50617568bb0d0700","status":"complete","name":"Amount Loaned","created_in_workflow":"transcribe","confidence":1.0,"data":{"value":"4500"},"versions":[{"data":{"value":"4500"},"votes":3,"confidence":1.0,"instances":[{"created":"2016-01-05T15:06:55Z","user_id":"568ac34a3237350003b80500","duration":2.759},{"created":"2016-01-06T03:48:31Z","user_id":"568c39f93761610003bb0600","duration":11.124},{"created":"2016-01-06T05:38:04Z","user_id":"568ca7216136360003710400","duration":5.6}]}],"region":{"x":506.81381040701865,"y":737.3212449413496,"width":144.40722269131493,"height":48.59932876261257,"label":"Amount Loaned","shape":"rectangle"},"task_key":"em_record_amount_loaned","instructions":{"mark":"Amount Loaned","transcribe":"Enter the Amount Loaned"}}]}]}