{"id":"56b1011d7061755afb291a00","meta_data":{"capture_uuid":"e41d8dc0-00b1-0133-490a-58d385a7bbd0","page_uri":"http://digitalcollections.nypl.org/items/e41d8dc0-00b1-0133-490a-58d385a7bbd0","book_uri":"http://digitalcollections.nypl.org/items/df712aa0-00b1-0133-fbd7-58d385a7bbd0","source_rotated":"0.923143","source_x":"0","source_y":"0","source_w":"1374.82","source_h":"982.56"},"type":"final_subject_set","search_terms_by_field":{"Record Number":["184","726"],"Mortgager":["William Callahan"],"Street Address":["No. 125 Madison Street"],"Land \u0026 Building Dimensions":["25.4 x 100","23 x 42"],"Stories \u0026 Materials":["4","brick"],"Additional Info":["House \u0026 Stable in the rear"],"Record Date":["1873 May 28"],"Valuation Date":["1879 November","1879 November "],"Land \u0026 Building Value":[],"Total Value":["12000","$12000"],"Amount Loaned":["$7500"]},"subjects":[{"id":"56b1776c50617568bb4f1800","type":"root","location":{"standard":"https://s3.amazonaws.com/scribe.nypl.org/emigrant-s4/full/e41d8dc0-00b1-0133-490a-58d385a7bbd0.left-top.jpg","thumbnail":"https://s3.amazonaws.com/scribe.nypl.org/emigrant-s4/thumb/e41d8dc0-00b1-0133-490a-58d385a7bbd0.left-top.jpg"},"status":"retired","width":1374,"height":982,"meta_data":{"capture_uuid":"e41d8dc0-00b1-0133-490a-58d385a7bbd0","page_uri":"http://digitalcollections.nypl.org/items/e41d8dc0-00b1-0133-490a-58d385a7bbd0","book_uri":"http://digitalcollections.nypl.org/items/df712aa0-00b1-0133-fbd7-58d385a7bbd0","source_rotated":"0.923143","source_x":"0","source_y":"0","source_w":"1374.82","source_h":"982.56"},"assertions":[{"id":"56b1776c50617568bb501800","status":"awaiting_transcriptions","name":"Record Number","created_in_workflow":"transcribe","confidence":0.6666666666666666,"data":{"value":"184"},"versions":[{"data":{"value":"184"},"votes":2,"confidence":0.6666666666666666,"instances":[{"created":"2016-01-05T18:02:58Z","user_id":"568bfed86136360003d70000","duration":5.894},{"created":"2016-01-05T23:25:58Z","user_id":"568c39f93761610003bb0600","duration":6.097}]}],"region":{"x":3.9515308247618877,"y":7.539166350076362,"width":120.62665563613929,"height":67.85249715068727,"label":"Record Number","shape":"rectangle"},"task_key":"em_record_number","instructions":{"mark":"Record Number","transcribe":"Enter the record number"}},{"id":"56b1776c50617568bb511800","status":"complete","name":"Record Number","created_in_workflow":"transcribe","confidence":1.0,"data":{"value":"726"},"versions":[{"data":{"value":"726"},"votes":3,"confidence":1.0,"instances":[{"created":"2015-12-17T04:20:27Z","user_id":"56722e0e6434380003c90300","duration":4.234},{"created":"2015-12-17T18:23:52Z","user_id":"5668b33530333000032d0500","duration":6.633},{"created":"2015-12-17T18:53:41Z","user_id":"5672fbd26434380003410700","duration":13.966}]}],"region":{"x":522.9077659998165,"y":8.170566822672907,"width":506.5751312725738,"height":58.5557288958225,"label":"Record Number","shape":"rectangle"},"task_key":"em_record_number","instructions":{"mark":"Record Number","transcribe":"Enter the record number"}},{"id":"56b1776c50617568bb521800","status":"awaiting_votes","name":"Mortgager","created_in_workflow":"transcribe","confidence":0.3333333333333333,"data":{"value":"William Callahan"},"versions":[{"data":{"value":"William Callahan"},"votes":1,"confidence":0.3333333333333333,"instances":[{"created":"2015-12-17T04:20:37Z","user_id":"56722e0e6434380003c90300","duration":5.589}]},{"data":{"value":"Wm Callahan"},"votes":1,"confidence":0.3333333333333333,"instances":[{"created":"2015-12-17T18:24:03Z","user_id":"5668b33530333000032d0500","duration":4.237}]},{"data":{"value":"Wm. Callahan"},"votes":1,"confidence":0.3333333333333333,"instances":[{"created":"2015-12-17T18:54:18Z","user_id":"5672fbd26434380003410700","duration":16.362}]}],"region":{"x":224.6820838796723,"y":505.2133818686081,"width":521.5545034338597,"height":96.68504073496274,"label":"Mortgager Name","shape":"rectangle"},"task_key":"em_record_mortgager","instructions":{"mark":"Mortgager Name","transcribe":"Enter the mortgager's name"}},{"id":"56b1776c50617568bb531800","status":"awaiting_votes","name":"Street Address","created_in_workflow":"transcribe","confidence":0.6666666666666666,"data":{"value":"No. 125 Madison Street"},"versions":[{"data":{"value":"No. 125 Madison Street"},"votes":2,"confidence":0.6666666666666666,"instances":[{"created":"2015-12-17T17:04:19Z","user_id":"566eeeda3637340003010100","duration":7.983},{"created":"2015-12-17T18:24:08Z","user_id":"5668b33530333000032d0500","duration":4.63}]},{"data":{"value":"125 Madison Street"},"votes":1,"confidence":0.3333333333333333,"instances":[{"created":"2015-12-17T04:20:43Z","user_id":"56722e0e6434380003c90300","duration":6.297}]}],"region":{"x":227.4056060908151,"y":569.2161553128794,"width":631.8571529851457,"height":49.02340093603746,"label":"Street Address","shape":"rectangle"},"task_key":"em_record_street_address","instructions":{"mark":"Street Address","transcribe":"Enter the street address"}},{"id":"56b1776c50617568bb541800","status":"awaiting_transcriptions","name":"Land \u0026 Building Dimensions","created_in_workflow":"transcribe","confidence":0.3333333333333333,"data":{"em_survey_land_dimensions":"25.4 x 100","em_survey_building_dimensions":"23 x 42"},"versions":[{"data":{"em_survey_land_dimensions":"25.4 x 100","em_survey_building_dimensions":"23 x 42"},"votes":1,"confidence":0.3333333333333333,"instances":[{"created":"2015-12-17T03:06:57Z","user_id":"5647496e3562310003960400","duration":14.269}]}],"region":{"x":217.87327835181506,"y":615.5160339746923,"width":990.0003237504334,"height":74.89686254116828,"label":"Dimension \u0026 Description","shape":"rectangle"},"task_key":"em_record_survey","instructions":{"mark":"Dimension \u0026 Description","transcribe":"Enter, as they appear, any land and building dimensions that were recorded. In the next screen, you'll enter the descriptive information."}},{"id":"56b1776c50617568bb551800","status":"awaiting_transcriptions","name":"Stories \u0026 Materials","created_in_workflow":"transcribe","confidence":0.3333333333333333,"data":{"em_record_stories":"4","em_record_material":"brick"},"versions":[{"data":{"em_record_stories":"4","em_record_material":"brick"},"votes":1,"confidence":0.3333333333333333,"instances":[{"created":"2015-12-17T03:07:03Z","user_id":"5647496e3562310003960400","duration":6.087}]}],"region":{"x":217.87327835181506,"y":615.5160339746923,"width":990.0003237504334,"height":74.89686254116828,"label":"Dimension \u0026 Description","shape":"rectangle"},"task_key":"em_record_survey_stories_materials","instructions":{"mark":"Dimension \u0026 Description","transcribe":"Enter, as they appear, the number of stories and the building materials."}},{"id":"56b1776c50617568bb561800","status":"awaiting_transcriptions","name":"Additional Info","created_in_workflow":"transcribe","confidence":0.3333333333333333,"data":{"value":"House \u0026 Stable in the rear"},"versions":[{"data":{"value":"House \u0026 Stable in the rear"},"votes":1,"confidence":0.3333333333333333,"instances":[{"created":"2015-12-17T03:07:16Z","user_id":"5647496e3562310003960400","duration":13.151}]}],"region":{"x":217.87327835181506,"y":615.5160339746923,"width":990.0003237504334,"height":74.89686254116828,"label":"Dimension \u0026 Description","shape":"rectangle"},"task_key":"em_record_survey_additional_info","instructions":{"mark":"Dimension \u0026 Description","transcribe":"Enter any additional information you find about the building's construction or significance."}},{"id":"56b1776c50617568bb571800","status":"awaiting_votes","name":"Record Date","created_in_workflow":"transcribe","confidence":0.6666666666666666,"data":{"value":"1873 May 28"},"versions":[{"data":{"value":"1873 May 28"},"votes":2,"confidence":0.6666666666666666,"instances":[{"created":"2015-12-17T18:23:56Z","user_id":"5668b33530333000032d0500","duration":3.909},{"created":"2015-12-17T18:54:02Z","user_id":"5672fbd26434380003410700","duration":12.187}]},{"data":{"value":"May 28, 1873"},"votes":1,"confidence":0.3333333333333333,"instances":[{"created":"2015-12-17T04:20:31Z","user_id":"56722e0e6434380003c90300","duration":4.703}]}],"region":{"x":50.376662366528556,"y":81.70566822672907,"width":182.47598814657232,"height":118.47321892875715,"label":"Record Date","shape":"rectangle"},"task_key":"em_record_date","instructions":{"mark":"Record Date","transcribe":"Enter the record date"}},{"id":"56b1776c50617568bb581800","status":"awaiting_transcriptions","name":"Valuation Date","created_in_workflow":"transcribe","confidence":0.3333333333333333,"data":{"value":"1879 November"},"versions":[{"data":{"value":"1879 November"},"votes":1,"confidence":0.3333333333333333,"instances":[{"created":"2016-01-09T03:31:42Z","user_id":"56907a163063390003050000","duration":13.526}]}],"region":{"x":43.55964304729406,"y":721.8732609198058,"width":730.5880225130177,"height":103.12475155997231,"label":"Valuation","shape":"rectangle"},"task_key":"em_record_valuation","instructions":{"mark":"Valuation","transcribe":"Enter the date of the valuation (if one is given). In the next screen, you'll enter the valuation's dollar amounts."}},{"id":"56b1776c50617568bb591800","status":"awaiting_transcriptions","name":"Land \u0026 Building Value","created_in_workflow":"transcribe","confidence":0.3333333333333333,"data":{"em_valuation_ground":""},"versions":[{"data":{"em_valuation_ground":""},"votes":1,"confidence":0.3333333333333333,"instances":[{"created":"2016-01-09T03:31:48Z","user_id":"56907a163063390003050000","duration":6.47}]}],"region":{"x":43.55964304729406,"y":721.8732609198058,"width":730.5880225130177,"height":103.12475155997231,"label":"Valuation","shape":"rectangle"},"task_key":"em_record_valuation_ground_building","instructions":{"mark":"Valuation","transcribe":"Sometimes valuations include itemized dollar values for \"ground\" and \"building\". Enter these amounts if you can find them. In the next screen, you'll enter the total valuation."}},{"id":"56b1776c50617568bb5a1800","status":"awaiting_transcriptions","name":"Total Value","created_in_workflow":"transcribe","confidence":0.3333333333333333,"data":{"value":"12000"},"versions":[{"data":{"value":"12000"},"votes":1,"confidence":0.3333333333333333,"instances":[{"created":"2016-01-09T03:31:53Z","user_id":"56907a163063390003050000","duration":4.118}]}],"region":{"x":43.55964304729406,"y":721.8732609198058,"width":730.5880225130177,"height":103.12475155997231,"label":"Valuation","shape":"rectangle"},"task_key":"em_record_valuation_total","instructions":{"mark":"Valuation","transcribe":"Enter the valuation ***total*** (if one is given)"}},{"id":"56b1776c50617568bb5b1800","status":"awaiting_transcriptions","name":"Valuation Date","created_in_workflow":"transcribe","confidence":0.3333333333333333,"data":{"value":"1879 November "},"versions":[{"data":{"value":"1879 November "},"votes":1,"confidence":0.3333333333333333,"instances":[{"created":"2015-12-17T03:07:57Z","user_id":"5647496e3562310003960400","duration":7.694}]}],"region":{"x":260.08787262452955,"y":753.0539088230196,"width":497.0428035335738,"height":68.08805685560765,"label":"Valuation","shape":"rectangle"},"task_key":"em_record_valuation","instructions":{"mark":"Valuation","transcribe":"Enter the date of the valuation (if one is given). In the next screen, you'll enter the valuation's dollar amounts."}},{"id":"56b1776c50617568bb5c1800","status":"awaiting_transcriptions","name":"Land \u0026 Building Value","created_in_workflow":"transcribe","confidence":0.3333333333333333,"data":{"em_valuation_ground":""},"versions":[{"data":{"em_valuation_ground":""},"votes":1,"confidence":0.3333333333333333,"instances":[{"created":"2015-12-17T03:07:58Z","user_id":"5647496e3562310003960400","duration":1.389}]}],"region":{"x":260.08787262452955,"y":753.0539088230196,"width":497.0428035335738,"height":68.08805685560765,"label":"Valuation","shape":"rectangle"},"task_key":"em_record_valuation_ground_building","instructions":{"mark":"Valuation","transcribe":"Sometimes valuations include itemized dollar values for \"ground\" and \"building\". Enter these amounts if you can find them. In the next screen, you'll enter the total valuation."}},{"id":"56b1776c50617568bb5d1800","status":"awaiting_transcriptions","name":"Total Value","created_in_workflow":"transcribe","confidence":0.3333333333333333,"data":{"value":"$12000"},"versions":[{"data":{"value":"$12000"},"votes":1,"confidence":0.3333333333333333,"instances":[{"created":"2015-12-17T03:08:02Z","user_id":"5647496e3562310003960400","duration":3.928}]}],"region":{"x":260.08787262452955,"y":753.0539088230196,"width":497.0428035335738,"height":68.08805685560765,"label":"Valuation","shape":"rectangle"},"task_key":"em_record_valuation_total","instructions":{"mark":"Valuation","transcribe":"Enter the valuation ***total*** (if one is given)"}},{"id":"56b1776c50617568bb5e1800","status":"awaiting_votes","name":"Amount Loaned","created_in_workflow":"transcribe","confidence":0.6666666666666666,"data":{"value":"$7500"},"versions":[{"data":{"value":"$7500"},"votes":2,"confidence":0.6666666666666666,"instances":[{"created":"2015-12-17T03:07:49Z","user_id":"5647496e3562310003960400","duration":5.75},{"created":"2015-12-17T17:04:44Z","user_id":"566eeeda3637340003010100","duration":3.335}]},{"data":{"value":"$7,500"},"votes":1,"confidence":0.3333333333333333,"instances":[{"created":"2015-12-17T04:21:34Z","user_id":"56722e0e6434380003c90300","duration":3.787}]}],"region":{"x":226.0438449852437,"y":736.7127751776738,"width":1013.1502625451477,"height":59.917490032934666,"label":"Amount Loaned","shape":"rectangle"},"task_key":"em_record_amount_loaned","instructions":{"mark":"Amount Loaned","transcribe":"Enter the Amount Loaned"}}]}]}