{"id":"56b101087061755afb941800","meta_data":{"capture_uuid":"e3d96570-00b1-0133-8607-58d385a7bbd0","page_uri":"http://digitalcollections.nypl.org/items/e3d96570-00b1-0133-8607-58d385a7bbd0","book_uri":"http://digitalcollections.nypl.org/items/df712aa0-00b1-0133-fbd7-58d385a7bbd0","source_rotated":"0.895174","source_x":"0","source_y":"963.03","source_w":"1373.79","source_h":"1085.97"},"type":"final_subject_set","search_terms_by_field":{"Record Number":["675"],"Mortgager":["Carolina Seitz now M. Salomons"],"Street Address":["No 418 W. 40th Street"],"Land \u0026 Building Dimensions":["25 x 98.9","25 x 65."],"Stories \u0026 Materials":["5","brick"],"Additional Info":["Tenement"],"Record Date":["1873 January 28","1879 November","675"],"Valuation Date":["1879 November","1879 November"],"Land \u0026 Building Value":["$10000","$17000"],"Total Value":["$17000.","$17000."],"Amount Loaned":["$10000."]},"subjects":[{"id":"56b1775750617568bbd51600","type":"root","location":{"standard":"https://s3.amazonaws.com/scribe.nypl.org/emigrant-s4/full/e3d96570-00b1-0133-8607-58d385a7bbd0.left-bottom.jpg","thumbnail":"https://s3.amazonaws.com/scribe.nypl.org/emigrant-s4/thumb/e3d96570-00b1-0133-8607-58d385a7bbd0.left-bottom.jpg"},"status":"retired","width":1373,"height":1085,"meta_data":{"capture_uuid":"e3d96570-00b1-0133-8607-58d385a7bbd0","page_uri":"http://digitalcollections.nypl.org/items/e3d96570-00b1-0133-8607-58d385a7bbd0","book_uri":"http://digitalcollections.nypl.org/items/df712aa0-00b1-0133-fbd7-58d385a7bbd0","source_rotated":"0.895174","source_x":"0","source_y":"963.03","source_w":"1373.79","source_h":"1085.97"},"assertions":[{"id":"56b1775750617568bbd61600","status":"complete","name":"Record Number","created_in_workflow":"transcribe","confidence":1.0,"data":{"value":"675"},"versions":[{"data":{"value":"675"},"votes":3,"confidence":1.0,"instances":[{"created":"2015-12-15T19:39:01Z","user_id":"56704e743066300003ab0900","duration":6.659},{"created":"2015-12-15T23:10:18Z","user_id":"5670988f3938300003720300","duration":6.128},{"created":"2015-12-15T23:28:37Z","user_id":"5670a0323938300003820400","duration":6.069}]}],"region":{"x":926.0647168612426,"y":62.64157587742395,"width":109.88107703814524,"height":51.34555399788848,"label":"Record Number","shape":"rectangle"},"task_key":"em_record_number","instructions":{"mark":"Record Number","transcribe":"Enter the record number"}},{"id":"56b1775750617568bbd71600","status":"awaiting_votes","name":"Mortgager","created_in_workflow":"transcribe","confidence":0.6666666666666666,"data":{"value":"Carolina Seitz now M. Salomons"},"versions":[{"data":{"value":"Carolina Seitz now M. Salomons"},"votes":2,"confidence":0.6666666666666666,"instances":[{"created":"2015-12-15T19:50:10Z","user_id":"56704e743066300003ab0900","duration":148.201},{"created":"2015-12-15T23:11:25Z","user_id":"5670988f3938300003720300","duration":29.469}]},{"data":{"value":"Carolina Seitz now Mrs Salomond"},"votes":1,"confidence":0.3333333333333333,"instances":[{"created":"2015-12-15T23:32:09Z","user_id":"5670a0323938300003820400","duration":16.235}]}],"region":{"x":359.20159045884924,"y":539.4877421235822,"width":571.9977561705309,"height":63.668486957381674,"label":"Mortgager Name","shape":"rectangle"},"task_key":"em_record_mortgager","instructions":{"mark":"Mortgager Name","transcribe":"Enter the mortgager's name"}},{"id":"56b1775750617568bbd81600","status":"awaiting_votes","name":"Street Address","created_in_workflow":"transcribe","confidence":0.3333333333333333,"data":{"value":"No 418 W. 40th Street"},"versions":[{"data":{"value":"No 418 W. 40th Street"},"votes":1,"confidence":0.3333333333333333,"instances":[{"created":"2015-12-15T19:50:25Z","user_id":"56704e743066300003ab0900","duration":15.092}]},{"data":{"value":"N. 418 W. 40th St"},"votes":1,"confidence":0.3333333333333333,"instances":[{"created":"2015-12-15T23:11:40Z","user_id":"5670988f3938300003720300","duration":14.984}]},{"data":{"value":"No. 418 W. 40th Street"},"votes":1,"confidence":0.3333333333333333,"instances":[{"created":"2015-12-15T23:32:16Z","user_id":"5670a0323938300003820400","duration":7.571}]}],"region":{"x":434.1671850736585,"y":588.7794739615551,"width":370.7202692595363,"height":35.94188779852186,"label":"Street Address","shape":"rectangle"},"task_key":"em_record_street_address","instructions":{"mark":"Street Address","transcribe":"Enter the street address"}},{"id":"56b1775750617568bbd91600","status":"awaiting_transcriptions","name":"Land \u0026 Building Dimensions","created_in_workflow":"transcribe","confidence":0.3333333333333333,"data":{"em_survey_land_dimensions":"25 x 98.9","em_survey_building_dimensions":"25 x 65."},"versions":[{"data":{"em_survey_land_dimensions":"25 x 98.9","em_survey_building_dimensions":"25 x 65."},"votes":1,"confidence":0.3333333333333333,"instances":[{"created":"2015-12-15T23:06:50Z","user_id":"56708d173635620003b00700","duration":23.592}]}],"region":{"x":375.6324057168896,"y":627.0832447084442,"width":554.5400149588631,"height":75.99141991687497,"label":"Dimension \u0026 Description","shape":"rectangle"},"task_key":"em_record_survey","instructions":{"mark":"Dimension \u0026 Description","transcribe":"Enter, as they appear, any land and building dimensions that were recorded. In the next screen, you'll enter the descriptive information."}},{"id":"56b1775750617568bbda1600","status":"awaiting_transcriptions","name":"Stories \u0026 Materials","created_in_workflow":"transcribe","confidence":0.3333333333333333,"data":{"em_record_stories":"5","em_record_material":"brick"},"versions":[{"data":{"em_record_stories":"5","em_record_material":"brick"},"votes":1,"confidence":0.3333333333333333,"instances":[{"created":"2015-12-15T23:06:58Z","user_id":"56708d173635620003b00700","duration":7.932}]}],"region":{"x":375.6324057168896,"y":627.0832447084442,"width":554.5400149588631,"height":75.99141991687497,"label":"Dimension \u0026 Description","shape":"rectangle"},"task_key":"em_record_survey_stories_materials","instructions":{"mark":"Dimension \u0026 Description","transcribe":"Enter, as they appear, the number of stories and the building materials."}},{"id":"56b1775750617568bbdb1600","status":"awaiting_transcriptions","name":"Additional Info","created_in_workflow":"transcribe","confidence":0.3333333333333333,"data":{"value":"Tenement"},"versions":[{"data":{"value":"Tenement"},"votes":1,"confidence":0.3333333333333333,"instances":[{"created":"2015-12-15T23:07:05Z","user_id":"56708d173635620003b00700","duration":7.263}]}],"region":{"x":375.6324057168896,"y":627.0832447084442,"width":554.5400149588631,"height":75.99141991687497,"label":"Dimension \u0026 Description","shape":"rectangle"},"task_key":"em_record_survey_additional_info","instructions":{"mark":"Dimension \u0026 Description","transcribe":"Enter any additional information you find about the building's construction or significance."}},{"id":"56b1775750617568bbdc1600","status":"complete","name":"Record Date","created_in_workflow":"transcribe","confidence":1.0,"data":{"value":"1873 January 28"},"versions":[{"data":{"value":"1873 January 28"},"votes":3,"confidence":1.0,"instances":[{"created":"2015-12-15T23:00:43Z","user_id":"56708d173635620003b00700","duration":13.168},{"created":"2015-12-15T23:10:55Z","user_id":"5670988f3938300003720300","duration":9.039},{"created":"2015-12-15T23:31:52Z","user_id":"5670a0323938300003820400","duration":6.258}]}],"region":{"x":40.85454483431671,"y":109.87948555548135,"width":182.79281974569932,"height":118.09477419514351,"label":"Record Date","shape":"rectangle"},"task_key":"em_record_date","instructions":{"mark":"Record Date","transcribe":"Enter the record date"}},{"id":"56b1775750617568bbdd1600","status":"awaiting_transcriptions","name":"Record Date","created_in_workflow":"transcribe","confidence":0.6666666666666666,"data":{"value":"1879 November"},"versions":[{"data":{"value":"1879 November"},"votes":2,"confidence":0.6666666666666666,"instances":[{"created":"2015-12-15T19:51:02Z","user_id":"56704e743066300003ab0900","duration":10.232},{"created":"2015-12-15T23:11:45Z","user_id":"5670988f3938300003720300","duration":5.327}]}],"region":{"x":59.33921199961215,"y":737.1852360216069,"width":150.9581151832461,"height":81.12597531666381,"label":"Record Date","shape":"rectangle"},"task_key":"em_record_date","instructions":{"mark":"Record Date","transcribe":"Enter the record date"}},{"id":"56b1775750617568bbde1600","status":"awaiting_transcriptions","name":"Record Date","created_in_workflow":"transcribe","confidence":0.3333333333333333,"data":{"value":"675"},"versions":[{"data":{"value":"675"},"votes":1,"confidence":0.3333333333333333,"instances":[{"created":"2015-12-15T22:59:55Z","user_id":"56708d173635620003b00700","duration":7.742}]},{"data":{"value":"1873 January 28"},"votes":1,"confidence":0.3333333333333333,"instances":[{"created":"2015-12-15T23:10:12Z","user_id":"5670988f3938300003720300","duration":10.844}]}],"region":{"x":926.0647168612426,"y":56.48010939767733,"width":103.71952131638011,"height":50.318642917930724,"label":"Record Date","shape":"rectangle"},"task_key":"em_record_date","instructions":{"mark":"Record Date","transcribe":"Enter the record date"}},{"id":"56b1775750617568bbdf1600","status":"awaiting_transcriptions","name":"Valuation Date","created_in_workflow":"transcribe","confidence":0.3333333333333333,"data":{"value":"1879 November"},"versions":[{"data":{"value":"1879 November"},"votes":1,"confidence":0.3333333333333333,"instances":[{"created":"2016-01-26T22:38:15Z","user_id":"56a7e45f3330380003170000","duration":13.396}]}],"region":{"x":58.505488635085754,"y":744.3401920438957,"width":695.3525933544258,"height":96.61454046639227,"label":"Valuation","shape":"rectangle"},"task_key":"em_record_valuation","instructions":{"mark":"Valuation","transcribe":"Enter the date of the valuation (if one is given). In the next screen, you'll enter the valuation's dollar amounts."}},{"id":"56b1775750617568bbe01600","status":"awaiting_transcriptions","name":"Land \u0026 Building Value","created_in_workflow":"transcribe","confidence":0.3333333333333333,"data":{"em_valuation_ground":""},"versions":[{"data":{"em_valuation_ground":""},"votes":1,"confidence":0.3333333333333333,"instances":[{"created":"2016-01-26T22:38:22Z","user_id":"56a7e45f3330380003170000","duration":6.361}]}],"region":{"x":58.505488635085754,"y":744.3401920438957,"width":695.3525933544258,"height":96.61454046639227,"label":"Valuation","shape":"rectangle"},"task_key":"em_record_valuation_ground_building","instructions":{"mark":"Valuation","transcribe":"Sometimes valuations include itemized dollar values for \"ground\" and \"building\". Enter these amounts if you can find them. In the next screen, you'll enter the total valuation."}},{"id":"56b1775750617568bbe11600","status":"awaiting_transcriptions","name":"Total Value","created_in_workflow":"transcribe","confidence":0.3333333333333333,"data":{"value":"$17000."},"versions":[{"data":{"value":"$17000."},"votes":1,"confidence":0.3333333333333333,"instances":[{"created":"2016-01-26T22:38:31Z","user_id":"56a7e45f3330380003170000","duration":9.657}]}],"region":{"x":58.505488635085754,"y":744.3401920438957,"width":695.3525933544258,"height":96.61454046639227,"label":"Valuation","shape":"rectangle"},"task_key":"em_record_valuation_total","instructions":{"mark":"Valuation","transcribe":"Enter the valuation ***total*** (if one is given)"}},{"id":"56b1775750617568bbe21600","status":"awaiting_transcriptions","name":"Valuation Date","created_in_workflow":"transcribe","confidence":0.3333333333333333,"data":{"value":"1879 November"},"versions":[{"data":{"value":"1879 November"},"votes":1,"confidence":0.3333333333333333,"instances":[{"created":"2015-12-15T23:07:15Z","user_id":"56708d173635620003b00700","duration":9.821}]}],"region":{"x":66.52769367500481,"y":731.8281748641367,"width":148.904263275991,"height":103.71801907573479,"label":"Valuation","shape":"rectangle"},"task_key":"em_record_valuation","instructions":{"mark":"Valuation","transcribe":"Enter the date of the valuation (if one is given). In the next screen, you'll enter the valuation's dollar amounts."}},{"id":"56b1775750617568bbe31600","status":"awaiting_transcriptions","name":"Total Value","created_in_workflow":"transcribe","confidence":0.3333333333333333,"data":{"value":"$17000."},"versions":[{"data":{"value":"$17000."},"votes":1,"confidence":0.3333333333333333,"instances":[{"created":"2015-12-15T23:07:54Z","user_id":"56708d173635620003b00700","duration":10.378}]},{"data":{"value":"$10000"},"votes":1,"confidence":0.3333333333333333,"instances":[{"created":"2015-12-16T00:19:00Z","user_id":"5670aa9e39383000039b0500","duration":26.368}]}],"region":{"x":262.67055081786197,"y":761.608596182912,"width":489.84367988032903,"height":66.74922019725511,"label":"Valuation","shape":"rectangle"},"task_key":"em_record_valuation_total","instructions":{"mark":"Valuation","transcribe":"Enter the valuation ***total*** (if one is given)"}},{"id":"56b1775750617568bbe41600","status":"awaiting_transcriptions","name":"Land \u0026 Building Value","created_in_workflow":"transcribe","confidence":0.3333333333333333,"data":{"em_valuation_ground":"$10000","em_valuation_building":"$17000"},"versions":[{"data":{"em_valuation_ground":"$10000","em_valuation_building":"$17000"},"votes":1,"confidence":0.3333333333333333,"instances":[{"created":"2015-12-16T00:18:34Z","user_id":"5670aa9e39383000039b0500","duration":41.794}]}],"region":{"x":262.67055081786197,"y":761.608596182912,"width":489.84367988032903,"height":66.74922019725511,"label":"Valuation","shape":"rectangle"},"task_key":"em_record_valuation_ground_building","instructions":{"mark":"Valuation","transcribe":"Sometimes valuations include itemized dollar values for \"ground\" and \"building\". Enter these amounts if you can find them. In the next screen, you'll enter the total valuation."}},{"id":"56b1775750617568bbe51600","status":"awaiting_votes","name":"Amount Loaned","created_in_workflow":"transcribe","confidence":0.3333333333333333,"data":{"value":"$10000."},"versions":[{"data":{"value":"$10000."},"votes":1,"confidence":0.3333333333333333,"instances":[{"created":"2015-12-15T19:51:11Z","user_id":"56704e743066300003ab0900","duration":9.635}]},{"data":{"value":"$10,000"},"votes":1,"confidence":0.3333333333333333,"instances":[{"created":"2015-12-15T23:11:51Z","user_id":"5670988f3938300003720300","duration":6.221}]},{"data":{"value":"10000"},"votes":1,"confidence":0.3333333333333333,"instances":[{"created":"2015-12-15T23:32:36Z","user_id":"5670a0323938300003820400","duration":5.335}]}],"region":{"x":431.08640721277595,"y":742.8161359552205,"width":145.8234854151084,"height":39.0226210383953,"label":"Amount Loaned","shape":"rectangle"},"task_key":"em_record_amount_loaned","instructions":{"mark":"Amount Loaned","transcribe":"Enter the Amount Loaned"}}]}]}