{"id":"56b1010a7061755afbba1800","meta_data":{"capture_uuid":"e3d96570-00b1-0133-8607-58d385a7bbd0","page_uri":"http://digitalcollections.nypl.org/items/e3d96570-00b1-0133-8607-58d385a7bbd0","book_uri":"http://digitalcollections.nypl.org/items/df712aa0-00b1-0133-fbd7-58d385a7bbd0","source_rotated":"0.895174","source_x":"1218.21","source_y":"963.03","source_w":"1373.79","source_h":"1085.97"},"type":"final_subject_set","search_terms_by_field":{"Record Number":["677"],"Mortgager":["Thomas Quinn","Thomas Quinn"],"Street Address":["133 and 135 Dyckman Street, Brooklyn ","Nos: 133 and 135 Dyckman Street, Brooklyn"],"Land \u0026 Building Dimensions":["50 X 100","25 X 44 and 25 X 26"],"Stories \u0026 Materials":["3 and 1 ","frame house and brick rear "],"Additional Info":["frame houses"],"Record Date":["1873 Jany 27"],"Valuation Date":["1879 November"],"Land \u0026 Building Value":[],"Total Value":["$10,000"],"Amount Loaned":["$5000"]},"subjects":[{"id":"56b1775950617568bbf91600","type":"root","location":{"standard":"https://s3.amazonaws.com/scribe.nypl.org/emigrant-s4/full/e3d96570-00b1-0133-8607-58d385a7bbd0.right-bottom.jpg","thumbnail":"https://s3.amazonaws.com/scribe.nypl.org/emigrant-s4/thumb/e3d96570-00b1-0133-8607-58d385a7bbd0.right-bottom.jpg"},"status":"retired","width":1373,"height":1085,"meta_data":{"capture_uuid":"e3d96570-00b1-0133-8607-58d385a7bbd0","page_uri":"http://digitalcollections.nypl.org/items/e3d96570-00b1-0133-8607-58d385a7bbd0","book_uri":"http://digitalcollections.nypl.org/items/df712aa0-00b1-0133-fbd7-58d385a7bbd0","source_rotated":"0.895174","source_x":"1218.21","source_y":"963.03","source_w":"1373.79","source_h":"1085.97"},"assertions":[{"id":"56b1775950617568bbfa1600","status":"complete","name":"Record Number","created_in_workflow":"transcribe","confidence":1.0,"data":{"value":"677"},"versions":[{"data":{"value":"677"},"votes":3,"confidence":1.0,"instances":[{"created":"2015-12-27T17:53:24Z","user_id":"56748e5e3564620003fd0100","duration":3.82},{"created":"2015-12-27T20:47:30Z","user_id":"568047983564660003300b00","duration":3.142},{"created":"2015-12-27T21:19:57Z","user_id":"56802f0f3564660003d20900","duration":161.201}]}],"region":{"x":975.8855032733253,"y":37.582536532563594,"width":93.95633843791927,"height":72.65957062962295,"label":"Record Number","shape":"rectangle"},"task_key":"em_record_number","instructions":{"mark":"Record Number","transcribe":"Enter the record number"}},{"id":"56b1775950617568bbfb1600","status":"complete","name":"Mortgager","created_in_workflow":"transcribe","confidence":1.0,"data":{"value":"Thomas Quinn"},"versions":[{"data":{"value":"Thomas Quinn"},"votes":3,"confidence":1.0,"instances":[{"created":"2015-12-27T17:54:04Z","user_id":"56748e5e3564620003fd0100","duration":6.247},{"created":"2015-12-27T20:48:31Z","user_id":"568047983564660003300b00","duration":4.502},{"created":"2015-12-27T21:20:44Z","user_id":"56802f0f3564660003d20900","duration":19.267}]}],"region":{"x":418.4112285416712,"y":528.6610138913945,"width":364.5505931391265,"height":72.65957062962298,"label":"Mortgager Name","shape":"rectangle"},"task_key":"em_record_mortgager","instructions":{"mark":"Mortgager Name","transcribe":"Enter the mortgager's name"}},{"id":"56b1775950617568bbfc1600","status":"awaiting_votes","name":"Mortgager","created_in_workflow":"transcribe","confidence":0.6666666666666666,"data":{"value":"Thomas Quinn"},"versions":[{"data":{"value":"Thomas Quinn"},"votes":2,"confidence":0.6666666666666666,"instances":[{"created":"2016-01-26T21:18:30Z","user_id":"56a7e1bc6436370003480000","duration":14.608},{"created":"2016-01-26T21:35:20Z","user_id":"56a7e23b64363700034a0000","duration":4.413}]},{"data":{"value":"Thomas Quinn "},"votes":1,"confidence":0.3333333333333333,"instances":[{"created":"2016-01-26T18:41:50Z","user_id":"56a677446164350003350a00","duration":5.359}]}],"region":{"x":430.7640354632028,"y":535.6946401019655,"width":348.2015206184687,"height":50.075803313879305,"label":"Mortgager Name","shape":"rectangle"},"task_key":"em_record_mortgager","instructions":{"mark":"Mortgager Name","transcribe":"Enter the mortgager's name"}},{"id":"56b1775950617568bbfd1600","status":"awaiting_votes","name":"Street Address","created_in_workflow":"transcribe","confidence":0.25,"data":{"value":"133 and 135 Dyckman Street, Brooklyn "},"versions":[{"data":{"value":"133 and 135 Dyckman Street, Brooklyn "},"votes":1,"confidence":0.25,"instances":[{"created":"2016-01-26T18:42:01Z","user_id":"56a677446164350003350a00","duration":11.274}]},{"data":{"value":"Nos: 133 and 135 Dyckman Street Brooklyn"},"votes":1,"confidence":0.25,"instances":[{"created":"2016-01-26T21:36:04Z","user_id":"56a7e23b64363700034a0000","duration":14.63}]},{"data":{"value":"Nos. 133 and 135 Dyckman Street Brooklyn"},"votes":1,"confidence":0.25,"instances":[{"created":"2016-01-26T21:48:48Z","user_id":"56a7e9903330380003630000","duration":13.172}]},{"data":{"value":"nos:133 and 135 Dyckman Street.  Brooklyn"},"votes":1,"confidence":0.25,"instances":[{"created":"2016-01-26T22:07:05Z","user_id":"56a7e45f3330380003170000","duration":242.679}]}],"region":{"x":469.19430362510735,"y":583.4413362849668,"width":733.6687558181782,"height":34.93660696317157,"label":"Street Address","shape":"rectangle"},"task_key":"em_record_street_address","instructions":{"mark":"Street Address","transcribe":"Enter the street address"}},{"id":"56b1775950617568bbfe1600","status":"awaiting_votes","name":"Street Address","created_in_workflow":"transcribe","confidence":0.6666666666666666,"data":{"value":"Nos: 133 and 135 Dyckman Street, Brooklyn"},"versions":[{"data":{"value":"Nos: 133 and 135 Dyckman Street, Brooklyn"},"votes":2,"confidence":0.6666666666666666,"instances":[{"created":"2015-12-27T17:54:31Z","user_id":"56748e5e3564620003fd0100","duration":27.328},{"created":"2015-12-28T03:02:45Z","user_id":"563f8b7a3264340003774b00","duration":41.801}]},{"data":{"value":"133 and 135 Dyckman Street, Brooklyn"},"votes":1,"confidence":0.3333333333333333,"instances":[{"created":"2015-12-27T20:48:48Z","user_id":"568047983564660003300b00","duration":17.393}]}],"region":{"x":474.7850316044227,"y":571.2545552949666,"width":756.6617122200425,"height":60.132058452101774,"label":"Street Address","shape":"rectangle"},"task_key":"em_record_street_address","instructions":{"mark":"Street Address","transcribe":"Enter the street address"}},{"id":"56b1775950617568bbff1600","status":"awaiting_votes","name":"Land \u0026 Building Dimensions","created_in_workflow":"transcribe","confidence":0.3333333333333333,"data":{"em_survey_land_dimensions":"50 X 100","em_survey_building_dimensions":"25 X 44 and 25 X 26"},"versions":[{"data":{"em_survey_land_dimensions":"50 X 100","em_survey_building_dimensions":"25 X 44 and 25 X 26"},"votes":1,"confidence":0.3333333333333333,"instances":[{"created":"2016-01-26T18:42:32Z","user_id":"56a677446164350003350a00","duration":15.801}]},{"data":{"em_survey_land_dimensions":"50 x 100","em_survey_building_dimensions":"25 x 44.2"},"votes":1,"confidence":0.3333333333333333,"instances":[{"created":"2016-01-26T21:49:02Z","user_id":"56a7e9903330380003630000","duration":6.808}]},{"data":{"em_survey_land_dimensions":"50 x 100","em_survey_building_dimensions":"25 x 44. "},"votes":1,"confidence":0.3333333333333333,"instances":[{"created":"2016-01-26T22:07:25Z","user_id":"56a7e45f3330380003170000","duration":20.003}]}],"region":{"x":505.29546462568436,"y":620.7070503790166,"width":773.2635775607464,"height":67.54410679546527,"label":"Dimension \u0026 Description","shape":"rectangle"},"task_key":"em_record_survey","instructions":{"mark":"Dimension \u0026 Description","transcribe":"Enter, as they appear, any land and building dimensions that were recorded. In the next screen, you'll enter the descriptive information."}},{"id":"56b1775950617568bb001700","status":"awaiting_votes","name":"Stories \u0026 Materials","created_in_workflow":"transcribe","confidence":0.3333333333333333,"data":{"em_record_stories":"3 and 1 ","em_record_material":"frame house and brick rear "},"versions":[{"data":{"em_record_stories":"3 and 1 ","em_record_material":"frame house and brick rear "},"votes":1,"confidence":0.3333333333333333,"instances":[{"created":"2016-01-26T18:42:54Z","user_id":"56a677446164350003350a00","duration":21.913}]},{"data":{"em_record_stories":"3 Story frame houses, 1 story brick","em_record_material":"brick"},"votes":1,"confidence":0.3333333333333333,"instances":[{"created":"2016-01-26T21:49:36Z","user_id":"56a7e9903330380003630000","duration":34.261}]},{"data":{"em_record_stories":"3","em_record_material":"frame, brick"},"votes":1,"confidence":0.3333333333333333,"instances":[{"created":"2016-01-26T22:08:26Z","user_id":"56a7e45f3330380003170000","duration":61.367}]}],"region":{"x":505.29546462568436,"y":620.7070503790166,"width":773.2635775607464,"height":67.54410679546527,"label":"Dimension \u0026 Description","shape":"rectangle"},"task_key":"em_record_survey_stories_materials","instructions":{"mark":"Dimension \u0026 Description","transcribe":"Enter, as they appear, the number of stories and the building materials."}},{"id":"56b1775950617568bb011700","status":"awaiting_transcriptions","name":"Additional Info","created_in_workflow":"transcribe","confidence":0.3333333333333333,"data":{"value":"frame houses"},"versions":[{"data":{"value":"frame houses"},"votes":1,"confidence":0.3333333333333333,"instances":[{"created":"2016-01-26T21:49:40Z","user_id":"56a7e9903330380003630000","duration":4.297}]},{"data":{"value":"2 houses, 25 x 26 rear"},"votes":1,"confidence":0.3333333333333333,"instances":[{"created":"2016-01-26T22:08:45Z","user_id":"56a7e45f3330380003170000","duration":18.674}]}],"region":{"x":505.29546462568436,"y":620.7070503790166,"width":773.2635775607464,"height":67.54410679546527,"label":"Dimension \u0026 Description","shape":"rectangle"},"task_key":"em_record_survey_additional_info","instructions":{"mark":"Dimension \u0026 Description","transcribe":"Enter any additional information you find about the building's construction or significance."}},{"id":"56b1775950617568bb021700","status":"awaiting_votes","name":"Record Date","created_in_workflow":"transcribe","confidence":0.3333333333333333,"data":{"value":"1873 Jany 27"},"versions":[{"data":{"value":"1873 Jany 27"},"votes":1,"confidence":0.3333333333333333,"instances":[{"created":"2015-12-27T17:53:39Z","user_id":"56748e5e3564620003fd0100","duration":8.462}]},{"data":{"value":"1873 January 27"},"votes":1,"confidence":0.3333333333333333,"instances":[{"created":"2015-12-27T20:47:41Z","user_id":"568047983564660003300b00","duration":4.785}]},{"data":{"value":"1873 january 27"},"votes":1,"confidence":0.3333333333333333,"instances":[{"created":"2015-12-27T21:20:24Z","user_id":"56802f0f3564660003d20900","duration":20.722}]}],"region":{"x":117.75094554032977,"y":103.97835107342594,"width":189.16542805501064,"height":151.5828973480065,"label":"Record Date","shape":"rectangle"},"task_key":"em_record_date","instructions":{"mark":"Record Date","transcribe":"Enter the record date"}},{"id":"56b1775950617568bb031700","status":"awaiting_transcriptions","name":"Valuation Date","created_in_workflow":"transcribe","confidence":0.3333333333333333,"data":{"value":"1879 November"},"versions":[{"data":{"value":"1879 November"},"votes":1,"confidence":0.3333333333333333,"instances":[{"created":"2015-12-27T17:56:07Z","user_id":"56748e5e3564620003fd0100","duration":4.999}]}],"region":{"x":122.76195025701878,"y":745.3869745625113,"width":762.9254681159039,"height":96.46184376691315,"label":"Valuation","shape":"rectangle"},"task_key":"em_record_valuation","instructions":{"mark":"Valuation","transcribe":"Enter the date of the valuation (if one is given). In the next screen, you'll enter the valuation's dollar amounts."}},{"id":"56b1775950617568bb041700","status":"awaiting_transcriptions","name":"Land \u0026 Building Value","created_in_workflow":"transcribe","confidence":0.3333333333333333,"data":{"em_valuation_ground":""},"versions":[{"data":{"em_valuation_ground":""},"votes":1,"confidence":0.3333333333333333,"instances":[{"created":"2015-12-27T17:56:09Z","user_id":"56748e5e3564620003fd0100","duration":1.373}]}],"region":{"x":122.76195025701878,"y":745.3869745625113,"width":762.9254681159039,"height":96.46184376691315,"label":"Valuation","shape":"rectangle"},"task_key":"em_record_valuation_ground_building","instructions":{"mark":"Valuation","transcribe":"Sometimes valuations include itemized dollar values for \"ground\" and \"building\". Enter these amounts if you can find them. In the next screen, you'll enter the total valuation."}},{"id":"56b1775950617568bb051700","status":"awaiting_transcriptions","name":"Total Value","created_in_workflow":"transcribe","confidence":0.3333333333333333,"data":{"value":"$10,000"},"versions":[{"data":{"value":"$10,000"},"votes":1,"confidence":0.3333333333333333,"instances":[{"created":"2015-12-27T17:56:13Z","user_id":"56748e5e3564620003fd0100","duration":4.616}]}],"region":{"x":122.76195025701878,"y":745.3869745625113,"width":762.9254681159039,"height":96.46184376691315,"label":"Valuation","shape":"rectangle"},"task_key":"em_record_valuation_total","instructions":{"mark":"Valuation","transcribe":"Enter the valuation ***total*** (if one is given)"}},{"id":"56b1775950617568bb061700","status":"awaiting_votes","name":"Amount Loaned","created_in_workflow":"transcribe","confidence":0.6666666666666666,"data":{"value":"$5000"},"versions":[{"data":{"value":"$5000"},"votes":2,"confidence":0.6666666666666666,"instances":[{"created":"2015-12-27T17:56:02Z","user_id":"56748e5e3564620003fd0100","duration":3.959},{"created":"2015-12-27T21:21:24Z","user_id":"56802f0f3564660003d20900","duration":18.829}]},{"data":{"value":"$5,000"},"votes":1,"confidence":0.3333333333333333,"instances":[{"created":"2015-12-27T20:48:51Z","user_id":"568047983564660003300b00","duration":2.76}]}],"region":{"x":1177.5784431200584,"y":711.5626916832041,"width":165.36315565073778,"height":87.69258524264842,"label":"Amount Loaned","shape":"rectangle"},"task_key":"em_record_amount_loaned","instructions":{"mark":"Amount Loaned","transcribe":"Enter the Amount Loaned"}}]}]}