{"id":"56b0ffd97061755afb1b0200","meta_data":{"capture_uuid":"e0159f00-00b1-0133-7ca5-58d385a7bbd0","page_uri":"http://digitalcollections.nypl.org/items/e0159f00-00b1-0133-7ca5-58d385a7bbd0","book_uri":"http://digitalcollections.nypl.org/items/df712aa0-00b1-0133-fbd7-58d385a7bbd0","source_rotated":"0","source_x":"1203.2","source_y":"0","source_w":"1356.8","source_h":"984.41"},"type":"final_subject_set","search_terms_by_field":{},"subjects":[{"id":"56b1761f50617568bbd70100","type":"root","location":{"standard":"https://s3.amazonaws.com/scribe.nypl.org/emigrant-s4/full/e0159f00-00b1-0133-7ca5-58d385a7bbd0.right-top.jpg","thumbnail":"https://s3.amazonaws.com/scribe.nypl.org/emigrant-s4/thumb/e0159f00-00b1-0133-7ca5-58d385a7bbd0.right-top.jpg"},"status":"active","width":1356,"height":984,"meta_data":{"capture_uuid":"e0159f00-00b1-0133-7ca5-58d385a7bbd0","page_uri":"http://digitalcollections.nypl.org/items/e0159f00-00b1-0133-7ca5-58d385a7bbd0","book_uri":"http://digitalcollections.nypl.org/items/df712aa0-00b1-0133-fbd7-58d385a7bbd0","source_rotated":"0","source_x":"1203.2","source_y":"0","source_w":"1356.8","source_h":"984.41"},"assertions":[]}]}