{"id":"56b100b27061755afb571200","meta_data":{"capture_uuid":"e2e59200-00b1-0133-b9e1-58d385a7bbd0","page_uri":"http://digitalcollections.nypl.org/items/e2e59200-00b1-0133-b9e1-58d385a7bbd0","book_uri":"http://digitalcollections.nypl.org/items/df712aa0-00b1-0133-fbd7-58d385a7bbd0","source_rotated":"1.00705","source_x":"1220.09","source_y":"0","source_w":"1375.91","source_h":"1015.28"},"type":"final_subject_set","search_terms_by_field":{"Record Date":["1879, November","1879, November","1879, November","59th Street","530","121","1871 Decemb. 20","1871 Decemb. 20","1879 November","1871 Decemb. 20"],"Record Number":["530"],"Mortgager":["Regina Gottlieb"],"Street Address":["no 750 Lexington Avenue"],"Land \u0026 Building Dimensions":["20 x 65","20 x 50","20 x 65","20 x 50"],"Stories \u0026 Materials":["3","B. S.  House","3","B. S. F. "],"Additional Info":["House","House"],"Valuation Date":["1879 November","1879 November"],"Total Value":["$10000","$16000."],"Land \u0026 Building Value":[],"Amount Loaned":["$10000"]},"subjects":[{"id":"56b1770250617568bbfb1000","type":"root","location":{"standard":"https://s3.amazonaws.com/scribe.nypl.org/emigrant-s4/full/e2e59200-00b1-0133-b9e1-58d385a7bbd0.right-top.jpg","thumbnail":"https://s3.amazonaws.com/scribe.nypl.org/emigrant-s4/thumb/e2e59200-00b1-0133-b9e1-58d385a7bbd0.right-top.jpg"},"status":"retired","width":1375,"height":1015,"meta_data":{"capture_uuid":"e2e59200-00b1-0133-b9e1-58d385a7bbd0","page_uri":"http://digitalcollections.nypl.org/items/e2e59200-00b1-0133-b9e1-58d385a7bbd0","book_uri":"http://digitalcollections.nypl.org/items/df712aa0-00b1-0133-fbd7-58d385a7bbd0","source_rotated":"1.00705","source_x":"1220.09","source_y":"0","source_w":"1375.91","source_h":"1015.28"},"assertions":[{"id":"56b1770250617568bbfc1000","status":"awaiting_transcriptions","name":"Record Date","created_in_workflow":"transcribe","confidence":0.3333333333333333,"data":{"value":"1879, November"},"versions":[{"data":{"value":"1879, November"},"votes":1,"confidence":0.3333333333333333,"instances":[{"created":"2015-12-28T18:10:57Z","user_id":"567b52b33634340003700300","duration":20.911}]}],"region":{"x":441.6832029617415,"y":548.2324802678785,"width":347.36187278922864,"height":22.195646974407964,"label":"Record Date","shape":"rectangle"},"task_key":"em_record_date","instructions":{"mark":"Record Date","transcribe":"Enter the record date"}},{"id":"56b1770250617568bbfd1000","status":"awaiting_transcriptions","name":"Record Date","created_in_workflow":"transcribe","confidence":0.3333333333333333,"data":{"value":"1879, November"},"versions":[{"data":{"value":"1879, November"},"votes":1,"confidence":0.3333333333333333,"instances":[{"created":"2015-12-28T18:12:52Z","user_id":"567b52b33634340003700300","duration":17.358}]}],"region":{"x":521.5875315266759,"y":585.9650801243721,"width":453.9009775424745,"height":28.854341066730512,"label":"Record Date","shape":"rectangle"},"task_key":"em_record_date","instructions":{"mark":"Record Date","transcribe":"Enter the record date"}},{"id":"56b1770250617568bbfe1000","status":"awaiting_transcriptions","name":"Record Date","created_in_workflow":"transcribe","confidence":0.3333333333333333,"data":{"value":"1879, November"},"versions":[{"data":{"value":"1879, November"},"votes":1,"confidence":0.3333333333333333,"instances":[{"created":"2015-12-28T18:13:51Z","user_id":"567b52b33634340003700300","duration":17.711}]}],"region":{"x":541.5636136679095,"y":635.9052858167902,"width":419.4977249659055,"height":66.58694092322412,"label":"Record Date","shape":"rectangle"},"task_key":"em_record_date","instructions":{"mark":"Record Date","transcribe":"Enter the record date"}},{"id":"56b1770250617568bbff1000","status":"awaiting_transcriptions","name":"Record Date","created_in_workflow":"transcribe","confidence":0.3333333333333333,"data":{"value":"59th Street"},"versions":[{"data":{"value":"59th Street"},"votes":1,"confidence":0.3333333333333333,"instances":[{"created":"2015-12-28T17:18:39Z","user_id":"568163ed6339300003fa0400","duration":8.418}]}],"region":{"x":735.7755233743472,"y":386.2042573546998,"width":186.44343331818027,"height":56.598899784740524,"label":"Record Date","shape":"rectangle"},"task_key":"em_record_date","instructions":{"mark":"Record Date","transcribe":"Enter the record date"}},{"id":"56b1770250617568bb001100","status":"awaiting_transcriptions","name":"Record Date","created_in_workflow":"transcribe","confidence":0.3333333333333333,"data":{"value":"530"},"versions":[{"data":{"value":"530"},"votes":1,"confidence":0.3333333333333333,"instances":[{"created":"2015-12-28T17:17:55Z","user_id":"568163ed6339300003fa0400","duration":203.034}]}],"region":{"x":911.121133280731,"y":46.61085864625687,"width":206.4195154594139,"height":41.06194690265487,"label":"Record Date","shape":"rectangle"},"task_key":"em_record_date","instructions":{"mark":"Record Date","transcribe":"Enter the record date"}},{"id":"56b1770250617568bb011100","status":"awaiting_transcriptions","name":"Record Date","created_in_workflow":"transcribe","confidence":0.3333333333333333,"data":{"value":"121"},"versions":[{"data":{"value":"121"},"votes":1,"confidence":0.3333333333333333,"instances":[{"created":"2015-12-28T08:37:32Z","user_id":"5680ee916339300003ec0200","duration":3.743}]}],"region":{"x":1251.8243120228817,"y":43.28151160009567,"width":66.5869404707787,"height":15.0,"label":"Record Date","shape":"rectangle"},"task_key":"em_record_date","instructions":{"mark":"Record Date","transcribe":"Enter the record date"}},{"id":"56b1770250617568bb021100","status":"complete","name":"Record Number","created_in_workflow":"transcribe","confidence":1.0,"data":{"value":"530"},"versions":[{"data":{"value":"530"},"votes":3,"confidence":1.0,"instances":[{"created":"2016-01-08T00:45:46Z","user_id":"5668b33530333000032d0500","duration":4.755},{"created":"2016-01-08T21:18:14Z","user_id":"56901aea6635330003bc0300","duration":4.476},{"created":"2016-01-09T00:23:55Z","user_id":"5690509d6635330003c80600","duration":7.153}]}],"region":{"x":906.1237542924199,"y":25.88964662120273,"width":171.15934362886298,"height":63.28580285182889,"label":"Record Number","shape":"rectangle"},"task_key":"em_record_number","instructions":{"mark":"Record Number","transcribe":"Enter the record number"}},{"id":"56b1770250617568bb031100","status":"awaiting_votes","name":"Mortgager","created_in_workflow":"transcribe","confidence":0.6666666666666666,"data":{"value":"Regina Gottlieb"},"versions":[{"data":{"value":"Regina Gottlieb"},"votes":2,"confidence":0.6666666666666666,"instances":[{"created":"2016-01-09T03:20:51Z","user_id":"56907a163063390003050000","duration":8.497},{"created":"2016-01-09T04:05:40Z","user_id":"569087146133390003bb0500","duration":12.268}]},{"data":{"value":"Regina Guttlieb"},"votes":1,"confidence":0.3333333333333333,"instances":[{"created":"2016-01-08T20:49:45Z","user_id":"56901aea6635330003bc0300","duration":39.393}]}],"region":{"x":424.2886272699906,"y":530.7377557346559,"width":345.19531488174033,"height":63.28580285182886,"label":"Mortgager Name","shape":"rectangle"},"task_key":"em_record_mortgager","instructions":{"mark":"Mortgager Name","transcribe":"Enter the mortgager's name"}},{"id":"56b1770250617568bb041100","status":"awaiting_votes","name":"Street Address","created_in_workflow":"transcribe","confidence":0.6666666666666666,"data":{"value":"no 750 Lexington Avenue"},"versions":[{"data":{"value":"no 750 Lexington Avenue"},"votes":2,"confidence":0.6666666666666666,"instances":[{"created":"2016-01-08T20:50:23Z","user_id":"56901aea6635330003bc0300","duration":38.103},{"created":"2016-01-09T01:20:26Z","user_id":"56905fb366353300031a0700","duration":16.381}]},{"data":{"value":"750 Lexington Avenue"},"votes":1,"confidence":0.3333333333333333,"instances":[{"created":"2016-01-09T04:05:51Z","user_id":"569087146133390003bb0500","duration":11.476}]}],"region":{"x":487.5744349983097,"y":560.9423434593924,"width":461.6987336543277,"height":64.72411655300687,"label":"Street Address","shape":"rectangle"},"task_key":"em_record_street_address","instructions":{"mark":"Street Address","transcribe":"Enter the street address"}},{"id":"56b1770250617568bb051100","status":"awaiting_transcriptions","name":"Land \u0026 Building Dimensions","created_in_workflow":"transcribe","confidence":0.3333333333333333,"data":{"em_survey_land_dimensions":"20 x 65","em_survey_building_dimensions":"20 x 50"},"versions":[{"data":{"em_survey_land_dimensions":"20 x 65","em_survey_building_dimensions":"20 x 50"},"votes":1,"confidence":0.3333333333333333,"instances":[{"created":"2016-01-08T20:50:51Z","user_id":"56901aea6635330003bc0300","duration":17.838}]}],"region":{"x":467.43804163020815,"y":614.1599504029758,"width":524.984541382647,"height":103.55858648481092,"label":"Dimension \u0026 Description","shape":"rectangle"},"task_key":"em_record_survey","instructions":{"mark":"Dimension \u0026 Description","transcribe":"Enter, as they appear, any land and building dimensions that were recorded. In the next screen, you'll enter the descriptive information."}},{"id":"56b1770250617568bb061100","status":"awaiting_transcriptions","name":"Stories \u0026 Materials","created_in_workflow":"transcribe","confidence":0.3333333333333333,"data":{"em_record_stories":"3","em_record_material":"B. S.  House"},"versions":[{"data":{"em_record_stories":"3","em_record_material":"B. S.  House"},"votes":1,"confidence":0.3333333333333333,"instances":[{"created":"2016-01-08T20:51:36Z","user_id":"56901aea6635330003bc0300","duration":45.68}]}],"region":{"x":467.43804163020815,"y":614.1599504029758,"width":524.984541382647,"height":103.55858648481092,"label":"Dimension \u0026 Description","shape":"rectangle"},"task_key":"em_record_survey_stories_materials","instructions":{"mark":"Dimension \u0026 Description","transcribe":"Enter, as they appear, the number of stories and the building materials."}},{"id":"56b1770250617568bb071100","status":"awaiting_transcriptions","name":"Additional Info","created_in_workflow":"transcribe","confidence":0.3333333333333333,"data":{"value":"House"},"versions":[{"data":{"value":"House"},"votes":1,"confidence":0.3333333333333333,"instances":[{"created":"2016-01-08T20:51:44Z","user_id":"56901aea6635330003bc0300","duration":8.293}]}],"region":{"x":467.43804163020815,"y":614.1599504029758,"width":524.984541382647,"height":103.55858648481092,"label":"Dimension \u0026 Description","shape":"rectangle"},"task_key":"em_record_survey_additional_info","instructions":{"mark":"Dimension \u0026 Description","transcribe":"Enter any additional information you find about the building's construction or significance."}},{"id":"56b1770250617568bb081100","status":"awaiting_transcriptions","name":"Land \u0026 Building Dimensions","created_in_workflow":"transcribe","confidence":0.3333333333333333,"data":{"em_survey_land_dimensions":"20 x 65","em_survey_building_dimensions":"20 x 50"},"versions":[{"data":{"em_survey_land_dimensions":"20 x 65","em_survey_building_dimensions":"20 x 50"},"votes":1,"confidence":0.3333333333333333,"instances":[{"created":"2016-01-20T19:10:40Z","user_id":"569fdb7a3234330003380000","duration":15.547}]}],"region":{"x":489.2010256581639,"y":621.0950233126537,"width":463.7815750371471,"height":89.89533232156828,"label":"Dimension \u0026 Description","shape":"rectangle"},"task_key":"em_record_survey","instructions":{"mark":"Dimension \u0026 Description","transcribe":"Enter, as they appear, any land and building dimensions that were recorded. In the next screen, you'll enter the descriptive information."}},{"id":"56b1770250617568bb091100","status":"awaiting_transcriptions","name":"Stories \u0026 Materials","created_in_workflow":"transcribe","confidence":0.3333333333333333,"data":{"em_record_stories":"3","em_record_material":"B. S. F. "},"versions":[{"data":{"em_record_stories":"3","em_record_material":"B. S. F. "},"votes":1,"confidence":0.3333333333333333,"instances":[{"created":"2016-01-20T19:10:50Z","user_id":"569fdb7a3234330003380000","duration":10.112}]}],"region":{"x":489.2010256581639,"y":621.0950233126537,"width":463.7815750371471,"height":89.89533232156828,"label":"Dimension \u0026 Description","shape":"rectangle"},"task_key":"em_record_survey_stories_materials","instructions":{"mark":"Dimension \u0026 Description","transcribe":"Enter, as they appear, the number of stories and the building materials."}},{"id":"56b1770250617568bb0a1100","status":"awaiting_transcriptions","name":"Additional Info","created_in_workflow":"transcribe","confidence":0.3333333333333333,"data":{"value":"House"},"versions":[{"data":{"value":"House"},"votes":1,"confidence":0.3333333333333333,"instances":[{"created":"2016-01-20T19:10:52Z","user_id":"569fdb7a3234330003380000","duration":2.325}]}],"region":{"x":489.2010256581639,"y":621.0950233126537,"width":463.7815750371471,"height":89.89533232156828,"label":"Dimension \u0026 Description","shape":"rectangle"},"task_key":"em_record_survey_additional_info","instructions":{"mark":"Dimension \u0026 Description","transcribe":"Enter any additional information you find about the building's construction or significance."}},{"id":"56b1770250617568bb0b1100","status":"awaiting_votes","name":"Record Date","created_in_workflow":"transcribe","confidence":0.3333333333333333,"data":{"value":"1871 Decemb. 20"},"versions":[{"data":{"value":"1871 Decemb. 20"},"votes":1,"confidence":0.3333333333333333,"instances":[{"created":"2016-01-20T16:26:54Z","user_id":"563f8b7a3264340003774b00","duration":19.351}]},{"data":{"value":"1871. Decemb. 20"},"votes":1,"confidence":0.3333333333333333,"instances":[{"created":"2016-01-20T19:09:46Z","user_id":"569fdb7a3234330003380000","duration":16.303}]},{"data":{"value":"1871 December 20"},"votes":1,"confidence":0.3333333333333333,"instances":[{"created":"2016-01-20T19:12:49Z","user_id":"569fd6d23234330003050000","duration":28.477}]}],"region":{"x":103.05689490036305,"y":87.8522565869872,"width":166.51188707280835,"height":90.91687018885885,"label":"Record Date","shape":"rectangle"},"task_key":"em_record_date","instructions":{"mark":"Record Date","transcribe":"Enter the record date"}},{"id":"56b1770250617568bb0c1100","status":"awaiting_transcriptions","name":"Record Date","created_in_workflow":"transcribe","confidence":0.3333333333333333,"data":{"value":"1871 Decemb. 20"},"versions":[{"data":{"value":"1871 Decemb. 20"},"votes":1,"confidence":0.3333333333333333,"instances":[{"created":"2016-01-08T00:45:51Z","user_id":"5668b33530333000032d0500","duration":4.214}]},{"data":{"value":"1871 December 20"},"votes":1,"confidence":0.3333333333333333,"instances":[{"created":"2016-01-09T00:24:33Z","user_id":"5690509d6635330003c80600","duration":9.795}]}],"region":{"x":115.05115768843153,"y":70.47737135771854,"width":188.41910937294995,"height":142.393056416615,"label":"Record Date","shape":"rectangle"},"task_key":"em_record_date","instructions":{"mark":"Record Date","transcribe":"Enter the record date"}},{"id":"56b1770250617568bb0d1100","status":"awaiting_transcriptions","name":"Record Date","created_in_workflow":"transcribe","confidence":0.3333333333333333,"data":{"value":"1879 November"},"versions":[{"data":{"value":"1879 November"},"votes":1,"confidence":0.3333333333333333,"instances":[{"created":"2015-12-28T08:42:00Z","user_id":"5680ee916339300003ec0200","duration":12.564}]},{"data":{"value":"1879, November"},"votes":1,"confidence":0.3333333333333333,"instances":[{"created":"2015-12-28T18:15:08Z","user_id":"567b52b33634340003700300","duration":28.843}]}],"region":{"x":128.7245827490818,"y":747.9933030375507,"width":691.3943985549183,"height":89.89237024635258,"label":"Record Date","shape":"rectangle"},"task_key":"em_record_date","instructions":{"mark":"Record Date","transcribe":"Enter the record date"}},{"id":"56b1770250617568bb0e1100","status":"awaiting_transcriptions","name":"Record Date","created_in_workflow":"transcribe","confidence":0.3333333333333333,"data":{"value":"1871 Decemb. 20"},"versions":[{"data":{"value":"1871 Decemb. 20"},"votes":1,"confidence":0.3333333333333333,"instances":[{"created":"2015-12-28T11:50:57Z","user_id":"56748e5e3564620003fd0100","duration":10.497}]},{"data":{"value":"1871 Decemb. 21"},"votes":1,"confidence":0.3333333333333333,"instances":[{"created":"2015-12-28T17:18:31Z","user_id":"568163ed6339300003fa0400","duration":19.085}]}],"region":{"x":134.27349445498,"y":106.53910547715857,"width":128.73475157683876,"height":61.038029179622086,"label":"Record Date","shape":"rectangle"},"task_key":"em_record_date","instructions":{"mark":"Record Date","transcribe":"Enter the record date"}},{"id":"56b1770250617568bb0f1100","status":"awaiting_transcriptions","name":"Valuation Date","created_in_workflow":"transcribe","confidence":0.3333333333333333,"data":{"value":"1879 November"},"versions":[{"data":{"value":"1879 November"},"votes":1,"confidence":0.3333333333333333,"instances":[{"created":"2016-01-08T20:53:14Z","user_id":"56901aea6635330003bc0300","duration":24.098}]}],"region":{"x":96.35307813233726,"y":732.1016738995661,"width":746.4848684317636,"height":104.9969001859888,"label":"Valuation","shape":"rectangle"},"task_key":"em_record_valuation","instructions":{"mark":"Valuation","transcribe":"Enter the date of the valuation (if one is given). In the next screen, you'll enter the valuation's dollar amounts."}},{"id":"56b1770250617568bb101100","status":"awaiting_transcriptions","name":"Total Value","created_in_workflow":"transcribe","confidence":0.3333333333333333,"data":{"value":"$10000"},"versions":[{"data":{"value":"$10000"},"votes":1,"confidence":0.3333333333333333,"instances":[{"created":"2016-01-08T20:54:07Z","user_id":"56901aea6635330003bc0300","duration":7.746}]}],"region":{"x":96.35307813233726,"y":732.1016738995661,"width":746.4848684317636,"height":104.9969001859888,"label":"Valuation","shape":"rectangle"},"task_key":"em_record_valuation_total","instructions":{"mark":"Valuation","transcribe":"Enter the valuation ***total*** (if one is given)"}},{"id":"56b1770250617568bb111100","status":"awaiting_transcriptions","name":"Valuation Date","created_in_workflow":"transcribe","confidence":0.3333333333333333,"data":{"value":"1879 November"},"versions":[{"data":{"value":"1879 November"},"votes":1,"confidence":0.3333333333333333,"instances":[{"created":"2016-01-20T19:11:28Z","user_id":"569fdb7a3234330003380000","duration":9.75}]}],"region":{"x":120.42316533126944,"y":748.7872567239723,"width":706.9093610698365,"height":81.7230293832439,"label":"Valuation","shape":"rectangle"},"task_key":"em_record_valuation","instructions":{"mark":"Valuation","transcribe":"Enter the date of the valuation (if one is given). In the next screen, you'll enter the valuation's dollar amounts."}},{"id":"56b1770250617568bb121100","status":"awaiting_transcriptions","name":"Land \u0026 Building Value","created_in_workflow":"transcribe","confidence":0.3333333333333333,"data":{"em_valuation_ground":""},"versions":[{"data":{"em_valuation_ground":""},"votes":1,"confidence":0.3333333333333333,"instances":[{"created":"2016-01-20T19:11:29Z","user_id":"569fdb7a3234330003380000","duration":1.25}]}],"region":{"x":120.42316533126944,"y":748.7872567239723,"width":706.9093610698365,"height":81.7230293832439,"label":"Valuation","shape":"rectangle"},"task_key":"em_record_valuation_ground_building","instructions":{"mark":"Valuation","transcribe":"Sometimes valuations include itemized dollar values for \"ground\" and \"building\". Enter these amounts if you can find them. In the next screen, you'll enter the total valuation."}},{"id":"56b1770250617568bb131100","status":"awaiting_transcriptions","name":"Total Value","created_in_workflow":"transcribe","confidence":0.3333333333333333,"data":{"value":"$16000."},"versions":[{"data":{"value":"$16000."},"votes":1,"confidence":0.3333333333333333,"instances":[{"created":"2016-01-20T19:11:38Z","user_id":"569fdb7a3234330003380000","duration":8.71}]}],"region":{"x":120.42316533126944,"y":748.7872567239723,"width":706.9093610698365,"height":81.7230293832439,"label":"Valuation","shape":"rectangle"},"task_key":"em_record_valuation_total","instructions":{"mark":"Valuation","transcribe":"Enter the valuation ***total*** (if one is given)"}},{"id":"56b1770250617568bb141100","status":"awaiting_votes","name":"Amount Loaned","created_in_workflow":"transcribe","confidence":0.3333333333333333,"data":{"value":"$10000"},"versions":[{"data":{"value":"$10000"},"votes":1,"confidence":0.3333333333333333,"instances":[{"created":"2016-01-08T20:52:50Z","user_id":"56901aea6635330003bc0300","duration":6.359}]},{"data":{"value":"$10.000."},"votes":1,"confidence":0.3333333333333333,"instances":[{"created":"2016-01-09T01:22:25Z","user_id":"56905fb366353300031a0700","duration":9.865}]},{"data":{"value":"$10,000"},"votes":1,"confidence":0.3333333333333333,"instances":[{"created":"2016-01-09T04:06:15Z","user_id":"569087146133390003bb0500","duration":3.409}]}],"region":{"x":1162.1436128297107,"y":714.8419094854308,"width":155.33789169678312,"height":90.61376317420957,"label":"Amount Loaned","shape":"rectangle"},"task_key":"em_record_amount_loaned","instructions":{"mark":"Amount Loaned","transcribe":"Enter the Amount Loaned"}}]}]}