{"id":"56b100277061755afb0f0800","meta_data":{"capture_uuid":"e12f8cc0-00b1-0133-5af9-58d385a7bbd0","page_uri":"http://digitalcollections.nypl.org/items/e12f8cc0-00b1-0133-5af9-58d385a7bbd0","book_uri":"http://digitalcollections.nypl.org/items/df712aa0-00b1-0133-fbd7-58d385a7bbd0","source_rotated":"1.48242","source_x":"0","source_y":"0","source_w":"1385.42","source_h":"995.04"},"type":"final_subject_set","search_terms_by_field":{"Record Number":["Prine Chapuerty","298"],"Valuation Date":["1879 November","1879 November "],"Total Value":["8000","$8000"],"Land \u0026 Building Value":[],"Mortgager":["Pierre Chapuerty"],"Street Address":["No 329 E 20th St"],"Stories \u0026 Materials":["3","B.S\u003EF"],"Land \u0026 Building Dimensions":["15.3 3/4 x 92","15.3 3/4 x 50"],"Additional Info":[],"Record Date":["1867 August 5"],"Amount Loaned":["4000"]},"subjects":[{"id":"56b1767150617568bb590700","type":"root","location":{"standard":"https://s3.amazonaws.com/scribe.nypl.org/emigrant-s4/full/e12f8cc0-00b1-0133-5af9-58d385a7bbd0.left-top.jpg","thumbnail":"https://s3.amazonaws.com/scribe.nypl.org/emigrant-s4/thumb/e12f8cc0-00b1-0133-5af9-58d385a7bbd0.left-top.jpg"},"status":"retired","width":1385,"height":995,"meta_data":{"capture_uuid":"e12f8cc0-00b1-0133-5af9-58d385a7bbd0","page_uri":"http://digitalcollections.nypl.org/items/e12f8cc0-00b1-0133-5af9-58d385a7bbd0","book_uri":"http://digitalcollections.nypl.org/items/df712aa0-00b1-0133-fbd7-58d385a7bbd0","source_rotated":"1.48242","source_x":"0","source_y":"0","source_w":"1385.42","source_h":"995.04"},"assertions":[{"id":"56b1767150617568bb5a0700","status":"awaiting_transcriptions","name":"Record Number","created_in_workflow":"transcribe","confidence":0.3333333333333333,"data":{"value":"Prine Chapuerty"},"versions":[{"data":{"value":"Prine Chapuerty"},"votes":1,"confidence":0.3333333333333333,"instances":[{"created":"2015-11-09T23:17:56Z","user_id":"5641537261616500034e4f00","duration":3.643}]}],"region":{"x":449.59694989106754,"y":509.93404575309233,"width":345.49564270152507,"height":61.85590495821526,"label":"Record Number","shape":"rectangle"},"task_key":"em_record_number","instructions":{"mark":"Record Number","transcribe":"Enter the record number"}},{"id":"56b1767150617568bb5b0700","status":"awaiting_votes","name":"Valuation Date","created_in_workflow":"transcribe","confidence":0.75,"data":{"value":"1879 November"},"versions":[{"data":{"value":"1879 November"},"votes":3,"confidence":0.75,"instances":[{"created":"2015-11-10T02:34:42Z","user_id":"5641425d6161650003763d00","duration":16.751},{"created":"2015-11-10T03:23:41Z","user_id":"5641537261616500034e4f00","duration":4.562},{"created":"2016-01-03T16:23:11Z","user_id":"56748e5e3564620003fd0100","duration":8.257}]},{"data":{"value":"8000"},"votes":1,"confidence":0.25,"instances":[{"created":"2015-11-09T23:18:50Z","user_id":"5641537261616500034e4f00","duration":6.513}]}],"region":{"x":261.00762527233115,"y":758.8663461946907,"width":482.78867102396515,"height":42.24305704463484,"label":"Valuation","shape":"rectangle"},"task_key":"em_record_valuation","instructions":{"mark":"Valuation","transcribe":"Enter the date of the valuation (if one is given). In the next screen, you'll enter the valuation's dollar amounts."}},{"id":"56b1767150617568bb5c0700","status":"awaiting_votes","name":"Total Value","created_in_workflow":"transcribe","confidence":0.5,"data":{"value":"8000"},"versions":[{"data":{"value":"8000"},"votes":2,"confidence":0.5,"instances":[{"created":"2015-11-09T23:18:58Z","user_id":"5641537261616500034e4f00","duration":2.005},{"created":"2015-11-10T03:23:45Z","user_id":"5641537261616500034e4f00","duration":1.456}]},{"data":{"value":"$8,000"},"votes":1,"confidence":0.25,"instances":[{"created":"2015-11-10T02:34:51Z","user_id":"5641425d6161650003763d00","duration":3.586}]},{"data":{"value":"$8000"},"votes":1,"confidence":0.25,"instances":[{"created":"2016-01-03T16:23:15Z","user_id":"56748e5e3564620003fd0100","duration":2.767}]}],"region":{"x":261.00762527233115,"y":758.8663461946907,"width":482.78867102396515,"height":42.24305704463484,"label":"Valuation","shape":"rectangle"},"task_key":"em_record_valuation_total","instructions":{"mark":"Valuation","transcribe":"Enter the valuation ***total*** (if one is given)"}},{"id":"56b1767150617568bb5d0700","status":"complete","name":"Land \u0026 Building Value","created_in_workflow":"transcribe","confidence":1.0,"data":{"em_valuation_ground":""},"versions":[{"data":{"em_valuation_ground":""},"votes":4,"confidence":1.0,"instances":[{"created":"2015-11-09T23:18:56Z","user_id":"5641537261616500034e4f00","duration":5.609},{"created":"2015-11-10T02:34:48Z","user_id":"5641425d6161650003763d00","duration":5.892},{"created":"2015-11-10T03:23:43Z","user_id":"5641537261616500034e4f00","duration":1.607},{"created":"2016-01-03T16:23:12Z","user_id":"56748e5e3564620003fd0100","duration":0.822}]}],"region":{"x":261.00762527233115,"y":758.8663461946907,"width":482.78867102396515,"height":42.24305704463484,"label":"Valuation","shape":"rectangle"},"task_key":"em_record_valuation_ground_building","instructions":{"mark":"Valuation","transcribe":"Sometimes valuations include itemized dollar values for \"ground\" and \"building\". Enter these amounts if you can find them. In the next screen, you'll enter the total valuation."}},{"id":"56b1767150617568bb5e0700","status":"complete","name":"Record Number","created_in_workflow":"transcribe","confidence":1.0,"data":{"value":"298"},"versions":[{"data":{"value":"298"},"votes":3,"confidence":1.0,"instances":[{"created":"2015-11-09T23:17:42Z","user_id":"5641537261616500034e4f00","duration":3.049},{"created":"2015-11-10T02:29:22Z","user_id":"5641425d6161650003763d00","duration":5.375},{"created":"2015-11-10T03:22:57Z","user_id":"5641537261616500034e4f00","duration":2.716}]}],"region":{"x":885.6154684095861,"y":3.017361217473919,"width":242.90305010893235,"height":78.4513916543219,"label":"Record Number","shape":"rectangle"},"task_key":"em_record_number","instructions":{"mark":"Record Number","transcribe":"Enter the record number"}},{"id":"56b1767150617568bb5f0700","status":"awaiting_votes","name":"Mortgager","created_in_workflow":"verify","confidence":0.3333333333333333,"data":{"value":"Pierre Chapuerty"},"versions":[{"data":{"value":"Pierre Chapuerty"},"votes":1,"confidence":0.3333333333333333,"instances":[{"created":"2016-01-03T16:17:38Z","user_id":"56748e5e3564620003fd0100","duration":36.314}]}],"region":{"x":458.6492374727669,"y":509.93404575309233,"width":298.72549019607845,"height":67.89062739316313,"label":"Mortgager Name","shape":"rectangle"},"task_key":"em_transcribed_mortgager","instructions":{"mark":"Mortgager Name","transcribe":"Enter the mortgager's name","verify":"Choose the best transcription or enter your own!"}},{"id":"56b1767150617568bb600700","status":"awaiting_votes","name":"Street Address","created_in_workflow":"transcribe","confidence":0.25,"data":{"value":"No 329 E 20th St"},"versions":[{"data":{"value":"No 329 E 20th St"},"votes":1,"confidence":0.25,"instances":[{"created":"2015-11-09T23:18:09Z","user_id":"5641537261616500034e4f00","duration":7.53}]},{"data":{"value":"No. 329 E. 20th Street"},"votes":1,"confidence":0.25,"instances":[{"created":"2015-11-10T02:31:11Z","user_id":"5641425d6161650003763d00","duration":16.475}]},{"data":{"value":"No. 329 E 20th St"},"votes":1,"confidence":0.25,"instances":[{"created":"2015-11-10T03:23:15Z","user_id":"5641537261616500034e4f00","duration":5.137}]},{"data":{"value":"No. 329,  E. 20th St."},"votes":1,"confidence":0.25,"instances":[{"created":"2016-01-03T16:18:45Z","user_id":"56748e5e3564620003fd0100","duration":13.22}]}],"region":{"x":446.57952069716777,"y":555.1944640152011,"width":337.9520697167756,"height":51.29514069705658,"label":"Street Address","shape":"rectangle"},"task_key":"em_record_street_address","instructions":{"mark":"Street Address","transcribe":"Enter the street address"}},{"id":"56b1767150617568bb610700","status":"awaiting_votes","name":"Stories \u0026 Materials","created_in_workflow":"transcribe","confidence":0.3333333333333333,"data":{"em_record_stories":"3","em_record_material":"B.S\u003EF"},"versions":[{"data":{"em_record_stories":"3","em_record_material":"B.S\u003EF"},"votes":1,"confidence":0.3333333333333333,"instances":[{"created":"2015-11-09T23:18:24Z","user_id":"5641537261616500034e4f00","duration":5.109}]},{"data":{"em_record_stories":"3","em_record_material":"B.L."},"votes":1,"confidence":0.3333333333333333,"instances":[{"created":"2015-11-10T02:33:06Z","user_id":"5641425d6161650003763d00","duration":73.265}]},{"data":{"em_record_stories":"3","em_record_material":"B.S.F."},"votes":1,"confidence":0.3333333333333333,"instances":[{"created":"2015-11-10T03:23:33Z","user_id":"5641537261616500034e4f00","duration":3.097}]}],"region":{"x":206.69389978213508,"y":600.4548822773099,"width":675.9041394335512,"height":78.45139165432181,"label":"Dimension \u0026 Description","shape":"rectangle"},"task_key":"em_record_survey_stories_materials","instructions":{"mark":"Dimension \u0026 Description","transcribe":"Enter, as they appear, the number of stories and the building materials."}},{"id":"56b1767150617568bb620700","status":"complete","name":"Land \u0026 Building Dimensions","created_in_workflow":"transcribe","confidence":1.0,"data":{"em_survey_land_dimensions":"15.3 3/4 x 92","em_survey_building_dimensions":"15.3 3/4 x 50"},"versions":[{"data":{"em_survey_land_dimensions":"15.3 3/4 x 92","em_survey_building_dimensions":"15.3 3/4 x 50"},"votes":3,"confidence":1.0,"instances":[{"created":"2015-11-09T23:18:19Z","user_id":"5641537261616500034e4f00","duration":9.657},{"created":"2015-11-10T02:31:53Z","user_id":"5641425d6161650003763d00","duration":26.162},{"created":"2015-11-10T03:23:30Z","user_id":"5641537261616500034e4f00","duration":10.219}]}],"region":{"x":206.69389978213508,"y":600.4548822773099,"width":675.9041394335512,"height":78.45139165432181,"label":"Dimension \u0026 Description","shape":"rectangle"},"task_key":"em_record_survey","instructions":{"mark":"Dimension \u0026 Description","transcribe":"Enter, as they appear, any land and building dimensions that were recorded. In the next screen, you'll enter the descriptive information."}},{"id":"56b1767150617568bb630700","status":"awaiting_transcriptions","name":"Additional Info","created_in_workflow":"transcribe","confidence":0.6666666666666666,"data":{"value":""},"versions":[{"data":{"value":""},"votes":2,"confidence":0.6666666666666666,"instances":[{"created":"2015-11-09T23:18:25Z","user_id":"5641537261616500034e4f00","duration":1.034},{"created":"2015-11-10T03:23:34Z","user_id":"5641537261616500034e4f00","duration":0.852}]},{"data":{"value":"house"},"votes":1,"confidence":0.3333333333333333,"instances":[{"created":"2015-11-10T02:33:10Z","user_id":"5641425d6161650003763d00","duration":3.902}]}],"region":{"x":206.69389978213508,"y":600.4548822773099,"width":675.9041394335512,"height":78.45139165432181,"label":"Dimension \u0026 Description","shape":"rectangle"},"task_key":"em_record_survey_additional_info","instructions":{"mark":"Dimension \u0026 Description","transcribe":"Enter any additional information you find about the building's construction or significance."}},{"id":"56b1767150617568bb640700","status":"awaiting_votes","name":"Record Date","created_in_workflow":"verify","confidence":0.5714285714285714,"data":{"value":"1867 August 5"},"versions":[{"data":{"value":"1867 August 5"},"votes":4,"confidence":0.5714285714285714,"instances":[{"created":"2015-11-10T02:39:35Z","user_id":"563d87476532620003ea4300","duration":7.078},{"created":"2015-11-10T02:58:31Z","user_id":"564165b661616500034d6300","duration":11.684},{"created":"2015-11-10T03:00:13Z","user_id":"56415a7f6161650003085700","duration":7.689},{"created":"2015-11-10T03:02:17Z","user_id":"5640f4706161650003b50100","duration":5.419}]},{"data":{"value":"1867 Aug 5"},"votes":3,"confidence":0.42857142857142855,"instances":[{"created":"2015-11-10T02:59:55Z","user_id":"56415dab6161650003e55900","duration":83.542},{"created":"2015-11-10T03:08:32Z","user_id":"563eaf056630330003055300","duration":5.195},{"created":"2015-11-10T03:12:45Z","user_id":"564160ad6161650003fd5c00","duration":18.251}]}],"region":{"x":78.45315904139434,"y":58.83854374074142,"width":196.13289760348582,"height":131.25521296011547,"label":"Record Date","shape":"rectangle"},"task_key":"em_transcribed_date","instructions":{"mark":"Record Date","transcribe":"Enter the record date","verify":"Choose the best transcription or enter your own!"}},{"id":"56b1767150617568bb650700","status":"awaiting_transcriptions","name":"Valuation Date","created_in_workflow":"transcribe","confidence":0.3333333333333333,"data":{"value":"1879 November "},"versions":[{"data":{"value":"1879 November "},"votes":1,"confidence":0.3333333333333333,"instances":[{"created":"2015-11-28T17:16:01Z","user_id":"5647496e3562310003960400","duration":8.942}]}],"region":{"x":58.61403581620274,"y":708.4115295602777,"width":648.1211447947524,"height":108.85756364401436,"label":"Valuation","shape":"rectangle"},"task_key":"em_record_valuation","instructions":{"mark":"Valuation","transcribe":"Enter the date of the valuation (if one is given). In the next screen, you'll enter the valuation's dollar amounts."}},{"id":"56b1767150617568bb660700","status":"awaiting_transcriptions","name":"Land \u0026 Building Value","created_in_workflow":"transcribe","confidence":0.3333333333333333,"data":{"em_valuation_ground":""},"versions":[{"data":{"em_valuation_ground":""},"votes":1,"confidence":0.3333333333333333,"instances":[{"created":"2015-11-28T17:16:02Z","user_id":"5647496e3562310003960400","duration":0.886}]}],"region":{"x":58.61403581620274,"y":708.4115295602777,"width":648.1211447947524,"height":108.85756364401436,"label":"Valuation","shape":"rectangle"},"task_key":"em_record_valuation_ground_building","instructions":{"mark":"Valuation","transcribe":"Sometimes valuations include itemized dollar values for \"ground\" and \"building\". Enter these amounts if you can find them. In the next screen, you'll enter the total valuation."}},{"id":"56b1767150617568bb670700","status":"awaiting_transcriptions","name":"Total Value","created_in_workflow":"transcribe","confidence":0.3333333333333333,"data":{"value":"$8000"},"versions":[{"data":{"value":"$8000"},"votes":1,"confidence":0.3333333333333333,"instances":[{"created":"2015-11-28T17:16:05Z","user_id":"5647496e3562310003960400","duration":3.432}]}],"region":{"x":58.61403581620274,"y":708.4115295602777,"width":648.1211447947524,"height":108.85756364401436,"label":"Valuation","shape":"rectangle"},"task_key":"em_record_valuation_total","instructions":{"mark":"Valuation","transcribe":"Enter the valuation ***total*** (if one is given)"}},{"id":"56b1767150617568bb680700","status":"awaiting_votes","name":"Amount Loaned","created_in_workflow":"transcribe","confidence":0.5,"data":{"value":"4000"},"versions":[{"data":{"value":"4000"},"votes":2,"confidence":0.5,"instances":[{"created":"2015-11-09T23:18:44Z","user_id":"5641537261616500034e4f00","duration":7.459},{"created":"2015-11-10T03:23:36Z","user_id":"5641537261616500034e4f00","duration":1.873}]},{"data":{"value":"$4,000"},"votes":1,"confidence":0.25,"instances":[{"created":"2015-11-10T02:34:25Z","user_id":"5641425d6161650003763d00","duration":10.188}]},{"data":{"value":"$4000"},"votes":1,"confidence":0.25,"instances":[{"created":"2016-01-03T16:20:13Z","user_id":"56748e5e3564620003fd0100","duration":3.945}]}],"region":{"x":1160.2015250544662,"y":719.6406503675297,"width":108.62745098039227,"height":58.83854374074144,"label":"Amount Loaned","shape":"rectangle"},"task_key":"em_record_amount_loaned","instructions":{"mark":"Amount Loaned","transcribe":"Enter the Amount Loaned"}}]}]}