{"id":"56b1009f7061755afbe71000","meta_data":{"capture_uuid":"e275c590-00b1-0133-a74e-58d385a7bbd0","page_uri":"http://digitalcollections.nypl.org/items/e275c590-00b1-0133-a74e-58d385a7bbd0","book_uri":"http://digitalcollections.nypl.org/items/df712aa0-00b1-0133-fbd7-58d385a7bbd0","source_rotated":"0.727349","source_x":"1215.39","source_y":"959.27","source_w":"1370.61","source_h":"1081.73"},"type":"final_subject_set","search_terms_by_field":{"Record Number":["493"],"Mortgager":["Maria McCaffrey"],"Street Address":["No. 255, 21st Street near 5th Ave Brooklyn"],"Land \u0026 Building Dimensions":["25 x 100","25 x 40"],"Stories \u0026 Materials":["3","brick"],"Additional Info":["house rented in January 1883 $40 per month"],"Record Date":["1871 Sept 23"],"Valuation Date":["1879 November","1879 November"],"Land \u0026 Building Value":[],"Total Value":["$6,000","$6000"],"Amount Loaned":["$2500","$2500"]},"subjects":[{"id":"56b176ed50617568bba60f00","type":"root","location":{"standard":"https://s3.amazonaws.com/scribe.nypl.org/emigrant-s4/full/e275c590-00b1-0133-a74e-58d385a7bbd0.right-bottom.jpg","thumbnail":"https://s3.amazonaws.com/scribe.nypl.org/emigrant-s4/thumb/e275c590-00b1-0133-a74e-58d385a7bbd0.right-bottom.jpg"},"status":"retired","width":1370,"height":1081,"meta_data":{"capture_uuid":"e275c590-00b1-0133-a74e-58d385a7bbd0","page_uri":"http://digitalcollections.nypl.org/items/e275c590-00b1-0133-a74e-58d385a7bbd0","book_uri":"http://digitalcollections.nypl.org/items/df712aa0-00b1-0133-fbd7-58d385a7bbd0","source_rotated":"0.727349","source_x":"1215.39","source_y":"959.27","source_w":"1370.61","source_h":"1081.73"},"assertions":[{"id":"56b176ed50617568bba70f00","status":"awaiting_votes","name":"Record Number","created_in_workflow":"transcribe","confidence":0.6666666666666666,"data":{"value":"493"},"versions":[{"data":{"value":"493"},"votes":2,"confidence":0.6666666666666666,"instances":[{"created":"2015-12-12T00:26:51Z","user_id":"566b4de73930640003d00300","duration":3.36},{"created":"2015-12-12T06:02:14Z","user_id":"566bb72f3832340003260d00","duration":3.58}]},{"data":{"value":"93"},"votes":1,"confidence":0.3333333333333333,"instances":[{"created":"2015-12-12T14:47:03Z","user_id":"566c333f3930640003bb0a00","duration":30.151}]}],"region":{"x":571.6236811762334,"y":28.513806841599123,"width":513.2485321096921,"height":78.7524188958452,"label":"Record Number","shape":"rectangle"},"task_key":"em_record_number","instructions":{"mark":"Record Number","transcribe":"Enter the record number"}},{"id":"56b176ed50617568bba80f00","status":"complete","name":"Mortgager","created_in_workflow":"transcribe","confidence":1.0,"data":{"value":"Maria McCaffrey"},"versions":[{"data":{"value":"Maria McCaffrey"},"votes":3,"confidence":1.0,"instances":[{"created":"2015-12-11T23:04:36Z","user_id":"5647496e3562310003960400","duration":12.807},{"created":"2015-12-12T00:27:05Z","user_id":"566b4de73930640003d00300","duration":4.046},{"created":"2015-12-12T06:02:30Z","user_id":"566bb72f3832340003260d00","duration":7.215}]}],"region":{"x":304.137012325415,"y":510.53292249720334,"width":536.3311380511334,"height":82.82581987321646,"label":"Mortgager Name","shape":"rectangle"},"task_key":"em_record_mortgager","instructions":{"mark":"Mortgager Name","transcribe":"Enter the mortgager's name"}},{"id":"56b176ed50617568bba90f00","status":"awaiting_votes","name":"Street Address","created_in_workflow":"transcribe","confidence":0.3333333333333333,"data":{"value":"No. 255, 21st Street near 5th Ave Brooklyn"},"versions":[{"data":{"value":"No. 255, 21st Street near 5th Ave Brooklyn"},"votes":1,"confidence":0.3333333333333333,"instances":[{"created":"2015-12-11T23:05:24Z","user_id":"5647496e3562310003960400","duration":48.535}]},{"data":{"value":"No. 255 21st STreet near 5th Ave Brooklyn"},"votes":1,"confidence":0.3333333333333333,"instances":[{"created":"2015-12-12T00:27:23Z","user_id":"566b4de73930640003d00300","duration":18.187}]},{"data":{"value":"255 21st Street near 5th Ave., Brooklyn"},"votes":1,"confidence":0.3333333333333333,"instances":[{"created":"2015-12-12T06:02:46Z","user_id":"566bb72f3832340003260d00","duration":16.113}]}],"region":{"x":309.56821372340113,"y":564.8449355288208,"width":822.8270117949032,"height":61.10101466056949,"label":"Street Address","shape":"rectangle"},"task_key":"em_record_street_address","instructions":{"mark":"Street Address","transcribe":"Enter the street address"}},{"id":"56b176ed50617568bbaa0f00","status":"awaiting_transcriptions","name":"Land \u0026 Building Dimensions","created_in_workflow":"transcribe","confidence":0.3333333333333333,"data":{"em_survey_land_dimensions":"25 x 100","em_survey_building_dimensions":"25 x 40"},"versions":[{"data":{"em_survey_land_dimensions":"25 x 100","em_survey_building_dimensions":"25 x 40"},"votes":1,"confidence":0.3333333333333333,"instances":[{"created":"2016-01-03T00:38:58Z","user_id":"568869523833320003620900","duration":9.472}]}],"region":{"x":470.0404660484414,"y":604.7527393997142,"width":770.9880382483389,"height":101.7474988089566,"label":"Dimension \u0026 Description","shape":"rectangle"},"task_key":"em_record_survey","instructions":{"mark":"Dimension \u0026 Description","transcribe":"Enter, as they appear, any land and building dimensions that were recorded. In the next screen, you'll enter the descriptive information."}},{"id":"56b176ed50617568bbab0f00","status":"awaiting_transcriptions","name":"Stories \u0026 Materials","created_in_workflow":"transcribe","confidence":0.3333333333333333,"data":{"em_record_stories":"3","em_record_material":"brick"},"versions":[{"data":{"em_record_stories":"3","em_record_material":"brick"},"votes":1,"confidence":0.3333333333333333,"instances":[{"created":"2016-01-03T00:39:11Z","user_id":"568869523833320003620900","duration":12.858}]}],"region":{"x":470.0404660484414,"y":604.7527393997142,"width":770.9880382483389,"height":101.7474988089566,"label":"Dimension \u0026 Description","shape":"rectangle"},"task_key":"em_record_survey_stories_materials","instructions":{"mark":"Dimension \u0026 Description","transcribe":"Enter, as they appear, the number of stories and the building materials."}},{"id":"56b176ed50617568bbac0f00","status":"awaiting_transcriptions","name":"Additional Info","created_in_workflow":"transcribe","confidence":0.3333333333333333,"data":{"value":"house rented in January 1883 $40 per month"},"versions":[{"data":{"value":"house rented in January 1883 $40 per month"},"votes":1,"confidence":0.3333333333333333,"instances":[{"created":"2016-01-03T00:39:42Z","user_id":"568869523833320003620900","duration":30.847}]}],"region":{"x":470.0404660484414,"y":604.7527393997142,"width":770.9880382483389,"height":101.7474988089566,"label":"Dimension \u0026 Description","shape":"rectangle"},"task_key":"em_record_survey_additional_info","instructions":{"mark":"Dimension \u0026 Description","transcribe":"Enter any additional information you find about the building's construction or significance."}},{"id":"56b176ed50617568bbad0f00","status":"awaiting_votes","name":"Record Date","created_in_workflow":"transcribe","confidence":0.6666666666666666,"data":{"value":"1871 Sept 23"},"versions":[{"data":{"value":"1871 Sept 23"},"votes":2,"confidence":0.6666666666666666,"instances":[{"created":"2015-12-12T00:01:47Z","user_id":"566b5a5638323400034b0900","duration":13.351},{"created":"2015-12-12T12:59:24Z","user_id":"566c172d3930640003a00a00","duration":34.748}]},{"data":{"value":"1871 Septr 23"},"votes":1,"confidence":0.3333333333333333,"instances":[{"created":"2015-12-12T00:27:01Z","user_id":"566b4de73930640003d00300","duration":5.476}]}],"region":{"x":137.12756933734062,"y":111.33962671481562,"width":165.65164263857787,"height":128.99103095009127,"label":"Record Date","shape":"rectangle"},"task_key":"em_record_date","instructions":{"mark":"Record Date","transcribe":"Enter the record date"}},{"id":"56b176ed50617568bbae0f00","status":"awaiting_transcriptions","name":"Valuation Date","created_in_workflow":"transcribe","confidence":0.3333333333333333,"data":{"value":"1879 November"},"versions":[{"data":{"value":"1879 November"},"votes":1,"confidence":0.3333333333333333,"instances":[{"created":"2016-01-03T03:27:42Z","user_id":"568892a865336600036d0200","duration":4.842}]}],"region":{"x":116.0738388229029,"y":729.4292520247737,"width":706.5001911829575,"height":90.28299190090524,"label":"Valuation","shape":"rectangle"},"task_key":"em_record_valuation","instructions":{"mark":"Valuation","transcribe":"Enter the date of the valuation (if one is given). In the next screen, you'll enter the valuation's dollar amounts."}},{"id":"56b176ed50617568bbaf0f00","status":"awaiting_transcriptions","name":"Land \u0026 Building Value","created_in_workflow":"transcribe","confidence":0.3333333333333333,"data":{"em_valuation_ground":""},"versions":[{"data":{"em_valuation_ground":""},"votes":1,"confidence":0.3333333333333333,"instances":[{"created":"2016-01-03T03:27:43Z","user_id":"568892a865336600036d0200","duration":0.617}]}],"region":{"x":116.0738388229029,"y":729.4292520247737,"width":706.5001911829575,"height":90.28299190090524,"label":"Valuation","shape":"rectangle"},"task_key":"em_record_valuation_ground_building","instructions":{"mark":"Valuation","transcribe":"Sometimes valuations include itemized dollar values for \"ground\" and \"building\". Enter these amounts if you can find them. In the next screen, you'll enter the total valuation."}},{"id":"56b176ed50617568bbb00f00","status":"awaiting_transcriptions","name":"Total Value","created_in_workflow":"transcribe","confidence":0.3333333333333333,"data":{"value":"$6,000"},"versions":[{"data":{"value":"$6,000"},"votes":1,"confidence":0.3333333333333333,"instances":[{"created":"2016-01-03T03:27:47Z","user_id":"568892a865336600036d0200","duration":4.171}]}],"region":{"x":116.0738388229029,"y":729.4292520247737,"width":706.5001911829575,"height":90.28299190090524,"label":"Valuation","shape":"rectangle"},"task_key":"em_record_valuation_total","instructions":{"mark":"Valuation","transcribe":"Enter the valuation ***total*** (if one is given)"}},{"id":"56b176ed50617568bbb10f00","status":"awaiting_transcriptions","name":"Valuation Date","created_in_workflow":"transcribe","confidence":0.3333333333333333,"data":{"value":"1879 November"},"versions":[{"data":{"value":"1879 November"},"votes":1,"confidence":0.3333333333333333,"instances":[{"created":"2015-12-11T23:06:32Z","user_id":"5647496e3562310003960400","duration":9.439}]}],"region":{"x":327.21961826685623,"y":742.7167782073676,"width":476.5879226732855,"height":85.54142052479733,"label":"Valuation","shape":"rectangle"},"task_key":"em_record_valuation","instructions":{"mark":"Valuation","transcribe":"Enter the date of the valuation (if one is given). In the next screen, you'll enter the valuation's dollar amounts."}},{"id":"56b176ed50617568bbb20f00","status":"awaiting_transcriptions","name":"Land \u0026 Building Value","created_in_workflow":"transcribe","confidence":0.3333333333333333,"data":{"em_valuation_ground":""},"versions":[{"data":{"em_valuation_ground":""},"votes":1,"confidence":0.3333333333333333,"instances":[{"created":"2015-12-11T23:06:35Z","user_id":"5647496e3562310003960400","duration":3.11}]}],"region":{"x":327.21961826685623,"y":742.7167782073676,"width":476.5879226732855,"height":85.54142052479733,"label":"Valuation","shape":"rectangle"},"task_key":"em_record_valuation_ground_building","instructions":{"mark":"Valuation","transcribe":"Sometimes valuations include itemized dollar values for \"ground\" and \"building\". Enter these amounts if you can find them. In the next screen, you'll enter the total valuation."}},{"id":"56b176ed50617568bbb30f00","status":"awaiting_transcriptions","name":"Total Value","created_in_workflow":"transcribe","confidence":0.3333333333333333,"data":{"value":"$6000"},"versions":[{"data":{"value":"$6000"},"votes":1,"confidence":0.3333333333333333,"instances":[{"created":"2015-12-11T23:06:39Z","user_id":"5647496e3562310003960400","duration":4.024}]}],"region":{"x":327.21961826685623,"y":742.7167782073676,"width":476.5879226732855,"height":85.54142052479733,"label":"Valuation","shape":"rectangle"},"task_key":"em_record_valuation_total","instructions":{"mark":"Valuation","transcribe":"Enter the valuation ***total*** (if one is given)"}},{"id":"56b176ed50617568bbb40f00","status":"awaiting_transcriptions","name":"Amount Loaned","created_in_workflow":"transcribe","confidence":0.3333333333333333,"data":{"value":"$2500"},"versions":[{"data":{"value":"$2500"},"votes":1,"confidence":0.3333333333333333,"instances":[{"created":"2015-12-11T23:06:23Z","user_id":"5647496e3562310003960400","duration":8.951}]}],"region":{"x":309.56821372340113,"y":689.7625655015406,"width":1021.0658628213981,"height":81.46801954742614,"label":"Amount Loaned","shape":"rectangle"},"task_key":"em_record_amount_loaned","instructions":{"mark":"Amount Loaned","transcribe":"Enter the Amount Loaned"}},{"id":"56b176ed50617568bbb50f00","status":"awaiting_votes","name":"Amount Loaned","created_in_workflow":"transcribe","confidence":0.6666666666666666,"data":{"value":"$2500"},"versions":[{"data":{"value":"$2500"},"votes":2,"confidence":0.6666666666666666,"instances":[{"created":"2016-01-03T01:56:30Z","user_id":"5668b33530333000032d0500","duration":8.007},{"created":"2016-01-03T17:18:08Z","user_id":"56748e5e3564620003fd0100","duration":4.806}]},{"data":{"value":"$2,500"},"votes":1,"confidence":0.3333333333333333,"instances":[{"created":"2016-01-03T03:27:19Z","user_id":"568892a865336600036d0200","duration":3.236}]}],"region":{"x":1127.8165061153327,"y":700.7679847546451,"width":207.79417387734043,"height":63.05478799428295,"label":"Amount Loaned","shape":"rectangle"},"task_key":"em_record_amount_loaned","instructions":{"mark":"Amount Loaned","transcribe":"Enter the Amount Loaned"}}]}]}