{"id":"56b100717061755afb800d00","meta_data":{"capture_uuid":"e1e6a490-00b1-0133-fe87-58d385a7bbd0","page_uri":"http://digitalcollections.nypl.org/items/e1e6a490-00b1-0133-fe87-58d385a7bbd0","book_uri":"http://digitalcollections.nypl.org/items/df712aa0-00b1-0133-fbd7-58d385a7bbd0","source_rotated":"0.643431","source_x":"1213.51","source_y":"953.63","source_w":"1368.49","source_h":"1075.37"},"type":"final_subject_set","search_terms_by_field":{"Record Number":["415"],"Mortgager":["Martin Daab"],"Street Address":["No. 242 E. 30th Street"],"Land \u0026 Building Dimensions":["25 x 9809","25 x 54"],"Stories \u0026 Materials":["5","Stone + brick "],"Additional Info":["Stores \u0026 Tenements"],"Record Date":["1870 June 21","1879 November"],"Valuation Date":["1873 November"],"Total Value":["$18000"],"Amount Loaned":["$10,000"]},"subjects":[{"id":"56b176be50617568bb7b0c00","type":"root","location":{"standard":"https://s3.amazonaws.com/scribe.nypl.org/emigrant-s4/full/e1e6a490-00b1-0133-fe87-58d385a7bbd0.right-bottom.jpg","thumbnail":"https://s3.amazonaws.com/scribe.nypl.org/emigrant-s4/thumb/e1e6a490-00b1-0133-fe87-58d385a7bbd0.right-bottom.jpg"},"status":"retired","width":1368,"height":1075,"meta_data":{"capture_uuid":"e1e6a490-00b1-0133-fe87-58d385a7bbd0","page_uri":"http://digitalcollections.nypl.org/items/e1e6a490-00b1-0133-fe87-58d385a7bbd0","book_uri":"http://digitalcollections.nypl.org/items/df712aa0-00b1-0133-fbd7-58d385a7bbd0","source_rotated":"0.643431","source_x":"1213.51","source_y":"953.63","source_w":"1368.49","source_h":"1075.37"},"assertions":[{"id":"56b176be50617568bb7c0c00","status":"complete","name":"Record Number","created_in_workflow":"transcribe","confidence":1.0,"data":{"value":"415"},"versions":[{"data":{"value":"415"},"votes":3,"confidence":1.0,"instances":[{"created":"2015-11-25T04:04:34Z","user_id":"565524486339300003f40700","duration":7.773},{"created":"2015-11-25T04:56:30Z","user_id":"56553e4f63393000038c0900","duration":5.622},{"created":"2015-11-25T12:12:01Z","user_id":"5649e78e3164390003680b00","duration":10.816}]}],"region":{"x":972.3915530064056,"y":41.13628557253171,"width":104.15356713251242,"height":63.01728853664432,"label":"Record Number","shape":"rectangle"},"task_key":"em_record_number","instructions":{"mark":"Record Number","transcribe":"Enter the record number"}},{"id":"56b176be50617568bb7d0c00","status":"awaiting_votes","name":"Mortgager","created_in_workflow":"transcribe","confidence":0.6666666666666666,"data":{"value":"Martin Daab"},"versions":[{"data":{"value":"Martin Daab"},"votes":2,"confidence":0.6666666666666666,"instances":[{"created":"2015-11-25T04:05:42Z","user_id":"565524486339300003f40700","duration":15.123},{"created":"2015-11-25T04:59:24Z","user_id":"56553e4f63393000038c0900","duration":7.983}]},{"data":{"value":"Martin Daal"},"votes":1,"confidence":0.3333333333333333,"instances":[{"created":"2015-11-25T12:12:55Z","user_id":"5649e78e3164390003680b00","duration":13.452}]}],"region":{"x":480.5066393217669,"y":526.0193112572672,"width":304.5835408581037,"height":57.76584782525731,"label":"Mortgager Name","shape":"rectangle"},"task_key":"em_record_mortgager","instructions":{"mark":"Mortgager Name","transcribe":"Enter the mortgager's name"}},{"id":"56b176be50617568bb7e0c00","status":"awaiting_votes","name":"Street Address","created_in_workflow":"transcribe","confidence":0.6666666666666666,"data":{"value":"No. 242 E. 30th Street"},"versions":[{"data":{"value":"No. 242 E. 30th Street"},"votes":2,"confidence":0.6666666666666666,"instances":[{"created":"2015-11-25T04:06:10Z","user_id":"565524486339300003f40700","duration":27.395},{"created":"2015-11-25T04:59:39Z","user_id":"56553e4f63393000038c0900","duration":14.903}]},{"data":{"value":"242 E. 30th Street"},"votes":1,"confidence":0.3333333333333333,"instances":[{"created":"2015-11-25T13:23:48Z","user_id":"5655b5d83262660003a40000","duration":22.837}]}],"region":{"x":463.0018381230253,"y":562.779396236976,"width":458.6257914070296,"height":56.01536758812827,"label":"Street Address","shape":"rectangle"},"task_key":"em_record_street_address","instructions":{"mark":"Street Address","transcribe":"Enter the street address"}},{"id":"56b176be50617568bb7f0c00","status":"awaiting_transcriptions","name":"Land \u0026 Building Dimensions","created_in_workflow":"transcribe","confidence":0.3333333333333333,"data":{"em_survey_land_dimensions":"25 x 9809","em_survey_building_dimensions":"25 x 54"},"versions":[{"data":{"em_survey_land_dimensions":"25 x 9809","em_survey_building_dimensions":"25 x 54"},"votes":1,"confidence":0.3333333333333333,"instances":[{"created":"2015-11-25T04:12:32Z","user_id":"565524486339300003f40700","duration":17.595}]}],"region":{"x":277.4509454163649,"y":615.2938033508467,"width":927.7544635333036,"height":70.89444960372481,"label":"Dimension \u0026 Description","shape":"rectangle"},"task_key":"em_record_survey","instructions":{"mark":"Dimension \u0026 Description","transcribe":"Enter, as they appear, any land and building dimensions that were recorded. In the next screen, you'll enter the descriptive information."}},{"id":"56b176be50617568bb800c00","status":"awaiting_transcriptions","name":"Stories \u0026 Materials","created_in_workflow":"transcribe","confidence":0.3333333333333333,"data":{"em_record_stories":"5","em_record_material":"Stone + brick "},"versions":[{"data":{"em_record_stories":"5","em_record_material":"Stone + brick "},"votes":1,"confidence":0.3333333333333333,"instances":[{"created":"2015-11-25T04:13:10Z","user_id":"565524486339300003f40700","duration":38.275}]}],"region":{"x":277.4509454163649,"y":615.2938033508467,"width":927.7544635333036,"height":70.89444960372481,"label":"Dimension \u0026 Description","shape":"rectangle"},"task_key":"em_record_survey_stories_materials","instructions":{"mark":"Dimension \u0026 Description","transcribe":"Enter, as they appear, the number of stories and the building materials."}},{"id":"56b176be50617568bb810c00","status":"awaiting_transcriptions","name":"Additional Info","created_in_workflow":"transcribe","confidence":0.3333333333333333,"data":{"value":"Stores \u0026 Tenements"},"versions":[{"data":{"value":"Stores \u0026 Tenements"},"votes":1,"confidence":0.3333333333333333,"instances":[{"created":"2015-11-25T04:14:19Z","user_id":"565524486339300003f40700","duration":68.428}]}],"region":{"x":277.4509454163649,"y":615.2938033508467,"width":927.7544635333036,"height":70.89444960372481,"label":"Dimension \u0026 Description","shape":"rectangle"},"task_key":"em_record_survey_additional_info","instructions":{"mark":"Dimension \u0026 Description","transcribe":"Enter any additional information you find about the building's construction or significance."}},{"id":"56b176be50617568bb820c00","status":"awaiting_transcriptions","name":"Record Date","created_in_workflow":"transcribe","confidence":0.6666666666666666,"data":{"value":"1870 June 21"},"versions":[{"data":{"value":"1870 June 21"},"votes":2,"confidence":0.6666666666666666,"instances":[{"created":"2015-11-25T04:56:53Z","user_id":"56553e4f63393000038c0900","duration":11.535},{"created":"2015-11-25T12:12:31Z","user_id":"5649e78e3164390003680b00","duration":21.014}]}],"region":{"x":95.40101294945194,"y":106.77929446486954,"width":186.42613276659793,"height":148.79082015596575,"label":"Record Date","shape":"rectangle"},"task_key":"em_record_date","instructions":{"mark":"Record Date","transcribe":"Enter the record date"}},{"id":"56b176be50617568bb830c00","status":"awaiting_transcriptions","name":"Record Date","created_in_workflow":"transcribe","confidence":0.6666666666666666,"data":{"value":"1879 November"},"versions":[{"data":{"value":"1879 November"},"votes":2,"confidence":0.6666666666666666,"instances":[{"created":"2016-01-23T00:14:57Z","user_id":"56a2ae703935320003f40000","duration":17.625},{"created":"2016-01-23T02:26:13Z","user_id":"56a2d86339353200038c0300","duration":10.121}]}],"region":{"x":101.81204135088669,"y":729.1719380326068,"width":228.27678710122913,"height":111.67498150048937,"label":"Record Date","shape":"rectangle"},"task_key":"em_record_date","instructions":{"mark":"Record Date","transcribe":"Enter the record date"}},{"id":"56b176be50617568bb840c00","status":"awaiting_transcriptions","name":"Valuation Date","created_in_workflow":"transcribe","confidence":0.3333333333333333,"data":{"value":"1873 November"},"versions":[{"data":{"value":"1873 November"},"votes":1,"confidence":0.3333333333333333,"instances":[{"created":"2015-11-25T02:24:34Z","user_id":"5653f5cc6138330003e40e00","duration":13.067}]}],"region":{"x":335.2167893722117,"y":756.2074624397318,"width":417.48950858998694,"height":62.14204841807978,"label":"Valuation","shape":"rectangle"},"task_key":"em_record_valuation","instructions":{"mark":"Valuation","transcribe":"Enter the date of the valuation (if one is given). In the next screen, you'll enter the valuation's dollar amounts."}},{"id":"56b176be50617568bb850c00","status":"awaiting_transcriptions","name":"Total Value","created_in_workflow":"transcribe","confidence":0.6666666666666666,"data":{"value":"$18000"},"versions":[{"data":{"value":"$18000"},"votes":2,"confidence":0.6666666666666666,"instances":[{"created":"2015-11-25T02:25:16Z","user_id":"5653f5cc6138330003e40e00","duration":11.528},{"created":"2015-11-25T12:10:24Z","user_id":"564e49d539646600031a0b00","duration":3.55}]}],"region":{"x":335.2167893722117,"y":756.2074624397318,"width":417.48950858998694,"height":62.14204841807978,"label":"Valuation","shape":"rectangle"},"task_key":"em_record_valuation_total","instructions":{"mark":"Valuation","transcribe":"Enter the valuation ***total*** (if one is given)"}},{"id":"56b176be50617568bb860c00","status":"awaiting_votes","name":"Amount Loaned","created_in_workflow":"transcribe","confidence":0.6666666666666666,"data":{"value":"$10,000"},"versions":[{"data":{"value":"$10,000"},"votes":2,"confidence":0.6666666666666666,"instances":[{"created":"2015-11-25T04:07:38Z","user_id":"565524486339300003f40700","duration":6.959},{"created":"2015-11-25T13:25:07Z","user_id":"5655b5d83262660003a40000","duration":13.126}]},{"data":{"value":"$10000"},"votes":1,"confidence":0.3333333333333333,"instances":[{"created":"2015-11-25T02:24:21Z","user_id":"5653f5cc6138330003e40e00","duration":9.525}]}],"region":{"x":1159.6929258329405,"y":705.4435355629906,"width":160.16893096848548,"height":77.02113043367638,"label":"Amount Loaned","shape":"rectangle"},"task_key":"em_record_amount_loaned","instructions":{"mark":"Amount Loaned","transcribe":"Enter the Amount Loaned"}}]}]}