{"id":"56b100147061755afba60600","meta_data":{"capture_uuid":"e0f4f340-00b1-0133-63bd-58d385a7bbd0","page_uri":"http://digitalcollections.nypl.org/items/e0f4f340-00b1-0133-63bd-58d385a7bbd0","book_uri":"http://digitalcollections.nypl.org/items/df712aa0-00b1-0133-fbd7-58d385a7bbd0","source_rotated":"1.37058","source_x":"0","source_y":"969.14","source_w":"1383.3","source_h":"1092.86"},"type":"final_subject_set","search_terms_by_field":{"Record Number":["256"],"Mortgager":["J. H. Ryerson"],"Street Address":["No. 230 W. 33rd Street"],"Land \u0026 Building Dimensions":["15x72x73","15 x 72 x 72","15 x 45"],"Stories \u0026 Materials":["4","brick","4 ","brick "],"Additional Info":[],"Record Date":["1866 March 27"],"Valuation Date":[],"Land \u0026 Building Value":[],"Total Value":["$7000"],"Amount Loaned":["$3,000"]},"subjects":[{"id":"56b1765e50617568bb070600","type":"root","location":{"standard":"https://s3.amazonaws.com/scribe.nypl.org/emigrant-s4/full/e0f4f340-00b1-0133-63bd-58d385a7bbd0.left-bottom.jpg","thumbnail":"https://s3.amazonaws.com/scribe.nypl.org/emigrant-s4/thumb/e0f4f340-00b1-0133-63bd-58d385a7bbd0.left-bottom.jpg"},"status":"retired","width":1383,"height":1092,"meta_data":{"capture_uuid":"e0f4f340-00b1-0133-63bd-58d385a7bbd0","page_uri":"http://digitalcollections.nypl.org/items/e0f4f340-00b1-0133-63bd-58d385a7bbd0","book_uri":"http://digitalcollections.nypl.org/items/df712aa0-00b1-0133-fbd7-58d385a7bbd0","source_rotated":"1.37058","source_x":"0","source_y":"969.14","source_w":"1383.3","source_h":"1092.86"},"assertions":[{"id":"56b1765e50617568bb080600","status":"complete","name":"Record Number","created_in_workflow":"transcribe","confidence":1.0,"data":{"value":"256"},"versions":[{"data":{"value":"256"},"votes":3,"confidence":1.0,"instances":[{"created":"2015-11-14T07:35:09Z","user_id":"5646b1e43861340003da0900","duration":5.991},{"created":"2015-11-15T00:49:48Z","user_id":"5647cb653562310003fd0e00","duration":10.541},{"created":"2015-11-15T00:53:05Z","user_id":"563f8b7a3264340003774b00","duration":6.485}]}],"region":{"x":887.4914582163134,"y":45.126709206927984,"width":161.92524512483817,"height":41.58735946520814,"label":"Record Number","shape":"rectangle"},"task_key":"em_record_number","instructions":{"mark":"Record Number","transcribe":"Enter the record number"}},{"id":"56b1765e50617568bb090600","status":"awaiting_votes","name":"Mortgager","created_in_workflow":"transcribe","confidence":0.6666666666666666,"data":{"value":"J. H. Ryerson"},"versions":[{"data":{"value":"J. H. Ryerson"},"votes":2,"confidence":0.6666666666666666,"instances":[{"created":"2015-11-14T07:35:34Z","user_id":"5646b1e43861340003da0900","duration":23.142},{"created":"2015-11-14T23:19:30Z","user_id":"5647be1c3562310003970c00","duration":5.4}]},{"data":{"value":"G. M. Rynson"},"votes":1,"confidence":0.3333333333333333,"instances":[{"created":"2015-11-15T00:50:25Z","user_id":"5647cb653562310003fd0e00","duration":33.124}]}],"region":{"x":401.71572284179865,"y":521.1692494682467,"width":290.2266688576336,"height":80.52020662412643,"label":"Mortgager Name","shape":"rectangle"},"task_key":"em_record_mortgager","instructions":{"mark":"Mortgager Name","transcribe":"Enter the mortgager's name"}},{"id":"56b1765e50617568bb0a0600","status":"awaiting_votes","name":"Street Address","created_in_workflow":"transcribe","confidence":0.3333333333333333,"data":{"value":"No. 230 W. 33rd Street"},"versions":[{"data":{"value":"No. 230 W. 33rd Street"},"votes":1,"confidence":0.3333333333333333,"instances":[{"created":"2015-11-14T07:35:46Z","user_id":"5646b1e43861340003da0900","duration":12.76}]},{"data":{"value":"No. 230 W. 33. Street"},"votes":1,"confidence":0.3333333333333333,"instances":[{"created":"2015-11-14T23:19:36Z","user_id":"5647be1c3562310003970c00","duration":5.691}]},{"data":{"value":"230 W. 33rd St"},"votes":1,"confidence":0.3333333333333333,"instances":[{"created":"2015-11-15T00:54:32Z","user_id":"563f8b7a3264340003774b00","duration":25.438}]}],"region":{"x":412.33377170244376,"y":565.4111212397447,"width":376.9407345529022,"height":46.011546642357985,"label":"Street Address","shape":"rectangle"},"task_key":"em_record_street_address","instructions":{"mark":"Street Address","transcribe":"Enter the street address"}},{"id":"56b1765e50617568bb0b0600","status":"awaiting_transcriptions","name":"Land \u0026 Building Dimensions","created_in_workflow":"transcribe","confidence":0.3333333333333333,"data":{"em_survey_land_dimensions":"15x72x73"},"versions":[{"data":{"em_survey_land_dimensions":"15x72x73"},"votes":1,"confidence":0.3333333333333333,"instances":[{"created":"2015-11-14T23:19:51Z","user_id":"5647be1c3562310003970c00","duration":7.406}]}],"region":{"x":243.32982733717543,"y":611.4226678821027,"width":367.20752309731085,"height":31.854147675478544,"label":"Dimension \u0026 Description","shape":"rectangle"},"task_key":"em_record_survey","instructions":{"mark":"Dimension \u0026 Description","transcribe":"Enter, as they appear, any land and building dimensions that were recorded. In the next screen, you'll enter the descriptive information."}},{"id":"56b1765e50617568bb0c0600","status":"awaiting_transcriptions","name":"Stories \u0026 Materials","created_in_workflow":"transcribe","confidence":0.3333333333333333,"data":{"em_record_stories":""},"versions":[{"data":{"em_record_stories":""},"votes":1,"confidence":0.3333333333333333,"instances":[{"created":"2015-11-14T23:19:52Z","user_id":"5647be1c3562310003970c00","duration":1.065}]}],"region":{"x":243.32982733717543,"y":611.4226678821027,"width":367.20752309731085,"height":31.854147675478544,"label":"Dimension \u0026 Description","shape":"rectangle"},"task_key":"em_record_survey_stories_materials","instructions":{"mark":"Dimension \u0026 Description","transcribe":"Enter, as they appear, the number of stories and the building materials."}},{"id":"56b1765e50617568bb0d0600","status":"awaiting_transcriptions","name":"Additional Info","created_in_workflow":"transcribe","confidence":0.3333333333333333,"data":{"value":""},"versions":[{"data":{"value":""},"votes":1,"confidence":0.3333333333333333,"instances":[{"created":"2015-11-14T23:19:54Z","user_id":"5647be1c3562310003970c00","duration":1.235}]}],"region":{"x":243.32982733717543,"y":611.4226678821027,"width":367.20752309731085,"height":31.854147675478544,"label":"Dimension \u0026 Description","shape":"rectangle"},"task_key":"em_record_survey_additional_info","instructions":{"mark":"Dimension \u0026 Description","transcribe":"Enter any additional information you find about the building's construction or significance."}},{"id":"56b1765e50617568bb0e0600","status":"awaiting_transcriptions","name":"Land \u0026 Building Dimensions","created_in_workflow":"transcribe","confidence":0.3333333333333333,"data":{"em_survey_land_dimensions":""},"versions":[{"data":{"em_survey_land_dimensions":""},"votes":1,"confidence":0.3333333333333333,"instances":[{"created":"2015-11-14T23:19:56Z","user_id":"5647be1c3562310003970c00","duration":2.659}]}],"region":{"x":244.2146647422292,"y":632.6587663324217,"width":606.1136224618263,"height":42.47219690063809,"label":"Dimension \u0026 Description","shape":"rectangle"},"task_key":"em_record_survey","instructions":{"mark":"Dimension \u0026 Description","transcribe":"Enter, as they appear, any land and building dimensions that were recorded. In the next screen, you'll enter the descriptive information."}},{"id":"56b1765e50617568bb0f0600","status":"awaiting_transcriptions","name":"Stories \u0026 Materials","created_in_workflow":"transcribe","confidence":0.3333333333333333,"data":{"em_record_stories":"4","em_record_material":"brick"},"versions":[{"data":{"em_record_stories":"4","em_record_material":"brick"},"votes":1,"confidence":0.3333333333333333,"instances":[{"created":"2015-11-14T23:20:03Z","user_id":"5647be1c3562310003970c00","duration":7.129}]}],"region":{"x":244.2146647422292,"y":632.6587663324217,"width":606.1136224618263,"height":42.47219690063809,"label":"Dimension \u0026 Description","shape":"rectangle"},"task_key":"em_record_survey_stories_materials","instructions":{"mark":"Dimension \u0026 Description","transcribe":"Enter, as they appear, the number of stories and the building materials."}},{"id":"56b1765e50617568bb100600","status":"awaiting_transcriptions","name":"Additional Info","created_in_workflow":"transcribe","confidence":0.3333333333333333,"data":{"value":""},"versions":[{"data":{"value":""},"votes":1,"confidence":0.3333333333333333,"instances":[{"created":"2015-11-14T23:20:05Z","user_id":"5647be1c3562310003970c00","duration":1.582}]}],"region":{"x":244.2146647422292,"y":632.6587663324217,"width":606.1136224618263,"height":42.47219690063809,"label":"Dimension \u0026 Description","shape":"rectangle"},"task_key":"em_record_survey_additional_info","instructions":{"mark":"Dimension \u0026 Description","transcribe":"Enter any additional information you find about the building's construction or significance."}},{"id":"56b1765e50617568bb110600","status":"awaiting_transcriptions","name":"Land \u0026 Building Dimensions","created_in_workflow":"transcribe","confidence":0.3333333333333333,"data":{"em_survey_land_dimensions":"15 x 72 x 72","em_survey_building_dimensions":"15 x 45"},"versions":[{"data":{"em_survey_land_dimensions":"15 x 72 x 72","em_survey_building_dimensions":"15 x 45"},"votes":1,"confidence":0.3333333333333333,"instances":[{"created":"2015-12-21T20:46:25Z","user_id":"56785e716166300003500200","duration":13.359}]}],"region":{"x":248.0864822628491,"y":607.2092257001648,"width":577.0543361966459,"height":78.12850082372313,"label":"Dimension \u0026 Description","shape":"rectangle"},"task_key":"em_record_survey","instructions":{"mark":"Dimension \u0026 Description","transcribe":"Enter, as they appear, any land and building dimensions that were recorded. In the next screen, you'll enter the descriptive information."}},{"id":"56b1765e50617568bb120600","status":"awaiting_transcriptions","name":"Stories \u0026 Materials","created_in_workflow":"transcribe","confidence":0.3333333333333333,"data":{"em_record_stories":"4 ","em_record_material":"brick "},"versions":[{"data":{"em_record_stories":"4 ","em_record_material":"brick "},"votes":1,"confidence":0.3333333333333333,"instances":[{"created":"2015-12-21T20:46:32Z","user_id":"56785e716166300003500200","duration":7.321}]}],"region":{"x":248.0864822628491,"y":607.2092257001648,"width":577.0543361966459,"height":78.12850082372313,"label":"Dimension \u0026 Description","shape":"rectangle"},"task_key":"em_record_survey_stories_materials","instructions":{"mark":"Dimension \u0026 Description","transcribe":"Enter, as they appear, the number of stories and the building materials."}},{"id":"56b1765e50617568bb130600","status":"awaiting_transcriptions","name":"Additional Info","created_in_workflow":"transcribe","confidence":0.3333333333333333,"data":{"value":""},"versions":[{"data":{"value":""},"votes":1,"confidence":0.3333333333333333,"instances":[{"created":"2015-12-21T20:46:33Z","user_id":"56785e716166300003500200","duration":0.464}]}],"region":{"x":248.0864822628491,"y":607.2092257001648,"width":577.0543361966459,"height":78.12850082372313,"label":"Dimension \u0026 Description","shape":"rectangle"},"task_key":"em_record_survey_additional_info","instructions":{"mark":"Dimension \u0026 Description","transcribe":"Enter any additional information you find about the building's construction or significance."}},{"id":"56b1765e50617568bb140600","status":"complete","name":"Record Date","created_in_workflow":"transcribe","confidence":1.0,"data":{"value":"1866 March 27"},"versions":[{"data":{"value":"1866 March 27"},"votes":3,"confidence":1.0,"instances":[{"created":"2015-11-09T00:24:50Z","user_id":"563fe2ac32643400037f9600","duration":18.4},{"created":"2015-11-09T00:25:12Z","user_id":"563fe72e32643400038c9900","duration":27.159},{"created":"2015-11-14T22:31:51Z","user_id":"5647496e3562310003960400","duration":11.966}]}],"region":{"x":65.47750892136949,"y":95.56244302643573,"width":177.85231841580594,"height":115.9137040413248,"label":"Record Date","shape":"rectangle"},"task_key":"em_record_date","instructions":{"mark":"Record Date","transcribe":"Enter the record date"}},{"id":"56b1765e50617568bb150600","status":"awaiting_transcriptions","name":"Valuation Date","created_in_workflow":"transcribe","confidence":0.3333333333333333,"data":{"value":""},"versions":[{"data":{"value":""},"votes":1,"confidence":0.3333333333333333,"instances":[{"created":"2015-11-14T23:20:14Z","user_id":"5647be1c3562310003970c00","duration":2.138}]}],"region":{"x":580.4528786626583,"y":751.2269826800364,"width":120.33788708731151,"height":48.6660589486479,"label":"Valuation","shape":"rectangle"},"task_key":"em_record_valuation","instructions":{"mark":"Valuation","transcribe":"Enter the date of the valuation (if one is given). In the next screen, you'll enter the valuation's dollar amounts."}},{"id":"56b1765e50617568bb160600","status":"awaiting_transcriptions","name":"Land \u0026 Building Value","created_in_workflow":"transcribe","confidence":0.3333333333333333,"data":{"em_valuation_ground":""},"versions":[{"data":{"em_valuation_ground":""},"votes":1,"confidence":0.3333333333333333,"instances":[{"created":"2015-11-14T23:20:21Z","user_id":"5647be1c3562310003970c00","duration":7.422}]}],"region":{"x":580.4528786626583,"y":751.2269826800364,"width":120.33788708731151,"height":48.6660589486479,"label":"Valuation","shape":"rectangle"},"task_key":"em_record_valuation_ground_building","instructions":{"mark":"Valuation","transcribe":"Sometimes valuations include itemized dollar values for \"ground\" and \"building\". Enter these amounts if you can find them. In the next screen, you'll enter the total valuation."}},{"id":"56b1765e50617568bb170600","status":"awaiting_transcriptions","name":"Total Value","created_in_workflow":"transcribe","confidence":0.3333333333333333,"data":{"value":"$7000"},"versions":[{"data":{"value":"$7000"},"votes":1,"confidence":0.3333333333333333,"instances":[{"created":"2015-11-14T23:20:25Z","user_id":"5647be1c3562310003970c00","duration":3.919}]}],"region":{"x":580.4528786626583,"y":751.2269826800364,"width":120.33788708731151,"height":48.6660589486479,"label":"Valuation","shape":"rectangle"},"task_key":"em_record_valuation_total","instructions":{"mark":"Valuation","transcribe":"Enter the valuation ***total*** (if one is given)"}},{"id":"56b1765e50617568bb180600","status":"awaiting_votes","name":"Amount Loaned","created_in_workflow":"transcribe","confidence":0.6666666666666666,"data":{"value":"$3,000"},"versions":[{"data":{"value":"$3,000"},"votes":2,"confidence":0.6666666666666666,"instances":[{"created":"2015-11-15T00:54:52Z","user_id":"563f8b7a3264340003774b00","duration":7.833},{"created":"2015-11-15T01:43:48Z","user_id":"5647e3473666390003e70100","duration":2.987}]},{"data":{"value":"$3000"},"votes":1,"confidence":0.3333333333333333,"instances":[{"created":"2015-11-14T23:20:12Z","user_id":"5647be1c3562310003970c00","duration":6.871}]}],"region":{"x":1091.8888987837322,"y":729.9908842297174,"width":142.45882221365537,"height":36.278334852628404,"label":"Amount Loaned","shape":"rectangle"},"task_key":"em_record_amount_loaned","instructions":{"mark":"Amount Loaned","transcribe":"Enter the Amount Loaned"}}]}]}