{"id":"56b0ffde7061755afb890200","meta_data":{"capture_uuid":"e0321da0-00b1-0133-e275-58d385a7bbd0","page_uri":"http://digitalcollections.nypl.org/items/e0321da0-00b1-0133-e275-58d385a7bbd0","book_uri":"http://digitalcollections.nypl.org/items/df712aa0-00b1-0133-fbd7-58d385a7bbd0","source_rotated":"1.73401","source_x":"0","source_y":"0","source_w":"1388.63","source_h":"1000.3199999999999"},"type":"final_subject_set","search_terms_by_field":{"Record Number":["1173.1182.","1346","1489","1503","16.","B \u0026 M 524.","476","1000","1140.","1146","942","973","972","9136","849","980","790.1025.","892","817","727.760.921.922","353","211."],"Mortgager":["Third Cong.al Unitarian Church","Tigner, Elkan.","Taylor, Lev","Trainer, Cathe V","Toshillon J G","Taylor M. A","Tompkins   John","Trustees of St Patrick's Cathedral","Trainer Pat","Tospey, Cath","Treacy  Mich.l","Tomney,  Patrick","Thiers, Noble","Taylor Peter","Tone  Tho.s","Turner, Martha S.","Tandirel M. D.","Tauber, Ida","Tubbs,  Geo. W.","Taylor Hannah","Tower  S. A.","Treanor   Ja.s","Tone, Henry"]},"subjects":[{"id":"56b1762750617568bb3b0200","type":"root","location":{"standard":"https://s3.amazonaws.com/scribe.nypl.org/emigrant-s4/full/e0321da0-00b1-0133-e275-58d385a7bbd0.left-top.jpg","thumbnail":"https://s3.amazonaws.com/scribe.nypl.org/emigrant-s4/thumb/e0321da0-00b1-0133-e275-58d385a7bbd0.left-top.jpg"},"status":"retired","width":1388,"height":1000,"meta_data":{"capture_uuid":"e0321da0-00b1-0133-e275-58d385a7bbd0","page_uri":"http://digitalcollections.nypl.org/items/e0321da0-00b1-0133-e275-58d385a7bbd0","book_uri":"http://digitalcollections.nypl.org/items/df712aa0-00b1-0133-fbd7-58d385a7bbd0","source_rotated":"1.73401","source_x":"0","source_y":"0","source_w":"1388.63","source_h":"1000.3199999999999"},"assertions":[{"id":"56b1762750617568bb3c0200","status":"awaiting_votes","name":"Record Number","created_in_workflow":"transcribe","confidence":0.3333333333333333,"data":{"value":"1173.1182."},"versions":[{"data":{"value":"1173.1182."},"votes":1,"confidence":0.3333333333333333,"instances":[{"created":"2015-12-13T22:16:15Z","user_id":"566ddbbc3562640003eb0100","duration":15.158}]},{"data":{"value":"1173.1182"},"votes":1,"confidence":0.3333333333333333,"instances":[{"created":"2015-12-14T03:43:04Z","user_id":"566e385d35626400038c0500","duration":9.906}]},{"data":{"value":"1173, 1182"},"votes":1,"confidence":0.3333333333333333,"instances":[{"created":"2015-12-14T15:58:30Z","user_id":"566ee6923562640003dd0600","duration":3.774}]}],"region":{"x":358.76573670035754,"y":702.4379414172529,"width":136.75783801801714,"height":34.63347625192523,"label":"Record Number","shape":"rectangle"},"task_key":"em_record_number","instructions":{"mark":"Record Number","transcribe":"Enter the record number"}},{"id":"56b1762750617568bb3d0200","status":"awaiting_votes","name":"Record Number","created_in_workflow":"transcribe","confidence":0.6666666666666666,"data":{"value":"1346"},"versions":[{"data":{"value":"1346"},"votes":2,"confidence":0.6666666666666666,"instances":[{"created":"2015-12-14T03:43:08Z","user_id":"566e385d35626400038c0500","duration":3.506},{"created":"2015-12-14T15:58:32Z","user_id":"566ee6923562640003dd0600","duration":1.439}]},{"data":{"value":"1346."},"votes":1,"confidence":0.3333333333333333,"instances":[{"created":"2015-12-13T22:16:23Z","user_id":"566ddbbc3562640003eb0100","duration":7.635}]}],"region":{"x":363.2059262463971,"y":735.2953419639512,"width":100.34828374049306,"height":37.29758980976567,"label":"Record Number","shape":"rectangle"},"task_key":"em_record_number","instructions":{"mark":"Record Number","transcribe":"Enter the record number"}},{"id":"56b1762750617568bb3e0200","status":"awaiting_votes","name":"Record Number","created_in_workflow":"transcribe","confidence":0.6666666666666666,"data":{"value":"1489"},"versions":[{"data":{"value":"1489"},"votes":2,"confidence":0.6666666666666666,"instances":[{"created":"2015-12-14T03:43:12Z","user_id":"566e385d35626400038c0500","duration":3.949},{"created":"2015-12-14T15:58:33Z","user_id":"566ee6923562640003dd0600","duration":1.518}]},{"data":{"value":"1489."},"votes":1,"confidence":0.3333333333333333,"instances":[{"created":"2015-12-13T22:16:30Z","user_id":"566ddbbc3562640003eb0100","duration":6.99}]}],"region":{"x":392.5111772502579,"y":791.2417266785997,"width":117.22100401544321,"height":47.95404404112719,"label":"Record Number","shape":"rectangle"},"task_key":"em_record_number","instructions":{"mark":"Record Number","transcribe":"Enter the record number"}},{"id":"56b1762750617568bb3f0200","status":"awaiting_votes","name":"Record Number","created_in_workflow":"transcribe","confidence":0.6666666666666666,"data":{"value":"1503"},"versions":[{"data":{"value":"1503"},"votes":2,"confidence":0.6666666666666666,"instances":[{"created":"2015-12-14T03:43:16Z","user_id":"566e385d35626400038c0500","duration":4.13},{"created":"2015-12-14T15:58:35Z","user_id":"566ee6923562640003dd0600","duration":1.686}]},{"data":{"value":"1503."},"votes":1,"confidence":0.3333333333333333,"instances":[{"created":"2015-12-13T22:16:38Z","user_id":"566ddbbc3562640003eb0100","duration":7.982}]}],"region":{"x":401.3915563423369,"y":862.2847548876771,"width":87.91575301158241,"height":38.185627662379034,"label":"Record Number","shape":"rectangle"},"task_key":"em_record_number","instructions":{"mark":"Record Number","transcribe":"Enter the record number"}},{"id":"56b1762750617568bb400200","status":"awaiting_transcriptions","name":"Record Number","created_in_workflow":"transcribe","confidence":0.3333333333333333,"data":{"value":"16."},"versions":[{"data":{"value":"16."},"votes":1,"confidence":0.3333333333333333,"instances":[{"created":"2015-12-13T22:09:55Z","user_id":"566ddbbc3562640003eb0100","duration":56.761}]},{"data":{"value":"16"},"votes":1,"confidence":0.3333333333333333,"instances":[{"created":"2015-12-14T03:40:28Z","user_id":"566e385d35626400038c0500","duration":6.804}]}],"region":{"x":409.38389752520806,"y":61.27461183032926,"width":162.51093738504625,"height":49.73011974635419,"label":"Record Number","shape":"rectangle"},"task_key":"em_record_number","instructions":{"mark":"Record Number","transcribe":"Enter the record number"}},{"id":"56b1762750617568bb410200","status":"awaiting_transcriptions","name":"Record Number","created_in_workflow":"transcribe","confidence":0.3333333333333333,"data":{"value":"B \u0026 M 524."},"versions":[{"data":{"value":"B \u0026 M 524."},"votes":1,"confidence":0.3333333333333333,"instances":[{"created":"2015-12-13T22:11:17Z","user_id":"566ddbbc3562640003eb0100","duration":35.366}]}],"region":{"x":508.8441433564932,"y":206.91281965893796,"width":137.645875927225,"height":34.63347625192523,"label":"Record Number","shape":"rectangle"},"task_key":"em_record_number","instructions":{"mark":"Record Number","transcribe":"Enter the record number"}},{"id":"56b1762750617568bb420200","status":"awaiting_votes","name":"Record Number","created_in_workflow":"transcribe","confidence":0.6666666666666666,"data":{"value":"476"},"versions":[{"data":{"value":"476"},"votes":2,"confidence":0.6666666666666666,"instances":[{"created":"2015-12-14T03:40:43Z","user_id":"566e385d35626400038c0500","duration":6.271},{"created":"2015-12-14T15:57:33Z","user_id":"566ee6923562640003dd0600","duration":1.894}]},{"data":{"value":"B \u0026 M 476."},"votes":1,"confidence":0.3333333333333333,"instances":[{"created":"2015-12-13T22:10:41Z","user_id":"566ddbbc3562640003eb0100","duration":27.173}]}],"region":{"x":513.2843329025327,"y":167.8391541439454,"width":134.98176219960135,"height":39.96170336760602,"label":"Record Number","shape":"rectangle"},"task_key":"em_record_number","instructions":{"mark":"Record Number","transcribe":"Enter the record number"}},{"id":"56b1762750617568bb430200","status":"complete","name":"Record Number","created_in_workflow":"transcribe","confidence":1.0,"data":{"value":"1000"},"versions":[{"data":{"value":"1000"},"votes":3,"confidence":1.0,"instances":[{"created":"2015-12-14T03:42:47Z","user_id":"566e385d35626400038c0500","duration":3.559},{"created":"2015-12-14T15:58:20Z","user_id":"566ee6923562640003dd0600","duration":1.351},{"created":"2015-12-14T16:34:33Z","user_id":"566eeeda3637340003010100","duration":1.543}]}],"region":{"x":529.269015268275,"y":602.9777019245445,"width":93.24398046682984,"height":32.857400546698386,"label":"Record Number","shape":"rectangle"},"task_key":"em_record_number","instructions":{"mark":"Record Number","transcribe":"Enter the record number"}},{"id":"56b1762750617568bb440200","status":"awaiting_votes","name":"Record Number","created_in_workflow":"transcribe","confidence":0.3333333333333333,"data":{"value":"1140."},"versions":[{"data":{"value":"1140."},"votes":1,"confidence":0.3333333333333333,"instances":[{"created":"2015-12-13T22:15:54Z","user_id":"566ddbbc3562640003eb0100","duration":7.281}]},{"data":{"value":"1140"},"votes":1,"confidence":0.3333333333333333,"instances":[{"created":"2015-12-14T03:42:51Z","user_id":"566e385d35626400038c0500","duration":3.338}]},{"data":{"value":"1040"},"votes":1,"confidence":0.3333333333333333,"instances":[{"created":"2015-12-14T15:58:22Z","user_id":"566ee6923562640003dd0600","duration":2.334}]}],"region":{"x":534.5972427235224,"y":632.282951060789,"width":90.57986673920607,"height":35.52151410453871,"label":"Record Number","shape":"rectangle"},"task_key":"em_record_number","instructions":{"mark":"Record Number","transcribe":"Enter the record number"}},{"id":"56b1762750617568bb450200","status":"awaiting_votes","name":"Record Number","created_in_workflow":"transcribe","confidence":0.6666666666666666,"data":{"value":"1146"},"versions":[{"data":{"value":"1146"},"votes":2,"confidence":0.6666666666666666,"instances":[{"created":"2015-12-14T03:42:54Z","user_id":"566e385d35626400038c0500","duration":3.755},{"created":"2015-12-14T15:58:27Z","user_id":"566ee6923562640003dd0600","duration":4.478}]},{"data":{"value":"1146."},"votes":1,"confidence":0.3333333333333333,"instances":[{"created":"2015-12-13T22:16:00Z","user_id":"566ddbbc3562640003eb0100","duration":6.023}]}],"region":{"x":537.2613564511461,"y":657.148010933966,"width":92.35594255762203,"height":52.394233304194586,"label":"Record Number","shape":"rectangle"},"task_key":"em_record_number","instructions":{"mark":"Record Number","transcribe":"Enter the record number"}},{"id":"56b1762750617568bb460200","status":"awaiting_transcriptions","name":"Record Number","created_in_workflow":"transcribe","confidence":0.6666666666666666,"data":{"value":"942"},"versions":[{"data":{"value":"942"},"votes":2,"confidence":0.6666666666666666,"instances":[{"created":"2015-12-14T16:34:27Z","user_id":"566eeeda3637340003010100","duration":2.175},{"created":"2015-12-14T16:37:27Z","user_id":"566eef0d3637340003070100","duration":4.118}]}],"region":{"x":539.0374322695619,"y":473.32417544297823,"width":94.13201837603776,"height":34.63347625192523,"label":"Record Number","shape":"rectangle"},"task_key":"em_record_number","instructions":{"mark":"Record Number","transcribe":"Enter the record number"}},{"id":"56b1762750617568bb470200","status":"complete","name":"Record Number","created_in_workflow":"transcribe","confidence":1.0,"data":{"value":"973"},"versions":[{"data":{"value":"973"},"votes":3,"confidence":1.0,"instances":[{"created":"2015-12-14T03:42:40Z","user_id":"566e385d35626400038c0500","duration":5.708},{"created":"2015-12-14T15:58:17Z","user_id":"566ee6923562640003dd0600","duration":3.733},{"created":"2015-12-14T16:34:30Z","user_id":"566eeeda3637340003010100","duration":1.302}]}],"region":{"x":539.9254701787698,"y":536.3748629785345,"width":92.35594255762192,"height":39.07366551499251,"label":"Record Number","shape":"rectangle"},"task_key":"em_record_number","instructions":{"mark":"Record Number","transcribe":"Enter the record number"}},{"id":"56b1762750617568bb480200","status":"awaiting_transcriptions","name":"Record Number","created_in_workflow":"transcribe","confidence":0.6666666666666666,"data":{"value":"972"},"versions":[{"data":{"value":"972"},"votes":2,"confidence":0.6666666666666666,"instances":[{"created":"2015-12-14T16:34:28Z","user_id":"566eeeda3637340003010100","duration":1.57},{"created":"2015-12-14T16:37:29Z","user_id":"566eef0d3637340003070100","duration":2.366}]}],"region":{"x":543.4776218156014,"y":506.18157598967656,"width":84.36360137475083,"height":39.07366551499257,"label":"Record Number","shape":"rectangle"},"task_key":"em_record_number","instructions":{"mark":"Record Number","transcribe":"Enter the record number"}},{"id":"56b1762750617568bb490200","status":"awaiting_transcriptions","name":"Record Number","created_in_workflow":"transcribe","confidence":0.3333333333333333,"data":{"value":"9136"},"versions":[{"data":{"value":"9136"},"votes":1,"confidence":0.3333333333333333,"instances":[{"created":"2015-12-14T16:34:25Z","user_id":"566eeeda3637340003010100","duration":1.203}]},{"data":{"value":"913"},"votes":1,"confidence":0.3333333333333333,"instances":[{"created":"2015-12-14T18:24:59Z","user_id":"566f08603637340003560300","duration":4.984}]}],"region":{"x":549.6938871800568,"y":436.0265856332126,"width":87.02771510237449,"height":38.18562766237909,"label":"Record Number","shape":"rectangle"},"task_key":"em_record_number","instructions":{"mark":"Record Number","transcribe":"Enter the record number"}},{"id":"56b1762750617568bb4a0200","status":"awaiting_transcriptions","name":"Record Number","created_in_workflow":"transcribe","confidence":0.3333333333333333,"data":{"value":"849"},"versions":[{"data":{"value":"849"},"votes":1,"confidence":0.3333333333333333,"instances":[{"created":"2015-12-14T18:24:48Z","user_id":"566f08603637340003560300","duration":155.014}]}],"region":{"x":551.4699629984725,"y":370.311784539816,"width":83.4755634655429,"height":36.40955195715213,"label":"Record Number","shape":"rectangle"},"task_key":"em_record_number","instructions":{"mark":"Record Number","transcribe":"Enter the record number"}},{"id":"56b1762750617568bb4b0200","status":"complete","name":"Record Number","created_in_workflow":"transcribe","confidence":1.0,"data":{"value":"980"},"versions":[{"data":{"value":"980"},"votes":3,"confidence":1.0,"instances":[{"created":"2015-12-14T03:42:44Z","user_id":"566e385d35626400038c0500","duration":3.754},{"created":"2015-12-14T15:58:19Z","user_id":"566ee6923562640003dd0600","duration":1.558},{"created":"2015-12-14T16:34:31Z","user_id":"566eeeda3637340003010100","duration":1.43}]}],"region":{"x":551.4699629984725,"y":571.0083392304597,"width":70.15499482742439,"height":38.18562766237915,"label":"Record Number","shape":"rectangle"},"task_key":"em_record_number","instructions":{"mark":"Record Number","transcribe":"Enter the record number"}},{"id":"56b1762750617568bb4c0200","status":"retired","name":null,"created_in_workflow":"mark","confidence":1.0,"data":{"belongsToUser":"true","toolName":"rectangleTool","userCreated":"true","subToolIndex":"1","color":"blue","isTranscribable":"true","x":"552.3580009076804","y":"301.932869888579","width":"79.0353739195034","height":"34.63347625192523","_key":"0.6065935883671045","status":"mark","isUncommitted":"true"},"versions":null,"region":{"x":552.3580009076804,"y":301.932869888579,"width":79.0353739195034,"height":34.63347625192523,"label":"Record Number","shape":"rectangle"},"task_key":"mark_primary","instructions":{"mark":""}},{"id":"56b1762750617568bb4d0200","status":"awaiting_transcriptions","name":"Record Number","created_in_workflow":"transcribe","confidence":0.3333333333333333,"data":{"value":"790.1025."},"versions":[{"data":{"value":"790.1025."},"votes":1,"confidence":0.3333333333333333,"instances":[{"created":"2015-12-13T22:12:09Z","user_id":"566ddbbc3562640003eb0100","duration":17.526}]}],"region":{"x":553.2460388168884,"y":272.62762075233456,"width":129.65353474435392,"height":36.40955195715219,"label":"Record Number","shape":"rectangle"},"task_key":"em_record_number","instructions":{"mark":"Record Number","transcribe":"Enter the record number"}},{"id":"56b1762750617568bb4e0200","status":"awaiting_transcriptions","name":"Record Number","created_in_workflow":"transcribe","confidence":0.6666666666666666,"data":{"value":"892"},"versions":[{"data":{"value":"892"},"votes":2,"confidence":0.6666666666666666,"instances":[{"created":"2015-12-14T16:34:23Z","user_id":"566eeeda3637340003010100","duration":2.722},{"created":"2015-12-14T18:24:54Z","user_id":"566f08603637340003560300","duration":5.804}]}],"region":{"x":555.0221146353042,"y":403.1691850865143,"width":81.69948764712706,"height":38.18562766237909,"label":"Record Number","shape":"rectangle"},"task_key":"em_record_number","instructions":{"mark":"Record Number","transcribe":"Enter the record number"}},{"id":"56b1762750617568bb4f0200","status":"awaiting_transcriptions","name":"Record Number","created_in_workflow":"transcribe","confidence":0.3333333333333333,"data":{"value":"817"},"versions":[{"data":{"value":"817"},"votes":1,"confidence":0.3333333333333333,"instances":[{"created":"2015-12-14T18:22:14Z","user_id":"566f08603637340003560300","duration":7.57}]}],"region":{"x":559.4623041813437,"y":339.23045969834465,"width":67.49088109980062,"height":36.40955195715213,"label":"Record Number","shape":"rectangle"},"task_key":"em_record_number","instructions":{"mark":"Record Number","transcribe":"Enter the record number"}},{"id":"56b1762750617568bb500200","status":"awaiting_transcriptions","name":"Record Number","created_in_workflow":"transcribe","confidence":0.3333333333333333,"data":{"value":"727.760.921.922"},"versions":[{"data":{"value":"727.760.921.922"},"votes":1,"confidence":0.3333333333333333,"instances":[{"created":"2015-12-13T22:11:51Z","user_id":"566ddbbc3562640003eb0100","duration":34.235}]}],"region":{"x":563.0144558181753,"y":237.10610664779585,"width":189.15207466128345,"height":39.96170336760605,"label":"Record Number","shape":"rectangle"},"task_key":"em_record_number","instructions":{"mark":"Record Number","transcribe":"Enter the record number"}},{"id":"56b1762750617568bb510200","status":"awaiting_votes","name":"Record Number","created_in_workflow":"transcribe","confidence":0.6666666666666666,"data":{"value":"353"},"versions":[{"data":{"value":"353"},"votes":2,"confidence":0.6666666666666666,"instances":[{"created":"2015-12-14T03:40:37Z","user_id":"566e385d35626400038c0500","duration":4.447},{"created":"2015-12-14T15:57:31Z","user_id":"566ee6923562640003dd0600","duration":2.526}]},{"data":{"value":"353."},"votes":1,"confidence":0.3333333333333333,"instances":[{"created":"2015-12-13T22:10:14Z","user_id":"566ddbbc3562640003eb0100","duration":11.636}]}],"region":{"x":602.088123823323,"y":142.0860564181548,"width":138.53391383643293,"height":39.07366551499257,"label":"Record Number","shape":"rectangle"},"task_key":"em_record_number","instructions":{"mark":"Record Number","transcribe":"Enter the record number"}},{"id":"56b1762750617568bb520200","status":"awaiting_votes","name":"Record Number","created_in_workflow":"transcribe","confidence":0.3333333333333333,"data":{"value":"211."},"versions":[{"data":{"value":"211."},"votes":1,"confidence":0.3333333333333333,"instances":[{"created":"2015-12-13T22:10:03Z","user_id":"566ddbbc3562640003eb0100","duration":7.791}]},{"data":{"value":"288"},"votes":1,"confidence":0.3333333333333333,"instances":[{"created":"2015-12-14T03:40:33Z","user_id":"566e385d35626400038c0500","duration":4.549}]},{"data":{"value":"211"},"votes":1,"confidence":0.3333333333333333,"instances":[{"created":"2015-12-14T15:57:28Z","user_id":"566ee6923562640003dd0600","duration":8.783}]}],"region":{"x":605.6402754601546,"y":100.34827734532185,"width":134.98176219960135,"height":42.62581692544644,"label":"Record Number","shape":"rectangle"},"task_key":"em_record_number","instructions":{"mark":"Record Number","transcribe":"Enter the record number"}},{"id":"56b1762750617568bb530200","status":"awaiting_transcriptions","name":"Mortgager","created_in_workflow":"transcribe","confidence":0.3333333333333333,"data":{"value":"Third Cong.al Unitarian Church"},"versions":[{"data":{"value":"Third Cong.al Unitarian Church"},"votes":1,"confidence":0.3333333333333333,"instances":[{"created":"2015-12-13T22:13:14Z","user_id":"566ddbbc3562640003eb0100","duration":27.994}]},{"data":{"value":"Third Cong. Unitarian Church"},"votes":1,"confidence":0.3333333333333333,"instances":[{"created":"2015-12-14T16:34:10Z","user_id":"566eeeda3637340003010100","duration":10.502}]}],"region":{"x":68.37734038937319,"y":103.9004287557757,"width":501.74141870246535,"height":47.06600618851378,"label":"Mortgager Name","shape":"rectangle"},"task_key":"em_record_mortgager","instructions":{"mark":"Mortgager Name","transcribe":"Enter the mortgager's name"}},{"id":"56b1762750617568bb540200","status":"awaiting_transcriptions","name":"Mortgager","created_in_workflow":"transcribe","confidence":0.3333333333333333,"data":{"value":"Tigner, Elkan."},"versions":[{"data":{"value":"Tigner, Elkan."},"votes":1,"confidence":0.3333333333333333,"instances":[{"created":"2015-12-13T22:28:18Z","user_id":"566ddbbc3562640003eb0100","duration":133.789}]}],"region":{"x":116.33138748659997,"y":732.6312284061108,"width":226.44966684801534,"height":43.51385477805991,"label":"Mortgager Name","shape":"rectangle"},"task_key":"em_record_mortgager","instructions":{"mark":"Mortgager Name","transcribe":"Enter the mortgager's name"}},{"id":"56b1762750617568bb550200","status":"awaiting_transcriptions","name":"Mortgager","created_in_workflow":"transcribe","confidence":0.3333333333333333,"data":{"value":"Taylor, Lev"},"versions":[{"data":{"value":"Taylor, Lev"},"votes":1,"confidence":0.3333333333333333,"instances":[{"created":"2015-12-14T03:43:47Z","user_id":"566e385d35626400038c0500","duration":16.741}]},{"data":{"value":"Taylor, Gev. H."},"votes":1,"confidence":0.3333333333333333,"instances":[{"created":"2015-12-14T15:59:21Z","user_id":"566ee6923562640003dd0600","duration":11.504}]}],"region":{"x":119.88353912343159,"y":499.0772731687688,"width":282.39605512811323,"height":44.40189263067339,"label":"Mortgager Name","shape":"rectangle"},"task_key":"em_record_mortgager","instructions":{"mark":"Mortgager Name","transcribe":"Enter the mortgager's name"}},{"id":"56b1762750617568bb560200","status":"awaiting_transcriptions","name":"Mortgager","created_in_workflow":"transcribe","confidence":0.3333333333333333,"data":{"value":"Trainer, Cathe V"},"versions":[{"data":{"value":"Trainer, Cathe V"},"votes":1,"confidence":0.3333333333333333,"instances":[{"created":"2015-12-14T18:29:43Z","user_id":"566f08b936373400035a0300","duration":24.838}]},{"data":{"value":"Trainer,  Cath.e  V."},"votes":1,"confidence":0.3333333333333333,"instances":[{"created":"2015-12-14T19:08:16Z","user_id":"566f13243637340003280400","duration":24.251}]}],"region":{"x":122.54765285105529,"y":355.21514104538704,"width":350.77497413712183,"height":56.834422567261925,"label":"Mortgager Name","shape":"rectangle"},"task_key":"em_record_mortgager","instructions":{"mark":"Mortgager Name","transcribe":"Enter the mortgager's name"}},{"id":"56b1762750617568bb570200","status":"awaiting_transcriptions","name":"Mortgager","created_in_workflow":"transcribe","confidence":0.3333333333333333,"data":{"value":"Toshillon J G"},"versions":[{"data":{"value":"Toshillon J G"},"votes":1,"confidence":0.3333333333333333,"instances":[{"created":"2015-12-14T18:29:54Z","user_id":"566f08b936373400035a0300","duration":11.493}]},{"data":{"value":"Tushillon  J. G."},"votes":1,"confidence":0.3333333333333333,"instances":[{"created":"2015-12-14T19:12:23Z","user_id":"566f13243637340003280400","duration":246.572}]}],"region":{"x":122.54765285105529,"y":394.2888065603796,"width":277.06782767286586,"height":47.95404404112725,"label":"Mortgager Name","shape":"rectangle"},"task_key":"em_record_mortgager","instructions":{"mark":"Mortgager Name","transcribe":"Enter the mortgager's name"}},{"id":"56b1762750617568bb580200","status":"awaiting_transcriptions","name":"Mortgager","created_in_workflow":"transcribe","confidence":0.3333333333333333,"data":{"value":"Taylor M. A"},"versions":[{"data":{"value":"Taylor M. A"},"votes":1,"confidence":0.3333333333333333,"instances":[{"created":"2015-12-14T16:37:23Z","user_id":"566eef0d3637340003070100","duration":7.647}]},{"data":{"value":"Taylor M. A. "},"votes":1,"confidence":0.3333333333333333,"instances":[{"created":"2015-12-14T18:22:07Z","user_id":"566f08603637340003560300","duration":11.866}]}],"region":{"x":123.4356907602632,"y":334.7902704352773,"width":276.17978976365794,"height":41.73777907283295,"label":"Mortgager Name","shape":"rectangle"},"task_key":"em_record_mortgager","instructions":{"mark":"Mortgager Name","transcribe":"Enter the mortgager's name"}},{"id":"56b1762750617568bb590200","status":"awaiting_votes","name":"Mortgager","created_in_workflow":"transcribe","confidence":0.3333333333333333,"data":{"value":"Tompkins   John"},"versions":[{"data":{"value":"Tompkins   John"},"votes":1,"confidence":0.3333333333333333,"instances":[{"created":"2015-12-13T22:17:36Z","user_id":"566ddbbc3562640003eb0100","duration":15.849}]},{"data":{"value":"John Tompkins"},"votes":1,"confidence":0.3333333333333333,"instances":[{"created":"2015-12-14T03:44:05Z","user_id":"566e385d35626400038c0500","duration":8.678}]},{"data":{"value":"Tompkins, John"},"votes":1,"confidence":0.3333333333333333,"instances":[{"created":"2015-12-14T15:59:43Z","user_id":"566ee6923562640003dd0600","duration":6.854}]}],"region":{"x":123.4356907602632,"y":594.9853612510233,"width":286.83624467415274,"height":42.62581692544643,"label":"Mortgager Name","shape":"rectangle"},"task_key":"em_record_mortgager","instructions":{"mark":"Mortgager Name","transcribe":"Enter the mortgager's name"}},{"id":"56b1762750617568bb5a0200","status":"awaiting_transcriptions","name":"Mortgager","created_in_workflow":"transcribe","confidence":0.3333333333333333,"data":{"value":"Trustees of St Patrick's Cathedral"},"versions":[{"data":{"value":"Trustees of St Patrick's Cathedral"},"votes":1,"confidence":0.3333333333333333,"instances":[{"created":"2015-12-14T16:37:00Z","user_id":"566eef0d3637340003070100","duration":12.975}]},{"data":{"value":"Trusties of St. Patrick's bathedral"},"votes":1,"confidence":0.3333333333333333,"instances":[{"created":"2015-12-14T18:20:44Z","user_id":"566f08603637340003560300","duration":29.19}]}],"region":{"x":124.3237286694711,"y":230.8898416795016,"width":437.80268923949626,"height":49.73011974635418,"label":"Mortgager Name","shape":"rectangle"},"task_key":"em_record_mortgager","instructions":{"mark":"Mortgager Name","transcribe":"Enter the mortgager's name"}},{"id":"56b1762750617568bb5b0200","status":"awaiting_votes","name":"Mortgager","created_in_workflow":"transcribe","confidence":0.3333333333333333,"data":{"value":"Trainer Pat"},"versions":[{"data":{"value":"Trainer Pat"},"votes":1,"confidence":0.3333333333333333,"instances":[{"created":"2015-12-14T16:37:09Z","user_id":"566eef0d3637340003070100","duration":9.791}]},{"data":{"value":"Trustees of St. Patrick's Cathedral"},"votes":1,"confidence":0.3333333333333333,"instances":[{"created":"2015-12-14T17:43:30Z","user_id":"566efed03066300003150000","duration":52.274}]},{"data":{"value":"Trainer Path"},"votes":1,"confidence":0.3333333333333333,"instances":[{"created":"2015-12-14T18:21:02Z","user_id":"566f08603637340003560300","duration":18.186}]}],"region":{"x":124.3237286694711,"y":267.29939363665375,"width":287.72428258336066,"height":47.95404404112725,"label":"Mortgager Name","shape":"rectangle"},"task_key":"em_record_mortgager","instructions":{"mark":"Mortgager Name","transcribe":"Enter the mortgager's name"}},{"id":"56b1762750617568bb5c0200","status":"awaiting_transcriptions","name":"Mortgager","created_in_workflow":"transcribe","confidence":0.3333333333333333,"data":{"value":"Tospey, Cath"},"versions":[{"data":{"value":"Tospey, Cath"},"votes":1,"confidence":0.3333333333333333,"instances":[{"created":"2015-12-14T15:59:09Z","user_id":"566ee6923562640003dd0600","duration":25.814}]}],"region":{"x":124.3237286694711,"y":466.2198726220705,"width":267.29941067157887,"height":42.62581692544643,"label":"Mortgager Name","shape":"rectangle"},"task_key":"em_record_mortgager","instructions":{"mark":"Mortgager Name","transcribe":"Enter the mortgager's name"}},{"id":"56b1762750617568bb5d0200","status":"awaiting_transcriptions","name":"Mortgager","created_in_workflow":"transcribe","confidence":0.3333333333333333,"data":{"value":"Treacy  Mich.l"},"versions":[{"data":{"value":"Treacy  Mich.l"},"votes":1,"confidence":0.3333333333333333,"instances":[{"created":"2015-12-13T22:16:58Z","user_id":"566ddbbc3562640003eb0100","duration":20.581}]},{"data":{"value":"Treacy, Michael"},"votes":1,"confidence":0.3333333333333333,"instances":[{"created":"2015-12-14T15:59:30Z","user_id":"566ee6923562640003dd0600","duration":9.327}]}],"region":{"x":124.3237286694711,"y":534.5987872733075,"width":262.85922112553936,"height":39.073665514992626,"label":"Mortgager Name","shape":"rectangle"},"task_key":"em_record_mortgager","instructions":{"mark":"Mortgager Name","transcribe":"Enter the mortgager's name"}},{"id":"56b1762750617568bb5e0200","status":"awaiting_votes","name":"Mortgager","created_in_workflow":"transcribe","confidence":0.3333333333333333,"data":{"value":"Tomney,  Patrick"},"versions":[{"data":{"value":"Tomney,  Patrick"},"votes":1,"confidence":0.3333333333333333,"instances":[{"created":"2015-12-13T22:18:37Z","user_id":"566ddbbc3562640003eb0100","duration":60.675}]},{"data":{"value":"Patrick Jomney"},"votes":1,"confidence":0.3333333333333333,"instances":[{"created":"2015-12-14T03:44:14Z","user_id":"566e385d35626400038c0500","duration":8.656}]},{"data":{"value":"Tomney, Patrick"},"votes":1,"confidence":0.3333333333333333,"instances":[{"created":"2015-12-14T15:59:47Z","user_id":"566ee6923562640003dd0600","duration":3.852}]}],"region":{"x":124.3237286694711,"y":620.7384589768138,"width":261.0831453071236,"height":51.50619545158111,"label":"Mortgager Name","shape":"rectangle"},"task_key":"em_record_mortgager","instructions":{"mark":"Mortgager Name","transcribe":"Enter the mortgager's name"}},{"id":"56b1762750617568bb5f0200","status":"awaiting_transcriptions","name":"Mortgager","created_in_workflow":"transcribe","confidence":0.3333333333333333,"data":{"value":"Thiers, Noble"},"versions":[{"data":{"value":"Thiers, Noble"},"votes":1,"confidence":0.3333333333333333,"instances":[{"created":"2015-12-13T22:25:36Z","user_id":"566ddbbc3562640003eb0100","duration":418.738}]},{"data":{"value":"Thiers, Note"},"votes":1,"confidence":0.3333333333333333,"instances":[{"created":"2015-12-14T16:00:03Z","user_id":"566ee6923562640003dd0600","duration":16.934}]}],"region":{"x":125.211766578679,"y":658.0360487865795,"width":207.80087075464937,"height":49.73011974635415,"label":"Mortgager Name","shape":"rectangle"},"task_key":"em_record_mortgager","instructions":{"mark":"Mortgager Name","transcribe":"Enter the mortgager's name"}},{"id":"56b1762750617568bb600200","status":"awaiting_votes","name":"Mortgager","created_in_workflow":"transcribe","confidence":0.6666666666666666,"data":{"value":"Taylor Peter"},"versions":[{"data":{"value":"Taylor Peter"},"votes":2,"confidence":0.6666666666666666,"instances":[{"created":"2015-12-14T03:42:34Z","user_id":"566e385d35626400038c0500","duration":15.645},{"created":"2015-12-14T15:58:13Z","user_id":"566ee6923562640003dd0600","duration":6.974}]},{"data":{"value":"Taylor, Peter"},"votes":1,"confidence":0.3333333333333333,"instances":[{"created":"2015-12-13T22:12:46Z","user_id":"566ddbbc3562640003eb0100","duration":11.651}]}],"region":{"x":127.87588030630272,"y":58.61049827248886,"width":255.75491785187612,"height":53.28227115680806,"label":"Mortgager Name","shape":"rectangle"},"task_key":"em_record_mortgager","instructions":{"mark":"Mortgager Name","transcribe":"Enter the mortgager's name"}},{"id":"56b1762750617568bb610200","status":"awaiting_transcriptions","name":"Mortgager","created_in_workflow":"transcribe","confidence":0.3333333333333333,"data":{"value":"Tone  Tho.s"},"versions":[{"data":{"value":"Tone  Tho.s"},"votes":1,"confidence":0.3333333333333333,"instances":[{"created":"2015-12-13T22:17:21Z","user_id":"566ddbbc3562640003eb0100","duration":22.235}]},{"data":{"value":"Tonel, Thomas"},"votes":1,"confidence":0.3333333333333333,"instances":[{"created":"2015-12-14T15:59:36Z","user_id":"566ee6923562640003dd0600","duration":5.431}]}],"region":{"x":127.87588030630272,"y":562.127960704325,"width":231.77789430326274,"height":46.177968335900346,"label":"Mortgager Name","shape":"rectangle"},"task_key":"em_record_mortgager","instructions":{"mark":"Mortgager Name","transcribe":"Enter the mortgager's name"}},{"id":"56b1762750617568bb620200","status":"complete","name":"Mortgager","created_in_workflow":"transcribe","confidence":1.0,"data":{"value":"Turner, Martha S."},"versions":[{"data":{"value":"Turner, Martha S."},"votes":3,"confidence":1.0,"instances":[{"created":"2015-12-13T22:28:45Z","user_id":"566ddbbc3562640003eb0100","duration":26.453},{"created":"2015-12-14T16:00:19Z","user_id":"566ee6923562640003dd0600","duration":7.886},{"created":"2015-12-14T16:36:00Z","user_id":"566eeeda3637340003010100","duration":3.974}]}],"region":{"x":127.87588030630272,"y":785.0254617103054,"width":253.0908041242524,"height":55.94638471464839,"label":"Mortgager Name","shape":"rectangle"},"task_key":"em_record_mortgager","instructions":{"mark":"Mortgager Name","transcribe":"Enter the mortgager's name"}},{"id":"56b1762750617568bb630200","status":"awaiting_transcriptions","name":"Mortgager","created_in_workflow":"transcribe","confidence":0.3333333333333333,"data":{"value":"Tandirel M. D."},"versions":[{"data":{"value":"Tandirel M. D."},"votes":1,"confidence":0.3333333333333333,"instances":[{"created":"2015-12-14T18:21:47Z","user_id":"566f08603637340003560300","duration":44.467}]}],"region":{"x":128.7639182155106,"y":300.1567941833521,"width":272.6276381268263,"height":41.73777907283295,"label":"Mortgager Name","shape":"rectangle"},"task_key":"em_record_mortgager","instructions":{"mark":"Mortgager Name","transcribe":"Enter the mortgager's name"}},{"id":"56b1762750617568bb640200","status":"awaiting_transcriptions","name":"Mortgager","created_in_workflow":"transcribe","confidence":0.3333333333333333,"data":{"value":"Tauber, Ida"},"versions":[{"data":{"value":"Tauber, Ida"},"votes":1,"confidence":0.3333333333333333,"instances":[{"created":"2015-12-14T15:58:44Z","user_id":"566ee6923562640003dd0600","duration":8.539}]}],"region":{"x":128.7639182155106,"y":431.5863963701453,"width":275.29175185445,"height":44.40189263067339,"label":"Mortgager Name","shape":"rectangle"},"task_key":"em_record_mortgager","instructions":{"mark":"Mortgager Name","transcribe":"Enter the mortgager's name"}},{"id":"56b1762750617568bb650200","status":"awaiting_transcriptions","name":"Mortgager","created_in_workflow":"transcribe","confidence":0.3333333333333333,"data":{"value":"Tubbs,  Geo. W."},"versions":[{"data":{"value":"Tubbs,  Geo. W."},"votes":1,"confidence":0.3333333333333333,"instances":[{"created":"2015-12-13T22:26:04Z","user_id":"566ddbbc3562640003eb0100","duration":28.496}]},{"data":{"value":"Tubbs. George W."},"votes":1,"confidence":0.3333333333333333,"instances":[{"created":"2015-12-14T16:00:11Z","user_id":"566ee6923562640003dd0600","duration":7.334}]}],"region":{"x":128.7639182155106,"y":694.4456007437317,"width":223.78555312039163,"height":49.73011974635415,"label":"Mortgager Name","shape":"rectangle"},"task_key":"em_record_mortgager","instructions":{"mark":"Mortgager Name","transcribe":"Enter the mortgager's name"}},{"id":"56b1762750617568bb660200","status":"awaiting_transcriptions","name":"Mortgager","created_in_workflow":"transcribe","confidence":0.3333333333333333,"data":{"value":"Taylor Hannah"},"versions":[{"data":{"value":"Taylor Hannah"},"votes":1,"confidence":0.3333333333333333,"instances":[{"created":"2015-12-14T16:36:47Z","user_id":"566eef0d3637340003070100","duration":20.678}]},{"data":{"value":"Jayha Hannah"},"votes":1,"confidence":0.3333333333333333,"instances":[{"created":"2015-12-14T18:20:16Z","user_id":"566f08603637340003560300","duration":26.403}]}],"region":{"x":134.98018357996594,"y":205.13674395371103,"width":329.4620643161321,"height":45.28993048328684,"label":"Mortgager Name","shape":"rectangle"},"task_key":"em_record_mortgager","instructions":{"mark":"Mortgager Name","transcribe":"Enter the mortgager's name"}},{"id":"56b1762750617568bb670200","status":"awaiting_votes","name":"Mortgager","created_in_workflow":"transcribe","confidence":0.3333333333333333,"data":{"value":"Tower  S. A."},"versions":[{"data":{"value":"Tower  S. A."},"votes":1,"confidence":0.3333333333333333,"instances":[{"created":"2015-12-13T22:15:16Z","user_id":"566ddbbc3562640003eb0100","duration":122.079}]},{"data":{"value":"Jower S.A."},"votes":1,"confidence":0.3333333333333333,"instances":[{"created":"2015-12-14T16:34:15Z","user_id":"566eeeda3637340003010100","duration":4.791}]},{"data":{"value":"John S. A"},"votes":1,"confidence":0.3333333333333333,"instances":[{"created":"2015-12-14T16:36:20Z","user_id":"566eef0d3637340003070100","duration":8.774}]}],"region":{"x":136.75625939838176,"y":137.64586715508747,"width":284.172130946529,"height":42.62581692544646,"label":"Mortgager Name","shape":"rectangle"},"task_key":"em_record_mortgager","instructions":{"mark":"Mortgager Name","transcribe":"Enter the mortgager's name"}},{"id":"56b1762750617568bb680200","status":"awaiting_transcriptions","name":"Mortgager","created_in_workflow":"transcribe","confidence":0.3333333333333333,"data":{"value":"Treanor   Ja.s"},"versions":[{"data":{"value":"Treanor   Ja.s"},"votes":1,"confidence":0.3333333333333333,"instances":[{"created":"2015-12-13T22:15:47Z","user_id":"566ddbbc3562640003eb0100","duration":30.801}]},{"data":{"value":"Treanor Ja."},"votes":1,"confidence":0.3333333333333333,"instances":[{"created":"2015-12-14T16:34:21Z","user_id":"566eeeda3637340003010100","duration":5.424}]}],"region":{"x":136.75625939838176,"y":172.27934340701273,"width":257.53099367029193,"height":43.51385477805991,"label":"Mortgager Name","shape":"rectangle"},"task_key":"em_record_mortgager","instructions":{"mark":"Mortgager Name","transcribe":"Enter the mortgager's name"}},{"id":"56b1762750617568bb690200","status":"awaiting_transcriptions","name":"Mortgager","created_in_workflow":"transcribe","confidence":0.3333333333333333,"data":{"value":"Tone, Henry"},"versions":[{"data":{"value":"Tone, Henry"},"votes":1,"confidence":0.3333333333333333,"instances":[{"created":"2015-12-13T22:29:13Z","user_id":"566ddbbc3562640003eb0100","duration":12.343}]},{"data":{"value":"Jane, Henry"},"votes":1,"confidence":0.3333333333333333,"instances":[{"created":"2015-12-14T16:36:09Z","user_id":"566eeeda3637340003010100","duration":5.383}]}],"region":{"x":136.75625939838176,"y":842.7479221301808,"width":222.8975152111837,"height":62.16264968294274,"label":"Mortgager Name","shape":"rectangle"},"task_key":"em_record_mortgager","instructions":{"mark":"Mortgager Name","transcribe":"Enter the mortgager's name"}}]}]}