{"id":"56b100f77061755afb4b1700","meta_data":{"capture_uuid":"e39e6440-00b1-0133-c89d-58d385a7bbd0","page_uri":"http://digitalcollections.nypl.org/items/e39e6440-00b1-0133-c89d-58d385a7bbd0","book_uri":"http://digitalcollections.nypl.org/items/df712aa0-00b1-0133-fbd7-58d385a7bbd0","source_rotated":"0.811263","source_x":"1217.3","source_y":"0","source_w":"1372.7","source_h":"998.13"},"type":"final_subject_set","search_terms_by_field":{"Record Number":["639"],"Mortgager":["Jane Blackwood now J. H. Kock"],"Street Address":["No. 2131 W 26th Street"],"Land \u0026 Building Dimensions":["24.10 1/2 x 98.9","\" \" \" 45."],"Stories \u0026 Materials":["4","Brick"],"Additional Info":["house and rear house 24.10 x 30"],"Record Date":["1872 Nov'r 2"],"Land \u0026 Building Value":[],"Valuation Date":["1879 November"],"Total Value":["$12,000","$12000."],"Amount Loaned":["$12000","$7,500"]},"subjects":[{"id":"56b1774650617568bba31500","type":"root","location":{"standard":"https://s3.amazonaws.com/scribe.nypl.org/emigrant-s4/full/e39e6440-00b1-0133-c89d-58d385a7bbd0.right-top.jpg","thumbnail":"https://s3.amazonaws.com/scribe.nypl.org/emigrant-s4/thumb/e39e6440-00b1-0133-c89d-58d385a7bbd0.right-top.jpg"},"status":"retired","width":1372,"height":998,"meta_data":{"capture_uuid":"e39e6440-00b1-0133-c89d-58d385a7bbd0","page_uri":"http://digitalcollections.nypl.org/items/e39e6440-00b1-0133-c89d-58d385a7bbd0","book_uri":"http://digitalcollections.nypl.org/items/df712aa0-00b1-0133-fbd7-58d385a7bbd0","source_rotated":"0.811263","source_x":"1217.3","source_y":"0","source_w":"1372.7","source_h":"998.13"},"assertions":[{"id":"56b1774650617568bba41500","status":"complete","name":"Record Number","created_in_workflow":"transcribe","confidence":1.0,"data":{"value":"639"},"versions":[{"data":{"value":"639"},"votes":3,"confidence":1.0,"instances":[{"created":"2015-12-06T22:25:47Z","user_id":"5647496e3562310003960400","duration":4.687},{"created":"2015-12-07T03:03:45Z","user_id":"5664ec173365660003530600","duration":2.728},{"created":"2015-12-07T18:29:22Z","user_id":"5665cb5c3538380003fe0300","duration":4.31}]}],"region":{"x":976.3148965539687,"y":23.116409776036786,"width":107.42331450743961,"height":69.34922932811035,"label":"Record Number","shape":"rectangle"},"task_key":"em_record_number","instructions":{"mark":"Record Number","transcribe":"Enter the record number"}},{"id":"56b1774650617568bba51500","status":"awaiting_votes","name":"Mortgager","created_in_workflow":"transcribe","confidence":0.3333333333333333,"data":{"value":"Jane Blackwood now J. H. Kock"},"versions":[{"data":{"value":"Jane Blackwood now J. H. Kock"},"votes":1,"confidence":0.3333333333333333,"instances":[{"created":"2015-12-06T22:27:32Z","user_id":"5647496e3562310003960400","duration":24.944}]},{"data":{"value":"Jane Blackwood new J.H Koch"},"votes":1,"confidence":0.3333333333333333,"instances":[{"created":"2015-12-07T03:04:15Z","user_id":"5664ec173365660003530600","duration":15.835}]},{"data":{"value":"Jane Blackwood non J.H. Koch"},"votes":1,"confidence":0.3333333333333333,"instances":[{"created":"2015-12-07T19:08:05Z","user_id":"5655e5253437330003fd0100","duration":13.916}]}],"region":{"x":414.72212577456884,"y":518.0795367452951,"width":673.0954516605395,"height":70.70901813846547,"label":"Mortgager Name","shape":"rectangle"},"task_key":"em_record_mortgager","instructions":{"mark":"Mortgager Name","transcribe":"Enter the mortgager's name"}},{"id":"56b1774650617568bba61500","status":"awaiting_votes","name":"Street Address","created_in_workflow":"transcribe","confidence":0.3333333333333333,"data":{"value":"No. 2131 W 26th Street"},"versions":[{"data":{"value":"No. 2131 W 26th Street"},"votes":1,"confidence":0.3333333333333333,"instances":[{"created":"2015-12-07T03:04:24Z","user_id":"5664ec173365660003530600","duration":5.572}]},{"data":{"value":"No. 231, W. 26th Street"},"votes":1,"confidence":0.3333333333333333,"instances":[{"created":"2015-12-07T12:40:12Z","user_id":"5647496e3562310003960400","duration":12.375}]},{"data":{"value":"No. 231 W. 26th Street"},"votes":1,"confidence":0.3333333333333333,"instances":[{"created":"2015-12-07T18:17:07Z","user_id":"566eeeda3637340003010100","duration":10.584}]}],"region":{"x":462.31473346773834,"y":580.6298220216299,"width":358.9842408856211,"height":46.232819552073515,"label":"Street Address","shape":"rectangle"},"task_key":"em_record_street_address","instructions":{"mark":"Street Address","transcribe":"Enter the street address"}},{"id":"56b1774650617568bba71500","status":"awaiting_transcriptions","name":"Land \u0026 Building Dimensions","created_in_workflow":"transcribe","confidence":0.3333333333333333,"data":{"em_survey_land_dimensions":"24.10 1/2 x 98.9","em_survey_building_dimensions":"\" \" \" 45."},"versions":[{"data":{"em_survey_land_dimensions":"24.10 1/2 x 98.9","em_survey_building_dimensions":"\" \" \" 45."},"votes":1,"confidence":0.3333333333333333,"instances":[{"created":"2015-12-07T03:04:47Z","user_id":"5664ec173365660003530600","duration":16.04}]}],"region":{"x":479.9919877537727,"y":613.2647534701524,"width":746.5240463871439,"height":81.58732862130626,"label":"Dimension \u0026 Description","shape":"rectangle"},"task_key":"em_record_survey","instructions":{"mark":"Dimension \u0026 Description","transcribe":"Enter, as they appear, any land and building dimensions that were recorded. In the next screen, you'll enter the descriptive information."}},{"id":"56b1774650617568bba81500","status":"awaiting_transcriptions","name":"Stories \u0026 Materials","created_in_workflow":"transcribe","confidence":0.3333333333333333,"data":{"em_record_stories":"4","em_record_material":"Brick"},"versions":[{"data":{"em_record_stories":"4","em_record_material":"Brick"},"votes":1,"confidence":0.3333333333333333,"instances":[{"created":"2015-12-07T03:04:54Z","user_id":"5664ec173365660003530600","duration":6.902}]}],"region":{"x":479.9919877537727,"y":613.2647534701524,"width":746.5240463871439,"height":81.58732862130626,"label":"Dimension \u0026 Description","shape":"rectangle"},"task_key":"em_record_survey_stories_materials","instructions":{"mark":"Dimension \u0026 Description","transcribe":"Enter, as they appear, the number of stories and the building materials."}},{"id":"56b1774650617568bba91500","status":"awaiting_transcriptions","name":"Additional Info","created_in_workflow":"transcribe","confidence":0.3333333333333333,"data":{"value":"house and rear house 24.10 x 30"},"versions":[{"data":{"value":"house and rear house 24.10 x 30"},"votes":1,"confidence":0.3333333333333333,"instances":[{"created":"2015-12-07T03:05:02Z","user_id":"5664ec173365660003530600","duration":7.566}]}],"region":{"x":479.9919877537727,"y":613.2647534701524,"width":746.5240463871439,"height":81.58732862130626,"label":"Dimension \u0026 Description","shape":"rectangle"},"task_key":"em_record_survey_additional_info","instructions":{"mark":"Dimension \u0026 Description","transcribe":"Enter any additional information you find about the building's construction or significance."}},{"id":"56b1774650617568bbaa1500","status":"awaiting_votes","name":"Record Date","created_in_workflow":"transcribe","confidence":0.3333333333333333,"data":{"value":"1872 Nov'r 2"},"versions":[{"data":{"value":"1872 Nov'r 2"},"votes":1,"confidence":0.3333333333333333,"instances":[{"created":"2015-12-06T22:26:13Z","user_id":"5647496e3562310003960400","duration":13.527}]},{"data":{"value":"1872 Nov. 2"},"votes":1,"confidence":0.3333333333333333,"instances":[{"created":"2015-12-07T03:03:53Z","user_id":"5664ec173365660003530600","duration":5.841}]},{"data":{"value":"1872 Nov.r  2"},"votes":1,"confidence":0.3333333333333333,"instances":[{"created":"2015-12-07T17:40:37Z","user_id":"5665c0803538380003d10300","duration":25.518}]}],"region":{"x":112.84901412075108,"y":78.8677510005961,"width":201.24874110254518,"height":138.69845865622074,"label":"Record Date","shape":"rectangle"},"task_key":"em_record_date","instructions":{"mark":"Record Date","transcribe":"Enter the record date"}},{"id":"56b1774650617568bbab1500","status":"awaiting_transcriptions","name":"Land \u0026 Building Value","created_in_workflow":"transcribe","confidence":0.3333333333333333,"data":{"em_valuation_ground":""},"versions":[{"data":{"em_valuation_ground":""},"votes":1,"confidence":0.3333333333333333,"instances":[{"created":"2016-01-10T05:03:14Z","user_id":"5691e2336539610003300300","duration":0.746}]}],"region":{"x":109.92248389072466,"y":734.1765180809927,"width":762.674994015714,"height":103.13755152339263,"label":"Valuation","shape":"rectangle"},"task_key":"em_record_valuation_ground_building","instructions":{"mark":"Valuation","transcribe":"Sometimes valuations include itemized dollar values for \"ground\" and \"building\". Enter these amounts if you can find them. In the next screen, you'll enter the total valuation."}},{"id":"56b1774650617568bbac1500","status":"awaiting_transcriptions","name":"Valuation Date","created_in_workflow":"transcribe","confidence":0.3333333333333333,"data":{"value":"1879 November"},"versions":[{"data":{"value":"1879 November"},"votes":1,"confidence":0.3333333333333333,"instances":[{"created":"2016-01-10T05:03:14Z","user_id":"5691e2336539610003300300","duration":4.97}]}],"region":{"x":109.92248389072466,"y":734.1765180809927,"width":762.674994015714,"height":103.13755152339263,"label":"Valuation","shape":"rectangle"},"task_key":"em_record_valuation","instructions":{"mark":"Valuation","transcribe":"Enter the date of the valuation (if one is given). In the next screen, you'll enter the valuation's dollar amounts."}},{"id":"56b1774650617568bbad1500","status":"awaiting_transcriptions","name":"Total Value","created_in_workflow":"transcribe","confidence":0.3333333333333333,"data":{"value":"$12,000"},"versions":[{"data":{"value":"$12,000"},"votes":1,"confidence":0.3333333333333333,"instances":[{"created":"2016-01-10T05:03:17Z","user_id":"5691e2336539610003300300","duration":2.889}]}],"region":{"x":109.92248389072466,"y":734.1765180809927,"width":762.674994015714,"height":103.13755152339263,"label":"Valuation","shape":"rectangle"},"task_key":"em_record_valuation_total","instructions":{"mark":"Valuation","transcribe":"Enter the valuation ***total*** (if one is given)"}},{"id":"56b1774650617568bbae1500","status":"awaiting_transcriptions","name":"Valuation Date","created_in_workflow":"transcribe","confidence":0.3333333333333333,"data":{"value":""},"versions":[{"data":{"value":""},"votes":1,"confidence":0.3333333333333333,"instances":[{"created":"2015-12-28T20:28:50Z","user_id":"568183166562390003120400","duration":5.637}]}],"region":{"x":713.6510253199909,"y":738.2371809848412,"width":144.8384584949306,"height":95.6811566318047,"label":"Valuation","shape":"rectangle"},"task_key":"em_record_valuation","instructions":{"mark":"Valuation","transcribe":"Enter the date of the valuation (if one is given). In the next screen, you'll enter the valuation's dollar amounts."}},{"id":"56b1774650617568bbaf1500","status":"awaiting_transcriptions","name":"Land \u0026 Building Value","created_in_workflow":"transcribe","confidence":0.3333333333333333,"data":{"em_valuation_ground":""},"versions":[{"data":{"em_valuation_ground":""},"votes":1,"confidence":0.3333333333333333,"instances":[{"created":"2015-12-28T20:28:53Z","user_id":"568183166562390003120400","duration":3.637}]}],"region":{"x":713.6510253199909,"y":738.2371809848412,"width":144.8384584949306,"height":95.6811566318047,"label":"Valuation","shape":"rectangle"},"task_key":"em_record_valuation_ground_building","instructions":{"mark":"Valuation","transcribe":"Sometimes valuations include itemized dollar values for \"ground\" and \"building\". Enter these amounts if you can find them. In the next screen, you'll enter the total valuation."}},{"id":"56b1774650617568bbb01500","status":"awaiting_transcriptions","name":"Total Value","created_in_workflow":"transcribe","confidence":0.3333333333333333,"data":{"value":"$12000."},"versions":[{"data":{"value":"$12000."},"votes":1,"confidence":0.3333333333333333,"instances":[{"created":"2015-12-28T20:29:05Z","user_id":"568183166562390003120400","duration":11.197}]}],"region":{"x":713.6510253199909,"y":738.2371809848412,"width":144.8384584949306,"height":95.6811566318047,"label":"Valuation","shape":"rectangle"},"task_key":"em_record_valuation_total","instructions":{"mark":"Valuation","transcribe":"Enter the valuation ***total*** (if one is given)"}},{"id":"56b1774650617568bbb11500","status":"awaiting_transcriptions","name":"Amount Loaned","created_in_workflow":"transcribe","confidence":0.3333333333333333,"data":{"value":"$12000"},"versions":[{"data":{"value":"$12000"},"votes":1,"confidence":0.3333333333333333,"instances":[{"created":"2015-12-07T18:03:44Z","user_id":"5665c0803538380003d10300","duration":12.796}]}],"region":{"x":722.0343925933203,"y":745.1642680745977,"width":160.45507736554282,"height":82.94711743166135,"label":"Amount Loaned","shape":"rectangle"},"task_key":"em_record_amount_loaned","instructions":{"mark":"Amount Loaned","transcribe":"Enter the Amount Loaned"}},{"id":"56b1774650617568bbb21500","status":"awaiting_votes","name":"Amount Loaned","created_in_workflow":"transcribe","confidence":0.3333333333333333,"data":{"value":"$7,500"},"versions":[{"data":{"value":"$7,500"},"votes":1,"confidence":0.3333333333333333,"instances":[{"created":"2015-12-07T12:42:24Z","user_id":"5647496e3562310003960400","duration":9.599}]},{"data":{"value":"7500"},"votes":1,"confidence":0.3333333333333333,"instances":[{"created":"2015-12-07T18:17:35Z","user_id":"566eeeda3637340003010100","duration":2.928}]},{"data":{"value":"$7,500."},"votes":1,"confidence":0.3333333333333333,"instances":[{"created":"2015-12-07T19:08:38Z","user_id":"5655e5253437330003fd0100","duration":10.223}]}],"region":{"x":1151.727650623079,"y":726.1272247296262,"width":174.05296527787687,"height":61.19049646597966,"label":"Amount Loaned","shape":"rectangle"},"task_key":"em_record_amount_loaned","instructions":{"mark":"Amount Loaned","transcribe":"Enter the Amount Loaned"}}]}]}