{"id":"56b100967061755afb411000","meta_data":{"capture_uuid":"e258dbe0-00b1-0133-9f0d-58d385a7bbd0","page_uri":"http://digitalcollections.nypl.org/items/e258dbe0-00b1-0133-9f0d-58d385a7bbd0","book_uri":"http://digitalcollections.nypl.org/items/df712aa0-00b1-0133-fbd7-58d385a7bbd0","source_rotated":"1.09095","source_x":"1221.03","source_y":"968.1999999999999","source_w":"1376.97","source_h":"1091.8"},"type":"final_subject_set","search_terms_by_field":{"Record Date":["1879 November","1871 June 19"],"Valuation Date":["16000","$22,000"],"Total Value":["$22,000"],"Land \u0026 Building Value":[],"Amount Loaned":["$16,000","16000","$16.000","$16,000"],"Record Number":["477","477"],"Mortgager":["Samuel Hawk"],"Street Address":["No. 61 Mercer Street"],"Stories \u0026 Materials":["5 ","brick"],"Land \u0026 Building Dimensions":["25 x 100","25 x 90"],"Additional Info":["Laundry building of the St. Nicholas Hotel"]},"subjects":[{"id":"56b176e450617568bb0c0f00","type":"root","location":{"standard":"https://s3.amazonaws.com/scribe.nypl.org/emigrant-s4/full/e258dbe0-00b1-0133-9f0d-58d385a7bbd0.right-bottom.jpg","thumbnail":"https://s3.amazonaws.com/scribe.nypl.org/emigrant-s4/thumb/e258dbe0-00b1-0133-9f0d-58d385a7bbd0.right-bottom.jpg"},"status":"retired","width":1376,"height":1091,"meta_data":{"capture_uuid":"e258dbe0-00b1-0133-9f0d-58d385a7bbd0","page_uri":"http://digitalcollections.nypl.org/items/e258dbe0-00b1-0133-9f0d-58d385a7bbd0","book_uri":"http://digitalcollections.nypl.org/items/df712aa0-00b1-0133-fbd7-58d385a7bbd0","source_rotated":"1.09095","source_x":"1221.03","source_y":"968.1999999999999","source_w":"1376.97","source_h":"1091.8"},"assertions":[{"id":"56b176e450617568bb0d0f00","status":"complete","name":"Record Date","created_in_workflow":"transcribe","confidence":1.0,"data":{"value":"1879 November"},"versions":[{"data":{"value":"1879 November"},"votes":3,"confidence":1.0,"instances":[{"created":"2015-11-09T21:19:24Z","user_id":"563f7dc232643400032b3500","duration":4.084},{"created":"2015-11-09T21:20:26Z","user_id":"564105776161650003991100","duration":8.821},{"created":"2015-11-09T21:22:44Z","user_id":"5640b4b13432660003160c00","duration":8.686}]}],"region":{"x":100.32642708521625,"y":732.11116725619,"width":186.33552045210365,"height":84.89843355229914,"label":"Record Date","shape":"rectangle"},"task_key":"em_record_date","instructions":{"mark":"Record Date","transcribe":"Enter the record date"}},{"id":"56b176e450617568bb0e0f00","status":"awaiting_votes","name":"Valuation Date","created_in_workflow":"transcribe","confidence":0.25,"data":{"value":"16000"},"versions":[{"data":{"value":"16000"},"votes":1,"confidence":0.25,"instances":[{"created":"2015-11-09T20:33:36Z","user_id":"5641537261616500034e4f00","duration":2.013}]},{"data":{"value":"1879 November"},"votes":1,"confidence":0.25,"instances":[{"created":"2015-11-09T21:17:02Z","user_id":"5640d04b34326600038d1c00","duration":24.314}]},{"data":{"value":"$16,000"},"votes":1,"confidence":0.25,"instances":[{"created":"2015-11-09T21:43:02Z","user_id":"5640f4706161650003b50100","duration":8.444}]},{"data":{"value":""},"votes":1,"confidence":0.25,"instances":[{"created":"2016-01-02T18:57:38Z","user_id":"56748e5e3564620003fd0100","duration":1.37}]}],"region":{"x":1153.2875041962163,"y":705.6493178372916,"width":163.1814025261026,"height":70.5649317837291,"label":"Valuation","shape":"rectangle"},"task_key":"em_record_valuation","instructions":{"mark":"Valuation","transcribe":"Enter the date of the valuation (if one is given). In the next screen, you'll enter the valuation's dollar amounts."}},{"id":"56b176e450617568bb0f0f00","status":"awaiting_votes","name":"Total Value","created_in_workflow":"verify","confidence":0.3333333333333333,"data":{"value":""},"versions":[{"data":{"value":""},"votes":1,"confidence":0.3333333333333333,"instances":[{"created":"2016-01-31T21:37:38Z","user_id":"56980a2d3337650003270200","duration":11.513}]}],"region":{"x":1153.2875041962163,"y":705.6493178372916,"width":163.1814025261026,"height":70.5649317837291,"label":"Valuation","shape":"rectangle"},"task_key":"em_transcribed_valuation_total","instructions":{"mark":"Valuation","transcribe":"Enter the valuation ***total*** (if one is given)","verify":"Choose the best transcription or enter your own!"}},{"id":"56b176e450617568bb100f00","status":"awaiting_transcriptions","name":"Land \u0026 Building Value","created_in_workflow":"transcribe","confidence":0.6666666666666666,"data":{"em_valuation_ground":""},"versions":[{"data":{"em_valuation_ground":""},"votes":2,"confidence":0.6666666666666666,"instances":[{"created":"2015-11-09T20:33:40Z","user_id":"5641537261616500034e4f00","duration":3.584},{"created":"2016-01-02T18:57:39Z","user_id":"56748e5e3564620003fd0100","duration":0.664}]}],"region":{"x":1153.2875041962163,"y":705.6493178372916,"width":163.1814025261026,"height":70.5649317837291,"label":"Valuation","shape":"rectangle"},"task_key":"em_record_valuation_ground_building","instructions":{"mark":"Valuation","transcribe":"Sometimes valuations include itemized dollar values for \"ground\" and \"building\". Enter these amounts if you can find them. In the next screen, you'll enter the total valuation."}},{"id":"56b176e450617568bb110f00","status":"complete","name":"Amount Loaned","created_in_workflow":"transcribe","confidence":1.0,"data":{"value":"$16,000"},"versions":[{"data":{"value":"$16,000"},"votes":3,"confidence":1.0,"instances":[{"created":"2015-11-14T18:53:16Z","user_id":"56477cbf3861340003891500","duration":7.118},{"created":"2015-11-14T21:15:15Z","user_id":"563a26043732630003b30100","duration":6.545},{"created":"2015-11-14T22:07:15Z","user_id":"564618af6363350003da0c00","duration":9.055}]}],"region":{"x":1139.1023662597918,"y":702.9447483154975,"width":192.61793568119583,"height":85.23896948077686,"label":"Amount Loaned","shape":"rectangle"},"task_key":"em_record_amount_loaned","instructions":{"mark":"Amount Loaned","transcribe":"Enter the Amount Loaned"}},{"id":"56b176e450617568bb120f00","status":"complete","name":"Record Number","created_in_workflow":"transcribe","confidence":1.0,"data":{"value":"477"},"versions":[{"data":{"value":"477"},"votes":3,"confidence":1.0,"instances":[{"created":"2015-11-14T18:51:38Z","user_id":"56477cbf3861340003891500","duration":6.478},{"created":"2015-11-14T21:10:49Z","user_id":"563a26043732630003b30100","duration":7.686},{"created":"2015-11-14T22:05:45Z","user_id":"564618af6363350003da0c00","duration":5.272}]}],"region":{"x":547.9645636519838,"y":46.493983353151016,"width":619.9197929969521,"height":42.0659849385652,"label":"Record Number","shape":"rectangle"},"task_key":"em_record_number","instructions":{"mark":"Record Number","transcribe":"Enter the record number"}},{"id":"56b176e450617568bb130f00","status":"awaiting_transcriptions","name":"Record Number","created_in_workflow":"transcribe","confidence":0.6666666666666666,"data":{"value":"477"},"versions":[{"data":{"value":"477"},"votes":2,"confidence":0.6666666666666666,"instances":[{"created":"2015-11-14T20:13:55Z","user_id":"564795513861340003981600","duration":5.181},{"created":"2015-11-14T21:01:48Z","user_id":"564618af6363350003da0c00","duration":4.841}]}],"region":{"x":908.8464431466381,"y":29.888989298454224,"width":251.28891608983588,"height":73.06197384066589,"label":"Record Number","shape":"rectangle"},"task_key":"em_record_number","instructions":{"mark":"Record Number","transcribe":"Enter the record number"}},{"id":"56b176e450617568bb140f00","status":"complete","name":"Mortgager","created_in_workflow":"transcribe","confidence":1.0,"data":{"value":"Samuel Hawk"},"versions":[{"data":{"value":"Samuel Hawk"},"votes":4,"confidence":1.0,"instances":[{"created":"2015-11-09T20:32:49Z","user_id":"5641537261616500034e4f00","duration":3.868},{"created":"2015-11-09T21:18:38Z","user_id":"563f7dc232643400032b3500","duration":7.72},{"created":"2015-11-09T21:21:04Z","user_id":"5640b4b13432660003160c00","duration":75.295},{"created":"2015-11-09T21:21:59Z","user_id":"563ff09d32643400030da100","duration":9.473}]}],"region":{"x":454.2536582398036,"y":518.211217786761,"width":422.2870078884954,"height":55.12885295603831,"label":"Mortgager Name","shape":"rectangle"},"task_key":"em_record_mortgager","instructions":{"mark":"Mortgager Name","transcribe":"Enter the mortgager's name"}},{"id":"56b176e450617568bb150f00","status":"awaiting_votes","name":"Street Address","created_in_workflow":"verify","confidence":0.6666666666666666,"data":{"value":"No. 61 Mercer Street"},"versions":[{"data":{"value":"No. 61 Mercer Street"},"votes":2,"confidence":0.6666666666666666,"instances":[{"created":"2016-01-02T18:57:12Z","user_id":"56748e5e3564620003fd0100","duration":9.009},{"created":"2016-01-31T21:37:15Z","user_id":"56980a2d3337650003270200","duration":11.896}]}],"region":{"x":477.4077761658047,"y":565.6220313289538,"width":359.44011637506395,"height":46.30823648307231,"label":"Street Address","shape":"rectangle"},"task_key":"em_transcribed_address","instructions":{"mark":"Street Address","transcribe":"Enter the street address","verify":"Choose the best transcription or enter your own!"}},{"id":"56b176e450617568bb160f00","status":"awaiting_votes","name":"Stories \u0026 Materials","created_in_workflow":"verify","confidence":0.6666666666666666,"data":{"em_record_stories":"5 ","em_record_material":"brick"},"versions":[{"data":{"em_record_stories":"5 ","em_record_material":"brick"},"votes":2,"confidence":0.6666666666666666,"instances":[{"created":"2015-12-17T01:00:25Z","user_id":"5647496e3562310003960400","duration":19.444},{"created":"2016-01-03T15:18:56Z","user_id":"56748e5e3564620003fd0100","duration":15.423}]}],"region":{"x":456.4588123279943,"y":613.0328448711471,"width":786.1374324399403,"height":65.05204648812526,"label":"Dimension \u0026 Description","shape":"rectangle"},"task_key":"em_transcribed_stories_materials","instructions":{"mark":"Dimension \u0026 Description","transcribe":"Enter, as they appear, the number of stories and the building materials.","verify":"Choose the best transcription or enter your own!"}},{"id":"56b176e450617568bb170f00","status":"complete","name":"Land \u0026 Building Dimensions","created_in_workflow":"transcribe","confidence":1.0,"data":{"em_survey_land_dimensions":"25 x 100","em_survey_building_dimensions":"25 x 90"},"versions":[{"data":{"em_survey_land_dimensions":"25 x 100","em_survey_building_dimensions":"25 x 90"},"votes":3,"confidence":1.0,"instances":[{"created":"2015-11-09T20:33:01Z","user_id":"5641537261616500034e4f00","duration":6.055},{"created":"2015-11-09T21:14:50Z","user_id":"5640d04b34326600038d1c00","duration":41.514},{"created":"2015-11-09T22:01:38Z","user_id":"564115cb6161650003d72000","duration":81.748}]}],"region":{"x":456.4588123279943,"y":613.0328448711471,"width":786.1374324399403,"height":65.05204648812526,"label":"Dimension \u0026 Description","shape":"rectangle"},"task_key":"em_record_survey","instructions":{"mark":"Dimension \u0026 Description","transcribe":"Enter, as they appear, any land and building dimensions that were recorded. In the next screen, you'll enter the descriptive information."}},{"id":"56b176e450617568bb180f00","status":"awaiting_transcriptions","name":"Additional Info","created_in_workflow":"transcribe","confidence":0.3333333333333333,"data":{"value":"Laundry building of the St. Nicholas Hotel"},"versions":[{"data":{"value":"Laundry building of the St. Nicholas Hotel"},"votes":1,"confidence":0.3333333333333333,"instances":[{"created":"2015-11-09T20:33:19Z","user_id":"5641537261616500034e4f00","duration":9.232}]},{"data":{"value":"Laundry of St Nicholas Hotel"},"votes":1,"confidence":0.3333333333333333,"instances":[{"created":"2015-11-09T21:15:40Z","user_id":"5640d04b34326600038d1c00","duration":36.829}]}],"region":{"x":456.4588123279943,"y":613.0328448711471,"width":786.1374324399403,"height":65.05204648812526,"label":"Dimension \u0026 Description","shape":"rectangle"},"task_key":"em_record_survey_additional_info","instructions":{"mark":"Dimension \u0026 Description","transcribe":"Enter any additional information you find about the building's construction or significance."}},{"id":"56b176e450617568bb190f00","status":"awaiting_votes","name":"Record Date","created_in_workflow":"transcribe","confidence":0.75,"data":{"value":"1871 June 19"},"versions":[{"data":{"value":"1871 June 19"},"votes":3,"confidence":0.75,"instances":[{"created":"2016-01-13T15:36:36Z","user_id":"569652e06236640003140600","duration":12.014},{"created":"2016-01-13T21:20:47Z","user_id":"56968eef6133640003bd0100","duration":8.109},{"created":"2016-01-13T21:36:24Z","user_id":"56968eef6133640003bd0100","duration":6.982}]},{"data":{"value":"1871 July 19"},"votes":1,"confidence":0.25,"instances":[{"created":"2016-01-13T21:30:21Z","user_id":"5696c1da64376500030c0200","duration":10.06}]}],"region":{"x":83.93984335098678,"y":93.68103012667491,"width":248.19387452450303,"height":136.26331654789078,"label":"Record Date","shape":"rectangle"},"task_key":"em_record_date","instructions":{"mark":"Record Date","transcribe":"Enter the record date"}},{"id":"56b176e450617568bb1a0f00","status":"complete","name":"Total Value","created_in_workflow":"transcribe","confidence":1.0,"data":{"value":"$22,000"},"versions":[{"data":{"value":"$22,000"},"votes":3,"confidence":1.0,"instances":[{"created":"2015-11-09T21:19:05Z","user_id":"5640d04b34326600038d1c00","duration":10.437},{"created":"2015-11-09T21:32:26Z","user_id":"56410b976161650003571800","duration":6.077},{"created":"2015-11-09T21:43:59Z","user_id":"5640f4706161650003b50100","duration":10.182}]}],"region":{"x":299.8928720664634,"y":749.7524002021223,"width":568.9297547531686,"height":56.23143001515916,"label":"Valuation","shape":"rectangle"},"task_key":"em_record_valuation_total","instructions":{"mark":"Valuation","transcribe":"Enter the valuation ***total*** (if one is given)"}},{"id":"56b176e450617568bb1b0f00","status":"awaiting_transcriptions","name":"Valuation Date","created_in_workflow":"transcribe","confidence":0.3333333333333333,"data":{"value":"$22,000"},"versions":[{"data":{"value":"$22,000"},"votes":1,"confidence":0.3333333333333333,"instances":[{"created":"2015-11-09T21:43:45Z","user_id":"5640f4706161650003b50100","duration":13.655}]}],"region":{"x":299.8928720664634,"y":749.7524002021223,"width":568.9297547531686,"height":56.23143001515916,"label":"Valuation","shape":"rectangle"},"task_key":"em_record_valuation","instructions":{"mark":"Valuation","transcribe":"Enter the date of the valuation (if one is given). In the next screen, you'll enter the valuation's dollar amounts."}},{"id":"56b176e450617568bb1c0f00","status":"awaiting_transcriptions","name":"Amount Loaned","created_in_workflow":"transcribe","confidence":0.3333333333333333,"data":{"value":"16000"},"versions":[{"data":{"value":"16000"},"votes":1,"confidence":0.3333333333333333,"instances":[{"created":"2016-01-13T21:21:58Z","user_id":"56968eef6133640003bd0100","duration":4.319}]},{"data":{"value":"$16,000"},"votes":1,"confidence":0.3333333333333333,"instances":[{"created":"2016-01-13T21:32:55Z","user_id":"5696c1da64376500030c0200","duration":12.751}]}],"region":{"x":1161.8799062368187,"y":708.0825913470753,"width":176.41231277476936,"height":68.13165827394539,"label":"Amount Loaned","shape":"rectangle"},"task_key":"em_record_amount_loaned","instructions":{"mark":"Amount Loaned","transcribe":"Enter the Amount Loaned"}},{"id":"56b176e450617568bb1d0f00","status":"awaiting_votes","name":"Amount Loaned","created_in_workflow":"transcribe","confidence":0.3333333333333333,"data":{"value":"$16.000"},"versions":[{"data":{"value":"$16.000"},"votes":1,"confidence":0.3333333333333333,"instances":[{"created":"2016-01-20T10:36:01Z","user_id":"569f4ab73237350003f40400","duration":11.554}]},{"data":{"value":"$16,000"},"votes":1,"confidence":0.3333333333333333,"instances":[{"created":"2016-01-20T11:45:37Z","user_id":"569f6e483237350003130600","duration":11.82}]},{"data":{"value":"$16000"},"votes":1,"confidence":0.3333333333333333,"instances":[{"created":"2016-01-20T13:41:50Z","user_id":"568ae6fe32373500039f0700","duration":7.31}]}],"region":{"x":1167.9630894359486,"y":703.2160443275078,"width":159.37939981720547,"height":88.81448310710743,"label":"Amount Loaned","shape":"rectangle"},"task_key":"em_record_amount_loaned","instructions":{"mark":"Amount Loaned","transcribe":"Enter the Amount Loaned"}},{"id":"56b176e450617568bb1e0f00","status":"awaiting_transcriptions","name":"Amount Loaned","created_in_workflow":"transcribe","confidence":0.6666666666666666,"data":{"value":"$16,000"},"versions":[{"data":{"value":"$16,000"},"votes":2,"confidence":0.6666666666666666,"instances":[{"created":"2015-12-18T16:20:04Z","user_id":"5668b33530333000032d0500","duration":4.001},{"created":"2015-12-18T20:05:17Z","user_id":"5668bbbe3064310003db0500","duration":8.684}]}],"region":{"x":1169.996161228407,"y":710.4500346333242,"width":152.30198336532317,"height":62.505517297355595,"label":"Amount Loaned","shape":"rectangle"},"task_key":"em_record_amount_loaned","instructions":{"mark":"Amount Loaned","transcribe":"Enter the Amount Loaned"}}]}]}