{"id":"56b0ffe17061755afbbf0200","meta_data":{"capture_uuid":"e03bb340-00b1-0133-313d-58d385a7bbd0","page_uri":"http://digitalcollections.nypl.org/items/e03bb340-00b1-0133-313d-58d385a7bbd0","book_uri":"http://digitalcollections.nypl.org/items/df712aa0-00b1-0133-fbd7-58d385a7bbd0","source_rotated":"-0.139882","source_x":"0","source_y":"0","source_w":"1358.95","source_h":"970.0799999999999"},"type":"final_subject_set","search_terms_by_field":{"Record Number":["1501","406."],"Mortgager":["Ursuline Nuns","Uhlikin, Teresa"],"Street Address":["Melrose     Bk M.","Melrose          Bk M.  406."]},"subjects":[{"id":"56b1762750617568bb6d0200","type":"root","location":{"standard":"https://s3.amazonaws.com/scribe.nypl.org/emigrant-s4/full/e03bb340-00b1-0133-313d-58d385a7bbd0.left-top.jpg","thumbnail":"https://s3.amazonaws.com/scribe.nypl.org/emigrant-s4/thumb/e03bb340-00b1-0133-313d-58d385a7bbd0.left-top.jpg"},"status":"retired","width":1358,"height":970,"meta_data":{"capture_uuid":"e03bb340-00b1-0133-313d-58d385a7bbd0","page_uri":"http://digitalcollections.nypl.org/items/e03bb340-00b1-0133-313d-58d385a7bbd0","book_uri":"http://digitalcollections.nypl.org/items/df712aa0-00b1-0133-fbd7-58d385a7bbd0","source_rotated":"-0.139882","source_x":"0","source_y":"0","source_w":"1358.95","source_h":"970.0799999999999"},"assertions":[{"id":"56b1762750617568bb6e0200","status":"awaiting_votes","name":"Record Number","created_in_workflow":"transcribe","confidence":0.6666666666666666,"data":{"value":"1501"},"versions":[{"data":{"value":"1501"},"votes":2,"confidence":0.6666666666666666,"instances":[{"created":"2015-12-15T20:03:21Z","user_id":"56706c783938300003120100","duration":5.047},{"created":"2015-12-15T21:26:27Z","user_id":"5670848e3938300003280200","duration":5.072}]},{"data":{"value":"1501."},"votes":1,"confidence":0.3333333333333333,"instances":[{"created":"2015-12-15T18:16:34Z","user_id":"56704e743066300003ab0900","duration":12.475}]}],"region":{"x":427.9881842818428,"y":152.08758807588075,"width":126.51533875338748,"height":64.60357723577235,"label":"Record Number","shape":"rectangle"},"task_key":"em_record_number","instructions":{"mark":"Record Number","transcribe":"Enter the record number"}},{"id":"56b1762750617568bb6f0200","status":"awaiting_transcriptions","name":"Record Number","created_in_workflow":"transcribe","confidence":0.3333333333333333,"data":{"value":"406."},"versions":[{"data":{"value":"406."},"votes":1,"confidence":0.3333333333333333,"instances":[{"created":"2015-12-15T18:15:08Z","user_id":"56704e743066300003ab0900","duration":10.038}]},{"data":{"value":"406"},"votes":1,"confidence":0.3333333333333333,"instances":[{"created":"2015-12-15T20:02:47Z","user_id":"56706c783938300003120100","duration":3.216}]}],"region":{"x":615.0693766937669,"y":57.8740379403794,"width":72.67902439024385,"height":102.28899728997288,"label":"Record Number","shape":"rectangle"},"task_key":"em_record_number","instructions":{"mark":"Record Number","transcribe":"Enter the record number"}},{"id":"56b1762750617568bb700200","status":"awaiting_votes","name":"Mortgager","created_in_workflow":"transcribe","confidence":0.6666666666666666,"data":{"value":"Ursuline Nuns"},"versions":[{"data":{"value":"Ursuline Nuns"},"votes":2,"confidence":0.6666666666666666,"instances":[{"created":"2015-12-15T20:03:10Z","user_id":"56706c783938300003120100","duration":5.314},{"created":"2015-12-15T21:26:11Z","user_id":"5670848e3938300003280200","duration":16.206}]},{"data":{"value":"Ursuline Nuns."},"votes":1,"confidence":0.3333333333333333,"instances":[{"created":"2015-12-15T18:16:07Z","user_id":"56704e743066300003ab0900","duration":22.884}]}],"region":{"x":78.0521409214092,"y":80.75447154471544,"width":254.3765853658536,"height":71.3331165311653,"label":"Mortgager Name","shape":"rectangle"},"task_key":"em_record_mortgager","instructions":{"mark":"Mortgager Name","transcribe":"Enter the mortgager's name"}},{"id":"56b1762750617568bb710200","status":"awaiting_votes","name":"Mortgager","created_in_workflow":"transcribe","confidence":0.3333333333333333,"data":{"value":"Uhlikin, Teresa"},"versions":[{"data":{"value":"Uhlikin, Teresa"},"votes":1,"confidence":0.3333333333333333,"instances":[{"created":"2015-12-15T18:34:53Z","user_id":"56704e743066300003ab0900","duration":1098.904}]},{"data":{"value":"Uhlikein, Teresa"},"votes":1,"confidence":0.3333333333333333,"instances":[{"created":"2015-12-15T20:03:34Z","user_id":"56706c783938300003120100","duration":13.272}]},{"data":{"value":"Uhlilein, Teresa"},"votes":1,"confidence":0.3333333333333333,"instances":[{"created":"2015-12-15T21:26:52Z","user_id":"5670848e3938300003280200","duration":24.517}]}],"region":{"x":82.08986449864499,"y":157.47121951219512,"width":297.44563685636854,"height":79.40856368563684,"label":"Mortgager Name","shape":"rectangle"},"task_key":"em_record_mortgager","instructions":{"mark":"Mortgager Name","transcribe":"Enter the mortgager's name"}},{"id":"56b1762750617568bb720200","status":"awaiting_votes","name":"Street Address","created_in_workflow":"transcribe","confidence":0.3333333333333333,"data":{"value":"Melrose     Bk M."},"versions":[{"data":{"value":"Melrose     Bk M."},"votes":1,"confidence":0.3333333333333333,"instances":[{"created":"2015-12-15T18:16:22Z","user_id":"56704e743066300003ab0900","duration":15.251}]},{"data":{"value":"Melrose Br. 16"},"votes":1,"confidence":0.3333333333333333,"instances":[{"created":"2015-12-15T20:03:16Z","user_id":"56706c783938300003120100","duration":5.952}]},{"data":{"value":"Melrose"},"votes":1,"confidence":0.3333333333333333,"instances":[{"created":"2015-12-15T21:26:22Z","user_id":"5670848e3938300003280200","duration":11.795}]}],"region":{"x":355.3091598915989,"y":83.44628726287262,"width":283.9865582655827,"height":55.18222222222222,"label":"Street Address","shape":"rectangle"},"task_key":"em_record_street_address","instructions":{"mark":"Street Address","transcribe":"Enter the street address"}},{"id":"56b1762750617568bb730200","status":"awaiting_transcriptions","name":"Street Address","created_in_workflow":"transcribe","confidence":0.3333333333333333,"data":{"value":"Melrose          Bk M.  406."},"versions":[{"data":{"value":"Melrose          Bk M.  406."},"votes":1,"confidence":0.3333333333333333,"instances":[{"created":"2015-12-15T18:15:44Z","user_id":"56704e743066300003ab0900","duration":35.134}]},{"data":{"value":"Melrose Br 16. 406"},"votes":1,"confidence":0.3333333333333333,"instances":[{"created":"2015-12-15T20:03:05Z","user_id":"56706c783938300003120100","duration":17.514}]}],"region":{"x":364.73051490514905,"y":69.98720867208671,"width":359.3573983739837,"height":69.98720867208671,"label":"Street Address","shape":"rectangle"},"task_key":"em_record_street_address","instructions":{"mark":"Street Address","transcribe":"Enter the street address"}}]}]}