{"id":"56b1012b7061755afb331b00","meta_data":{"capture_uuid":"e426f7e0-00b1-0133-4d50-58d385a7bbd0","page_uri":"http://digitalcollections.nypl.org/items/e426f7e0-00b1-0133-4d50-58d385a7bbd0","book_uri":"http://digitalcollections.nypl.org/items/df712aa0-00b1-0133-fbd7-58d385a7bbd0","source_rotated":"0.531537","source_x":"0","source_y":"955.9799999999999","source_w":"1366.37","source_h":"1078.02"},"type":"final_subject_set","search_terms_by_field":{"Record Number":["733"],"Mortgager":["Thomas Mannegan"],"Street Address":["1st and B. Avenues, Fordham","Fordham"],"Land \u0026 Building Dimensions":["about 25 lots","38 X 36"],"Stories \u0026 Materials":["3","frame house \u0026 stable"],"Additional Info":[],"Record Date":["1873 Aug, 29 1874 Decr 4 1876 July 11","1879 November"],"Valuation Date":[],"Land \u0026 Building Value":[],"Total Value":["10000"],"Amount Loaned":["$3,000"]},"subjects":[{"id":"56b1777a50617568bb461900","type":"root","location":{"standard":"https://s3.amazonaws.com/scribe.nypl.org/emigrant-s4/full/e426f7e0-00b1-0133-4d50-58d385a7bbd0.left-bottom.jpg","thumbnail":"https://s3.amazonaws.com/scribe.nypl.org/emigrant-s4/thumb/e426f7e0-00b1-0133-4d50-58d385a7bbd0.left-bottom.jpg"},"status":"retired","width":1366,"height":1078,"meta_data":{"capture_uuid":"e426f7e0-00b1-0133-4d50-58d385a7bbd0","page_uri":"http://digitalcollections.nypl.org/items/e426f7e0-00b1-0133-4d50-58d385a7bbd0","book_uri":"http://digitalcollections.nypl.org/items/df712aa0-00b1-0133-fbd7-58d385a7bbd0","source_rotated":"0.531537","source_x":"0","source_y":"955.9799999999999","source_w":"1366.37","source_h":"1078.02"},"assertions":[{"id":"56b1777a50617568bb471900","status":"awaiting_votes","name":"Record Number","created_in_workflow":"transcribe","confidence":0.6666666666666666,"data":{"value":"733"},"versions":[{"data":{"value":"733"},"votes":2,"confidence":0.6666666666666666,"instances":[{"created":"2015-11-16T17:28:14Z","user_id":"5647be1c3562310003970c00","duration":3.11},{"created":"2015-11-16T18:54:20Z","user_id":"564a262a3164390003411100","duration":14.73}]},{"data":{"value":"773"},"votes":1,"confidence":0.3333333333333333,"instances":[{"created":"2015-11-16T17:50:10Z","user_id":"564a15bc65323800030f0800","duration":7.117}]}],"region":{"x":907.2593088632902,"y":47.10469914210229,"width":126.97788235879784,"height":86.01727669427375,"label":"Record Number","shape":"rectangle"},"task_key":"em_record_number","instructions":{"mark":"Record Number","transcribe":"Enter the record number"}},{"id":"56b1777a50617568bb481900","status":"awaiting_votes","name":"Mortgager","created_in_workflow":"transcribe","confidence":0.5,"data":{"value":"Thomas Mannegan"},"versions":[{"data":{"value":"Thomas Mannegan"},"votes":2,"confidence":0.5,"instances":[{"created":"2015-11-16T17:53:42Z","user_id":"564a15bc65323800030f0800","duration":13.191},{"created":"2015-11-16T19:20:02Z","user_id":"564a262a3164390003411100","duration":13.279}]},{"data":{"value":"Thoams Hannegan"},"votes":1,"confidence":0.25,"instances":[{"created":"2015-11-16T17:29:05Z","user_id":"5647be1c3562310003970c00","duration":4.512}]},{"data":{"value":"Thomas Flannegan"},"votes":1,"confidence":0.25,"instances":[{"created":"2015-11-16T19:06:08Z","user_id":"564a28f56532380003d60900","duration":22.911}]}],"region":{"x":366.57929365808684,"y":538.6319945379523,"width":387.0777381582707,"height":79.87318550182556,"label":"Mortgager Name","shape":"rectangle"},"task_key":"em_record_mortgager","instructions":{"mark":"Mortgager Name","transcribe":"Enter the mortgager's name"}},{"id":"56b1777a50617568bb491900","status":"awaiting_votes","name":"Street Address","created_in_workflow":"transcribe","confidence":0.6666666666666666,"data":{"value":"1st and B. Avenues, Fordham"},"versions":[{"data":{"value":"1st and B. Avenues, Fordham"},"votes":2,"confidence":0.6666666666666666,"instances":[{"created":"2015-11-16T17:29:16Z","user_id":"5647be1c3562310003970c00","duration":11.424},{"created":"2015-11-16T17:53:51Z","user_id":"564a15bc65323800030f0800","duration":9.189}]},{"data":{"value":"1st and B Avenues Fordham"},"votes":1,"confidence":0.3333333333333333,"instances":[{"created":"2015-11-16T18:07:33Z","user_id":"5649f5b33164390003d40b00","duration":8.342}]}],"region":{"x":434.16429555873725,"y":581.6406328850892,"width":460.80683114079835,"height":65.53697271944668,"label":"Street Address","shape":"rectangle"},"task_key":"em_record_street_address","instructions":{"mark":"Street Address","transcribe":"Enter the street address"}},{"id":"56b1777a50617568bb4a1900","status":"awaiting_transcriptions","name":"Street Address","created_in_workflow":"transcribe","confidence":0.3333333333333333,"data":{"value":"Fordham"},"versions":[{"data":{"value":"Fordham"},"votes":1,"confidence":0.3333333333333333,"instances":[{"created":"2015-11-16T16:22:06Z","user_id":"5649f5b33164390003d40b00","duration":2.814}]}],"region":{"x":753.6570318163575,"y":249.85970849289043,"width":264.1959165207244,"height":96.25742868168726,"label":"Street Address","shape":"rectangle"},"task_key":"em_record_street_address","instructions":{"mark":"Street Address","transcribe":"Enter the street address"}},{"id":"56b1777a50617568bb4b1900","status":"awaiting_transcriptions","name":"Land \u0026 Building Dimensions","created_in_workflow":"transcribe","confidence":0.3333333333333333,"data":{"em_survey_land_dimensions":"about 25 lots","em_survey_building_dimensions":"38 X 36"},"versions":[{"data":{"em_survey_land_dimensions":"about 25 lots","em_survey_building_dimensions":"38 X 36"},"votes":1,"confidence":0.3333333333333333,"instances":[{"created":"2015-11-16T16:22:45Z","user_id":"5649f5b33164390003d40b00","duration":12.124}]}],"region":{"x":468.98081168937534,"y":630.7933624246742,"width":483.3351651076819,"height":94.20939828420455,"label":"Dimension \u0026 Description","shape":"rectangle"},"task_key":"em_record_survey","instructions":{"mark":"Dimension \u0026 Description","transcribe":"Enter, as they appear, any land and building dimensions that were recorded. In the next screen, you'll enter the descriptive information."}},{"id":"56b1777a50617568bb4c1900","status":"awaiting_transcriptions","name":"Stories \u0026 Materials","created_in_workflow":"transcribe","confidence":0.3333333333333333,"data":{"em_record_stories":"3","em_record_material":"frame house \u0026 stable"},"versions":[{"data":{"em_record_stories":"3","em_record_material":"frame house \u0026 stable"},"votes":1,"confidence":0.3333333333333333,"instances":[{"created":"2015-11-16T16:22:56Z","user_id":"5649f5b33164390003d40b00","duration":11.167}]}],"region":{"x":468.98081168937534,"y":630.7933624246742,"width":483.3351651076819,"height":94.20939828420455,"label":"Dimension \u0026 Description","shape":"rectangle"},"task_key":"em_record_survey_stories_materials","instructions":{"mark":"Dimension \u0026 Description","transcribe":"Enter, as they appear, the number of stories and the building materials."}},{"id":"56b1777a50617568bb4d1900","status":"awaiting_transcriptions","name":"Additional Info","created_in_workflow":"transcribe","confidence":0.3333333333333333,"data":{"value":""},"versions":[{"data":{"value":""},"votes":1,"confidence":0.3333333333333333,"instances":[{"created":"2015-11-16T16:22:57Z","user_id":"5649f5b33164390003d40b00","duration":0.769}]}],"region":{"x":468.98081168937534,"y":630.7933624246742,"width":483.3351651076819,"height":94.20939828420455,"label":"Dimension \u0026 Description","shape":"rectangle"},"task_key":"em_record_survey_additional_info","instructions":{"mark":"Dimension \u0026 Description","transcribe":"Enter any additional information you find about the building's construction or significance."}},{"id":"56b1777a50617568bb4e1900","status":"awaiting_votes","name":"Record Date","created_in_workflow":"transcribe","confidence":0.3333333333333333,"data":{"value":"1873 Aug, 29 1874 Decr 4 1876 July 11"},"versions":[{"data":{"value":"1873 Aug, 29 1874 Decr 4 1876 July 11"},"votes":1,"confidence":0.3333333333333333,"instances":[{"created":"2015-11-16T17:28:41Z","user_id":"5647be1c3562310003970c00","duration":27.384}]},{"data":{"value":"1873 Aug 29 1874 Dec 4 1876 July 11"},"votes":1,"confidence":0.3333333333333333,"instances":[{"created":"2015-11-16T18:55:27Z","user_id":"564a262a3164390003411100","duration":67.57}]},{"data":{"value":"1873 Aug. 29 1874. Dec. 4, 1876. July 11."},"votes":1,"confidence":0.3333333333333333,"instances":[{"created":"2015-11-16T19:05:25Z","user_id":"564a28f56532380003d60900","duration":53.112}]}],"region":{"x":47.08655740046659,"y":120.83379345147979,"width":180.22667173506784,"height":266.24395167275213,"label":"Record Date","shape":"rectangle"},"task_key":"em_record_date","instructions":{"mark":"Record Date","transcribe":"Enter the record date"}},{"id":"56b1777a50617568bb4f1900","status":"complete","name":"Record Date","created_in_workflow":"transcribe","confidence":1.0,"data":{"value":"1879 November"},"versions":[{"data":{"value":"1879 November"},"votes":3,"confidence":1.0,"instances":[{"created":"2016-01-22T01:45:11Z","user_id":"56a184b03833370003b80400","duration":4.372},{"created":"2016-01-22T18:03:06Z","user_id":"56a26d333634350003880700","duration":8.74},{"created":"2016-01-22T20:14:13Z","user_id":"56a28d6b32646600031e0100","duration":5.683}]}],"region":{"x":60.9198984139766,"y":762.2004277781049,"width":134.02813940591147,"height":79.87535566413533,"label":"Record Date","shape":"rectangle"},"task_key":"em_record_date","instructions":{"mark":"Record Date","transcribe":"Enter the record date"}},{"id":"56b1777a50617568bb501900","status":"awaiting_transcriptions","name":"Valuation Date","created_in_workflow":"transcribe","confidence":0.3333333333333333,"data":{"value":""},"versions":[{"data":{"value":""},"votes":1,"confidence":0.3333333333333333,"instances":[{"created":"2015-11-16T16:23:08Z","user_id":"5649f5b33164390003d40b00","duration":2.198}]}],"region":{"x":227.3132291355344,"y":763.9153382610502,"width":442.37455789516645,"height":75.77712470686015,"label":"Valuation","shape":"rectangle"},"task_key":"em_record_valuation","instructions":{"mark":"Valuation","transcribe":"Enter the date of the valuation (if one is given). In the next screen, you'll enter the valuation's dollar amounts."}},{"id":"56b1777a50617568bb511900","status":"awaiting_transcriptions","name":"Land \u0026 Building Value","created_in_workflow":"transcribe","confidence":0.3333333333333333,"data":{"em_valuation_ground":""},"versions":[{"data":{"em_valuation_ground":""},"votes":1,"confidence":0.3333333333333333,"instances":[{"created":"2015-11-16T16:23:10Z","user_id":"5649f5b33164390003d40b00","duration":2.725}]}],"region":{"x":227.3132291355344,"y":763.9153382610502,"width":442.37455789516645,"height":75.77712470686015,"label":"Valuation","shape":"rectangle"},"task_key":"em_record_valuation_ground_building","instructions":{"mark":"Valuation","transcribe":"Sometimes valuations include itemized dollar values for \"ground\" and \"building\". Enter these amounts if you can find them. In the next screen, you'll enter the total valuation."}},{"id":"56b1777a50617568bb521900","status":"awaiting_transcriptions","name":"Total Value","created_in_workflow":"transcribe","confidence":0.3333333333333333,"data":{"value":"10000"},"versions":[{"data":{"value":"10000"},"votes":1,"confidence":0.3333333333333333,"instances":[{"created":"2015-11-16T16:23:13Z","user_id":"5649f5b33164390003d40b00","duration":2.207}]}],"region":{"x":227.3132291355344,"y":763.9153382610502,"width":442.37455789516645,"height":75.77712470686015,"label":"Valuation","shape":"rectangle"},"task_key":"em_record_valuation_total","instructions":{"mark":"Valuation","transcribe":"Enter the valuation ***total*** (if one is given)"}},{"id":"56b1777a50617568bb531900","status":"awaiting_votes","name":"Amount Loaned","created_in_workflow":"transcribe","confidence":0.3333333333333333,"data":{"value":"$3,000"},"versions":[{"data":{"value":"$3,000"},"votes":1,"confidence":0.3333333333333333,"instances":[{"created":"2015-11-16T16:37:22Z","user_id":"563f8b7a3264340003774b00","duration":7.954}]},{"data":{"value":"$3000"},"votes":1,"confidence":0.3333333333333333,"instances":[{"created":"2015-11-16T17:31:44Z","user_id":"564618af6363350003da0c00","duration":7.073}]},{"data":{"value":"3000"},"votes":1,"confidence":0.3333333333333333,"instances":[{"created":"2015-11-16T18:08:03Z","user_id":"5649f5b33164390003d40b00","duration":2.013}]}],"region":{"x":1073.1497680739776,"y":702.474426336569,"width":182.27470209569378,"height":79.87318550182567,"label":"Amount Loaned","shape":"rectangle"},"task_key":"em_record_amount_loaned","instructions":{"mark":"Amount Loaned","transcribe":"Enter the Amount Loaned"}}]}]}