{"id":"56b0ffc77061755afb7d0000","meta_data":{"capture_uuid":"df858290-00b1-0133-1325-58d385a7bbd0","page_uri":"http://digitalcollections.nypl.org/items/df858290-00b1-0133-1325-58d385a7bbd0","book_uri":"http://digitalcollections.nypl.org/items/df712aa0-00b1-0133-fbd7-58d385a7bbd0","source_rotated":"1.03502","source_x":"1220.09","source_y":"0","source_w":"1375.91","source_h":"1036.84"},"type":"final_subject_set","search_terms_by_field":{},"subjects":[{"id":"56b1760c50617568bb750000","type":"root","location":{"standard":"https://s3.amazonaws.com/scribe.nypl.org/emigrant-s4/full/df858290-00b1-0133-1325-58d385a7bbd0.right-top.jpg","thumbnail":"https://s3.amazonaws.com/scribe.nypl.org/emigrant-s4/thumb/df858290-00b1-0133-1325-58d385a7bbd0.right-top.jpg"},"status":"retired","width":1375,"height":1036,"meta_data":{"capture_uuid":"df858290-00b1-0133-1325-58d385a7bbd0","page_uri":"http://digitalcollections.nypl.org/items/df858290-00b1-0133-1325-58d385a7bbd0","book_uri":"http://digitalcollections.nypl.org/items/df712aa0-00b1-0133-fbd7-58d385a7bbd0","source_rotated":"1.03502","source_x":"1220.09","source_y":"0","source_w":"1375.91","source_h":"1036.84"},"assertions":[]}]}