{"id":"56b0ffd57061755afbb00100","meta_data":{"capture_uuid":"dfdbb8e0-00b1-0133-ec7e-58d385a7bbd0","page_uri":"http://digitalcollections.nypl.org/items/dfdbb8e0-00b1-0133-ec7e-58d385a7bbd0","book_uri":"http://digitalcollections.nypl.org/items/df712aa0-00b1-0133-fbd7-58d385a7bbd0","source_rotated":"1.81786","source_x":"1232.31","source_y":"983.24","source_w":"1389.69","source_h":"1108.7600000000002"},"type":"final_subject_set","search_terms_by_field":{},"subjects":[{"id":"56b1761b50617568bb830100","type":"root","location":{"standard":"https://s3.amazonaws.com/scribe.nypl.org/emigrant-s4/full/dfdbb8e0-00b1-0133-ec7e-58d385a7bbd0.right-bottom.jpg","thumbnail":"https://s3.amazonaws.com/scribe.nypl.org/emigrant-s4/thumb/dfdbb8e0-00b1-0133-ec7e-58d385a7bbd0.right-bottom.jpg"},"status":"bad","width":1389,"height":1108,"meta_data":{"capture_uuid":"dfdbb8e0-00b1-0133-ec7e-58d385a7bbd0","page_uri":"http://digitalcollections.nypl.org/items/dfdbb8e0-00b1-0133-ec7e-58d385a7bbd0","book_uri":"http://digitalcollections.nypl.org/items/df712aa0-00b1-0133-fbd7-58d385a7bbd0","source_rotated":"1.81786","source_x":"1232.31","source_y":"983.24","source_w":"1389.69","source_h":"1108.7600000000002"},"assertions":[]}]}