{"id":"56b0ffe27061755afbc90200","meta_data":{"capture_uuid":"e03bb340-00b1-0133-313d-58d385a7bbd0","page_uri":"http://digitalcollections.nypl.org/items/e03bb340-00b1-0133-313d-58d385a7bbd0","book_uri":"http://digitalcollections.nypl.org/items/df712aa0-00b1-0133-fbd7-58d385a7bbd0","source_rotated":"-0.139882","source_x":"1205.05","source_y":"0","source_w":"1358.95","source_h":"990.29"},"type":"final_subject_set","search_terms_by_field":{},"subjects":[{"id":"56b1762750617568bb750200","type":"root","location":{"standard":"https://s3.amazonaws.com/scribe.nypl.org/emigrant-s4/full/e03bb340-00b1-0133-313d-58d385a7bbd0.right-top.jpg","thumbnail":"https://s3.amazonaws.com/scribe.nypl.org/emigrant-s4/thumb/e03bb340-00b1-0133-313d-58d385a7bbd0.right-top.jpg"},"status":"bad","width":1358,"height":990,"meta_data":{"capture_uuid":"e03bb340-00b1-0133-313d-58d385a7bbd0","page_uri":"http://digitalcollections.nypl.org/items/e03bb340-00b1-0133-313d-58d385a7bbd0","book_uri":"http://digitalcollections.nypl.org/items/df712aa0-00b1-0133-fbd7-58d385a7bbd0","source_rotated":"-0.139882","source_x":"1205.05","source_y":"0","source_w":"1358.95","source_h":"990.29"},"assertions":[]}]}