{"id":"56b100a07061755afbf81000","meta_data":{"capture_uuid":"e27f9010-00b1-0133-020d-58d385a7bbd0","page_uri":"http://digitalcollections.nypl.org/items/e27f9010-00b1-0133-020d-58d385a7bbd0","book_uri":"http://digitalcollections.nypl.org/items/df712aa0-00b1-0133-fbd7-58d385a7bbd0","source_rotated":"0.923143","source_x":"0","source_y":"0","source_w":"1373.79","source_h":"983.52"},"type":"final_subject_set","search_terms_by_field":{"Record Date":["1871 September 26","1871 September 26","1879 November","1871 September 26","1871 Septemb 26"],"Record Number":["494"],"Mortgager":["Rose O Connor","Rose O'Connor now owned by James H. Cleland"],"Street Address":["No 327 \u0026 115 th Street"],"Land \u0026 Building Dimensions":["25 x 100","25 x 56"],"Stories \u0026 Materials":["4","brick"],"Additional Info":["house"],"Valuation Date":["$10,000"],"Total Value":["$10,000"],"Amount Loaned":["$5000"]},"subjects":[{"id":"56b176ee50617568bbb60f00","type":"root","location":{"standard":"https://s3.amazonaws.com/scribe.nypl.org/emigrant-s4/full/e27f9010-00b1-0133-020d-58d385a7bbd0.left-top.jpg","thumbnail":"https://s3.amazonaws.com/scribe.nypl.org/emigrant-s4/thumb/e27f9010-00b1-0133-020d-58d385a7bbd0.left-top.jpg"},"status":"retired","width":1373,"height":983,"meta_data":{"capture_uuid":"e27f9010-00b1-0133-020d-58d385a7bbd0","page_uri":"http://digitalcollections.nypl.org/items/e27f9010-00b1-0133-020d-58d385a7bbd0","book_uri":"http://digitalcollections.nypl.org/items/df712aa0-00b1-0133-fbd7-58d385a7bbd0","source_rotated":"0.923143","source_x":"0","source_y":"0","source_w":"1373.79","source_h":"983.52"},"assertions":[{"id":"56b176ee50617568bbb70f00","status":"awaiting_transcriptions","name":"Record Date","created_in_workflow":"transcribe","confidence":0.3333333333333333,"data":{"value":"1871 September 26"},"versions":[{"data":{"value":"1871 September 26"},"votes":1,"confidence":0.3333333333333333,"instances":[{"created":"2015-12-18T04:29:50Z","user_id":"567382fd35303800033a0100","duration":6.613}]}],"region":{"x":437.4100871352375,"y":193.30099279402012,"width":46.39197893858585,"height":199.92845540410084,"label":"Record Date","shape":"rectangle"},"task_key":"em_record_date","instructions":{"mark":"Record Date","transcribe":"Enter the record date"}},{"id":"56b176ee50617568bbb80f00","status":"awaiting_transcriptions","name":"Record Date","created_in_workflow":"transcribe","confidence":0.3333333333333333,"data":{"value":"1871 September 26"},"versions":[{"data":{"value":"1871 September 26"},"votes":1,"confidence":0.3333333333333333,"instances":[{"created":"2015-12-18T04:29:44Z","user_id":"567382fd35303800033a0100","duration":6.682}]}],"region":{"x":643.9648505046553,"y":113.77144147305185,"width":256.2604550893311,"height":44.18308406720457,"label":"Record Date","shape":"rectangle"},"task_key":"em_record_date","instructions":{"mark":"Record Date","transcribe":"Enter the record date"}},{"id":"56b176ee50617568bbb90f00","status":"awaiting_transcriptions","name":"Record Date","created_in_workflow":"transcribe","confidence":0.3333333333333333,"data":{"value":"1879 November"},"versions":[{"data":{"value":"1879 November"},"votes":1,"confidence":0.3333333333333333,"instances":[{"created":"2015-12-18T04:30:18Z","user_id":"567382fd35303800033a0100","duration":11.186}]}],"region":{"x":645.0694214317643,"y":523.569546196375,"width":483.80206607382354,"height":64.06547189744661,"label":"Record Date","shape":"rectangle"},"task_key":"em_record_date","instructions":{"mark":"Record Date","transcribe":"Enter the record date"}},{"id":"56b176ee50617568bbba0f00","status":"awaiting_transcriptions","name":"Record Date","created_in_workflow":"transcribe","confidence":0.3333333333333333,"data":{"value":"1871 September 26"},"versions":[{"data":{"value":"1871 September 26"},"votes":1,"confidence":0.3333333333333333,"instances":[{"created":"2015-12-18T19:47:47Z","user_id":"566f2ecb3066300003890300","duration":29.166}]}],"region":{"x":1167.5314699544092,"y":182.255221777219,"width":48.601120792804295,"height":202.13760960746106,"label":"Record Date","shape":"rectangle"},"task_key":"em_record_date","instructions":{"mark":"Record Date","transcribe":"Enter the record date"}},{"id":"56b176ee50617568bbbb0f00","status":"complete","name":"Record Number","created_in_workflow":"transcribe","confidence":1.0,"data":{"value":"494"},"versions":[{"data":{"value":"494"},"votes":3,"confidence":1.0,"instances":[{"created":"2015-12-01T22:28:00Z","user_id":"565e1b483862380003ff0600","duration":11.527},{"created":"2015-12-02T01:04:12Z","user_id":"563bfc7535326200037f3900","duration":6.222},{"created":"2015-12-02T02:18:30Z","user_id":"565e4fed3862380003f10900","duration":4.107}]}],"region":{"x":950.4744755494487,"y":29.867322004551994,"width":76.42521089628463,"height":50.95013753717693,"label":"Record Number","shape":"rectangle"},"task_key":"em_record_number","instructions":{"mark":"Record Number","transcribe":"Enter the record number"}},{"id":"56b176ee50617568bbbc0f00","status":"awaiting_votes","name":"Mortgager","created_in_workflow":"transcribe","confidence":0.3333333333333333,"data":{"value":"Rose O Connor"},"versions":[{"data":{"value":"Rose O Connor"},"votes":1,"confidence":0.3333333333333333,"instances":[{"created":"2015-12-01T18:57:16Z","user_id":"565ddeea32373400036d0200","duration":42.009}]},{"data":{"value":"Rose O'Connor"},"votes":1,"confidence":0.3333333333333333,"instances":[{"created":"2015-12-01T22:28:17Z","user_id":"565e1b483862380003ff0600","duration":17.69}]},{"data":{"value":"Rose O'Conner"},"votes":1,"confidence":0.3333333333333333,"instances":[{"created":"2015-12-02T01:05:08Z","user_id":"563bfc7535326200037f3900","duration":18.733}]}],"region":{"x":371.57546427759166,"y":533.2195428459723,"width":264.4136606871457,"height":53.58548947875501,"label":"Mortgager Name","shape":"rectangle"},"task_key":"em_record_mortgager","instructions":{"mark":"Mortgager Name","transcribe":"Enter the mortgager's name"}},{"id":"56b176ee50617568bbbd0f00","status":"awaiting_transcriptions","name":"Mortgager","created_in_workflow":"transcribe","confidence":0.6666666666666666,"data":{"value":"Rose O'Connor now owned by James H. Cleland"},"versions":[{"data":{"value":"Rose O'Connor now owned by James H. Cleland"},"votes":2,"confidence":0.6666666666666666,"instances":[{"created":"2016-01-26T01:52:08Z","user_id":"56a6c7596536660003bc0400","duration":19.033},{"created":"2016-01-26T04:55:28Z","user_id":"56a6f71b64636400039e0600","duration":13.773}]}],"region":{"x":374.608286221195,"y":524.8262457165328,"width":761.6164940886504,"height":84.82040334812655,"label":"Mortgager Name","shape":"rectangle"},"task_key":"em_record_mortgager","instructions":{"mark":"Mortgager Name","transcribe":"Enter the mortgager's name"}},{"id":"56b176ee50617568bbbe0f00","status":"awaiting_votes","name":"Street Address","created_in_workflow":"transcribe","confidence":0.3333333333333333,"data":{"value":"No 327 \u0026 115 th Street"},"versions":[{"data":{"value":"No 327 \u0026 115 th Street"},"votes":1,"confidence":0.3333333333333333,"instances":[{"created":"2015-12-01T18:59:05Z","user_id":"565ddeea32373400036d0200","duration":53.323}]},{"data":{"value":"No. 327 E. 115th Street"},"votes":1,"confidence":0.3333333333333333,"instances":[{"created":"2015-12-01T22:29:11Z","user_id":"565e1b483862380003ff0600","duration":25.708}]},{"data":{"value":"No 327 E. 115th Street"},"votes":1,"confidence":0.3333333333333333,"instances":[{"created":"2015-12-02T01:05:35Z","user_id":"563bfc7535326200037f3900","duration":12.051}]}],"region":{"x":447.12222447391906,"y":576.2636245584149,"width":312.72844918479683,"height":53.58548947875511,"label":"Street Address","shape":"rectangle"},"task_key":"em_record_street_address","instructions":{"mark":"Street Address","transcribe":"Enter the street address"}},{"id":"56b176ee50617568bbbf0f00","status":"awaiting_transcriptions","name":"Land \u0026 Building Dimensions","created_in_workflow":"transcribe","confidence":0.3333333333333333,"data":{"em_survey_land_dimensions":"25 x 100","em_survey_building_dimensions":"25 x 56"},"versions":[{"data":{"em_survey_land_dimensions":"25 x 100","em_survey_building_dimensions":"25 x 56"},"votes":1,"confidence":0.3333333333333333,"instances":[{"created":"2015-12-01T18:03:05Z","user_id":"565dcb3932373400035d0100","duration":41.392}]}],"region":{"x":244.20011278378408,"y":617.5508049764721,"width":603.4956308706612,"height":99.26492313277572,"label":"Dimension \u0026 Description","shape":"rectangle"},"task_key":"em_record_survey","instructions":{"mark":"Dimension \u0026 Description","transcribe":"Enter, as they appear, any land and building dimensions that were recorded. In the next screen, you'll enter the descriptive information."}},{"id":"56b176ee50617568bbc00f00","status":"awaiting_transcriptions","name":"Stories \u0026 Materials","created_in_workflow":"transcribe","confidence":0.3333333333333333,"data":{"em_record_stories":"4","em_record_material":"brick"},"versions":[{"data":{"em_record_stories":"4","em_record_material":"brick"},"votes":1,"confidence":0.3333333333333333,"instances":[{"created":"2015-12-01T18:03:16Z","user_id":"565dcb3932373400035d0100","duration":10.922}]}],"region":{"x":244.20011278378408,"y":617.5508049764721,"width":603.4956308706612,"height":99.26492313277572,"label":"Dimension \u0026 Description","shape":"rectangle"},"task_key":"em_record_survey_stories_materials","instructions":{"mark":"Dimension \u0026 Description","transcribe":"Enter, as they appear, the number of stories and the building materials."}},{"id":"56b176ee50617568bbc10f00","status":"awaiting_transcriptions","name":"Additional Info","created_in_workflow":"transcribe","confidence":0.3333333333333333,"data":{"value":"house"},"versions":[{"data":{"value":"house"},"votes":1,"confidence":0.3333333333333333,"instances":[{"created":"2015-12-01T18:03:25Z","user_id":"565dcb3932373400035d0100","duration":8.605}]}],"region":{"x":244.20011278378408,"y":617.5508049764721,"width":603.4956308706612,"height":99.26492313277572,"label":"Dimension \u0026 Description","shape":"rectangle"},"task_key":"em_record_survey_additional_info","instructions":{"mark":"Dimension \u0026 Description","transcribe":"Enter any additional information you find about the building's construction or significance."}},{"id":"56b176ee50617568bbc20f00","status":"complete","name":"Record Date","created_in_workflow":"verify","confidence":1.0,"data":{"value":"1871 Septemb 26"},"versions":[{"data":{"value":"1871 Septemb 26"},"votes":3,"confidence":0.75,"instances":[{"created":"2015-12-03T02:57:54Z","user_id":"5647496e3562310003960400","duration":6.672},{"created":"2015-12-24T09:17:12Z","user_id":"56748e5e3564620003fd0100","duration":5.725},{"created":"2015-12-27T22:13:43Z","user_id":"5668bbbe3064310003db0500","duration":6.706}]},{"data":{"value":"1871 September 26"},"votes":1,"confidence":0.25,"instances":[{"created":"2015-12-27T02:15:51Z","user_id":"567f35e03037360003d10000","duration":9.296}]}],"region":{"x":74.65912769202629,"y":82.57436083611434,"width":171.2978864916724,"height":118.59083737101527,"label":"Record Date","shape":"rectangle"},"task_key":"em_transcribed_date","instructions":{"mark":"Record Date","transcribe":"Enter the record date","verify":"Choose the best transcription or enter your own!"}},{"id":"56b176ee50617568bbc30f00","status":"awaiting_transcriptions","name":"Valuation Date","created_in_workflow":"transcribe","confidence":0.3333333333333333,"data":{"value":"$10,000"},"versions":[{"data":{"value":"$10,000"},"votes":1,"confidence":0.3333333333333333,"instances":[{"created":"2015-12-01T18:05:06Z","user_id":"565dcb3932373400035d0100","duration":54.084}]}],"region":{"x":243.3216620838268,"y":682.5561528687323,"width":516.5290115748891,"height":137.03830096206207,"label":"Valuation","shape":"rectangle"},"task_key":"em_record_valuation","instructions":{"mark":"Valuation","transcribe":"Enter the date of the valuation (if one is given). In the next screen, you'll enter the valuation's dollar amounts."}},{"id":"56b176ee50617568bbc40f00","status":"awaiting_transcriptions","name":"Total Value","created_in_workflow":"transcribe","confidence":0.3333333333333333,"data":{"value":"$10,000"},"versions":[{"data":{"value":"$10,000"},"votes":1,"confidence":0.3333333333333333,"instances":[{"created":"2015-12-01T18:05:24Z","user_id":"565dcb3932373400035d0100","duration":13.097}]}],"region":{"x":243.3216620838268,"y":682.5561528687323,"width":516.5290115748891,"height":137.03830096206207,"label":"Valuation","shape":"rectangle"},"task_key":"em_record_valuation_total","instructions":{"mark":"Valuation","transcribe":"Enter the valuation ***total*** (if one is given)"}},{"id":"56b176ee50617568bbc50f00","status":"complete","name":"Amount Loaned","created_in_workflow":"verify","confidence":1.0,"data":{"value":"$5000"},"versions":[{"data":{"value":"$5000"},"votes":3,"confidence":1.0,"instances":[{"created":"2015-12-02T03:19:17Z","user_id":"5647496e3562310003960400","duration":2.889},{"created":"2015-12-02T06:03:52Z","user_id":"565e87d03237340003030800","duration":12.011},{"created":"2015-12-02T13:04:53Z","user_id":"565eec266531640003190000","duration":5.648}]}],"region":{"x":1091.905038242573,"y":738.7769942890654,"width":156.3642245923984,"height":52.707038831562386,"label":"Amount Loaned","shape":"rectangle"},"task_key":"em_transcribed_amount_loaned","instructions":{"mark":"Amount Loaned","transcribe":"Enter the Amount Loaned","verify":"Choose the best transcription or enter your own!"}}]}]}