{"id":"56b100e07061755afba01500","meta_data":{"capture_uuid":"e3637ac0-00b1-0133-2b69-58d385a7bbd0","page_uri":"http://digitalcollections.nypl.org/items/e3637ac0-00b1-0133-2b69-58d385a7bbd0","book_uri":"http://digitalcollections.nypl.org/items/df712aa0-00b1-0133-fbd7-58d385a7bbd0","source_rotated":"0.559511","source_x":"0","source_y":"951.75","source_w":"1367.43","source_h":"1073.25"},"type":"final_subject_set","search_terms_by_field":{"Record Date":["1879 November","1872 June 19"],"Valuation Date":["1879 November","1879 November"],"Total Value":["$16,000","$16000."],"Record Number":["604"],"Mortgager":["Patrick Cassidy"],"Street Address":["No. 351. E 32d St"],"Land \u0026 Building Dimensions":["30 x 98.9","30 x 65"],"Stories \u0026 Materials":["5","brick"],"Additional Info":["House \u0026 store"],"Land \u0026 Building Value":[],"Amount Loaned":["$8,000"]},"subjects":[{"id":"56b1772f50617568bb111400","type":"root","location":{"standard":"https://s3.amazonaws.com/scribe.nypl.org/emigrant-s4/full/e3637ac0-00b1-0133-2b69-58d385a7bbd0.left-bottom.jpg","thumbnail":"https://s3.amazonaws.com/scribe.nypl.org/emigrant-s4/thumb/e3637ac0-00b1-0133-2b69-58d385a7bbd0.left-bottom.jpg"},"status":"retired","width":1367,"height":1073,"meta_data":{"capture_uuid":"e3637ac0-00b1-0133-2b69-58d385a7bbd0","page_uri":"http://digitalcollections.nypl.org/items/e3637ac0-00b1-0133-2b69-58d385a7bbd0","book_uri":"http://digitalcollections.nypl.org/items/df712aa0-00b1-0133-fbd7-58d385a7bbd0","source_rotated":"0.559511","source_x":"0","source_y":"951.75","source_w":"1367.43","source_h":"1073.25"},"assertions":[{"id":"56b1772f50617568bb121400","status":"awaiting_transcriptions","name":"Record Date","created_in_workflow":"transcribe","confidence":0.3333333333333333,"data":{"value":"1879 November"},"versions":[{"data":{"value":"1879 November"},"votes":1,"confidence":0.3333333333333333,"instances":[{"created":"2015-11-15T04:01:45Z","user_id":"5647496e3562310003960400","duration":7.302}]}],"region":{"x":69.08699813038783,"y":750.5728885118473,"width":154.4500237005872,"height":82.64430721881354,"label":"Record Date","shape":"rectangle"},"task_key":"em_record_date","instructions":{"mark":"Record Date","transcribe":"Enter the record date"}},{"id":"56b1772f50617568bb131400","status":"awaiting_transcriptions","name":"Valuation Date","created_in_workflow":"transcribe","confidence":0.3333333333333333,"data":{"value":"1879 November"},"versions":[{"data":{"value":"1879 November"},"votes":1,"confidence":0.3333333333333333,"instances":[{"created":"2015-11-15T02:43:48Z","user_id":"563f8b7a3264340003774b00","duration":11.119}]}],"region":{"x":260.1172906021667,"y":781.7338568074655,"width":513.4785875659873,"height":48.773689506185065,"label":"Valuation","shape":"rectangle"},"task_key":"em_record_valuation","instructions":{"mark":"Valuation","transcribe":"Enter the date of the valuation (if one is given). In the next screen, you'll enter the valuation's dollar amounts."}},{"id":"56b1772f50617568bb141400","status":"awaiting_transcriptions","name":"Total Value","created_in_workflow":"transcribe","confidence":0.3333333333333333,"data":{"value":"$16,000"},"versions":[{"data":{"value":"$16,000"},"votes":1,"confidence":0.3333333333333333,"instances":[{"created":"2015-11-15T02:44:01Z","user_id":"563f8b7a3264340003774b00","duration":9.675}]},{"data":{"value":"16000"},"votes":1,"confidence":0.3333333333333333,"instances":[{"created":"2015-11-15T08:29:09Z","user_id":"564832fd3863370003270000","duration":3.774}]}],"region":{"x":260.1172906021667,"y":781.7338568074655,"width":513.4785875659873,"height":48.773689506185065,"label":"Valuation","shape":"rectangle"},"task_key":"em_record_valuation_total","instructions":{"mark":"Valuation","transcribe":"Enter the valuation ***total*** (if one is given)"}},{"id":"56b1772f50617568bb151400","status":"complete","name":"Record Number","created_in_workflow":"transcribe","confidence":1.0,"data":{"value":"604"},"versions":[{"data":{"value":"604"},"votes":3,"confidence":1.0,"instances":[{"created":"2015-11-15T02:44:24Z","user_id":"563f8b7a3264340003774b00","duration":7.194},{"created":"2015-11-15T09:10:17Z","user_id":"564845423863370003d20000","duration":2.676},{"created":"2015-11-15T15:27:54Z","user_id":"5647496e3562310003960400","duration":8.779}]}],"region":{"x":508.05022338468825,"y":62.321936591236415,"width":615.0904452637419,"height":69.09606013376211,"label":"Record Number","shape":"rectangle"},"task_key":"em_record_number","instructions":{"mark":"Record Number","transcribe":"Enter the record number"}},{"id":"56b1772f50617568bb161400","status":"complete","name":"Mortgager","created_in_workflow":"transcribe","confidence":1.0,"data":{"value":"Patrick Cassidy"},"versions":[{"data":{"value":"Patrick Cassidy"},"votes":3,"confidence":1.0,"instances":[{"created":"2015-11-15T02:37:29Z","user_id":"563f8b7a3264340003774b00","duration":14.327},{"created":"2015-11-15T03:56:37Z","user_id":"5647496e3562310003960400","duration":8.591},{"created":"2015-11-15T09:07:59Z","user_id":"564845423863370003d20000","duration":5.932}]}],"region":{"x":377.9870455315622,"y":543.2847081105609,"width":311.6096969397811,"height":67.74123542525695,"label":"Mortgager Name","shape":"rectangle"},"task_key":"em_record_mortgager","instructions":{"mark":"Mortgager Name","transcribe":"Enter the mortgager's name"}},{"id":"56b1772f50617568bb171400","status":"awaiting_votes","name":"Street Address","created_in_workflow":"transcribe","confidence":0.3333333333333333,"data":{"value":"No. 351. E 32d St"},"versions":[{"data":{"value":"No. 351. E 32d St"},"votes":1,"confidence":0.3333333333333333,"instances":[{"created":"2015-11-15T03:56:51Z","user_id":"5647496e3562310003960400","duration":14.238}]},{"data":{"value":"351 E 32d St"},"votes":1,"confidence":0.3333333333333333,"instances":[{"created":"2015-11-15T08:25:45Z","user_id":"564832fd3863370003270000","duration":15.431}]},{"data":{"value":"No. 351 E 32d. St"},"votes":1,"confidence":0.3333333333333333,"instances":[{"created":"2015-11-15T09:08:14Z","user_id":"564845423863370003d20000","duration":15.092}]}],"region":{"x":426.7607372264845,"y":590.7035729082409,"width":250.64258232112832,"height":46.06404008917468,"label":"Street Address","shape":"rectangle"},"task_key":"em_record_street_address","instructions":{"mark":"Street Address","transcribe":"Enter the street address"}},{"id":"56b1772f50617568bb181400","status":"awaiting_transcriptions","name":"Land \u0026 Building Dimensions","created_in_workflow":"transcribe","confidence":0.6666666666666666,"data":{"em_survey_land_dimensions":"30 x 98.9","em_survey_building_dimensions":"30 x 65"},"versions":[{"data":{"em_survey_land_dimensions":"30 x 98.9","em_survey_building_dimensions":"30 x 65"},"votes":2,"confidence":0.6666666666666666,"instances":[{"created":"2015-11-15T08:28:04Z","user_id":"564832fd3863370003270000","duration":38.126},{"created":"2015-11-15T09:09:40Z","user_id":"564845423863370003d20000","duration":17.991}]}],"region":{"x":239.79491906261578,"y":628.6386647463847,"width":651.6707140349337,"height":75.87018367628775,"label":"Dimension \u0026 Description","shape":"rectangle"},"task_key":"em_record_survey","instructions":{"mark":"Dimension \u0026 Description","transcribe":"Enter, as they appear, any land and building dimensions that were recorded. In the next screen, you'll enter the descriptive information."}},{"id":"56b1772f50617568bb191400","status":"awaiting_transcriptions","name":"Stories \u0026 Materials","created_in_workflow":"transcribe","confidence":0.3333333333333333,"data":{"em_record_stories":"5","em_record_material":"brick"},"versions":[{"data":{"em_record_stories":"5","em_record_material":"brick"},"votes":1,"confidence":0.3333333333333333,"instances":[{"created":"2015-11-15T09:09:49Z","user_id":"564845423863370003d20000","duration":9.735}]}],"region":{"x":239.79491906261578,"y":628.6386647463847,"width":651.6707140349337,"height":75.87018367628775,"label":"Dimension \u0026 Description","shape":"rectangle"},"task_key":"em_record_survey_stories_materials","instructions":{"mark":"Dimension \u0026 Description","transcribe":"Enter, as they appear, the number of stories and the building materials."}},{"id":"56b1772f50617568bb1a1400","status":"awaiting_transcriptions","name":"Additional Info","created_in_workflow":"transcribe","confidence":0.3333333333333333,"data":{"value":"House \u0026 store"},"versions":[{"data":{"value":"House \u0026 store"},"votes":1,"confidence":0.3333333333333333,"instances":[{"created":"2015-11-15T09:09:55Z","user_id":"564845423863370003d20000","duration":5.625}]}],"region":{"x":239.79491906261578,"y":628.6386647463847,"width":651.6707140349337,"height":75.87018367628775,"label":"Dimension \u0026 Description","shape":"rectangle"},"task_key":"em_record_survey_additional_info","instructions":{"mark":"Dimension \u0026 Description","transcribe":"Enter any additional information you find about the building's construction or significance."}},{"id":"56b1772f50617568bb1b1400","status":"complete","name":"Record Date","created_in_workflow":"transcribe","confidence":1.0,"data":{"value":"1872 June 19"},"versions":[{"data":{"value":"1872 June 19"},"votes":3,"confidence":1.0,"instances":[{"created":"2015-11-15T03:59:42Z","user_id":"5647496e3562310003960400","duration":7.942},{"created":"2015-11-15T16:49:04Z","user_id":"5648b58e3863370003790400","duration":5.356},{"created":"2015-11-15T18:34:38Z","user_id":"564618af6363350003da0c00","duration":9.966}]}],"region":{"x":75.86112197690481,"y":120.57939905695741,"width":192.38511724108224,"height":147.67589322706021,"label":"Record Date","shape":"rectangle"},"task_key":"em_record_date","instructions":{"mark":"Record Date","transcribe":"Enter the record date"}},{"id":"56b1772f50617568bb1c1400","status":"awaiting_transcriptions","name":"Valuation Date","created_in_workflow":"transcribe","confidence":0.3333333333333333,"data":{"value":"1879 November"},"versions":[{"data":{"value":"1879 November"},"votes":1,"confidence":0.3333333333333333,"instances":[{"created":"2016-01-07T19:13:43Z","user_id":"568eb6db6263390003600000","duration":15.287}]}],"region":{"x":60.71707660166154,"y":747.9319343498609,"width":659.0687657482699,"height":78.49582677335184,"label":"Valuation","shape":"rectangle"},"task_key":"em_record_valuation","instructions":{"mark":"Valuation","transcribe":"Enter the date of the valuation (if one is given). In the next screen, you'll enter the valuation's dollar amounts."}},{"id":"56b1772f50617568bb1d1400","status":"awaiting_transcriptions","name":"Land \u0026 Building Value","created_in_workflow":"transcribe","confidence":0.3333333333333333,"data":{"em_valuation_ground":""},"versions":[{"data":{"em_valuation_ground":""},"votes":1,"confidence":0.3333333333333333,"instances":[{"created":"2016-01-07T19:13:44Z","user_id":"568eb6db6263390003600000","duration":0.632}]}],"region":{"x":60.71707660166154,"y":747.9319343498609,"width":659.0687657482699,"height":78.49582677335184,"label":"Valuation","shape":"rectangle"},"task_key":"em_record_valuation_ground_building","instructions":{"mark":"Valuation","transcribe":"Sometimes valuations include itemized dollar values for \"ground\" and \"building\". Enter these amounts if you can find them. In the next screen, you'll enter the total valuation."}},{"id":"56b1772f50617568bb1e1400","status":"awaiting_transcriptions","name":"Total Value","created_in_workflow":"transcribe","confidence":0.3333333333333333,"data":{"value":"$16000."},"versions":[{"data":{"value":"$16000."},"votes":1,"confidence":0.3333333333333333,"instances":[{"created":"2016-01-07T19:13:50Z","user_id":"568eb6db6263390003600000","duration":6.359}]}],"region":{"x":60.71707660166154,"y":747.9319343498609,"width":659.0687657482699,"height":78.49582677335184,"label":"Valuation","shape":"rectangle"},"task_key":"em_record_valuation_total","instructions":{"mark":"Valuation","transcribe":"Enter the valuation ***total*** (if one is given)"}},{"id":"56b1772f50617568bb1f1400","status":"awaiting_votes","name":"Amount Loaned","created_in_workflow":"transcribe","confidence":0.3333333333333333,"data":{"value":"$8,000"},"versions":[{"data":{"value":"$8,000"},"votes":1,"confidence":0.3333333333333333,"instances":[{"created":"2015-11-15T02:43:37Z","user_id":"563f8b7a3264340003774b00","duration":10.318}]},{"data":{"value":"8000"},"votes":1,"confidence":0.3333333333333333,"instances":[{"created":"2015-11-15T08:28:43Z","user_id":"564832fd3863370003270000","duration":9.071}]},{"data":{"value":"$8000"},"votes":1,"confidence":0.3333333333333333,"instances":[{"created":"2015-11-15T16:49:50Z","user_id":"5648b58e3863370003790400","duration":4.551}]}],"region":{"x":1110.9472457246995,"y":734.3149920097856,"width":159.8693227778008,"height":78.57983309329813,"label":"Amount Loaned","shape":"rectangle"},"task_key":"em_record_amount_loaned","instructions":{"mark":"Amount Loaned","transcribe":"Enter the Amount Loaned"}}]}]}