{"id":"56b100ab7061755afbd01100","meta_data":{"capture_uuid":"e2c6f8c0-00b1-0133-2d5c-58d385a7bbd0","page_uri":"http://digitalcollections.nypl.org/items/e2c6f8c0-00b1-0133-2d5c-58d385a7bbd0","book_uri":"http://digitalcollections.nypl.org/items/df712aa0-00b1-0133-fbd7-58d385a7bbd0","source_rotated":"0.895174","source_x":"1219.18","source_y":"977.6","source_w":"1374.82","source_h":"1102.4"},"type":"final_subject_set","search_terms_by_field":{"Record Number":["512"],"Mortgager":["Henry S. Burchell now H. Kownel"],"Street Address":["No. 411 W. 54th Street"],"Land \u0026 Building Dimensions":["25 x 100.5","25 x 100.5"],"Stories \u0026 Materials":["4","brick"],"Additional Info":["house"],"Record Date":["1871 November 17"],"Valuation Date":["1879 November"],"Land \u0026 Building Value":[],"Total Value":["$15000.","$15,000"],"Amount Loaned":["$7,500"]},"subjects":[{"id":"56b176fa50617568bb7f1000","type":"root","location":{"standard":"https://s3.amazonaws.com/scribe.nypl.org/emigrant-s4/full/e2c6f8c0-00b1-0133-2d5c-58d385a7bbd0.right-bottom.jpg","thumbnail":"https://s3.amazonaws.com/scribe.nypl.org/emigrant-s4/thumb/e2c6f8c0-00b1-0133-2d5c-58d385a7bbd0.right-bottom.jpg"},"status":"retired","width":1374,"height":1102,"meta_data":{"capture_uuid":"e2c6f8c0-00b1-0133-2d5c-58d385a7bbd0","page_uri":"http://digitalcollections.nypl.org/items/e2c6f8c0-00b1-0133-2d5c-58d385a7bbd0","book_uri":"http://digitalcollections.nypl.org/items/df712aa0-00b1-0133-fbd7-58d385a7bbd0","source_rotated":"0.895174","source_x":"1219.18","source_y":"977.6","source_w":"1374.82","source_h":"1102.4"},"assertions":[{"id":"56b176fa50617568bb801000","status":"complete","name":"Record Number","created_in_workflow":"transcribe","confidence":1.0,"data":{"value":"512"},"versions":[{"data":{"value":"512"},"votes":3,"confidence":1.0,"instances":[{"created":"2015-11-09T22:38:53Z","user_id":"5641537261616500034e4f00","duration":2.916},{"created":"2015-11-10T02:08:34Z","user_id":"564145706161650003bc3f00","duration":4.593},{"created":"2015-11-10T02:16:58Z","user_id":"5641425d6161650003763d00","duration":4.471}]}],"region":{"x":973.3964194373401,"y":21.08446436071635,"width":107.17902813299236,"height":71.16006721741768,"label":"Record Number","shape":"rectangle"},"task_key":"em_record_number","instructions":{"mark":"Record Number","transcribe":"Enter the record number"}},{"id":"56b176fa50617568bb811000","status":"awaiting_votes","name":"Mortgager","created_in_workflow":"verify","confidence":0.3333333333333333,"data":{"value":"Henry S. Burchell now H. Kownel"},"versions":[{"data":{"value":"Henry S. Burchell now H. Kownel"},"votes":1,"confidence":0.3333333333333333,"instances":[{"created":"2016-01-03T15:56:37Z","user_id":"56748e5e3564620003fd0100","duration":34.534}]}],"region":{"x":428.71611253196926,"y":509.54122205064516,"width":917.1713554987214,"height":74.67414461087048,"label":"Mortgager Name","shape":"rectangle"},"task_key":"em_transcribed_mortgager","instructions":{"mark":"Mortgager Name","transcribe":"Enter the mortgager's name","verify":"Choose the best transcription or enter your own!"}},{"id":"56b176fa50617568bb821000","status":"complete","name":"Street Address","created_in_workflow":"verify","confidence":1.0,"data":{"value":"No. 411 W. 54th Street"},"versions":[{"data":{"value":"No. 411 W. 54th Street"},"votes":5,"confidence":0.8333333333333334,"instances":[{"created":"2015-11-10T03:33:07Z","user_id":"563eaf056630330003055300","duration":8.425},{"created":"2015-11-10T03:45:14Z","user_id":"5641681461616500035a6500","duration":10.781},{"created":"2015-11-10T03:45:56Z","user_id":"564165916161650003256300","duration":25.645},{"created":"2015-11-10T03:54:34Z","user_id":"5641647a6161650003ce6100","duration":10.061},{"created":"2015-11-10T03:58:15Z","user_id":"564167426161650003eb6400","duration":18.701}]},{"data":{"value":"411 W. 54th Street"},"votes":1,"confidence":0.16666666666666666,"instances":[{"created":"2015-11-10T03:34:22Z","user_id":"564164996161650003ec6100","duration":11.469}]}],"region":{"x":538.5306905370844,"y":559.6168249073464,"width":380.39769820971856,"height":44.804486766522245,"label":"Street Address","shape":"rectangle"},"task_key":"em_transcribed_address","instructions":{"mark":"Street Address","transcribe":"Enter the street address","verify":"Choose the best transcription or enter your own!"}},{"id":"56b176fa50617568bb831000","status":"awaiting_votes","name":"Land \u0026 Building Dimensions","created_in_workflow":"transcribe","confidence":0.6666666666666666,"data":{"em_survey_land_dimensions":"25 x 100.5","em_survey_building_dimensions":"25 x 100.5"},"versions":[{"data":{"em_survey_land_dimensions":"25 x 100.5","em_survey_building_dimensions":"25 x 100.5"},"votes":2,"confidence":0.6666666666666666,"instances":[{"created":"2015-11-10T02:18:40Z","user_id":"5641425d6161650003763d00","duration":10.735},{"created":"2015-11-10T03:33:05Z","user_id":"56415e826161650003845a00","duration":16.808}]},{"data":{"em_survey_land_dimensions":"25 X 100.5","em_survey_building_dimensions":"25 x 100.5"},"votes":1,"confidence":0.3333333333333333,"instances":[{"created":"2015-11-10T03:40:39Z","user_id":"5641681461616500035a6500","duration":66.945}]}],"region":{"x":501.6329923273657,"y":605.2998310222318,"width":655.3734015345269,"height":88.73045418468132,"label":"Dimension \u0026 Description","shape":"rectangle"},"task_key":"em_record_survey","instructions":{"mark":"Dimension \u0026 Description","transcribe":"Enter, as they appear, any land and building dimensions that were recorded. In the next screen, you'll enter the descriptive information."}},{"id":"56b176fa50617568bb841000","status":"awaiting_votes","name":"Stories \u0026 Materials","created_in_workflow":"transcribe","confidence":0.3333333333333333,"data":{"em_record_stories":"4","em_record_material":"brick"},"versions":[{"data":{"em_record_stories":"4","em_record_material":"brick"},"votes":1,"confidence":0.3333333333333333,"instances":[{"created":"2015-11-10T02:18:46Z","user_id":"5641425d6161650003763d00","duration":5.771}]},{"data":{"em_record_stories":"4","em_record_material":"brick "},"votes":1,"confidence":0.3333333333333333,"instances":[{"created":"2015-11-10T03:33:15Z","user_id":"56415e826161650003845a00","duration":10.002}]},{"data":{"em_record_stories":"4","em_record_material":"Brick"},"votes":1,"confidence":0.3333333333333333,"instances":[{"created":"2015-11-10T03:40:52Z","user_id":"5641681461616500035a6500","duration":14.979}]}],"region":{"x":501.6329923273657,"y":605.2998310222318,"width":655.3734015345269,"height":88.73045418468132,"label":"Dimension \u0026 Description","shape":"rectangle"},"task_key":"em_record_survey_stories_materials","instructions":{"mark":"Dimension \u0026 Description","transcribe":"Enter, as they appear, the number of stories and the building materials."}},{"id":"56b176fa50617568bb851000","status":"awaiting_transcriptions","name":"Additional Info","created_in_workflow":"transcribe","confidence":0.6666666666666666,"data":{"value":"house"},"versions":[{"data":{"value":"house"},"votes":2,"confidence":0.6666666666666666,"instances":[{"created":"2015-11-10T02:18:48Z","user_id":"5641425d6161650003763d00","duration":1.438},{"created":"2015-11-10T03:33:32Z","user_id":"56415e826161650003845a00","duration":17.309}]},{"data":{"value":"House"},"votes":1,"confidence":0.3333333333333333,"instances":[{"created":"2015-11-10T03:41:00Z","user_id":"5641681461616500035a6500","duration":7.311}]}],"region":{"x":501.6329923273657,"y":605.2998310222318,"width":655.3734015345269,"height":88.73045418468132,"label":"Dimension \u0026 Description","shape":"rectangle"},"task_key":"em_record_survey_additional_info","instructions":{"mark":"Dimension \u0026 Description","transcribe":"Enter any additional information you find about the building's construction or significance."}},{"id":"56b176fa50617568bb861000","status":"complete","name":"Record Date","created_in_workflow":"transcribe","confidence":1.0,"data":{"value":"1871 November 17"},"versions":[{"data":{"value":"1871 November 17"},"votes":3,"confidence":1.0,"instances":[{"created":"2015-11-09T22:38:59Z","user_id":"5641537261616500034e4f00","duration":6.091},{"created":"2015-11-10T02:08:42Z","user_id":"564145706161650003bc3f00","duration":7.378},{"created":"2015-11-10T02:17:13Z","user_id":"5641425d6161650003763d00","duration":11.029}]}],"region":{"x":109.81457800511508,"y":81.70229939777585,"width":171.31074168797954,"height":134.41346029956674,"label":"Record Date","shape":"rectangle"},"task_key":"em_record_date","instructions":{"mark":"Record Date","transcribe":"Enter the record date"}},{"id":"56b176fa50617568bb871000","status":"awaiting_transcriptions","name":"Valuation Date","created_in_workflow":"transcribe","confidence":0.3333333333333333,"data":{"value":"1879 November"},"versions":[{"data":{"value":"1879 November"},"votes":1,"confidence":0.3333333333333333,"instances":[{"created":"2016-01-20T19:40:59Z","user_id":"569fdb7a3234330003380000","duration":10.848}]}],"region":{"x":125.43804958170122,"y":745.6912265196569,"width":726.8023283400602,"height":64.31012631175679,"label":"Valuation","shape":"rectangle"},"task_key":"em_record_valuation","instructions":{"mark":"Valuation","transcribe":"Enter the date of the valuation (if one is given). In the next screen, you'll enter the valuation's dollar amounts."}},{"id":"56b176fa50617568bb881000","status":"awaiting_transcriptions","name":"Land \u0026 Building Value","created_in_workflow":"transcribe","confidence":0.3333333333333333,"data":{"em_valuation_ground":""},"versions":[{"data":{"em_valuation_ground":""},"votes":1,"confidence":0.3333333333333333,"instances":[{"created":"2016-01-20T19:41:00Z","user_id":"569fdb7a3234330003380000","duration":1.221}]}],"region":{"x":125.43804958170122,"y":745.6912265196569,"width":726.8023283400602,"height":64.31012631175679,"label":"Valuation","shape":"rectangle"},"task_key":"em_record_valuation_ground_building","instructions":{"mark":"Valuation","transcribe":"Sometimes valuations include itemized dollar values for \"ground\" and \"building\". Enter these amounts if you can find them. In the next screen, you'll enter the total valuation."}},{"id":"56b176fa50617568bb891000","status":"awaiting_transcriptions","name":"Total Value","created_in_workflow":"transcribe","confidence":0.3333333333333333,"data":{"value":"$15000."},"versions":[{"data":{"value":"$15000."},"votes":1,"confidence":0.3333333333333333,"instances":[{"created":"2016-01-20T19:41:07Z","user_id":"569fdb7a3234330003380000","duration":7.136}]}],"region":{"x":125.43804958170122,"y":745.6912265196569,"width":726.8023283400602,"height":64.31012631175679,"label":"Valuation","shape":"rectangle"},"task_key":"em_record_valuation_total","instructions":{"mark":"Valuation","transcribe":"Enter the valuation ***total*** (if one is given)"}},{"id":"56b176fa50617568bb8a1000","status":"awaiting_votes","name":"Valuation Date","created_in_workflow":"transcribe","confidence":0.25,"data":{"value":""},"versions":[{"data":{"value":""},"votes":1,"confidence":0.25,"instances":[{"created":"2015-11-10T02:19:14Z","user_id":"5641425d6161650003763d00","duration":17.022}]},{"data":{"value":"$15,000"},"votes":1,"confidence":0.25,"instances":[{"created":"2015-11-10T03:34:59Z","user_id":"56415e826161650003845a00","duration":6.34}]},{"data":{"value":"1879 November"},"votes":1,"confidence":0.25,"instances":[{"created":"2015-11-10T03:52:02Z","user_id":"564168a86161650003946500","duration":45.101}]},{"data":{"value":"1871 Nov 17"},"votes":1,"confidence":0.25,"instances":[{"created":"2015-11-10T03:53:01Z","user_id":"5640f4706161650003b50100","duration":46.391}]}],"region":{"x":690.5140664961637,"y":732.6851365348931,"width":159.01150895140665,"height":73.7956252625072,"label":"Valuation","shape":"rectangle"},"task_key":"em_record_valuation","instructions":{"mark":"Valuation","transcribe":"Enter the date of the valuation (if one is given). In the next screen, you'll enter the valuation's dollar amounts."}},{"id":"56b176fa50617568bb8b1000","status":"awaiting_transcriptions","name":"Total Value","created_in_workflow":"transcribe","confidence":0.3333333333333333,"data":{"value":"$15,000"},"versions":[{"data":{"value":"$15,000"},"votes":1,"confidence":0.3333333333333333,"instances":[{"created":"2015-11-10T02:19:27Z","user_id":"5641425d6161650003763d00","duration":2.194}]},{"data":{"value":"15000"},"votes":1,"confidence":0.3333333333333333,"instances":[{"created":"2015-11-10T03:53:11Z","user_id":"564168a86161650003946500","duration":17.207}]}],"region":{"x":690.5140664961637,"y":732.6851365348931,"width":159.01150895140665,"height":73.7956252625072,"label":"Valuation","shape":"rectangle"},"task_key":"em_record_valuation_total","instructions":{"mark":"Valuation","transcribe":"Enter the valuation ***total*** (if one is given)"}},{"id":"56b176fa50617568bb8c1000","status":"awaiting_transcriptions","name":"Land \u0026 Building Value","created_in_workflow":"transcribe","confidence":0.3333333333333333,"data":{"em_valuation_ground":""},"versions":[{"data":{"em_valuation_ground":""},"votes":1,"confidence":0.3333333333333333,"instances":[{"created":"2015-11-10T03:52:54Z","user_id":"564168a86161650003946500","duration":51.982}]}],"region":{"x":690.5140664961637,"y":732.6851365348931,"width":159.01150895140665,"height":73.7956252625072,"label":"Valuation","shape":"rectangle"},"task_key":"em_record_valuation_ground_building","instructions":{"mark":"Valuation","transcribe":"Sometimes valuations include itemized dollar values for \"ground\" and \"building\". Enter these amounts if you can find them. In the next screen, you'll enter the total valuation."}},{"id":"56b176fa50617568bb8d1000","status":"awaiting_votes","name":"Amount Loaned","created_in_workflow":"transcribe","confidence":0.5,"data":{"value":"$7,500"},"versions":[{"data":{"value":"$7,500"},"votes":2,"confidence":0.5,"instances":[{"created":"2015-11-10T02:18:56Z","user_id":"5641425d6161650003763d00","duration":8.886},{"created":"2015-11-10T03:34:06Z","user_id":"56415e826161650003845a00","duration":6.461}]},{"data":{"value":"7500"},"votes":1,"confidence":0.25,"instances":[{"created":"2015-11-10T03:50:32Z","user_id":"564168a86161650003946500","duration":56.453}]},{"data":{"value":"$7500"},"votes":1,"confidence":0.25,"instances":[{"created":"2015-11-10T03:52:15Z","user_id":"5640f4706161650003b50100","duration":8.321}]}],"region":{"x":1179.8478260869565,"y":695.7873239036395,"width":152.86189258312015,"height":77.30970265596,"label":"Amount Loaned","shape":"rectangle"},"task_key":"em_record_amount_loaned","instructions":{"mark":"Amount Loaned","transcribe":"Enter the Amount Loaned"}}]}]}