{"id":"56b100497061755afb900a00","meta_data":{"capture_uuid":"e17cee00-00b1-0133-080c-58d385a7bbd0","page_uri":"http://digitalcollections.nypl.org/items/e17cee00-00b1-0133-080c-58d385a7bbd0","book_uri":"http://digitalcollections.nypl.org/items/df712aa0-00b1-0133-fbd7-58d385a7bbd0","source_rotated":"1.09095","source_x":"1221.03","source_y":"969.14","source_w":"1376.97","source_h":"1092.86"},"type":"final_subject_set","search_terms_by_field":{"Record Number":["347"],"Mortgager":["Peter Ollweiler"],"Street Address":["no. 70 Mangin Street"],"Additional Info":["house"],"Land \u0026 Building Dimensions":["20.8 x 100","20.8 x 50"],"Stories \u0026 Materials":["3 \u0026 basem't","brick"],"Record Date":["1868 Aug 12","1879 August"],"Valuation Date":["1879 November","1879"],"Land \u0026 Building Value":["$4000"],"Total Value":["Valuation of these Premises $8000.","$4000."],"Amount Loaned":["$3000"]},"subjects":[{"id":"56b1769450617568bbb70900","type":"root","location":{"standard":"https://s3.amazonaws.com/scribe.nypl.org/emigrant-s4/full/e17cee00-00b1-0133-080c-58d385a7bbd0.right-bottom.jpg","thumbnail":"https://s3.amazonaws.com/scribe.nypl.org/emigrant-s4/thumb/e17cee00-00b1-0133-080c-58d385a7bbd0.right-bottom.jpg"},"status":"retired","width":1376,"height":1092,"meta_data":{"capture_uuid":"e17cee00-00b1-0133-080c-58d385a7bbd0","page_uri":"http://digitalcollections.nypl.org/items/e17cee00-00b1-0133-080c-58d385a7bbd0","book_uri":"http://digitalcollections.nypl.org/items/df712aa0-00b1-0133-fbd7-58d385a7bbd0","source_rotated":"1.09095","source_x":"1221.03","source_y":"969.14","source_w":"1376.97","source_h":"1092.86"},"assertions":[{"id":"56b1769450617568bbb80900","status":"complete","name":"Record Number","created_in_workflow":"transcribe","confidence":1.0,"data":{"value":"347"},"versions":[{"data":{"value":"347"},"votes":3,"confidence":1.0,"instances":[{"created":"2015-11-08T17:28:58Z","user_id":"563f6f403264340003f01f00","duration":7.03},{"created":"2015-11-08T17:38:12Z","user_id":"563f89873264340003264900","duration":7.303},{"created":"2015-11-08T17:43:20Z","user_id":"563f87513264340003944500","duration":4.5}]}],"region":{"x":931.4190658989123,"y":36.09432432812777,"width":189.27703134996818,"height":56.34235992683358,"label":"Record Number","shape":"rectangle"},"task_key":"em_record_number","instructions":{"mark":"Record Number","transcribe":"Enter the record number"}},{"id":"56b1769450617568bbb90900","status":"complete","name":"Mortgager","created_in_workflow":"verify","confidence":1.0,"data":{"value":"Peter Ollweiler"},"versions":[{"data":{"value":"Peter Ollweiler"},"votes":3,"confidence":1.0,"instances":[{"created":"2015-11-30T03:04:59Z","user_id":"5647496e3562310003960400","duration":28.157},{"created":"2015-12-10T16:13:59Z","user_id":"563f8b7a3264340003774b00","duration":24.487},{"created":"2015-12-19T11:12:02Z","user_id":"56748e5e3564620003fd0100","duration":33.469}]}],"region":{"x":468.35060780550225,"y":523.8078774447811,"width":346.8611644273833,"height":56.342359926833524,"label":"Mortgager Name","shape":"rectangle"},"task_key":"em_transcribed_mortgager","instructions":{"mark":"Mortgager Name","transcribe":"Enter the mortgager's name","verify":"Choose the best transcription or enter your own!"}},{"id":"56b1769450617568bbba0900","status":"awaiting_transcriptions","name":"Street Address","created_in_workflow":"transcribe","confidence":0.3333333333333333,"data":{"value":"no. 70 Mangin Street"},"versions":[{"data":{"value":"no. 70 Mangin Street"},"votes":1,"confidence":0.3333333333333333,"instances":[{"created":"2015-11-08T17:30:50Z","user_id":"563f6f403264340003f01f00","duration":30.504}]},{"data":{"value":"No. 70 Mangin Street"},"votes":1,"confidence":0.3333333333333333,"instances":[{"created":"2015-11-08T17:39:19Z","user_id":"563f9ecb32643400035e5e00","duration":22.466}]}],"region":{"x":499.16314779270635,"y":570.4663942591901,"width":412.88803582853484,"height":36.094324328127755,"label":"Street Address","shape":"rectangle"},"task_key":"em_record_street_address","instructions":{"mark":"Street Address","transcribe":"Enter the street address"}},{"id":"56b1769450617568bbbb0900","status":"awaiting_transcriptions","name":"Additional Info","created_in_workflow":"transcribe","confidence":0.6666666666666666,"data":{"value":"house"},"versions":[{"data":{"value":"house"},"votes":2,"confidence":0.6666666666666666,"instances":[{"created":"2015-11-08T17:31:39Z","user_id":"563f6f403264340003f01f00","duration":6.729},{"created":"2015-11-30T03:14:32Z","user_id":"5647496e3562310003960400","duration":2.885}]}],"region":{"x":515.8899552143314,"y":609.2017667088882,"width":550.2239283429303,"height":68.66725116082841,"label":"Dimension \u0026 Description","shape":"rectangle"},"task_key":"em_record_survey_additional_info","instructions":{"mark":"Dimension \u0026 Description","transcribe":"Enter any additional information you find about the building's construction or significance."}},{"id":"56b1769450617568bbbc0900","status":"complete","name":"Land \u0026 Building Dimensions","created_in_workflow":"verify","confidence":1.0,"data":{"em_survey_land_dimensions":"20.8 x 100","em_survey_building_dimensions":"20.8 x 50"},"versions":[{"data":{"em_survey_land_dimensions":"20.8 x 100","em_survey_building_dimensions":"20.8 x 50"},"votes":3,"confidence":1.0,"instances":[{"created":"2015-12-10T21:53:52Z","user_id":"563f8b7a3264340003774b00","duration":12.901},{"created":"2015-12-19T11:24:47Z","user_id":"56748e5e3564620003fd0100","duration":12.498},{"created":"2015-12-20T22:39:37Z","user_id":"5668bbbe3064310003db0500","duration":10.416}]}],"region":{"x":515.8899552143314,"y":609.2017667088882,"width":550.2239283429303,"height":68.66725116082841,"label":"Dimension \u0026 Description","shape":"rectangle"},"task_key":"em_transcribed_survey","instructions":{"mark":"Dimension \u0026 Description","transcribe":"Enter, as they appear, any land and building dimensions that were recorded. In the next screen, you'll enter the descriptive information.","verify":"Choose the best transcription or enter your own!"}},{"id":"56b1769450617568bbbd0900","status":"complete","name":"Stories \u0026 Materials","created_in_workflow":"verify","confidence":1.0,"data":{"em_record_stories":"3 \u0026 basem't","em_record_material":"brick"},"versions":[{"data":{"em_record_stories":"3 \u0026 basem't","em_record_material":"brick"},"votes":3,"confidence":0.75,"instances":[{"created":"2015-12-10T16:19:18Z","user_id":"563f8b7a3264340003774b00","duration":21.009},{"created":"2015-12-19T11:33:10Z","user_id":"56748e5e3564620003fd0100","duration":20.642},{"created":"2015-12-23T21:48:09Z","user_id":"563bfc7535326200037f3900","duration":18.319}]},{"data":{"em_record_stories":"3 story + basement","em_record_material":"brick house"},"votes":1,"confidence":0.25,"instances":[{"created":"2015-12-20T22:39:27Z","user_id":"5668bbbe3064310003db0500","duration":19.211}]}],"region":{"x":515.8899552143314,"y":609.2017667088882,"width":550.2239283429303,"height":68.66725116082841,"label":"Dimension \u0026 Description","shape":"rectangle"},"task_key":"em_transcribed_stories_materials","instructions":{"mark":"Dimension \u0026 Description","transcribe":"Enter, as they appear, the number of stories and the building materials.","verify":"Choose the best transcription or enter your own!"}},{"id":"56b1769450617568bbbe0900","status":"complete","name":"Record Date","created_in_workflow":"verify","confidence":1.0,"data":{"value":"1868 Aug 12"},"versions":[{"data":{"value":"1868 Aug 12"},"votes":6,"confidence":0.8571428571428571,"instances":[{"created":"2015-11-08T17:44:09Z","user_id":"563f7ee53264340003d03600","duration":23.799},{"created":"2015-11-08T17:50:50Z","user_id":"563f8b7a3264340003774b00","duration":30.907},{"created":"2015-11-08T17:54:10Z","user_id":"563f763732643400033d2900","duration":4.286},{"created":"2015-11-08T17:55:50Z","user_id":"563fb0353264340003d76f00","duration":9.422},{"created":"2015-11-08T17:58:08Z","user_id":"563f84bc3264340003e64000","duration":46.925},{"created":"2015-11-30T03:38:07Z","user_id":"5647496e3562310003960400","duration":8.397}]},{"data":{"value":"1848? Aug 12"},"votes":1,"confidence":0.14285714285714285,"instances":[{"created":"2015-11-08T17:46:05Z","user_id":"563f8a5d3264340003124a00","duration":32.957}]}],"region":{"x":108.28406909788868,"y":90.6759855072478,"width":224.49136276391556,"height":144.37729731251108,"label":"Record Date","shape":"rectangle"},"task_key":"em_transcribed_date","instructions":{"mark":"Record Date","transcribe":"Enter the record date","verify":"Choose the best transcription or enter your own!"}},{"id":"56b1769450617568bbbf0900","status":"awaiting_transcriptions","name":"Record Date","created_in_workflow":"transcribe","confidence":0.3333333333333333,"data":{"value":"1879 August"},"versions":[{"data":{"value":"1879 August"},"votes":1,"confidence":0.3333333333333333,"instances":[{"created":"2015-12-01T23:19:50Z","user_id":"565e1b483862380003ff0600","duration":47.693}]}],"region":{"x":799.0639733586793,"y":759.4068551267426,"width":253.47115392287537,"height":47.687172824708,"label":"Record Date","shape":"rectangle"},"task_key":"em_record_date","instructions":{"mark":"Record Date","transcribe":"Enter the record date"}},{"id":"56b1769450617568bbc00900","status":"awaiting_votes","name":"Valuation Date","created_in_workflow":"verify","confidence":0.6666666666666666,"data":{"value":"1879 November"},"versions":[{"data":{"value":"1879 November"},"votes":2,"confidence":0.6666666666666666,"instances":[{"created":"2015-12-12T01:35:40Z","user_id":"5647496e3562310003960400","duration":7.333},{"created":"2016-01-02T12:16:34Z","user_id":"56748e5e3564620003fd0100","duration":8.076}]}],"region":{"x":324.5611367552239,"y":788.2464144242589,"width":516.8605518065151,"height":73.64239857942903,"label":"Valuation","shape":"rectangle"},"task_key":"em_transcribed_valuation_date","instructions":{"mark":"Valuation","transcribe":"Enter the date of the valuation (if one is given). In the next screen, you'll enter the valuation's dollar amounts.","verify":"Choose the best transcription or enter your own!"}},{"id":"56b1769450617568bbc10900","status":"awaiting_transcriptions","name":"Land \u0026 Building Value","created_in_workflow":"transcribe","confidence":0.3333333333333333,"data":{"em_valuation_ground":""},"versions":[{"data":{"em_valuation_ground":""},"votes":1,"confidence":0.3333333333333333,"instances":[{"created":"2015-11-09T17:39:22Z","user_id":"563f7dc232643400032b3500","duration":5.008}]},{"data":{"em_valuation_ground":"$4,000"},"votes":1,"confidence":0.3333333333333333,"instances":[{"created":"2015-11-09T17:47:56Z","user_id":"563fb0353264340003d76f00","duration":34.852}]}],"region":{"x":324.5611367552239,"y":788.2464144242589,"width":516.8605518065151,"height":73.64239857942903,"label":"Valuation","shape":"rectangle"},"task_key":"em_record_valuation_ground_building","instructions":{"mark":"Valuation","transcribe":"Sometimes valuations include itemized dollar values for \"ground\" and \"building\". Enter these amounts if you can find them. In the next screen, you'll enter the total valuation."}},{"id":"56b1769450617568bbc20900","status":"awaiting_transcriptions","name":"Total Value","created_in_workflow":"transcribe","confidence":0.3333333333333333,"data":{"value":"Valuation of these Premises $8000."},"versions":[{"data":{"value":"Valuation of these Premises $8000."},"votes":1,"confidence":0.3333333333333333,"instances":[{"created":"2015-11-09T17:39:34Z","user_id":"563f7dc232643400032b3500","duration":11.932}]},{"data":{"value":"$4,000"},"votes":1,"confidence":0.3333333333333333,"instances":[{"created":"2015-11-09T17:48:10Z","user_id":"563fb0353264340003d76f00","duration":13.999}]}],"region":{"x":324.5611367552239,"y":788.2464144242589,"width":516.8605518065151,"height":73.64239857942903,"label":"Valuation","shape":"rectangle"},"task_key":"em_record_valuation_total","instructions":{"mark":"Valuation","transcribe":"Enter the valuation ***total*** (if one is given)"}},{"id":"56b1769450617568bbc30900","status":"awaiting_votes","name":"Total Value","created_in_workflow":"verify","confidence":0.6666666666666666,"data":{"value":"$4000."},"versions":[{"data":{"value":"$4000."},"votes":2,"confidence":0.6666666666666666,"instances":[{"created":"2015-12-14T01:39:47Z","user_id":"5668bbbe3064310003db0500","duration":17.343},{"created":"2015-12-21T02:14:09Z","user_id":"5677558f6666370003510100","duration":17.846}]},{"data":{"value":"$4000"},"votes":1,"confidence":0.3333333333333333,"instances":[{"created":"2015-12-19T03:07:19Z","user_id":"56748e5e3564620003fd0100","duration":19.643}]}],"region":{"x":666.4312220089572,"y":672.586921626576,"width":390.8790786948176,"height":43.137119318981945,"label":"Valuation","shape":"rectangle"},"task_key":"em_transcribed_valuation_total","instructions":{"mark":"Valuation","transcribe":"Enter the valuation ***total*** (if one is given)","verify":"Choose the best transcription or enter your own!"}},{"id":"56b1769450617568bbc40900","status":"awaiting_votes","name":"Valuation Date","created_in_workflow":"verify","confidence":0.6666666666666666,"data":{"value":"1879"},"versions":[{"data":{"value":"1879"},"votes":4,"confidence":0.6666666666666666,"instances":[{"created":"2015-12-24T09:32:21Z","user_id":"56748e5e3564620003fd0100","duration":15.715},{"created":"2015-12-27T22:15:42Z","user_id":"5668bbbe3064310003db0500","duration":19.472},{"created":"2015-12-29T18:55:53Z","user_id":"5668b33530333000032d0500","duration":16.055},{"created":"2016-01-05T01:36:50Z","user_id":"568b0d506233660003ea0800","duration":137.59}]},{"data":{"value":"1879 november"},"votes":1,"confidence":0.16666666666666666,"instances":[{"created":"2015-11-08T20:57:41Z","user_id":"563f7c4e3264340003313300","duration":32.224}]},{"data":{"value":"1879 November"},"votes":1,"confidence":0.16666666666666666,"instances":[{"created":"2015-11-08T20:17:46Z","user_id":"563f831832643400038c3d00","duration":13.712}]}],"region":{"x":666.4312220089572,"y":672.586921626576,"width":390.8790786948176,"height":43.137119318981945,"label":"Valuation","shape":"rectangle"},"task_key":"em_transcribed_valuation_date","instructions":{"mark":"Valuation","transcribe":"Enter the date of the valuation (if one is given). In the next screen, you'll enter the valuation's dollar amounts.","verify":"Choose the best transcription or enter your own!"}},{"id":"56b1769450617568bbc50900","status":"complete","name":"Land \u0026 Building Value","created_in_workflow":"verify","confidence":1.0,"data":{"em_valuation_ground":"$4000","em_valuation_building":""},"versions":[{"data":{"em_valuation_ground":"$4000","em_valuation_building":""},"votes":3,"confidence":0.75,"instances":[{"created":"2015-12-21T04:44:22Z","user_id":"5668bbbe3064310003db0500","duration":46.038},{"created":"2015-12-29T05:05:54Z","user_id":"568210a06235360003390400","duration":52.793},{"created":"2016-01-02T02:25:41Z","user_id":"5687306f63383700038d0000","duration":37.586}]},{"data":{"em_valuation_ground":""},"votes":1,"confidence":0.25,"instances":[{"created":"2015-12-20T19:10:08Z","user_id":"56748e5e3564620003fd0100","duration":24.198}]}],"region":{"x":666.4312220089572,"y":672.586921626576,"width":390.8790786948176,"height":43.137119318981945,"label":"Valuation","shape":"rectangle"},"task_key":"em_transcribed_valuation_itemized","instructions":{"mark":"Valuation","transcribe":"Sometimes valuations include itemized dollar values for \"ground\" and \"building\". Enter these amounts if you can find them. In the next screen, you'll enter the total valuation.","verify":"Choose the best transcription or enter your own!"}},{"id":"56b1769450617568bbc60900","status":"complete","name":"Amount Loaned","created_in_workflow":"verify","confidence":1.0,"data":{"value":"$3000"},"versions":[{"data":{"value":"$3000"},"votes":3,"confidence":1.0,"instances":[{"created":"2015-11-30T03:07:39Z","user_id":"5647496e3562310003960400","duration":2.957},{"created":"2015-12-10T16:16:13Z","user_id":"563f8b7a3264340003774b00","duration":3.793},{"created":"2015-12-19T11:17:56Z","user_id":"56748e5e3564620003fd0100","duration":3.046}]}],"region":{"x":496.52207293666027,"y":736.8524259181205,"width":170.78950735764556,"height":33.45327620655746,"label":"Amount Loaned","shape":"rectangle"},"task_key":"em_transcribed_amount_loaned","instructions":{"mark":"Amount Loaned","transcribe":"Enter the Amount Loaned","verify":"Choose the best transcription or enter your own!"}}]}]}