{"id":"56b1006d7061755afb2a0d00","meta_data":{"capture_uuid":"e1dd1730-00b1-0133-17ab-58d385a7bbd0","page_uri":"http://digitalcollections.nypl.org/items/e1dd1730-00b1-0133-17ab-58d385a7bbd0","book_uri":"http://digitalcollections.nypl.org/items/df712aa0-00b1-0133-fbd7-58d385a7bbd0","source_rotated":"0.615458","source_x":"1213.51","source_y":"0","source_w":"1368.49","source_h":"997.15"},"type":"final_subject_set","search_terms_by_field":{"Record Number":["402","75"],"Mortgager":["R. C. Church of St. Augustine"],"Street Address":["Franklin \u0026 Jefferson Avenues  23d Ward. N.Y-"],"Land \u0026 Building Dimensions":["150 x 150.","96 x 51, 42 x 35, 50 x 30","148 x 150"],"Stories \u0026 Materials":["3","brick, frame"],"Additional Info":["church, Pastorate, School"],"Record Date":["1879 November","1869 Novemb 22"],"Valuation Date":["1879 November","$15,000."],"Land \u0026 Building Value":[],"Total Value":["$15,000","$15,000."],"Amount Loaned":["$6000."]},"subjects":[{"id":"56b176b950617568bb2a0c00","type":"root","location":{"standard":"https://s3.amazonaws.com/scribe.nypl.org/emigrant-s4/full/e1dd1730-00b1-0133-17ab-58d385a7bbd0.right-top.jpg","thumbnail":"https://s3.amazonaws.com/scribe.nypl.org/emigrant-s4/thumb/e1dd1730-00b1-0133-17ab-58d385a7bbd0.right-top.jpg"},"status":"retired","width":1368,"height":997,"meta_data":{"capture_uuid":"e1dd1730-00b1-0133-17ab-58d385a7bbd0","page_uri":"http://digitalcollections.nypl.org/items/e1dd1730-00b1-0133-17ab-58d385a7bbd0","book_uri":"http://digitalcollections.nypl.org/items/df712aa0-00b1-0133-fbd7-58d385a7bbd0","source_rotated":"0.615458","source_x":"1213.51","source_y":"0","source_w":"1368.49","source_h":"997.15"},"assertions":[{"id":"56b176b950617568bb2b0c00","status":"complete","name":"Record Number","created_in_workflow":"transcribe","confidence":1.0,"data":{"value":"402"},"versions":[{"data":{"value":"402"},"votes":3,"confidence":1.0,"instances":[{"created":"2015-12-14T19:37:46Z","user_id":"566f13243637340003280400","duration":5.895},{"created":"2015-12-14T22:04:22Z","user_id":"5668bbbe3064310003db0500","duration":28.416},{"created":"2015-12-14T22:24:59Z","user_id":"564e49d539646600031a0b00","duration":3.376}]}],"region":{"x":970.0627644378243,"y":12.498651254598839,"width":114.27338438751042,"height":62.4932562729942,"label":"Record Number","shape":"rectangle"},"task_key":"em_record_number","instructions":{"mark":"Record Number","transcribe":"Enter the record number"}},{"id":"56b176b950617568bb2c0c00","status":"awaiting_transcriptions","name":"Record Number","created_in_workflow":"transcribe","confidence":0.6666666666666666,"data":{"value":"75"},"versions":[{"data":{"value":"75"},"votes":2,"confidence":0.6666666666666666,"instances":[{"created":"2015-12-14T19:37:40Z","user_id":"566f13243637340003280400","duration":7.64},{"created":"2015-12-14T22:24:55Z","user_id":"564e49d539646600031a0b00","duration":26.571}]}],"region":{"x":1261.1027902997648,"y":5.356564823399503,"width":76.7774301353586,"height":66.06429948859386,"label":"Record Number","shape":"rectangle"},"task_key":"em_record_number","instructions":{"mark":"Record Number","transcribe":"Enter the record number"}},{"id":"56b176b950617568bb2d0c00","status":"awaiting_votes","name":"Mortgager","created_in_workflow":"transcribe","confidence":0.3333333333333333,"data":{"value":"R. C. Church of St. Augustine"},"versions":[{"data":{"value":"R. C. Church of St. Augustine"},"votes":1,"confidence":0.3333333333333333,"instances":[{"created":"2015-12-14T19:38:33Z","user_id":"566f13243637340003280400","duration":29.799}]},{"data":{"value":"R. C. Church of St. Augustine, Morrisania"},"votes":1,"confidence":0.3333333333333333,"instances":[{"created":"2015-12-14T21:40:42Z","user_id":"5668bbbe3064310003db0500","duration":194.616}]},{"data":{"value":"R.C. Church of St. Augustine Morrisania"},"votes":1,"confidence":0.3333333333333333,"instances":[{"created":"2015-12-14T22:36:44Z","user_id":"566eeeda3637340003010100","duration":11.16}]}],"region":{"x":296.9211095301458,"y":505.30261500735327,"width":958.8251158764546,"height":76.77742913539281,"label":"Mortgager Name","shape":"rectangle"},"task_key":"em_record_mortgager","instructions":{"mark":"Mortgager Name","transcribe":"Enter the mortgager's name"}},{"id":"56b176b950617568bb2e0c00","status":"awaiting_votes","name":"Street Address","created_in_workflow":"transcribe","confidence":0.25,"data":{"value":"Franklin \u0026 Jefferson Avenues  23d Ward. N.Y-"},"versions":[{"data":{"value":"Franklin \u0026 Jefferson Avenues  23d Ward. N.Y-"},"votes":1,"confidence":0.25,"instances":[{"created":"2015-12-14T19:39:44Z","user_id":"566f13243637340003280400","duration":71.025}]},{"data":{"value":"Franklin to Jefferson Avenues 23d Ward. N.Y_"},"votes":1,"confidence":0.25,"instances":[{"created":"2015-12-14T21:19:23Z","user_id":"564b62033863320003ba0500","duration":24.482}]},{"data":{"value":"Franklin and Jefferson Avenues"},"votes":1,"confidence":0.25,"instances":[{"created":"2015-12-14T21:40:52Z","user_id":"566ee6923562640003dd0600","duration":9.47}]},{"data":{"value":"Franklin \u0026 Jefferson Avenues, 23d Ward, N.Y."},"votes":1,"confidence":0.25,"instances":[{"created":"2015-12-14T21:41:18Z","user_id":"5668bbbe3064310003db0500","duration":36.178}]}],"region":{"x":286.20797974381674,"y":573.1524361037468,"width":1057.0288055844712,"height":41.066996979396095,"label":"Street Address","shape":"rectangle"},"task_key":"em_record_street_address","instructions":{"mark":"Street Address","transcribe":"Enter the street address"}},{"id":"56b176b950617568bb2f0c00","status":"awaiting_transcriptions","name":"Land \u0026 Building Dimensions","created_in_workflow":"transcribe","confidence":0.3333333333333333,"data":{"em_survey_land_dimensions":"150 x 150.","em_survey_building_dimensions":"96 x 51, 42 x 35, 50 x 30"},"versions":[{"data":{"em_survey_land_dimensions":"150 x 150.","em_survey_building_dimensions":"96 x 51, 42 x 35, 50 x 30"},"votes":1,"confidence":0.3333333333333333,"instances":[{"created":"2015-12-14T19:40:51Z","user_id":"566f13243637340003280400","duration":66.385}]}],"region":{"x":291.5645446369813,"y":617.7904762987426,"width":1057.0288055844712,"height":73.2063859197932,"label":"Dimension \u0026 Description","shape":"rectangle"},"task_key":"em_record_survey","instructions":{"mark":"Dimension \u0026 Description","transcribe":"Enter, as they appear, any land and building dimensions that were recorded. In the next screen, you'll enter the descriptive information."}},{"id":"56b176b950617568bb300c00","status":"awaiting_transcriptions","name":"Stories \u0026 Materials","created_in_workflow":"transcribe","confidence":0.3333333333333333,"data":{"em_record_stories":"3","em_record_material":"brick, frame"},"versions":[{"data":{"em_record_stories":"3","em_record_material":"brick, frame"},"votes":1,"confidence":0.3333333333333333,"instances":[{"created":"2015-12-14T19:41:22Z","user_id":"566f13243637340003280400","duration":31.303}]}],"region":{"x":291.5645446369813,"y":617.7904762987426,"width":1057.0288055844712,"height":73.2063859197932,"label":"Dimension \u0026 Description","shape":"rectangle"},"task_key":"em_record_survey_stories_materials","instructions":{"mark":"Dimension \u0026 Description","transcribe":"Enter, as they appear, the number of stories and the building materials."}},{"id":"56b176b950617568bb310c00","status":"awaiting_transcriptions","name":"Additional Info","created_in_workflow":"transcribe","confidence":0.3333333333333333,"data":{"value":"church, Pastorate, School"},"versions":[{"data":{"value":"church, Pastorate, School"},"votes":1,"confidence":0.3333333333333333,"instances":[{"created":"2015-12-14T19:41:47Z","user_id":"566f13243637340003280400","duration":25.274}]}],"region":{"x":291.5645446369813,"y":617.7904762987426,"width":1057.0288055844712,"height":73.2063859197932,"label":"Dimension \u0026 Description","shape":"rectangle"},"task_key":"em_record_survey_additional_info","instructions":{"mark":"Dimension \u0026 Description","transcribe":"Enter any additional information you find about the building's construction or significance."}},{"id":"56b176b950617568bb320c00","status":"awaiting_transcriptions","name":"Land \u0026 Building Dimensions","created_in_workflow":"transcribe","confidence":0.3333333333333333,"data":{"em_survey_building_dimensions":"148 x 150"},"versions":[{"data":{"em_survey_building_dimensions":"148 x 150"},"votes":1,"confidence":0.3333333333333333,"instances":[{"created":"2016-01-06T17:29:47Z","user_id":"568d3d083565620003000000","duration":2133.713}]}],"region":{"x":504.97489639554374,"y":120.10069049578873,"width":249.58427990287464,"height":245.83110085856754,"label":"Dimension \u0026 Description","shape":"rectangle"},"task_key":"em_record_survey","instructions":{"mark":"Dimension \u0026 Description","transcribe":"Enter, as they appear, any land and building dimensions that were recorded. In the next screen, you'll enter the descriptive information."}},{"id":"56b176b950617568bb330c00","status":"awaiting_transcriptions","name":"Record Date","created_in_workflow":"transcribe","confidence":0.6666666666666666,"data":{"value":"1879 November"},"versions":[{"data":{"value":"1879 November"},"votes":2,"confidence":0.6666666666666666,"instances":[{"created":"2015-12-14T19:42:27Z","user_id":"566f13243637340003280400","duration":12.249},{"created":"2015-12-14T22:37:24Z","user_id":"566eeeda3637340003010100","duration":3.383}]}],"region":{"x":105.87029500727687,"y":735.6349024135317,"width":182.12320636759472,"height":91.06160199779151,"label":"Record Date","shape":"rectangle"},"task_key":"em_record_date","instructions":{"mark":"Record Date","transcribe":"Enter the record date"}},{"id":"56b176b950617568bb340c00","status":"complete","name":"Record Date","created_in_workflow":"transcribe","confidence":1.0,"data":{"value":"1869 Novemb 22"},"versions":[{"data":{"value":"1869 Novemb 22"},"votes":3,"confidence":1.0,"instances":[{"created":"2015-12-14T19:33:35Z","user_id":"5647496e3562310003960400","duration":9.039},{"created":"2015-12-14T19:38:03Z","user_id":"566f13243637340003280400","duration":17.303},{"created":"2015-12-14T22:04:46Z","user_id":"5668bbbe3064310003db0500","duration":10.165}]}],"region":{"x":121.93998968677052,"y":64.27877788079402,"width":157.12590353282684,"height":116.05890450698922,"label":"Record Date","shape":"rectangle"},"task_key":"em_record_date","instructions":{"mark":"Record Date","transcribe":"Enter the record date"}},{"id":"56b176b950617568bb350c00","status":"awaiting_transcriptions","name":"Valuation Date","created_in_workflow":"transcribe","confidence":0.3333333333333333,"data":{"value":"1879 November"},"versions":[{"data":{"value":"1879 November"},"votes":1,"confidence":0.3333333333333333,"instances":[{"created":"2016-01-17T03:44:24Z","user_id":"569b01d532646200039d0300","duration":4.848}]}],"region":{"x":111.67796670732,"y":753.6193827860577,"width":700.2528786835577,"height":75.20948661654515,"label":"Valuation","shape":"rectangle"},"task_key":"em_record_valuation","instructions":{"mark":"Valuation","transcribe":"Enter the date of the valuation (if one is given). In the next screen, you'll enter the valuation's dollar amounts."}},{"id":"56b176b950617568bb360c00","status":"awaiting_transcriptions","name":"Land \u0026 Building Value","created_in_workflow":"transcribe","confidence":0.3333333333333333,"data":{"em_valuation_ground":""},"versions":[{"data":{"em_valuation_ground":""},"votes":1,"confidence":0.3333333333333333,"instances":[{"created":"2016-01-17T03:44:26Z","user_id":"569b01d532646200039d0300","duration":1.489}]}],"region":{"x":111.67796670732,"y":753.6193827860577,"width":700.2528786835577,"height":75.20948661654515,"label":"Valuation","shape":"rectangle"},"task_key":"em_record_valuation_ground_building","instructions":{"mark":"Valuation","transcribe":"Sometimes valuations include itemized dollar values for \"ground\" and \"building\". Enter these amounts if you can find them. In the next screen, you'll enter the total valuation."}},{"id":"56b176b950617568bb370c00","status":"awaiting_transcriptions","name":"Total Value","created_in_workflow":"transcribe","confidence":0.3333333333333333,"data":{"value":"$15,000"},"versions":[{"data":{"value":"$15,000"},"votes":1,"confidence":0.3333333333333333,"instances":[{"created":"2016-01-17T03:44:28Z","user_id":"569b01d532646200039d0300","duration":2.553}]}],"region":{"x":111.67796670732,"y":753.6193827860577,"width":700.2528786835577,"height":75.20948661654515,"label":"Valuation","shape":"rectangle"},"task_key":"em_record_valuation_total","instructions":{"mark":"Valuation","transcribe":"Enter the valuation ***total*** (if one is given)"}},{"id":"56b176b950617568bb380c00","status":"awaiting_transcriptions","name":"Valuation Date","created_in_workflow":"transcribe","confidence":0.3333333333333333,"data":{"value":"$15,000."},"versions":[{"data":{"value":"$15,000."},"votes":1,"confidence":0.3333333333333333,"instances":[{"created":"2015-12-14T19:42:39Z","user_id":"566f13243637340003280400","duration":12.448}]},{"data":{"value":""},"votes":1,"confidence":0.3333333333333333,"instances":[{"created":"2015-12-14T21:20:46Z","user_id":"564b62033863320003ba0500","duration":8.282}]}],"region":{"x":325.4894556270234,"y":760.6322049227293,"width":482.09084038480955,"height":60.70773466519438,"label":"Valuation","shape":"rectangle"},"task_key":"em_record_valuation","instructions":{"mark":"Valuation","transcribe":"Enter the date of the valuation (if one is given). In the next screen, you'll enter the valuation's dollar amounts."}},{"id":"56b176b950617568bb390c00","status":"awaiting_transcriptions","name":"Total Value","created_in_workflow":"transcribe","confidence":0.3333333333333333,"data":{"value":"$15,000."},"versions":[{"data":{"value":"$15,000."},"votes":1,"confidence":0.3333333333333333,"instances":[{"created":"2015-12-14T19:42:57Z","user_id":"566f13243637340003280400","duration":12.735}]},{"data":{"value":"%15,000."},"votes":1,"confidence":0.3333333333333333,"instances":[{"created":"2015-12-14T21:20:57Z","user_id":"564b62033863320003ba0500","duration":6.078}]}],"region":{"x":325.4894556270234,"y":760.6322049227293,"width":482.09084038480955,"height":60.70773466519438,"label":"Valuation","shape":"rectangle"},"task_key":"em_record_valuation_total","instructions":{"mark":"Valuation","transcribe":"Enter the valuation ***total*** (if one is given)"}},{"id":"56b176b950617568bb3a0c00","status":"awaiting_transcriptions","name":"Land \u0026 Building Value","created_in_workflow":"transcribe","confidence":0.3333333333333333,"data":{"em_valuation_ground":""},"versions":[{"data":{"em_valuation_ground":""},"votes":1,"confidence":0.3333333333333333,"instances":[{"created":"2015-12-14T21:20:51Z","user_id":"564b62033863320003ba0500","duration":4.898}]}],"region":{"x":325.4894556270234,"y":760.6322049227293,"width":482.09084038480955,"height":60.70773466519438,"label":"Valuation","shape":"rectangle"},"task_key":"em_record_valuation_ground_building","instructions":{"mark":"Valuation","transcribe":"Sometimes valuations include itemized dollar values for \"ground\" and \"building\". Enter these amounts if you can find them. In the next screen, you'll enter the total valuation."}},{"id":"56b176b950617568bb3b0c00","status":"awaiting_votes","name":"Amount Loaned","created_in_workflow":"transcribe","confidence":0.5,"data":{"value":"$6000."},"versions":[{"data":{"value":"$6000."},"votes":2,"confidence":0.5,"instances":[{"created":"2015-12-14T19:42:15Z","user_id":"566f13243637340003280400","duration":10.046},{"created":"2015-12-14T21:20:38Z","user_id":"564b62033863320003ba0500","duration":6.76}]},{"data":{"value":"$6,000"},"votes":1,"confidence":0.25,"instances":[{"created":"2015-12-14T21:41:06Z","user_id":"566ee6923562640003dd0600","duration":3.729}]},{"data":{"value":"$6000"},"votes":1,"confidence":0.25,"instances":[{"created":"2015-12-14T21:41:25Z","user_id":"5668bbbe3064310003db0500","duration":6.591}]}],"region":{"x":286.20797974381674,"y":733.8493808057318,"width":1040.9591109049775,"height":41.06699697939621,"label":"Amount Loaned","shape":"rectangle"},"task_key":"em_record_amount_loaned","instructions":{"mark":"Amount Loaned","transcribe":"Enter the Amount Loaned"}}]}]}