{"id":"56b1009e7061755afbd11000","meta_data":{"capture_uuid":"e275c590-00b1-0133-a74e-58d385a7bbd0","page_uri":"http://digitalcollections.nypl.org/items/e275c590-00b1-0133-a74e-58d385a7bbd0","book_uri":"http://digitalcollections.nypl.org/items/df712aa0-00b1-0133-fbd7-58d385a7bbd0","source_rotated":"0.727349","source_x":"1215.39","source_y":"0","source_w":"1370.61","source_h":"1000.0899999999999"},"type":"final_subject_set","search_terms_by_field":{"Record Number":["492","492"],"Mortgager":["John Savage"],"Street Address":["on Union Avenue \u0026 on 174th Street","on Union Avenue \u0026 on 174th Street"],"Land \u0026 Building Dimensions":["as per diagram","24 x 50","24 x 50.","24 x 50"],"Stories \u0026 Materials":["2 1/2","frame","2 1/2","frame","2 1/2","frame"],"Additional Info":["house","house","house"],"Record Date":["1871 Sept 23","September 23, 1871"],"Land \u0026 Building Value":["Blank","Blank"],"Valuation Date":[],"Total Value":[],"Amount Loaned":["$3500"]},"subjects":[{"id":"56b176ec50617568bb910f00","type":"root","location":{"standard":"https://s3.amazonaws.com/scribe.nypl.org/emigrant-s4/full/e275c590-00b1-0133-a74e-58d385a7bbd0.right-top.jpg","thumbnail":"https://s3.amazonaws.com/scribe.nypl.org/emigrant-s4/thumb/e275c590-00b1-0133-a74e-58d385a7bbd0.right-top.jpg"},"status":"active","width":1370,"height":1000,"meta_data":{"capture_uuid":"e275c590-00b1-0133-a74e-58d385a7bbd0","page_uri":"http://digitalcollections.nypl.org/items/e275c590-00b1-0133-a74e-58d385a7bbd0","book_uri":"http://digitalcollections.nypl.org/items/df712aa0-00b1-0133-fbd7-58d385a7bbd0","source_rotated":"0.727349","source_x":"1215.39","source_y":"0","source_w":"1370.61","source_h":"1000.0899999999999"},"assertions":[{"id":"56b176ec50617568bb920f00","status":"complete","name":"Record Number","created_in_workflow":"transcribe","confidence":1.0,"data":{"value":"492"},"versions":[{"data":{"value":"492"},"votes":3,"confidence":1.0,"instances":[{"created":"2016-01-21T23:42:03Z","user_id":"56a14d543833370003c80000","duration":6.438},{"created":"2016-01-22T01:43:01Z","user_id":"56a184b03833370003b80400","duration":2.383},{"created":"2016-01-22T17:55:04Z","user_id":"56980a2d3337650003270200","duration":9.45}]}],"region":{"x":905.6765282501694,"y":21.14910176986898,"width":182.11835334476848,"height":57.57255481797668,"label":"Record Number","shape":"rectangle"},"task_key":"em_record_number","instructions":{"mark":"Record Number","transcribe":"Enter the record number"}},{"id":"56b176ec50617568bb930f00","status":"complete","name":"Record Number","created_in_workflow":"transcribe","confidence":1.0,"data":{"value":"492"},"versions":[{"data":{"value":"492"},"votes":3,"confidence":1.0,"instances":[{"created":"2015-11-18T12:26:16Z","user_id":"564c675865316600033b0100","duration":8.042},{"created":"2015-12-17T02:35:24Z","user_id":"5647496e3562310003960400","duration":4.063},{"created":"2015-12-17T03:55:02Z","user_id":"56722e0e6434380003c90300","duration":2.059}]}],"region":{"x":915.8931677340731,"y":26.37434408099857,"width":181.17286716405124,"height":64.00622400948231,"label":"Record Number","shape":"rectangle"},"task_key":"em_record_number","instructions":{"mark":"Record Number","transcribe":"Enter the record number"}},{"id":"56b176ec50617568bb940f00","status":"complete","name":"Mortgager","created_in_workflow":"transcribe","confidence":1.0,"data":{"value":"John Savage"},"versions":[{"data":{"value":"John Savage"},"votes":4,"confidence":1.0,"instances":[{"created":"2015-11-18T12:26:50Z","user_id":"564c675865316600033b0100","duration":10.228},{"created":"2015-12-17T02:36:17Z","user_id":"5647496e3562310003960400","duration":7.666},{"created":"2015-12-17T18:15:49Z","user_id":"5668b33530333000032d0500","duration":3.966},{"created":"2015-12-17T18:17:57Z","user_id":"5672fbd26434380003410700","duration":56.586}]}],"region":{"x":465.0043028370733,"y":535.7004670500705,"width":313.306462013021,"height":46.30237481537017,"label":"Mortgager Name","shape":"rectangle"},"task_key":"em_record_mortgager","instructions":{"mark":"Mortgager Name","transcribe":"Enter the mortgager's name"}},{"id":"56b176ec50617568bb950f00","status":"awaiting_votes","name":"Street Address","created_in_workflow":"transcribe","confidence":0.6666666666666666,"data":{"value":"on Union Avenue \u0026 on 174th Street"},"versions":[{"data":{"value":"on Union Avenue \u0026 on 174th Street"},"votes":2,"confidence":0.6666666666666666,"instances":[{"created":"2015-12-17T02:36:38Z","user_id":"5647496e3562310003960400","duration":20.568},{"created":"2015-12-17T16:53:58Z","user_id":"566eeeda3637340003010100","duration":17.959}]},{"data":{"value":"Union Avenue \u0026 174th Street"},"votes":1,"confidence":0.3333333333333333,"instances":[{"created":"2015-11-18T12:27:28Z","user_id":"564c675865316600033b0100","duration":37.193}]}],"region":{"x":450.02008074079833,"y":579.2791727586542,"width":512.1879552908518,"height":49.026043922156646,"label":"Street Address","shape":"rectangle"},"task_key":"em_record_street_address","instructions":{"mark":"Street Address","transcribe":"Enter the street address"}},{"id":"56b176ec50617568bb960f00","status":"awaiting_transcriptions","name":"Street Address","created_in_workflow":"transcribe","confidence":0.6666666666666666,"data":{"value":"on Union Avenue \u0026 on 174th Street"},"versions":[{"data":{"value":"on Union Avenue \u0026 on 174th Street"},"votes":2,"confidence":0.6666666666666666,"instances":[{"created":"2016-01-21T23:43:03Z","user_id":"56a14d543833370003c80000","duration":54.781},{"created":"2016-01-22T17:59:11Z","user_id":"56980a2d3337650003270200","duration":149.926}]}],"region":{"x":483.86692276131845,"y":560.451196901528,"width":459.40823327615783,"height":61.09740511295492,"label":"Street Address","shape":"rectangle"},"task_key":"em_record_street_address","instructions":{"mark":"Street Address","transcribe":"Enter the street address"}},{"id":"56b176ec50617568bb970f00","status":"awaiting_transcriptions","name":"Land \u0026 Building Dimensions","created_in_workflow":"transcribe","confidence":0.6666666666666666,"data":{"em_survey_land_dimensions":"as per diagram","em_survey_building_dimensions":"24 x 50"},"versions":[{"data":{"em_survey_land_dimensions":"as per diagram","em_survey_building_dimensions":"24 x 50"},"votes":2,"confidence":0.6666666666666666,"instances":[{"created":"2015-11-18T12:28:46Z","user_id":"564c675865316600033b0100","duration":77.841},{"created":"2015-12-17T03:57:25Z","user_id":"56722e0e6434380003c90300","duration":15.611}]}],"region":{"x":477.26412091584365,"y":640.8613121455461,"width":464.51088498452253,"height":43.5787057085837,"label":"Dimension \u0026 Description","shape":"rectangle"},"task_key":"em_record_survey","instructions":{"mark":"Dimension \u0026 Description","transcribe":"Enter, as they appear, any land and building dimensions that were recorded. In the next screen, you'll enter the descriptive information."}},{"id":"56b176ec50617568bb980f00","status":"awaiting_transcriptions","name":"Stories \u0026 Materials","created_in_workflow":"transcribe","confidence":0.3333333333333333,"data":{"em_record_stories":"2 1/2","em_record_material":"frame"},"versions":[{"data":{"em_record_stories":"2 1/2","em_record_material":"frame"},"votes":1,"confidence":0.3333333333333333,"instances":[{"created":"2015-12-17T03:57:37Z","user_id":"56722e0e6434380003c90300","duration":12.167}]}],"region":{"x":477.26412091584365,"y":640.8613121455461,"width":464.51088498452253,"height":43.5787057085837,"label":"Dimension \u0026 Description","shape":"rectangle"},"task_key":"em_record_survey_stories_materials","instructions":{"mark":"Dimension \u0026 Description","transcribe":"Enter, as they appear, the number of stories and the building materials."}},{"id":"56b176ec50617568bb990f00","status":"awaiting_transcriptions","name":"Additional Info","created_in_workflow":"transcribe","confidence":0.3333333333333333,"data":{"value":"house"},"versions":[{"data":{"value":"house"},"votes":1,"confidence":0.3333333333333333,"instances":[{"created":"2015-12-17T03:57:39Z","user_id":"56722e0e6434380003c90300","duration":1.954}]}],"region":{"x":477.26412091584365,"y":640.8613121455461,"width":464.51088498452253,"height":43.5787057085837,"label":"Dimension \u0026 Description","shape":"rectangle"},"task_key":"em_record_survey_additional_info","instructions":{"mark":"Dimension \u0026 Description","transcribe":"Enter any additional information you find about the building's construction or significance."}},{"id":"56b176ec50617568bb9a0f00","status":"awaiting_transcriptions","name":"Land \u0026 Building Dimensions","created_in_workflow":"transcribe","confidence":0.3333333333333333,"data":{"em_survey_land_dimensions":"","em_survey_building_dimensions":"24 x 50."},"versions":[{"data":{"em_survey_land_dimensions":"","em_survey_building_dimensions":"24 x 50."},"votes":1,"confidence":0.3333333333333333,"instances":[{"created":"2016-01-21T23:44:03Z","user_id":"56a14d543833370003c80000","duration":17.414}]}],"region":{"x":483.8669227613184,"y":613.3239513262007,"width":438.2590051457977,"height":83.42145698114984,"label":"Dimension \u0026 Description","shape":"rectangle"},"task_key":"em_record_survey","instructions":{"mark":"Dimension \u0026 Description","transcribe":"Enter, as they appear, any land and building dimensions that were recorded. In the next screen, you'll enter the descriptive information."}},{"id":"56b176ec50617568bb9b0f00","status":"awaiting_transcriptions","name":"Stories \u0026 Materials","created_in_workflow":"transcribe","confidence":0.3333333333333333,"data":{"em_record_stories":"2 1/2","em_record_material":"frame"},"versions":[{"data":{"em_record_stories":"2 1/2","em_record_material":"frame"},"votes":1,"confidence":0.3333333333333333,"instances":[{"created":"2016-01-21T23:44:14Z","user_id":"56a14d543833370003c80000","duration":10.51}]}],"region":{"x":483.8669227613184,"y":613.3239513262007,"width":438.2590051457977,"height":83.42145698114984,"label":"Dimension \u0026 Description","shape":"rectangle"},"task_key":"em_record_survey_stories_materials","instructions":{"mark":"Dimension \u0026 Description","transcribe":"Enter, as they appear, the number of stories and the building materials."}},{"id":"56b176ec50617568bb9c0f00","status":"awaiting_transcriptions","name":"Additional Info","created_in_workflow":"transcribe","confidence":0.3333333333333333,"data":{"value":"house"},"versions":[{"data":{"value":"house"},"votes":1,"confidence":0.3333333333333333,"instances":[{"created":"2016-01-21T23:44:17Z","user_id":"56a14d543833370003c80000","duration":2.999}]}],"region":{"x":483.8669227613184,"y":613.3239513262007,"width":438.2590051457977,"height":83.42145698114984,"label":"Dimension \u0026 Description","shape":"rectangle"},"task_key":"em_record_survey_additional_info","instructions":{"mark":"Dimension \u0026 Description","transcribe":"Enter any additional information you find about the building's construction or significance."}},{"id":"56b176ec50617568bb9d0f00","status":"awaiting_transcriptions","name":"Land \u0026 Building Dimensions","created_in_workflow":"transcribe","confidence":0.3333333333333333,"data":{"em_survey_land_dimensions":"","em_survey_building_dimensions":"24 x 50"},"versions":[{"data":{"em_survey_land_dimensions":"","em_survey_building_dimensions":"24 x 50"},"votes":1,"confidence":0.3333333333333333,"instances":[{"created":"2016-01-21T23:44:36Z","user_id":"56a14d543833370003c80000","duration":12.985}]}],"region":{"x":493.2665797081452,"y":621.5486020144829,"width":421.8096054888508,"height":75.19680629286756,"label":"Dimension \u0026 Description","shape":"rectangle"},"task_key":"em_record_survey","instructions":{"mark":"Dimension \u0026 Description","transcribe":"Enter, as they appear, any land and building dimensions that were recorded. In the next screen, you'll enter the descriptive information."}},{"id":"56b176ec50617568bb9e0f00","status":"awaiting_transcriptions","name":"Stories \u0026 Materials","created_in_workflow":"transcribe","confidence":0.3333333333333333,"data":{"em_record_stories":"2 1/2","em_record_material":"frame"},"versions":[{"data":{"em_record_stories":"2 1/2","em_record_material":"frame"},"votes":1,"confidence":0.3333333333333333,"instances":[{"created":"2016-01-21T23:44:52Z","user_id":"56a14d543833370003c80000","duration":16.13}]}],"region":{"x":493.2665797081452,"y":621.5486020144829,"width":421.8096054888508,"height":75.19680629286756,"label":"Dimension \u0026 Description","shape":"rectangle"},"task_key":"em_record_survey_stories_materials","instructions":{"mark":"Dimension \u0026 Description","transcribe":"Enter, as they appear, the number of stories and the building materials."}},{"id":"56b176ec50617568bb9f0f00","status":"awaiting_transcriptions","name":"Additional Info","created_in_workflow":"transcribe","confidence":0.3333333333333333,"data":{"value":"house"},"versions":[{"data":{"value":"house"},"votes":1,"confidence":0.3333333333333333,"instances":[{"created":"2016-01-21T23:44:54Z","user_id":"56a14d543833370003c80000","duration":2.431}]}],"region":{"x":493.2665797081452,"y":621.5486020144829,"width":421.8096054888508,"height":75.19680629286756,"label":"Dimension \u0026 Description","shape":"rectangle"},"task_key":"em_record_survey_additional_info","instructions":{"mark":"Dimension \u0026 Description","transcribe":"Enter any additional information you find about the building's construction or significance."}},{"id":"56b176ec50617568bba00f00","status":"awaiting_votes","name":"Record Date","created_in_workflow":"transcribe","confidence":0.3333333333333333,"data":{"value":"1871 Sept 23"},"versions":[{"data":{"value":"1871 Sept 23"},"votes":1,"confidence":0.3333333333333333,"instances":[{"created":"2015-11-18T12:26:40Z","user_id":"564c675865316600033b0100","duration":24.026}]},{"data":{"value":"1871 Septr 23"},"votes":1,"confidence":0.3333333333333333,"instances":[{"created":"2015-12-17T02:35:53Z","user_id":"5647496e3562310003960400","duration":19.133}]},{"data":{"value":"September 23, 1871"},"votes":1,"confidence":0.3333333333333333,"instances":[{"created":"2015-12-17T03:55:11Z","user_id":"56722e0e6434380003c90300","duration":5.205}]}],"region":{"x":129.90260868401597,"y":87.65689898369439,"width":172.9996551115377,"height":117.1177715918187,"label":"Record Date","shape":"rectangle"},"task_key":"em_record_date","instructions":{"mark":"Record Date","transcribe":"Enter the record date"}},{"id":"56b176ec50617568bba10f00","status":"awaiting_transcriptions","name":"Record Date","created_in_workflow":"transcribe","confidence":0.3333333333333333,"data":{"value":"September 23, 1871"},"versions":[{"data":{"value":"September 23, 1871"},"votes":1,"confidence":0.3333333333333333,"instances":[{"created":"2015-12-17T03:55:00Z","user_id":"56722e0e6434380003c90300","duration":12.643}]},{"data":{"value":"492"},"votes":1,"confidence":0.3333333333333333,"instances":[{"created":"2015-12-17T17:35:20Z","user_id":"5672f13a6235370003c60800","duration":9.311}]}],"region":{"x":907.7199556815596,"y":25.012509527605328,"width":201.60589729533524,"height":65.36805856287555,"label":"Record Date","shape":"rectangle"},"task_key":"em_record_date","instructions":{"mark":"Record Date","transcribe":"Enter the record date"}},{"id":"56b176ec50617568bba20f00","status":"awaiting_transcriptions","name":"Land \u0026 Building Value","created_in_workflow":"transcribe","confidence":0.3333333333333333,"data":{"em_valuation_ground":"Blank","em_valuation_building":"Blank"},"versions":[{"data":{"em_valuation_ground":"Blank","em_valuation_building":"Blank"},"votes":1,"confidence":0.3333333333333333,"instances":[{"created":"2015-11-18T12:32:01Z","user_id":"564c675865316600033b0100","duration":56.986}]},{"data":{"em_valuation_ground":""},"votes":1,"confidence":0.3333333333333333,"instances":[{"created":"2015-12-17T12:15:22Z","user_id":"5672a4f06434380003a50500","duration":1.303}]}],"region":{"x":338.31951602311256,"y":678.9926796405568,"width":287.4246238467281,"height":54.473382135729594,"label":"Valuation","shape":"rectangle"},"task_key":"em_record_valuation_ground_building","instructions":{"mark":"Valuation","transcribe":"Sometimes valuations include itemized dollar values for \"ground\" and \"building\". Enter these amounts if you can find them. In the next screen, you'll enter the total valuation."}},{"id":"56b176ec50617568bba30f00","status":"awaiting_transcriptions","name":"Valuation Date","created_in_workflow":"transcribe","confidence":0.3333333333333333,"data":{"value":""},"versions":[{"data":{"value":""},"votes":1,"confidence":0.3333333333333333,"instances":[{"created":"2015-12-17T12:15:21Z","user_id":"5672a4f06434380003a50500","duration":7.458}]}],"region":{"x":338.31951602311256,"y":678.9926796405568,"width":287.4246238467281,"height":54.473382135729594,"label":"Valuation","shape":"rectangle"},"task_key":"em_record_valuation","instructions":{"mark":"Valuation","transcribe":"Enter the date of the valuation (if one is given). In the next screen, you'll enter the valuation's dollar amounts."}},{"id":"56b176ec50617568bba40f00","status":"awaiting_transcriptions","name":"Total Value","created_in_workflow":"transcribe","confidence":0.3333333333333333,"data":{"value":""},"versions":[{"data":{"value":""},"votes":1,"confidence":0.3333333333333333,"instances":[{"created":"2015-12-17T12:15:22Z","user_id":"5672a4f06434380003a50500","duration":0.037}]}],"region":{"x":338.31951602311256,"y":678.9926796405568,"width":287.4246238467281,"height":54.473382135729594,"label":"Valuation","shape":"rectangle"},"task_key":"em_record_valuation_total","instructions":{"mark":"Valuation","transcribe":"Enter the valuation ***total*** (if one is given)"}},{"id":"56b176ec50617568bba50f00","status":"awaiting_votes","name":"Amount Loaned","created_in_workflow":"transcribe","confidence":0.6666666666666666,"data":{"value":"$3500"},"versions":[{"data":{"value":"$3500"},"votes":2,"confidence":0.6666666666666666,"instances":[{"created":"2015-12-17T02:36:43Z","user_id":"5647496e3562310003960400","duration":5.387},{"created":"2015-12-17T16:54:17Z","user_id":"566eeeda3637340003010100","duration":3.415}]},{"data":{"value":"3500"},"votes":1,"confidence":0.3333333333333333,"instances":[{"created":"2015-11-18T12:32:18Z","user_id":"564c675865316600033b0100","duration":9.412}]}],"region":{"x":496.3349490383754,"y":733.8201416693612,"width":144.3934129277401,"height":65.36805856287549,"label":"Amount Loaned","shape":"rectangle"},"task_key":"em_record_amount_loaned","instructions":{"mark":"Amount Loaned","transcribe":"Enter the Amount Loaned"}}]}]}