{"id":"56b0fffe7061755afb0f0500","meta_data":{"capture_uuid":"e0bb0870-00b1-0133-ae7d-58d385a7bbd0","page_uri":"http://digitalcollections.nypl.org/items/e0bb0870-00b1-0133-ae7d-58d385a7bbd0","book_uri":"http://digitalcollections.nypl.org/items/df712aa0-00b1-0133-fbd7-58d385a7bbd0","source_rotated":"1.2867","source_x":"1223.85","source_y":"0","source_w":"1380.15","source_h":"1015.28"},"type":"final_subject_set","search_terms_by_field":{"Record Number":["1861 April 5 and 1862 March 6","181"],"Mortgager":["Catherine W. Gee"],"Street Address":["No. 365 9th Avenue"],"Land \u0026 Building Dimensions":["25 x 100","25 x 38"],"Stories \u0026 Materials":["3","frame and brick"],"Additional Info":["1 story brick addition included"],"Record Date":["1861 April 5, 1862 March 6","1862 March 6"],"Valuation Date":["Valuation of these Premises $8,000"],"Land \u0026 Building Value":[],"Total Value":["$8,000"],"Amount Loaned":["$2,000"]},"subjects":[{"id":"56b1764750617568bb870400","type":"root","location":{"standard":"https://s3.amazonaws.com/scribe.nypl.org/emigrant-s4/full/e0bb0870-00b1-0133-ae7d-58d385a7bbd0.right-top.jpg","thumbnail":"https://s3.amazonaws.com/scribe.nypl.org/emigrant-s4/thumb/e0bb0870-00b1-0133-ae7d-58d385a7bbd0.right-top.jpg"},"status":"active","width":1380,"height":1015,"meta_data":{"capture_uuid":"e0bb0870-00b1-0133-ae7d-58d385a7bbd0","page_uri":"http://digitalcollections.nypl.org/items/e0bb0870-00b1-0133-ae7d-58d385a7bbd0","book_uri":"http://digitalcollections.nypl.org/items/df712aa0-00b1-0133-fbd7-58d385a7bbd0","source_rotated":"1.2867","source_x":"1223.85","source_y":"0","source_w":"1380.15","source_h":"1015.28"},"assertions":[{"id":"56b1764750617568bb880400","status":"awaiting_transcriptions","name":"Record Number","created_in_workflow":"transcribe","confidence":0.3333333333333333,"data":{"value":"1861 April 5 and 1862 March 6"},"versions":[{"data":{"value":"1861 April 5 and 1862 March 6"},"votes":1,"confidence":0.3333333333333333,"instances":[{"created":"2015-11-25T18:33:14Z","user_id":"5655d2873437330003e50000","duration":24.062}]},{"data":{"value":"181"},"votes":1,"confidence":0.3333333333333333,"instances":[{"created":"2015-11-25T21:34:24Z","user_id":"5647496e3562310003960400","duration":9.813}]}],"region":{"x":120.79393847729801,"y":118.90845223024706,"width":178.6783540385453,"height":127.34147338883344,"label":"Record Number","shape":"rectangle"},"task_key":"em_record_number","instructions":{"mark":"Record Number","transcribe":"Enter the record number"}},{"id":"56b1764750617568bb890400","status":"complete","name":"Record Number","created_in_workflow":"transcribe","confidence":1.0,"data":{"value":"181"},"versions":[{"data":{"value":"181"},"votes":3,"confidence":1.0,"instances":[{"created":"2015-11-25T18:32:08Z","user_id":"5655d2873437330003e50000","duration":4.15},{"created":"2015-11-25T18:48:55Z","user_id":"5655e5253437330003fd0100","duration":3.35},{"created":"2015-11-25T21:33:28Z","user_id":"5647496e3562310003960400","duration":4.198}]}],"region":{"x":927.5001705721162,"y":42.059511708341084,"width":184.87017818839593,"height":38.02558288850131,"label":"Record Number","shape":"rectangle"},"task_key":"em_record_number","instructions":{"mark":"Record Number","transcribe":"Enter the record number"}},{"id":"56b1764750617568bb8a0400","status":"awaiting_transcriptions","name":"Mortgager","created_in_workflow":"transcribe","confidence":0.6666666666666666,"data":{"value":"Catherine W. Gee"},"versions":[{"data":{"value":"Catherine W. Gee"},"votes":2,"confidence":0.6666666666666666,"instances":[{"created":"2015-11-25T18:34:28Z","user_id":"5655d2873437330003e50000","duration":6.549},{"created":"2015-11-25T18:51:29Z","user_id":"5655e5253437330003fd0100","duration":8.476}]}],"region":{"x":453.38334995498616,"y":546.1195639512655,"width":336.1275967061742,"height":36.25695112624544,"label":"Mortgager Name","shape":"rectangle"},"task_key":"em_record_mortgager","instructions":{"mark":"Mortgager Name","transcribe":"Enter the mortgager's name"}},{"id":"56b1764750617568bb8b0400","status":"awaiting_votes","name":"Street Address","created_in_workflow":"transcribe","confidence":0.6666666666666666,"data":{"value":"No. 365 9th Avenue"},"versions":[{"data":{"value":"No. 365 9th Avenue"},"votes":2,"confidence":0.6666666666666666,"instances":[{"created":"2015-11-25T21:36:04Z","user_id":"5655d2873437330003e50000","duration":9.079},{"created":"2015-11-25T21:40:26Z","user_id":"5647496e3562310003960400","duration":11.998}]},{"data":{"value":"No. 365 9th avenue"},"votes":1,"confidence":0.3333333333333333,"instances":[{"created":"2015-11-25T18:51:48Z","user_id":"5655e5253437330003fd0100","duration":9.192}]}],"region":{"x":491.4188411612111,"y":585.0294627208947,"width":345.8576060845108,"height":35.37263524511752,"label":"Street Address","shape":"rectangle"},"task_key":"em_record_street_address","instructions":{"mark":"Street Address","transcribe":"Enter the street address"}},{"id":"56b1764750617568bb8c0400","status":"awaiting_transcriptions","name":"Land \u0026 Building Dimensions","created_in_workflow":"transcribe","confidence":0.3333333333333333,"data":{"em_survey_land_dimensions":"25 x 100","em_survey_building_dimensions":"25 x 38"},"versions":[{"data":{"em_survey_land_dimensions":"25 x 100","em_survey_building_dimensions":"25 x 38"},"votes":1,"confidence":0.3333333333333333,"instances":[{"created":"2015-11-25T20:35:13Z","user_id":"5655d2873437330003e50000","duration":8.963}]}],"region":{"x":509.99431361076284,"y":622.968517966761,"width":722.6743329182749,"height":72.51384827813281,"label":"Dimension \u0026 Description","shape":"rectangle"},"task_key":"em_record_survey","instructions":{"mark":"Dimension \u0026 Description","transcribe":"Enter, as they appear, any land and building dimensions that were recorded. In the next screen, you'll enter the descriptive information."}},{"id":"56b1764750617568bb8d0400","status":"awaiting_transcriptions","name":"Stories \u0026 Materials","created_in_workflow":"transcribe","confidence":0.3333333333333333,"data":{"em_record_stories":"3","em_record_material":"frame and brick"},"versions":[{"data":{"em_record_stories":"3","em_record_material":"frame and brick"},"votes":1,"confidence":0.3333333333333333,"instances":[{"created":"2015-11-25T20:35:23Z","user_id":"5655d2873437330003e50000","duration":10.104}]}],"region":{"x":509.99431361076284,"y":622.968517966761,"width":722.6743329182749,"height":72.51384827813281,"label":"Dimension \u0026 Description","shape":"rectangle"},"task_key":"em_record_survey_stories_materials","instructions":{"mark":"Dimension \u0026 Description","transcribe":"Enter, as they appear, the number of stories and the building materials."}},{"id":"56b1764750617568bb8e0400","status":"awaiting_transcriptions","name":"Additional Info","created_in_workflow":"transcribe","confidence":0.3333333333333333,"data":{"value":"1 story brick addition included"},"versions":[{"data":{"value":"1 story brick addition included"},"votes":1,"confidence":0.3333333333333333,"instances":[{"created":"2015-11-25T20:35:33Z","user_id":"5655d2873437330003e50000","duration":9.463}]}],"region":{"x":509.99431361076284,"y":622.968517966761,"width":722.6743329182749,"height":72.51384827813281,"label":"Dimension \u0026 Description","shape":"rectangle"},"task_key":"em_record_survey_additional_info","instructions":{"mark":"Dimension \u0026 Description","transcribe":"Enter any additional information you find about the building's construction or significance."}},{"id":"56b1764750617568bb8f0400","status":"awaiting_votes","name":"Record Date","created_in_workflow":"transcribe","confidence":0.3333333333333333,"data":{"value":"1861 April 5, 1862 March 6"},"versions":[{"data":{"value":"1861 April 5, 1862 March 6"},"votes":1,"confidence":0.3333333333333333,"instances":[{"created":"2015-11-25T20:43:58Z","user_id":"565e4fed3862380003f10900","duration":26.911}]},{"data":{"value":"1861 April 5;  1862 March 6"},"votes":1,"confidence":0.3333333333333333,"instances":[{"created":"2015-12-28T03:04:45Z","user_id":"563f8b7a3264340003774b00","duration":34.132}]},{"data":{"value":"1861 April 5 and 1862 March 6"},"votes":1,"confidence":0.3333333333333333,"instances":[{"created":"2015-12-28T04:19:53Z","user_id":"5680b67965623900037f0000","duration":13.361}]}],"region":{"x":107.52574387047535,"y":64.16740873653954,"width":177.79380773142378,"height":180.4004397500993,"label":"Record Date","shape":"rectangle"},"task_key":"em_record_date","instructions":{"mark":"Record Date","transcribe":"Enter the record date"}},{"id":"56b1764750617568bb900400","status":"complete","name":"Record Date","created_in_workflow":"transcribe","confidence":1.0,"data":{"value":"1862 March 6"},"versions":[{"data":{"value":"1862 March 6"},"votes":3,"confidence":1.0,"instances":[{"created":"2016-01-22T01:44:19Z","user_id":"56a184b03833370003b80400","duration":5.146},{"created":"2016-01-22T18:01:57Z","user_id":"56a26d333634350003880700","duration":7.861},{"created":"2016-01-22T20:13:31Z","user_id":"56a28d6b32646600031e0100","duration":8.338}]}],"region":{"x":111.05602287614653,"y":163.3084711403708,"width":189.74423454261648,"height":95.59425316046625,"label":"Record Date","shape":"rectangle"},"task_key":"em_record_date","instructions":{"mark":"Record Date","transcribe":"Enter the record date"}},{"id":"56b1764750617568bb910400","status":"awaiting_transcriptions","name":"Valuation Date","created_in_workflow":"transcribe","confidence":0.3333333333333333,"data":{"value":"Valuation of these Premises $8,000"},"versions":[{"data":{"value":"Valuation of these Premises $8,000"},"votes":1,"confidence":0.3333333333333333,"instances":[{"created":"2015-11-25T20:45:14Z","user_id":"5655d2873437330003e50000","duration":8.077}]}],"region":{"x":376.42782123541457,"y":770.5626682577491,"width":474.0795333960645,"height":45.984425818652674,"label":"Valuation","shape":"rectangle"},"task_key":"em_record_valuation","instructions":{"mark":"Valuation","transcribe":"Enter the date of the valuation (if one is given). In the next screen, you'll enter the valuation's dollar amounts."}},{"id":"56b1764750617568bb920400","status":"awaiting_transcriptions","name":"Land \u0026 Building Value","created_in_workflow":"transcribe","confidence":0.3333333333333333,"data":{"em_valuation_ground":""},"versions":[{"data":{"em_valuation_ground":""},"votes":1,"confidence":0.3333333333333333,"instances":[{"created":"2015-11-25T20:45:15Z","user_id":"5655d2873437330003e50000","duration":1.237}]}],"region":{"x":376.42782123541457,"y":770.5626682577491,"width":474.0795333960645,"height":45.984425818652674,"label":"Valuation","shape":"rectangle"},"task_key":"em_record_valuation_ground_building","instructions":{"mark":"Valuation","transcribe":"Sometimes valuations include itemized dollar values for \"ground\" and \"building\". Enter these amounts if you can find them. In the next screen, you'll enter the total valuation."}},{"id":"56b1764750617568bb930400","status":"awaiting_transcriptions","name":"Total Value","created_in_workflow":"transcribe","confidence":0.3333333333333333,"data":{"value":"$8,000"},"versions":[{"data":{"value":"$8,000"},"votes":1,"confidence":0.3333333333333333,"instances":[{"created":"2015-11-25T20:45:18Z","user_id":"5655d2873437330003e50000","duration":2.976}]}],"region":{"x":376.42782123541457,"y":770.5626682577491,"width":474.0795333960645,"height":45.984425818652674,"label":"Valuation","shape":"rectangle"},"task_key":"em_record_valuation_total","instructions":{"mark":"Valuation","transcribe":"Enter the valuation ***total*** (if one is given)"}},{"id":"56b1764750617568bb940400","status":"awaiting_votes","name":"Amount Loaned","created_in_workflow":"transcribe","confidence":0.6666666666666666,"data":{"value":"$2,000"},"versions":[{"data":{"value":"$2,000"},"votes":2,"confidence":0.6666666666666666,"instances":[{"created":"2015-11-25T18:43:03Z","user_id":"5655d2873437330003e50000","duration":4.221},{"created":"2015-11-25T22:23:51Z","user_id":"5656341c3262660003a90d00","duration":6.772}]},{"data":{"value":"$2000"},"votes":1,"confidence":0.3333333333333333,"instances":[{"created":"2015-11-25T23:14:43Z","user_id":"5655f93f34373300039d0500","duration":11.451}]}],"region":{"x":1171.634951337653,"y":737.8429806560156,"width":129.14376083974057,"height":55.7119005110601,"label":"Amount Loaned","shape":"rectangle"},"task_key":"em_record_amount_loaned","instructions":{"mark":"Amount Loaned","transcribe":"Enter the Amount Loaned"}}]}]}