{"id":"56b100247061755afbdd0700","meta_data":{"capture_uuid":"e1258b60-00b1-0133-6737-58d385a7bbd0","page_uri":"http://digitalcollections.nypl.org/items/e1258b60-00b1-0133-6737-58d385a7bbd0","book_uri":"http://digitalcollections.nypl.org/items/df712aa0-00b1-0133-fbd7-58d385a7bbd0","source_rotated":"1.45446","source_x":"0","source_y":"977.6","source_w":"1383.33","source_h":"1102.4"},"type":"final_subject_set","search_terms_by_field":{"Record Number":["293"],"Mortgager":["Charlotte C. Clarke \u0026 husband"],"Street Address":["No 203 S 34th Street"],"Land \u0026 Building Dimensions":["25 x 98","25 x 53"],"Stories \u0026 Materials":["4","brick \u0026 stone"],"Additional Info":["house"],"Record Date":["1867 April 22"],"Valuation Date":[],"Land \u0026 Building Value":["13000"],"Total Value":["13000"],"Amount Loaned":["12000","$9000"]},"subjects":[{"id":"56b1766e50617568bb2a0700","type":"root","location":{"standard":"https://s3.amazonaws.com/scribe.nypl.org/emigrant-s4/full/e1258b60-00b1-0133-6737-58d385a7bbd0.left-bottom.jpg","thumbnail":"https://s3.amazonaws.com/scribe.nypl.org/emigrant-s4/thumb/e1258b60-00b1-0133-6737-58d385a7bbd0.left-bottom.jpg"},"status":"active","width":1383,"height":1102,"meta_data":{"capture_uuid":"e1258b60-00b1-0133-6737-58d385a7bbd0","page_uri":"http://digitalcollections.nypl.org/items/e1258b60-00b1-0133-6737-58d385a7bbd0","book_uri":"http://digitalcollections.nypl.org/items/df712aa0-00b1-0133-fbd7-58d385a7bbd0","source_rotated":"1.45446","source_x":"0","source_y":"977.6","source_w":"1383.33","source_h":"1102.4"},"assertions":[{"id":"56b1766e50617568bb2b0700","status":"complete","name":"Record Number","created_in_workflow":"transcribe","confidence":1.0,"data":{"value":"293"},"versions":[{"data":{"value":"293"},"votes":3,"confidence":1.0,"instances":[{"created":"2015-12-15T03:49:08Z","user_id":"566f8a033066300003b20700","duration":5.955},{"created":"2016-01-13T04:56:23Z","user_id":"567ac7e161383400030e0500","duration":3.095},{"created":"2016-01-13T14:55:36Z","user_id":"569652e06236640003140600","duration":7.895}]}],"region":{"x":931.318085106383,"y":48.55165688020809,"width":123.58723404255329,"height":52.96544386931793,"label":"Record Number","shape":"rectangle"},"task_key":"em_record_number","instructions":{"mark":"Record Number","transcribe":"Enter the record number"}},{"id":"56b1766e50617568bb2c0700","status":"awaiting_votes","name":"Mortgager","created_in_workflow":"transcribe","confidence":0.6666666666666666,"data":{"value":"Charlotte C. Clarke \u0026 husband"},"versions":[{"data":{"value":"Charlotte C. Clarke \u0026 husband"},"votes":2,"confidence":0.6666666666666666,"instances":[{"created":"2016-01-13T04:57:33Z","user_id":"567ac7e161383400030e0500","duration":16.687},{"created":"2016-01-13T16:53:14Z","user_id":"5696797a3064330003320700","duration":21.813}]},{"data":{"value":"Charlotte C Clarke \u0026 Husband"},"votes":1,"confidence":0.3333333333333333,"instances":[{"created":"2015-12-15T03:49:40Z","user_id":"566f8a033066300003b20700","duration":19.59}]}],"region":{"x":414.90000000000003,"y":519.3556023852562,"width":426.6702127659575,"height":66.2068048366474,"label":"Mortgager Name","shape":"rectangle"},"task_key":"em_record_mortgager","instructions":{"mark":"Mortgager Name","transcribe":"Enter the mortgager's name"}},{"id":"56b1766e50617568bb2d0700","status":"awaiting_votes","name":"Street Address","created_in_workflow":"transcribe","confidence":0.3333333333333333,"data":{"value":"No 203 S 34th Street"},"versions":[{"data":{"value":"No 203 S 34th Street"},"votes":1,"confidence":0.3333333333333333,"instances":[{"created":"2015-12-15T03:50:01Z","user_id":"566f8a033066300003b20700","duration":21.342}]},{"data":{"value":"203. E. 34th Street"},"votes":1,"confidence":0.3333333333333333,"instances":[{"created":"2016-01-13T16:53:41Z","user_id":"5696797a3064330003320700","duration":12.859}]},{"data":{"value":"no. 203. E. 34th Street"},"votes":1,"confidence":0.3333333333333333,"instances":[{"created":"2016-01-13T17:38:53Z","user_id":"569688a630643300036e0800","duration":22.594}]}],"region":{"x":447.268085106383,"y":563.4934722763545,"width":303.0829787234043,"height":48.55165688020816,"label":"Street Address","shape":"rectangle"},"task_key":"em_record_street_address","instructions":{"mark":"Street Address","transcribe":"Enter the street address"}},{"id":"56b1766e50617568bb2e0700","status":"awaiting_transcriptions","name":"Land \u0026 Building Dimensions","created_in_workflow":"transcribe","confidence":0.3333333333333333,"data":{"em_survey_land_dimensions":"25 x 98","em_survey_building_dimensions":"25 x 53"},"versions":[{"data":{"em_survey_land_dimensions":"25 x 98","em_survey_building_dimensions":"25 x 53"},"votes":1,"confidence":0.3333333333333333,"instances":[{"created":"2015-12-15T03:50:21Z","user_id":"566f8a033066300003b20700","duration":20.444}]}],"region":{"x":460.50957446808513,"y":603.217555178343,"width":400.1872340425532,"height":80.91942813368019,"label":"Dimension \u0026 Description","shape":"rectangle"},"task_key":"em_record_survey","instructions":{"mark":"Dimension \u0026 Description","transcribe":"Enter, as they appear, any land and building dimensions that were recorded. In the next screen, you'll enter the descriptive information."}},{"id":"56b1766e50617568bb2f0700","status":"awaiting_transcriptions","name":"Stories \u0026 Materials","created_in_workflow":"transcribe","confidence":0.3333333333333333,"data":{"em_record_stories":"4","em_record_material":"brick \u0026 stone"},"versions":[{"data":{"em_record_stories":"4","em_record_material":"brick \u0026 stone"},"votes":1,"confidence":0.3333333333333333,"instances":[{"created":"2015-12-15T03:50:47Z","user_id":"566f8a033066300003b20700","duration":26.11}]}],"region":{"x":460.50957446808513,"y":603.217555178343,"width":400.1872340425532,"height":80.91942813368019,"label":"Dimension \u0026 Description","shape":"rectangle"},"task_key":"em_record_survey_stories_materials","instructions":{"mark":"Dimension \u0026 Description","transcribe":"Enter, as they appear, the number of stories and the building materials."}},{"id":"56b1766e50617568bb300700","status":"awaiting_transcriptions","name":"Additional Info","created_in_workflow":"transcribe","confidence":0.3333333333333333,"data":{"value":"house"},"versions":[{"data":{"value":"house"},"votes":1,"confidence":0.3333333333333333,"instances":[{"created":"2015-12-15T03:50:54Z","user_id":"566f8a033066300003b20700","duration":6.778}]}],"region":{"x":460.50957446808513,"y":603.217555178343,"width":400.1872340425532,"height":80.91942813368019,"label":"Dimension \u0026 Description","shape":"rectangle"},"task_key":"em_record_survey_additional_info","instructions":{"mark":"Dimension \u0026 Description","transcribe":"Enter any additional information you find about the building's construction or significance."}},{"id":"56b1766e50617568bb310700","status":"awaiting_votes","name":"Record Date","created_in_workflow":"transcribe","confidence":0.3333333333333333,"data":{"value":"1867 April 22"},"versions":[{"data":{"value":"1867 April 22"},"votes":1,"confidence":0.3333333333333333,"instances":[{"created":"2015-12-15T03:49:20Z","user_id":"566f8a033066300003b20700","duration":11.669}]},{"data":{"value":"1867 April 22d"},"votes":1,"confidence":0.3333333333333333,"instances":[{"created":"2016-01-13T04:56:31Z","user_id":"567ac7e161383400030e0500","duration":8.759}]},{"data":{"value":"1867  April 22nd"},"votes":1,"confidence":0.3333333333333333,"instances":[{"created":"2016-01-13T14:56:38Z","user_id":"569652e06236640003140600","duration":55.943}]}],"region":{"x":52.96595744680852,"y":92.68952677130636,"width":198.62234042553192,"height":127.99982268418498,"label":"Record Date","shape":"rectangle"},"task_key":"em_record_date","instructions":{"mark":"Record Date","transcribe":"Enter the record date"}},{"id":"56b1766e50617568bb320700","status":"awaiting_transcriptions","name":"Valuation Date","created_in_workflow":"transcribe","confidence":0.3333333333333333,"data":{"value":""},"versions":[{"data":{"value":""},"votes":1,"confidence":0.3333333333333333,"instances":[{"created":"2015-12-15T03:51:10Z","user_id":"566f8a033066300003b20700","duration":10.407}]}],"region":{"x":613.522340425532,"y":757.7000997971869,"width":120.64468085106387,"height":50.02291920991138,"label":"Valuation","shape":"rectangle"},"task_key":"em_record_valuation","instructions":{"mark":"Valuation","transcribe":"Enter the date of the valuation (if one is given). In the next screen, you'll enter the valuation's dollar amounts."}},{"id":"56b1766e50617568bb330700","status":"awaiting_transcriptions","name":"Land \u0026 Building Value","created_in_workflow":"transcribe","confidence":0.3333333333333333,"data":{"em_valuation_ground":"","em_valuation_building":"13000"},"versions":[{"data":{"em_valuation_ground":"","em_valuation_building":"13000"},"votes":1,"confidence":0.3333333333333333,"instances":[{"created":"2015-12-15T03:51:31Z","user_id":"566f8a033066300003b20700","duration":21.29}]}],"region":{"x":613.522340425532,"y":757.7000997971869,"width":120.64468085106387,"height":50.02291920991138,"label":"Valuation","shape":"rectangle"},"task_key":"em_record_valuation_ground_building","instructions":{"mark":"Valuation","transcribe":"Sometimes valuations include itemized dollar values for \"ground\" and \"building\". Enter these amounts if you can find them. In the next screen, you'll enter the total valuation."}},{"id":"56b1766e50617568bb340700","status":"awaiting_transcriptions","name":"Total Value","created_in_workflow":"transcribe","confidence":0.3333333333333333,"data":{"value":"13000"},"versions":[{"data":{"value":"13000"},"votes":1,"confidence":0.3333333333333333,"instances":[{"created":"2015-12-15T03:51:37Z","user_id":"566f8a033066300003b20700","duration":6.173}]}],"region":{"x":613.522340425532,"y":757.7000997971869,"width":120.64468085106387,"height":50.02291920991138,"label":"Valuation","shape":"rectangle"},"task_key":"em_record_valuation_total","instructions":{"mark":"Valuation","transcribe":"Enter the valuation ***total*** (if one is given)"}},{"id":"56b1766e50617568bb350700","status":"awaiting_votes","name":"Amount Loaned","created_in_workflow":"transcribe","confidence":0.3333333333333333,"data":{"value":"12000"},"versions":[{"data":{"value":"12000"},"votes":1,"confidence":0.3333333333333333,"instances":[{"created":"2015-12-15T03:50:59Z","user_id":"566f8a033066300003b20700","duration":4.982}]},{"data":{"value":"$12000"},"votes":1,"confidence":0.3333333333333333,"instances":[{"created":"2016-01-13T04:50:57Z","user_id":"5695d1a53064330003a90300","duration":4.298}]},{"data":{"value":"$12000."},"votes":1,"confidence":0.3333333333333333,"instances":[{"created":"2016-01-13T17:39:15Z","user_id":"569688a630643300036e0800","duration":8.838}]}],"region":{"x":445.7968085106383,"y":731.217377862528,"width":138.3,"height":41.195345231691704,"label":"Amount Loaned","shape":"rectangle"},"task_key":"em_record_amount_loaned","instructions":{"mark":"Amount Loaned","transcribe":"Enter the Amount Loaned"}},{"id":"56b1766e50617568bb360700","status":"awaiting_transcriptions","name":"Amount Loaned","created_in_workflow":"transcribe","confidence":0.3333333333333333,"data":{"value":"$9000"},"versions":[{"data":{"value":"$9000"},"votes":1,"confidence":0.3333333333333333,"instances":[{"created":"2016-01-13T04:50:53Z","user_id":"5695d1a53064330003a90300","duration":3.484}]},{"data":{"value":"9000"},"votes":1,"confidence":0.3333333333333333,"instances":[{"created":"2016-01-13T17:39:06Z","user_id":"569688a630643300036e0800","duration":5.061}]}],"region":{"x":1156.4234042553192,"y":726.8035908734181,"width":104.46063829787252,"height":51.49418153961469,"label":"Amount Loaned","shape":"rectangle"},"task_key":"em_record_amount_loaned","instructions":{"mark":"Amount Loaned","transcribe":"Enter the Amount Loaned"}}]}]}