{"id":"56b101127061755afb4d1900","meta_data":{"capture_uuid":"e3f6df30-00b1-0133-9bfe-58d385a7bbd0","page_uri":"http://digitalcollections.nypl.org/items/e3f6df30-00b1-0133-9bfe-58d385a7bbd0","book_uri":"http://digitalcollections.nypl.org/items/df712aa0-00b1-0133-fbd7-58d385a7bbd0","source_rotated":"0.867204","source_x":"0","source_y":"0","source_w":"1373.76","source_h":"985.92"},"type":"final_subject_set","search_terms_by_field":{},"subjects":[{"id":"56b1776050617568bb831700","type":"root","location":{"standard":"https://s3.amazonaws.com/scribe.nypl.org/emigrant-s4/full/e3f6df30-00b1-0133-9bfe-58d385a7bbd0.left-top.jpg","thumbnail":"https://s3.amazonaws.com/scribe.nypl.org/emigrant-s4/thumb/e3f6df30-00b1-0133-9bfe-58d385a7bbd0.left-top.jpg"},"status":"active","width":1373,"height":985,"meta_data":{"capture_uuid":"e3f6df30-00b1-0133-9bfe-58d385a7bbd0","page_uri":"http://digitalcollections.nypl.org/items/e3f6df30-00b1-0133-9bfe-58d385a7bbd0","book_uri":"http://digitalcollections.nypl.org/items/df712aa0-00b1-0133-fbd7-58d385a7bbd0","source_rotated":"0.867204","source_x":"0","source_y":"0","source_w":"1373.76","source_h":"985.92"},"assertions":[]}]}