{"id":"56b100437061755afb110a00","meta_data":{"capture_uuid":"e169fc50-00b1-0133-527d-58d385a7bbd0","page_uri":"http://digitalcollections.nypl.org/items/e169fc50-00b1-0133-527d-58d385a7bbd0","book_uri":"http://digitalcollections.nypl.org/items/df712aa0-00b1-0133-fbd7-58d385a7bbd0","source_rotated":"1.37058","source_x":"1225.73","source_y":"974.31","source_w":"1382.27","source_h":"1098.69"},"type":"final_subject_set","search_terms_by_field":{"Record Number":["338"],"Mortgager":["Peter Koopman"],"Street Address":["No. 155 E. 38th Street"],"Land \u0026 Building Dimensions":["24 x 36 x 97","24 x 33"],"Stories \u0026 Materials":["3","stone and brick"],"Additional Info":["house"],"Record Date":["1868 May 18"],"Valuation Date":["1879 November","1879 November"],"Land \u0026 Building Value":[],"Total Value":["7500","$7,500"],"Amount Loaned":["$2,500"]},"subjects":[{"id":"56b1768e50617568bb400900","type":"root","location":{"standard":"https://s3.amazonaws.com/scribe.nypl.org/emigrant-s4/full/e169fc50-00b1-0133-527d-58d385a7bbd0.right-bottom.jpg","thumbnail":"https://s3.amazonaws.com/scribe.nypl.org/emigrant-s4/thumb/e169fc50-00b1-0133-527d-58d385a7bbd0.right-bottom.jpg"},"status":"retired","width":1382,"height":1098,"meta_data":{"capture_uuid":"e169fc50-00b1-0133-527d-58d385a7bbd0","page_uri":"http://digitalcollections.nypl.org/items/e169fc50-00b1-0133-527d-58d385a7bbd0","book_uri":"http://digitalcollections.nypl.org/items/df712aa0-00b1-0133-fbd7-58d385a7bbd0","source_rotated":"1.37058","source_x":"1225.73","source_y":"974.31","source_w":"1382.27","source_h":"1098.69"},"assertions":[{"id":"56b1768e50617568bb410900","status":"complete","name":"Record Number","created_in_workflow":"transcribe","confidence":1.0,"data":{"value":"338"},"versions":[{"data":{"value":"338"},"votes":3,"confidence":1.0,"instances":[{"created":"2015-11-25T23:07:50Z","user_id":"5647496e3562310003960400","duration":4.333},{"created":"2015-11-26T00:39:42Z","user_id":"56563aec3262660003120e00","duration":7.248},{"created":"2015-11-26T03:53:03Z","user_id":"56567cb43262660003a91100","duration":4.836}]}],"region":{"x":968.4012139022744,"y":41.137649515853425,"width":121.18929675969969,"height":43.361306246440094,"label":"Record Number","shape":"rectangle"},"task_key":"em_record_number","instructions":{"mark":"Record Number","transcribe":"Enter the record number"}},{"id":"56b1768e50617568bb420900","status":"complete","name":"Mortgager","created_in_workflow":"transcribe","confidence":1.0,"data":{"value":"Peter Koopman"},"versions":[{"data":{"value":"Peter Koopman"},"votes":3,"confidence":1.0,"instances":[{"created":"2015-11-25T23:08:13Z","user_id":"5647496e3562310003960400","duration":8.543},{"created":"2015-11-26T03:53:29Z","user_id":"56567cb43262660003a91100","duration":11.347},{"created":"2015-11-26T04:34:16Z","user_id":"565e4fed3862380003f10900","duration":6.821}]}],"region":{"x":496.98596779114956,"y":530.3421302449211,"width":354.6732629939831,"height":63.37421682172021,"label":"Mortgager Name","shape":"rectangle"},"task_key":"em_record_mortgager","instructions":{"mark":"Mortgager Name","transcribe":"Enter the mortgager's name"}},{"id":"56b1768e50617568bb430900","status":"awaiting_votes","name":"Street Address","created_in_workflow":"transcribe","confidence":0.6666666666666666,"data":{"value":"No. 155 E. 38th Street"},"versions":[{"data":{"value":"No. 155 E. 38th Street"},"votes":2,"confidence":0.6666666666666666,"instances":[{"created":"2015-11-25T23:08:56Z","user_id":"5647496e3562310003960400","duration":17.653},{"created":"2015-11-26T06:33:33Z","user_id":"56569e116332630003550200","duration":22.15}]},{"data":{"value":"155 E. 38th Street"},"votes":1,"confidence":0.3333333333333333,"instances":[{"created":"2015-11-26T03:54:22Z","user_id":"56567cb43262660003a91100","duration":12.71}]}],"region":{"x":482.5321984528368,"y":572.5916081260681,"width":386.916286902527,"height":54.479589899373416,"label":"Street Address","shape":"rectangle"},"task_key":"em_record_street_address","instructions":{"mark":"Street Address","transcribe":"Enter the street address"}},{"id":"56b1768e50617568bb440900","status":"awaiting_transcriptions","name":"Land \u0026 Building Dimensions","created_in_workflow":"transcribe","confidence":0.3333333333333333,"data":{"em_survey_land_dimensions":"24 x 36 x 97","em_survey_building_dimensions":"24 x 33"},"versions":[{"data":{"em_survey_land_dimensions":"24 x 36 x 97","em_survey_building_dimensions":"24 x 33"},"votes":1,"confidence":0.3333333333333333,"instances":[{"created":"2015-11-25T21:02:55Z","user_id":"5655d2873437330003e50000","duration":9.094}]}],"region":{"x":486.9795120953945,"y":611.5056009113347,"width":582.5980871750694,"height":82.27529903170682,"label":"Dimension \u0026 Description","shape":"rectangle"},"task_key":"em_record_survey","instructions":{"mark":"Dimension \u0026 Description","transcribe":"Enter, as they appear, any land and building dimensions that were recorded. In the next screen, you'll enter the descriptive information."}},{"id":"56b1768e50617568bb450900","status":"awaiting_transcriptions","name":"Stories \u0026 Materials","created_in_workflow":"transcribe","confidence":0.3333333333333333,"data":{"em_record_stories":"3","em_record_material":"stone and brick"},"versions":[{"data":{"em_record_stories":"3","em_record_material":"stone and brick"},"votes":1,"confidence":0.3333333333333333,"instances":[{"created":"2015-11-25T21:03:00Z","user_id":"5655d2873437330003e50000","duration":4.774}]}],"region":{"x":486.9795120953945,"y":611.5056009113347,"width":582.5980871750694,"height":82.27529903170682,"label":"Dimension \u0026 Description","shape":"rectangle"},"task_key":"em_record_survey_stories_materials","instructions":{"mark":"Dimension \u0026 Description","transcribe":"Enter, as they appear, the number of stories and the building materials."}},{"id":"56b1768e50617568bb460900","status":"awaiting_transcriptions","name":"Additional Info","created_in_workflow":"transcribe","confidence":0.3333333333333333,"data":{"value":"house"},"versions":[{"data":{"value":"house"},"votes":1,"confidence":0.3333333333333333,"instances":[{"created":"2015-11-25T21:03:01Z","user_id":"5655d2873437330003e50000","duration":1.487}]}],"region":{"x":486.9795120953945,"y":611.5056009113347,"width":582.5980871750694,"height":82.27529903170682,"label":"Dimension \u0026 Description","shape":"rectangle"},"task_key":"em_record_survey_additional_info","instructions":{"mark":"Dimension \u0026 Description","transcribe":"Enter any additional information you find about the building's construction or significance."}},{"id":"56b1768e50617568bb470900","status":"complete","name":"Record Date","created_in_workflow":"transcribe","confidence":1.0,"data":{"value":"1868 May 18"},"versions":[{"data":{"value":"1868 May 18"},"votes":3,"confidence":1.0,"instances":[{"created":"2015-11-25T23:08:05Z","user_id":"5647496e3562310003960400","duration":9.735},{"created":"2015-11-26T00:40:22Z","user_id":"56563aec3262660003120e00","duration":14.658},{"created":"2015-11-26T03:53:18Z","user_id":"56567cb43262660003a91100","duration":9.73}]}],"region":{"x":123.4116218162959,"y":100.06455287640023,"width":164.55060477463792,"height":106.73552306816023,"label":"Record Date","shape":"rectangle"},"task_key":"em_record_date","instructions":{"mark":"Record Date","transcribe":"Enter the record date"}},{"id":"56b1768e50617568bb480900","status":"awaiting_transcriptions","name":"Valuation Date","created_in_workflow":"transcribe","confidence":0.3333333333333333,"data":{"value":"1879 November"},"versions":[{"data":{"value":"1879 November"},"votes":1,"confidence":0.3333333333333333,"instances":[{"created":"2015-12-11T15:29:57Z","user_id":"566adfa33666650003f20e00","duration":11.093}]}],"region":{"x":84.91169353670345,"y":725.9362635220738,"width":675.2576249124461,"height":109.57528505993571,"label":"Valuation","shape":"rectangle"},"task_key":"em_record_valuation","instructions":{"mark":"Valuation","transcribe":"Enter the date of the valuation (if one is given). In the next screen, you'll enter the valuation's dollar amounts."}},{"id":"56b1768e50617568bb490900","status":"awaiting_transcriptions","name":"Land \u0026 Building Value","created_in_workflow":"transcribe","confidence":0.3333333333333333,"data":{"em_valuation_ground":""},"versions":[{"data":{"em_valuation_ground":""},"votes":1,"confidence":0.3333333333333333,"instances":[{"created":"2015-12-11T15:29:58Z","user_id":"566adfa33666650003f20e00","duration":0.98}]}],"region":{"x":84.91169353670345,"y":725.9362635220738,"width":675.2576249124461,"height":109.57528505993571,"label":"Valuation","shape":"rectangle"},"task_key":"em_record_valuation_ground_building","instructions":{"mark":"Valuation","transcribe":"Sometimes valuations include itemized dollar values for \"ground\" and \"building\". Enter these amounts if you can find them. In the next screen, you'll enter the total valuation."}},{"id":"56b1768e50617568bb4a0900","status":"awaiting_transcriptions","name":"Total Value","created_in_workflow":"transcribe","confidence":0.3333333333333333,"data":{"value":"7500"},"versions":[{"data":{"value":"7500"},"votes":1,"confidence":0.3333333333333333,"instances":[{"created":"2015-12-11T15:29:59Z","user_id":"566adfa33666650003f20e00","duration":1.685}]}],"region":{"x":84.91169353670345,"y":725.9362635220738,"width":675.2576249124461,"height":109.57528505993571,"label":"Valuation","shape":"rectangle"},"task_key":"em_record_valuation_total","instructions":{"mark":"Valuation","transcribe":"Enter the valuation ***total*** (if one is given)"}},{"id":"56b1768e50617568bb4b0900","status":"awaiting_transcriptions","name":"Valuation Date","created_in_workflow":"transcribe","confidence":0.3333333333333333,"data":{"value":"1879 November"},"versions":[{"data":{"value":"1879 November"},"votes":1,"confidence":0.3333333333333333,"instances":[{"created":"2015-11-25T21:03:39Z","user_id":"5655d2873437330003e50000","duration":8.743}]}],"region":{"x":296.8568538760494,"y":750.4841465730016,"width":452.51416313025436,"height":71.15701537877354,"label":"Valuation","shape":"rectangle"},"task_key":"em_record_valuation","instructions":{"mark":"Valuation","transcribe":"Enter the date of the valuation (if one is given). In the next screen, you'll enter the valuation's dollar amounts."}},{"id":"56b1768e50617568bb4c0900","status":"awaiting_transcriptions","name":"Land \u0026 Building Value","created_in_workflow":"transcribe","confidence":0.3333333333333333,"data":{"em_valuation_ground":""},"versions":[{"data":{"em_valuation_ground":""},"votes":1,"confidence":0.3333333333333333,"instances":[{"created":"2015-11-25T21:03:42Z","user_id":"5655d2873437330003e50000","duration":2.614}]}],"region":{"x":296.8568538760494,"y":750.4841465730016,"width":452.51416313025436,"height":71.15701537877354,"label":"Valuation","shape":"rectangle"},"task_key":"em_record_valuation_ground_building","instructions":{"mark":"Valuation","transcribe":"Sometimes valuations include itemized dollar values for \"ground\" and \"building\". Enter these amounts if you can find them. In the next screen, you'll enter the total valuation."}},{"id":"56b1768e50617568bb4d0900","status":"awaiting_transcriptions","name":"Total Value","created_in_workflow":"transcribe","confidence":0.3333333333333333,"data":{"value":"$7,500"},"versions":[{"data":{"value":"$7,500"},"votes":1,"confidence":0.3333333333333333,"instances":[{"created":"2015-11-25T21:03:44Z","user_id":"5655d2873437330003e50000","duration":2.816}]}],"region":{"x":296.8568538760494,"y":750.4841465730016,"width":452.51416313025436,"height":71.15701537877354,"label":"Valuation","shape":"rectangle"},"task_key":"em_record_valuation_total","instructions":{"mark":"Valuation","transcribe":"Enter the valuation ***total*** (if one is given)"}},{"id":"56b1768e50617568bb4e0900","status":"awaiting_votes","name":"Amount Loaned","created_in_workflow":"transcribe","confidence":0.3333333333333333,"data":{"value":"$2,500"},"versions":[{"data":{"value":"$2,500"},"votes":1,"confidence":0.3333333333333333,"instances":[{"created":"2015-11-25T21:03:30Z","user_id":"5655d2873437330003e50000","duration":2.934}]},{"data":{"value":"$2500"},"votes":1,"confidence":0.3333333333333333,"instances":[{"created":"2015-11-25T23:09:52Z","user_id":"5647496e3562310003960400","duration":5.023}]},{"data":{"value":"2500"},"votes":1,"confidence":0.3333333333333333,"instances":[{"created":"2015-11-26T03:54:59Z","user_id":"56567cb43262660003a91100","duration":4.678}]}],"region":{"x":1178.5367835131296,"y":723.8002658059617,"width":145.64952179376746,"height":57.81507499525344,"label":"Amount Loaned","shape":"rectangle"},"task_key":"em_record_amount_loaned","instructions":{"mark":"Amount Loaned","transcribe":"Enter the Amount Loaned"}}]}]}