{"id":"56b0ffd87061755afbf30100","meta_data":{"capture_uuid":"dfef3c40-00b1-0133-24d8-58d385a7bbd0","page_uri":"http://digitalcollections.nypl.org/items/dfef3c40-00b1-0133-24d8-58d385a7bbd0","book_uri":"http://digitalcollections.nypl.org/items/df712aa0-00b1-0133-fbd7-58d385a7bbd0","source_rotated":"0.643431","source_x":"1213.51","source_y":"0","source_w":"1368.49","source_h":"995.1899999999999"},"type":"final_subject_set","search_terms_by_field":{},"subjects":[{"id":"56b1761e50617568bbbf0100","type":"root","location":{"standard":"https://s3.amazonaws.com/scribe.nypl.org/emigrant-s4/full/dfef3c40-00b1-0133-24d8-58d385a7bbd0.right-top.jpg","thumbnail":"https://s3.amazonaws.com/scribe.nypl.org/emigrant-s4/thumb/dfef3c40-00b1-0133-24d8-58d385a7bbd0.right-top.jpg"},"status":"active","width":1368,"height":995,"meta_data":{"capture_uuid":"dfef3c40-00b1-0133-24d8-58d385a7bbd0","page_uri":"http://digitalcollections.nypl.org/items/dfef3c40-00b1-0133-24d8-58d385a7bbd0","book_uri":"http://digitalcollections.nypl.org/items/df712aa0-00b1-0133-fbd7-58d385a7bbd0","source_rotated":"0.643431","source_x":"1213.51","source_y":"0","source_w":"1368.49","source_h":"995.1899999999999"},"assertions":[]}]}