{"id":"56b101207061755afb5f1a00","meta_data":{"capture_uuid":"e426f7e0-00b1-0133-4d50-58d385a7bbd0","page_uri":"http://digitalcollections.nypl.org/items/e426f7e0-00b1-0133-4d50-58d385a7bbd0","book_uri":"http://digitalcollections.nypl.org/items/df712aa0-00b1-0133-fbd7-58d385a7bbd0","source_rotated":"0.531537","source_x":"0","source_y":"0","source_w":"1366.37","source_h":"976.3199999999999"},"type":"final_subject_set","search_terms_by_field":{"Land \u0026 Building Dimensions":["25.6-1/2 x 88","22 x 36","25'6.5\" x 88'","22 x 36","25.6-1/2 x 88","22 x 36","25.6","22 x 36","25.6 1/2 x 88","22 x 34","25.6 1/2 x 88","22 x 36. "],"Stories \u0026 Materials":["2","1st story brick \u0026 2nd story frame","2","2","3","brick \u0026 frame","3","1 story brick and 2 story frame above","2","brick, frame, stone"],"Additional Info":["House","house","1st story brick, House"],"Record Number":["731"],"Mortgager":["Michael McGinty"],"Street Address":["1st Avenue btwn: 75th \u0026 76th Streets No 1450 - 1st Avenue"],"Record Date":["1873 August 15"],"Valuation Date":["1879 November"],"Land \u0026 Building Value":["$80,000"],"Total Value":[],"Amount Loaned":["$3000"]},"subjects":[{"id":"56b1777050617568bb811800","type":"root","location":{"standard":"https://s3.amazonaws.com/scribe.nypl.org/emigrant-s4/full/e426f7e0-00b1-0133-4d50-58d385a7bbd0.left-top.jpg","thumbnail":"https://s3.amazonaws.com/scribe.nypl.org/emigrant-s4/thumb/e426f7e0-00b1-0133-4d50-58d385a7bbd0.left-top.jpg"},"status":"retired","width":1366,"height":976,"meta_data":{"capture_uuid":"e426f7e0-00b1-0133-4d50-58d385a7bbd0","page_uri":"http://digitalcollections.nypl.org/items/e426f7e0-00b1-0133-4d50-58d385a7bbd0","book_uri":"http://digitalcollections.nypl.org/items/df712aa0-00b1-0133-fbd7-58d385a7bbd0","source_rotated":"0.531537","source_x":"0","source_y":"0","source_w":"1366.37","source_h":"976.3199999999999"},"assertions":[{"id":"56b1777050617568bb821800","status":"awaiting_votes","name":"Land \u0026 Building Dimensions","created_in_workflow":"verify","confidence":0.6666666666666666,"data":{"em_survey_land_dimensions":"25.6-1/2 x 88","em_survey_building_dimensions":"22 x 36"},"versions":[{"data":{"em_survey_land_dimensions":"25.6-1/2 x 88","em_survey_building_dimensions":"22 x 36"},"votes":2,"confidence":0.6666666666666666,"instances":[{"created":"2015-11-26T05:03:29Z","user_id":"5647496e3562310003960400","duration":76.214},{"created":"2015-12-04T19:25:18Z","user_id":"563cbf4b65326200030e0d00","duration":33.231}]}],"region":{"x":456.3127248097672,"y":626.120157988509,"width":169.43152852203906,"height":31.417632425828515,"label":"Dimension \u0026 Description","shape":"rectangle"},"task_key":"em_transcribed_survey","instructions":{"mark":"Dimension \u0026 Description","transcribe":"Enter, as they appear, any land and building dimensions that were recorded. In the next screen, you'll enter the descriptive information.","verify":"Choose the best transcription or enter your own!"}},{"id":"56b1777050617568bb831800","status":"awaiting_votes","name":"Stories \u0026 Materials","created_in_workflow":"verify","confidence":0.4,"data":{"em_record_stories":"2","em_record_material":"1st story brick \u0026 2nd story frame"},"versions":[{"data":{"em_record_stories":"2","em_record_material":"1st story brick \u0026 2nd story frame"},"votes":2,"confidence":0.4,"instances":[{"created":"2015-11-17T02:51:07Z","user_id":"563f8b7a3264340003774b00","duration":33.91},{"created":"2015-11-24T03:20:42Z","user_id":"5647496e3562310003960400","duration":90.636}]},{"data":{"em_record_stories":"2","em_record_material":"1st story brick, frame above"},"votes":2,"confidence":0.4,"instances":[{"created":"2015-11-26T04:45:48Z","user_id":"5647496e3562310003960400","duration":57.653},{"created":"2015-12-04T19:24:44Z","user_id":"563cbf4b65326200030e0d00","duration":76.774}]},{"data":{"em_record_stories":"2","em_record_material":"1st story brick \u0026 2 story frame above"},"votes":1,"confidence":0.2,"instances":[{"created":"2015-12-05T18:54:51Z","user_id":"563cbf4b65326200030e0d00","duration":37.186}]}],"region":{"x":456.3127248097672,"y":626.120157988509,"width":169.43152852203906,"height":31.417632425828515,"label":"Dimension \u0026 Description","shape":"rectangle"},"task_key":"em_transcribed_stories_materials","instructions":{"mark":"Dimension \u0026 Description","transcribe":"Enter, as they appear, the number of stories and the building materials.","verify":"Choose the best transcription or enter your own!"}},{"id":"56b1777050617568bb841800","status":"complete","name":"Additional Info","created_in_workflow":"transcribe","confidence":1.0,"data":{"value":""},"versions":[{"data":{"value":"house"},"votes":2,"confidence":0.4,"instances":[{"created":"2015-11-17T02:52:48Z","user_id":"563f8b7a3264340003774b00","duration":4.628},{"created":"2015-11-25T00:55:43Z","user_id":"5649188c3863370003020e00","duration":9.445}]},{"data":{"value":"House"},"votes":2,"confidence":0.4,"instances":[{"created":"2015-11-07T17:05:47Z","user_id":"563b764b35326200032d0600","duration":15.058},{"created":"2015-11-24T03:22:49Z","user_id":"5647496e3562310003960400","duration":1.26}]},{"data":{"value":""},"votes":1,"confidence":0.2,"instances":[{"created":"2015-11-07T17:04:34Z","user_id":"563dea626630330003060b00","duration":1.825}]}],"region":{"x":456.3127248097672,"y":626.120157988509,"width":169.43152852203906,"height":31.417632425828515,"label":"Dimension \u0026 Description","shape":"rectangle"},"task_key":"em_record_survey_additional_info","instructions":{"mark":"Dimension \u0026 Description","transcribe":"Enter any additional information you find about the building's construction or significance."}},{"id":"56b1777050617568bb851800","status":"awaiting_votes","name":"Stories \u0026 Materials","created_in_workflow":"transcribe","confidence":0.2,"data":{"em_record_stories":"2"},"versions":[{"data":{"em_record_stories":"2"},"votes":1,"confidence":0.2,"instances":[{"created":"2015-11-07T10:35:33Z","user_id":"563dbc0d66303300031c0000","duration":2.66}]},{"data":{"em_record_stories":"3","em_record_material":"1st story brick \u0026 2 story frame"},"votes":1,"confidence":0.2,"instances":[{"created":"2015-11-07T16:25:23Z","user_id":"563e06dd66303300034a1000","duration":40.354}]},{"data":{"em_record_stories":"1 \u0026 2","em_record_material":"brick \u0026 frame"},"votes":1,"confidence":0.2,"instances":[{"created":"2015-11-17T02:26:17Z","user_id":"563f8b7a3264340003774b00","duration":68.773}]},{"data":{"em_record_stories":"2","em_record_material":"brick \u0026 frame"},"votes":1,"confidence":0.2,"instances":[{"created":"2015-11-23T20:23:51Z","user_id":"5647496e3562310003960400","duration":22.827}]},{"data":{"em_record_stories":"3","em_record_material":"brick \u0026 frame"},"votes":1,"confidence":0.2,"instances":[{"created":"2015-11-25T00:28:06Z","user_id":"5649188c3863370003020e00","duration":28.675}]}],"region":{"x":459.801295886315,"y":656.9913255308469,"width":640.0821937521414,"height":35.037485884671355,"label":"Dimension \u0026 Description","shape":"rectangle"},"task_key":"em_record_survey_stories_materials","instructions":{"mark":"Dimension \u0026 Description","transcribe":"Enter, as they appear, the number of stories and the building materials."}},{"id":"56b1777050617568bb861800","status":"awaiting_votes","name":"Land \u0026 Building Dimensions","created_in_workflow":"verify","confidence":0.6,"data":{"em_survey_land_dimensions":"25'6.5\" x 88'","em_survey_building_dimensions":"22 x 36"},"versions":[{"data":{"em_survey_land_dimensions":"25'6.5\" x 88'","em_survey_building_dimensions":"22 x 36"},"votes":3,"confidence":0.6,"instances":[{"created":"2015-12-04T19:22:49Z","user_id":"563cbf4b65326200030e0d00","duration":20.982},{"created":"2015-12-04T21:46:04Z","user_id":"5662027f32643100039a0600","duration":40.377},{"created":"2015-12-05T18:51:52Z","user_id":"563cbf4b65326200030e0d00","duration":21.771}]},{"data":{"em_survey_land_dimensions":"25 1/2 x 88","em_survey_building_dimensions":"22 x 36"},"votes":1,"confidence":0.2,"instances":[{"created":"2015-12-04T01:22:38Z","user_id":"5660e8a13961390003e00700","duration":25.388}]},{"data":{"em_survey_land_dimensions":"25.6-1/2 x 88","em_survey_building_dimensions":"22 x 36"},"votes":1,"confidence":0.2,"instances":[{"created":"2015-11-26T04:37:34Z","user_id":"5647496e3562310003960400","duration":28.433}]}],"region":{"x":459.801295886315,"y":656.9913255308469,"width":640.0821937521414,"height":35.037485884671355,"label":"Dimension \u0026 Description","shape":"rectangle"},"task_key":"em_transcribed_survey","instructions":{"mark":"Dimension \u0026 Description","transcribe":"Enter, as they appear, any land and building dimensions that were recorded. In the next screen, you'll enter the descriptive information.","verify":"Choose the best transcription or enter your own!"}},{"id":"56b1777050617568bb871800","status":"complete","name":"Additional Info","created_in_workflow":"transcribe","confidence":1.0,"data":{"value":""},"versions":[{"data":{"value":"house"},"votes":2,"confidence":0.4,"instances":[{"created":"2015-11-17T02:26:21Z","user_id":"563f8b7a3264340003774b00","duration":4.555},{"created":"2015-11-25T00:28:13Z","user_id":"5649188c3863370003020e00","duration":7.299}]},{"data":{"value":"House"},"votes":2,"confidence":0.4,"instances":[{"created":"2015-11-07T17:06:46Z","user_id":"563dea626630330003060b00","duration":2.558},{"created":"2015-11-23T20:23:55Z","user_id":"5647496e3562310003960400","duration":3.742}]},{"data":{"value":""},"votes":1,"confidence":0.2,"instances":[{"created":"2015-11-07T10:35:34Z","user_id":"563dbc0d66303300031c0000","duration":1.632}]}],"region":{"x":459.801295886315,"y":656.9913255308469,"width":640.0821937521414,"height":35.037485884671355,"label":"Dimension \u0026 Description","shape":"rectangle"},"task_key":"em_record_survey_additional_info","instructions":{"mark":"Dimension \u0026 Description","transcribe":"Enter any additional information you find about the building's construction or significance."}},{"id":"56b1777050617568bb881800","status":"awaiting_votes","name":"Stories \u0026 Materials","created_in_workflow":"transcribe","confidence":0.2,"data":{"em_record_stories":"2","em_record_material":""},"versions":[{"data":{"em_record_stories":"2","em_record_material":""},"votes":1,"confidence":0.2,"instances":[{"created":"2015-11-07T10:34:55Z","user_id":"563dbc0d66303300031c0000","duration":16.768}]},{"data":{"em_record_stories":""},"votes":1,"confidence":0.2,"instances":[{"created":"2015-11-07T17:04:53Z","user_id":"563dea626630330003060b00","duration":1.19}]},{"data":{"em_record_stories":"2","em_record_material":"brick \u0026 frame"},"votes":1,"confidence":0.2,"instances":[{"created":"2015-11-17T02:56:53Z","user_id":"563f8b7a3264340003774b00","duration":12.852}]},{"data":{"em_record_stories":"2","em_record_material":"1st story brick \u0026 2 story frame above"},"votes":1,"confidence":0.2,"instances":[{"created":"2015-11-24T03:24:28Z","user_id":"5647496e3562310003960400","duration":41.391}]},{"data":{"em_record_stories":"3","em_record_material":"brick frame"},"votes":1,"confidence":0.2,"instances":[{"created":"2015-11-25T02:22:46Z","user_id":"5649188c3863370003020e00","duration":18.157}]}],"region":{"x":467.1797649785587,"y":631.1742306684578,"width":164.1709373024225,"height":20.2848602490202,"label":"Dimension \u0026 Description","shape":"rectangle"},"task_key":"em_record_survey_stories_materials","instructions":{"mark":"Dimension \u0026 Description","transcribe":"Enter, as they appear, the number of stories and the building materials."}},{"id":"56b1777050617568bb891800","status":"awaiting_votes","name":"Land \u0026 Building Dimensions","created_in_workflow":"verify","confidence":0.6666666666666666,"data":{"em_survey_land_dimensions":"25.6-1/2 x 88","em_survey_building_dimensions":"22 x 36"},"versions":[{"data":{"em_survey_land_dimensions":"25.6-1/2 x 88","em_survey_building_dimensions":"22 x 36"},"votes":2,"confidence":0.6666666666666666,"instances":[{"created":"2015-11-26T05:03:39Z","user_id":"5647496e3562310003960400","duration":9.886},{"created":"2015-12-04T19:25:35Z","user_id":"563cbf4b65326200030e0d00","duration":16.975}]}],"region":{"x":467.1797649785587,"y":631.1742306684578,"width":164.1709373024225,"height":20.2848602490202,"label":"Dimension \u0026 Description","shape":"rectangle"},"task_key":"em_transcribed_survey","instructions":{"mark":"Dimension \u0026 Description","transcribe":"Enter, as they appear, any land and building dimensions that were recorded. In the next screen, you'll enter the descriptive information.","verify":"Choose the best transcription or enter your own!"}},{"id":"56b1777050617568bb8a1800","status":"awaiting_transcriptions","name":"Additional Info","created_in_workflow":"transcribe","confidence":0.3333333333333333,"data":{"value":"House"},"versions":[{"data":{"value":"House"},"votes":1,"confidence":0.3333333333333333,"instances":[{"created":"2015-11-24T03:24:30Z","user_id":"5647496e3562310003960400","duration":1.453}]},{"data":{"value":"house"},"votes":1,"confidence":0.3333333333333333,"instances":[{"created":"2015-11-25T02:23:48Z","user_id":"5649188c3863370003020e00","duration":4.834}]}],"region":{"x":467.1797649785587,"y":631.1742306684578,"width":164.1709373024225,"height":20.2848602490202,"label":"Dimension \u0026 Description","shape":"rectangle"},"task_key":"em_record_survey_additional_info","instructions":{"mark":"Dimension \u0026 Description","transcribe":"Enter any additional information you find about the building's construction or significance."}},{"id":"56b1777050617568bb8b1800","status":"awaiting_transcriptions","name":"Land \u0026 Building Dimensions","created_in_workflow":"transcribe","confidence":0.3333333333333333,"data":{"em_survey_land_dimensions":"25.6","em_survey_building_dimensions":"22 x 36"},"versions":[{"data":{"em_survey_land_dimensions":"25.6","em_survey_building_dimensions":"22 x 36"},"votes":1,"confidence":0.3333333333333333,"instances":[{"created":"2015-11-07T16:26:58Z","user_id":"563e06dd66303300034a1000","duration":35.412}]}],"region":{"x":918.1502783617768,"y":907.5128658024514,"width":15.0,"height":15.0,"label":"Dimension \u0026 Description","shape":"rectangle"},"task_key":"em_record_survey","instructions":{"mark":"Dimension \u0026 Description","transcribe":"Enter, as they appear, any land and building dimensions that were recorded. In the next screen, you'll enter the descriptive information."}},{"id":"56b1777050617568bb8c1800","status":"awaiting_transcriptions","name":"Stories \u0026 Materials","created_in_workflow":"transcribe","confidence":0.3333333333333333,"data":{"em_record_stories":"3","em_record_material":"brick \u0026 frame"},"versions":[{"data":{"em_record_stories":"3","em_record_material":"brick \u0026 frame"},"votes":1,"confidence":0.3333333333333333,"instances":[{"created":"2015-11-07T16:27:25Z","user_id":"563e06dd66303300034a1000","duration":26.902}]}],"region":{"x":918.1502783617768,"y":907.5128658024514,"width":15.0,"height":15.0,"label":"Dimension \u0026 Description","shape":"rectangle"},"task_key":"em_record_survey_stories_materials","instructions":{"mark":"Dimension \u0026 Description","transcribe":"Enter, as they appear, the number of stories and the building materials."}},{"id":"56b1777050617568bb8d1800","status":"complete","name":"Record Number","created_in_workflow":"transcribe","confidence":1.0,"data":{"value":"731"},"versions":[{"data":{"value":"731"},"votes":3,"confidence":1.0,"instances":[{"created":"2015-11-07T16:58:52Z","user_id":"563e220f6630330003991a00","duration":6.492},{"created":"2015-11-07T17:02:55Z","user_id":"563e2b8266303300037c1e00","duration":4.495},{"created":"2015-11-07T17:03:33Z","user_id":"563e2a9c6630330003031e00","duration":7.996}]}],"region":{"x":528.0521349895693,"y":33.69289242458909,"width":534.9390091876686,"height":42.41379870249685,"label":"Record Number","shape":"rectangle"},"task_key":"em_record_number","instructions":{"mark":"Record Number","transcribe":"Enter the record number"}},{"id":"56b1777050617568bb8e1800","status":"complete","name":"Mortgager","created_in_workflow":"verify","confidence":1.0,"data":{"value":"Michael McGinty"},"versions":[{"data":{"value":"Michael McGinty"},"votes":3,"confidence":1.0,"instances":[{"created":"2015-11-17T02:34:02Z","user_id":"563f8b7a3264340003774b00","duration":20.568},{"created":"2015-11-24T00:42:54Z","user_id":"5647496e3562310003960400","duration":15.747},{"created":"2015-11-25T00:48:45Z","user_id":"5649188c3863370003020e00","duration":8.595}]}],"region":{"x":398.92892587530446,"y":538.9703204456383,"width":337.56496097014946,"height":49.7901115203224,"label":"Mortgager Name","shape":"rectangle"},"task_key":"em_transcribed_mortgager","instructions":{"mark":"Mortgager Name","transcribe":"Enter the mortgager's name","verify":"Choose the best transcription or enter your own!"}},{"id":"56b1777050617568bb8f1800","status":"complete","name":"Street Address","created_in_workflow":"verify","confidence":1.0,"data":{"value":"1st Avenue btwn: 75th \u0026 76th Streets No 1450 - 1st Avenue"},"versions":[{"data":{"value":"1st Avenue btwn: 75th \u0026 76th Streets No 1450 - 1st Avenue"},"votes":3,"confidence":0.75,"instances":[{"created":"2015-11-07T17:43:58Z","user_id":"563e383766303300039f2600","duration":31.553},{"created":"2015-11-07T17:44:17Z","user_id":"563e2a586630330003e21d00","duration":9.478},{"created":"2015-11-18T01:07:39Z","user_id":"563f8b7a3264340003774b00","duration":55.851}]},{"data":{"value":"1450 1st Avenue between 75th \u0026 76th Streets"},"votes":1,"confidence":0.25,"instances":[{"created":"2015-11-07T17:37:39Z","user_id":"563e02f86630330003bf0f00","duration":43.39}]}],"region":{"x":456.1120613401932,"y":590.6045101704173,"width":758.1376992280407,"height":33.19340768021493,"label":"Street Address","shape":"rectangle"},"task_key":"em_transcribed_address","instructions":{"mark":"Street Address","transcribe":"Enter the street address","verify":"Choose the best transcription or enter your own!"}},{"id":"56b1777050617568bb901800","status":"awaiting_transcriptions","name":"Land \u0026 Building Dimensions","created_in_workflow":"transcribe","confidence":0.3333333333333333,"data":{"em_survey_land_dimensions":"25.6 1/2 x 88","em_survey_building_dimensions":"22 x 34"},"versions":[{"data":{"em_survey_land_dimensions":"25.6 1/2 x 88","em_survey_building_dimensions":"22 x 34"},"votes":1,"confidence":0.3333333333333333,"instances":[{"created":"2015-11-29T18:14:58Z","user_id":"565b31d73766660003be0100","duration":31.558}]}],"region":{"x":351.29086906512765,"y":626.936967337227,"width":743.1364304104875,"height":67.55786285961494,"label":"Dimension \u0026 Description","shape":"rectangle"},"task_key":"em_record_survey","instructions":{"mark":"Dimension \u0026 Description","transcribe":"Enter, as they appear, any land and building dimensions that were recorded. In the next screen, you'll enter the descriptive information."}},{"id":"56b1777050617568bb911800","status":"awaiting_transcriptions","name":"Stories \u0026 Materials","created_in_workflow":"transcribe","confidence":0.3333333333333333,"data":{"em_record_stories":"3","em_record_material":"1 story brick and 2 story frame above"},"versions":[{"data":{"em_record_stories":"3","em_record_material":"1 story brick and 2 story frame above"},"votes":1,"confidence":0.3333333333333333,"instances":[{"created":"2015-11-29T18:15:34Z","user_id":"565b31d73766660003be0100","duration":35.471}]}],"region":{"x":351.29086906512765,"y":626.936967337227,"width":743.1364304104875,"height":67.55786285961494,"label":"Dimension \u0026 Description","shape":"rectangle"},"task_key":"em_record_survey_stories_materials","instructions":{"mark":"Dimension \u0026 Description","transcribe":"Enter, as they appear, the number of stories and the building materials."}},{"id":"56b1777050617568bb921800","status":"awaiting_transcriptions","name":"Additional Info","created_in_workflow":"transcribe","confidence":0.3333333333333333,"data":{"value":"house"},"versions":[{"data":{"value":"house"},"votes":1,"confidence":0.3333333333333333,"instances":[{"created":"2015-11-29T18:15:36Z","user_id":"565b31d73766660003be0100","duration":2.006}]}],"region":{"x":351.29086906512765,"y":626.936967337227,"width":743.1364304104875,"height":67.55786285961494,"label":"Dimension \u0026 Description","shape":"rectangle"},"task_key":"em_record_survey_additional_info","instructions":{"mark":"Dimension \u0026 Description","transcribe":"Enter any additional information you find about the building's construction or significance."}},{"id":"56b1777050617568bb931800","status":"awaiting_transcriptions","name":"Land \u0026 Building Dimensions","created_in_workflow":"transcribe","confidence":0.3333333333333333,"data":{"em_survey_land_dimensions":"25.6 1/2 x 88","em_survey_building_dimensions":"22 x 36. "},"versions":[{"data":{"em_survey_land_dimensions":"25.6 1/2 x 88","em_survey_building_dimensions":"22 x 36. "},"votes":1,"confidence":0.3333333333333333,"instances":[{"created":"2016-01-06T18:44:31Z","user_id":"568d52a73130650003950200","duration":34.659}]}],"region":{"x":443.3694427404792,"y":620.0745142753277,"width":650.5164936179599,"height":105.54459817452386,"label":"Dimension \u0026 Description","shape":"rectangle"},"task_key":"em_record_survey","instructions":{"mark":"Dimension \u0026 Description","transcribe":"Enter, as they appear, any land and building dimensions that were recorded. In the next screen, you'll enter the descriptive information."}},{"id":"56b1777050617568bb941800","status":"awaiting_transcriptions","name":"Stories \u0026 Materials","created_in_workflow":"transcribe","confidence":0.3333333333333333,"data":{"em_record_stories":"2","em_record_material":"brick, frame, stone"},"versions":[{"data":{"em_record_stories":"2","em_record_material":"brick, frame, stone"},"votes":1,"confidence":0.3333333333333333,"instances":[{"created":"2016-01-06T18:46:31Z","user_id":"568d52a73130650003950200","duration":120.288}]}],"region":{"x":443.3694427404792,"y":620.0745142753277,"width":650.5164936179599,"height":105.54459817452386,"label":"Dimension \u0026 Description","shape":"rectangle"},"task_key":"em_record_survey_stories_materials","instructions":{"mark":"Dimension \u0026 Description","transcribe":"Enter, as they appear, the number of stories and the building materials."}},{"id":"56b1777050617568bb951800","status":"awaiting_transcriptions","name":"Additional Info","created_in_workflow":"transcribe","confidence":0.3333333333333333,"data":{"value":"1st story brick, House"},"versions":[{"data":{"value":"1st story brick, House"},"votes":1,"confidence":0.3333333333333333,"instances":[{"created":"2016-01-06T18:47:00Z","user_id":"568d52a73130650003950200","duration":29.271}]}],"region":{"x":443.3694427404792,"y":620.0745142753277,"width":650.5164936179599,"height":105.54459817452386,"label":"Dimension \u0026 Description","shape":"rectangle"},"task_key":"em_record_survey_additional_info","instructions":{"mark":"Dimension \u0026 Description","transcribe":"Enter any additional information you find about the building's construction or significance."}},{"id":"56b1777050617568bb961800","status":"awaiting_votes","name":"Record Date","created_in_workflow":"verify","confidence":0.5,"data":{"value":"1873 August 15"},"versions":[{"data":{"value":"1873 August 15"},"votes":2,"confidence":0.5,"instances":[{"created":"2015-11-13T00:25:42Z","user_id":"563bfc7535326200037f3900","duration":9.22},{"created":"2015-11-13T01:26:05Z","user_id":"563f29d83264340003950200","duration":5.291}]},{"data":{"value":"1873 Aug 15"},"votes":1,"confidence":0.25,"instances":[{"created":"2015-11-12T01:31:51Z","user_id":"5643e72d3936300003ac0e00","duration":5.375}]},{"data":{"value":"1873 Aug. 15"},"votes":1,"confidence":0.25,"instances":[{"created":"2015-11-10T15:31:33Z","user_id":"563eaf056630330003055300","duration":4.925}]}],"region":{"x":37.38395134746912,"y":85.32708214936785,"width":186.30632922367903,"height":103.26837944955754,"label":"Record Date","shape":"rectangle"},"task_key":"em_transcribed_date","instructions":{"mark":"Record Date","transcribe":"Enter the record date","verify":"Choose the best transcription or enter your own!"}},{"id":"56b1777050617568bb971800","status":"awaiting_transcriptions","name":"Valuation Date","created_in_workflow":"transcribe","confidence":0.3333333333333333,"data":{"value":"1879 November"},"versions":[{"data":{"value":"1879 November"},"votes":1,"confidence":0.3333333333333333,"instances":[{"created":"2015-11-29T17:27:19Z","user_id":"565b2c9739616100032a0c00","duration":6.946}]},{"data":{"value":""},"votes":1,"confidence":0.3333333333333333,"instances":[{"created":"2015-11-29T18:15:39Z","user_id":"565b31d73766660003be0100","duration":2.742}]}],"region":{"x":48.63166831612904,"y":747.1899632273417,"width":666.1204730770371,"height":116.19952411853774,"label":"Valuation","shape":"rectangle"},"task_key":"em_record_valuation","instructions":{"mark":"Valuation","transcribe":"Enter the date of the valuation (if one is given). In the next screen, you'll enter the valuation's dollar amounts."}},{"id":"56b1777050617568bb981800","status":"awaiting_transcriptions","name":"Land \u0026 Building Value","created_in_workflow":"transcribe","confidence":0.3333333333333333,"data":{"em_valuation_ground":"","em_valuation_building":"$80,000"},"versions":[{"data":{"em_valuation_ground":"","em_valuation_building":"$80,000"},"votes":1,"confidence":0.3333333333333333,"instances":[{"created":"2015-11-29T18:15:54Z","user_id":"565b31d73766660003be0100","duration":15.775}]}],"region":{"x":48.63166831612904,"y":747.1899632273417,"width":666.1204730770371,"height":116.19952411853774,"label":"Valuation","shape":"rectangle"},"task_key":"em_record_valuation_ground_building","instructions":{"mark":"Valuation","transcribe":"Sometimes valuations include itemized dollar values for \"ground\" and \"building\". Enter these amounts if you can find them. In the next screen, you'll enter the total valuation."}},{"id":"56b1777050617568bb991800","status":"awaiting_transcriptions","name":"Total Value","created_in_workflow":"transcribe","confidence":0.3333333333333333,"data":{"value":""},"versions":[{"data":{"value":""},"votes":1,"confidence":0.3333333333333333,"instances":[{"created":"2015-11-29T18:16:01Z","user_id":"565b31d73766660003be0100","duration":6.803}]}],"region":{"x":48.63166831612904,"y":747.1899632273417,"width":666.1204730770371,"height":116.19952411853774,"label":"Valuation","shape":"rectangle"},"task_key":"em_record_valuation_total","instructions":{"mark":"Valuation","transcribe":"Enter the valuation ***total*** (if one is given)"}},{"id":"56b1777050617568bb9a1800","status":"awaiting_votes","name":"Amount Loaned","created_in_workflow":"verify","confidence":0.6,"data":{"value":"$3000"},"versions":[{"data":{"value":"$3000"},"votes":3,"confidence":0.6,"instances":[{"created":"2015-11-25T00:51:47Z","user_id":"5649188c3863370003020e00","duration":2.988},{"created":"2015-11-26T04:37:44Z","user_id":"5647496e3562310003960400","duration":2.09},{"created":"2015-12-02T19:48:30Z","user_id":"563cbf4b65326200030e0d00","duration":4.276}]},{"data":{"value":"$3,000"},"votes":2,"confidence":0.4,"instances":[{"created":"2015-11-17T02:21:57Z","user_id":"563f8b7a3264340003774b00","duration":8.946},{"created":"2015-12-01T02:59:56Z","user_id":"563bfc7535326200037f3900","duration":2.426}]}],"region":{"x":1107.2619587307001,"y":743.6630011402972,"width":112.52165365671658,"height":46.101955111409666,"label":"Amount Loaned","shape":"rectangle"},"task_key":"em_transcribed_amount_loaned","instructions":{"mark":"Amount Loaned","transcribe":"Enter the Amount Loaned","verify":"Choose the best transcription or enter your own!"}}]}]}