{"id":"56b100aa7061755afbb41100","meta_data":{"capture_uuid":"e2c6f8c0-00b1-0133-2d5c-58d385a7bbd0","page_uri":"http://digitalcollections.nypl.org/items/e2c6f8c0-00b1-0133-2d5c-58d385a7bbd0","book_uri":"http://digitalcollections.nypl.org/items/df712aa0-00b1-0133-fbd7-58d385a7bbd0","source_rotated":"0.895174","source_x":"0","source_y":"977.6","source_w":"1374.82","source_h":"1102.4"},"type":"final_subject_set","search_terms_by_field":{"Record Number":["509"],"Mortgager":["Eliza Cunningham now Julius Lehren keans"],"Street Address":["No. 371 Pearl Street, Brooklyn"],"Land \u0026 Building Dimensions":["25x102.9","24x33"],"Stories \u0026 Materials":["3","frame with brick extension"],"Additional Info":[],"Record Date":["1871 Novr. 18; 1874 Novr. 5; 1879 November","1871 Novr. 18; 1874 Novr. 5","1871 Nov'r 18"],"Total Value":["$6000"],"Valuation Date":["$1,000"],"Land \u0026 Building Value":["$1,000"],"Amount Loaned":["$2000"]},"subjects":[{"id":"56b176f850617568bb651000","type":"root","location":{"standard":"https://s3.amazonaws.com/scribe.nypl.org/emigrant-s4/full/e2c6f8c0-00b1-0133-2d5c-58d385a7bbd0.left-bottom.jpg","thumbnail":"https://s3.amazonaws.com/scribe.nypl.org/emigrant-s4/thumb/e2c6f8c0-00b1-0133-2d5c-58d385a7bbd0.left-bottom.jpg"},"status":"retired","width":1374,"height":1102,"meta_data":{"capture_uuid":"e2c6f8c0-00b1-0133-2d5c-58d385a7bbd0","page_uri":"http://digitalcollections.nypl.org/items/e2c6f8c0-00b1-0133-2d5c-58d385a7bbd0","book_uri":"http://digitalcollections.nypl.org/items/df712aa0-00b1-0133-fbd7-58d385a7bbd0","source_rotated":"0.895174","source_x":"0","source_y":"977.6","source_w":"1374.82","source_h":"1102.4"},"assertions":[{"id":"56b176f850617568bb661000","status":"complete","name":"Record Number","created_in_workflow":"transcribe","confidence":1.0,"data":{"value":"509"},"versions":[{"data":{"value":"509"},"votes":3,"confidence":1.0,"instances":[{"created":"2015-12-05T15:17:09Z","user_id":"563f8b7a3264340003774b00","duration":5.184},{"created":"2015-12-05T19:08:31Z","user_id":"56632e4935373000032c0400","duration":9.601},{"created":"2015-12-05T21:43:24Z","user_id":"566356c33537300003c50500","duration":6.2}]}],"region":{"x":935.7021985496413,"y":45.55436072899937,"width":107.11430919109648,"height":60.32874799245863,"label":"Record Number","shape":"rectangle"},"task_key":"em_record_number","instructions":{"mark":"Record Number","transcribe":"Enter the record number"}},{"id":"56b176f850617568bb671000","status":"awaiting_votes","name":"Mortgager","created_in_workflow":"transcribe","confidence":0.3333333333333333,"data":{"value":"Eliza Cunningham now Julius Lehren keans"},"versions":[{"data":{"value":"Eliza Cunningham now Julius Lehren keans"},"votes":1,"confidence":0.3333333333333333,"instances":[{"created":"2015-12-05T19:12:59Z","user_id":"56632e4935373000032c0400","duration":153.168}]},{"data":{"value":"Eliza Cunningham now Julius Lehren Kraus"},"votes":1,"confidence":0.3333333333333333,"instances":[{"created":"2015-12-05T21:50:33Z","user_id":"566356c33537300003c50500","duration":58.326}]},{"data":{"value":"Eliza Cunningham new Julius Schrenkraus"},"votes":1,"confidence":0.3333333333333333,"instances":[{"created":"2015-12-06T01:51:29Z","user_id":"565e4fed3862380003f10900","duration":71.058}]}],"region":{"x":385.35626511952546,"y":534.3403393617764,"width":800.2793215426741,"height":54.17275329935069,"label":"Mortgager Name","shape":"rectangle"},"task_key":"em_record_mortgager","instructions":{"mark":"Mortgager Name","transcribe":"Enter the mortgager's name"}},{"id":"56b176f850617568bb681000","status":"complete","name":"Street Address","created_in_workflow":"transcribe","confidence":1.0,"data":{"value":"No. 371 Pearl Street, Brooklyn"},"versions":[{"data":{"value":"No. 371 Pearl Street, Brooklyn"},"votes":3,"confidence":1.0,"instances":[{"created":"2015-12-05T19:13:23Z","user_id":"56632e4935373000032c0400","duration":24.352},{"created":"2015-12-05T23:26:23Z","user_id":"566370e83932380003490a00","duration":14.127},{"created":"2015-12-06T01:51:44Z","user_id":"565e4fed3862380003f10900","duration":14.659}]}],"region":{"x":465.3841972737929,"y":578.6635011521541,"width":497.4043783126774,"height":48.01675860624266,"label":"Street Address","shape":"rectangle"},"task_key":"em_record_street_address","instructions":{"mark":"Street Address","transcribe":"Enter the street address"}},{"id":"56b176f850617568bb691000","status":"awaiting_transcriptions","name":"Land \u0026 Building Dimensions","created_in_workflow":"transcribe","confidence":0.3333333333333333,"data":{"em_survey_land_dimensions":"25x102.9","em_survey_building_dimensions":"24x33"},"versions":[{"data":{"em_survey_land_dimensions":"25x102.9","em_survey_building_dimensions":"24x33"},"votes":1,"confidence":0.3333333333333333,"instances":[{"created":"2015-12-09T22:41:52Z","user_id":"5668b33530333000032d0500","duration":10.355}]}],"region":{"x":234.51440665401063,"y":623.9599893824369,"width":830.3446142575144,"height":68.17278988930093,"label":"Dimension \u0026 Description","shape":"rectangle"},"task_key":"em_record_survey","instructions":{"mark":"Dimension \u0026 Description","transcribe":"Enter, as they appear, any land and building dimensions that were recorded. In the next screen, you'll enter the descriptive information."}},{"id":"56b176f850617568bb6a1000","status":"awaiting_transcriptions","name":"Stories \u0026 Materials","created_in_workflow":"transcribe","confidence":0.3333333333333333,"data":{"em_record_stories":"3","em_record_material":"frame with brick extension"},"versions":[{"data":{"em_record_stories":"3","em_record_material":"frame with brick extension"},"votes":1,"confidence":0.3333333333333333,"instances":[{"created":"2015-12-09T22:41:59Z","user_id":"5668b33530333000032d0500","duration":7.04}]}],"region":{"x":234.51440665401063,"y":623.9599893824369,"width":830.3446142575144,"height":68.17278988930093,"label":"Dimension \u0026 Description","shape":"rectangle"},"task_key":"em_record_survey_stories_materials","instructions":{"mark":"Dimension \u0026 Description","transcribe":"Enter, as they appear, the number of stories and the building materials."}},{"id":"56b176f850617568bb6b1000","status":"awaiting_transcriptions","name":"Additional Info","created_in_workflow":"transcribe","confidence":0.3333333333333333,"data":{"value":""},"versions":[{"data":{"value":""},"votes":1,"confidence":0.3333333333333333,"instances":[{"created":"2015-12-09T22:42:02Z","user_id":"5668b33530333000032d0500","duration":2.979}]}],"region":{"x":234.51440665401063,"y":623.9599893824369,"width":830.3446142575144,"height":68.17278988930093,"label":"Dimension \u0026 Description","shape":"rectangle"},"task_key":"em_record_survey_additional_info","instructions":{"mark":"Dimension \u0026 Description","transcribe":"Enter any additional information you find about the building's construction or significance."}},{"id":"56b176f850617568bb6c1000","status":"awaiting_votes","name":"Record Date","created_in_workflow":"transcribe","confidence":0.3333333333333333,"data":{"value":"1871 Novr. 18; 1874 Novr. 5; 1879 November"},"versions":[{"data":{"value":"1871 Novr. 18; 1874 Novr. 5; 1879 November"},"votes":1,"confidence":0.3333333333333333,"instances":[{"created":"2015-12-09T22:41:08Z","user_id":"5668b33530333000032d0500","duration":41.5}]},{"data":{"value":"1871 Nov'r 18;  1874 Nov'r 5"},"votes":1,"confidence":0.3333333333333333,"instances":[{"created":"2015-12-10T00:56:42Z","user_id":"563f8b7a3264340003774b00","duration":75.075}]},{"data":{"value":"November 18, 1871 and November 5, 1874"},"votes":1,"confidence":0.3333333333333333,"instances":[{"created":"2015-12-10T04:17:38Z","user_id":"5668fae73033300003cf0800","duration":30.536}]}],"region":{"x":35.44985216862951,"y":70.39693548131316,"width":189.52036351690393,"height":763.5352467601708,"label":"Record Date","shape":"rectangle"},"task_key":"em_record_date","instructions":{"mark":"Record Date","transcribe":"Enter the record date"}},{"id":"56b176f850617568bb6d1000","status":"awaiting_transcriptions","name":"Record Date","created_in_workflow":"transcribe","confidence":0.3333333333333333,"data":{"value":"1871 Novr. 18; 1874 Novr. 5"},"versions":[{"data":{"value":"1871 Novr. 18; 1874 Novr. 5"},"votes":1,"confidence":0.3333333333333333,"instances":[{"created":"2015-12-09T22:41:17Z","user_id":"5668b33530333000032d0500","duration":9.084}]},{"data":{"value":"1871 Nov'r 18;  1874 Nov'r 5"},"votes":1,"confidence":0.3333333333333333,"instances":[{"created":"2015-12-10T00:57:14Z","user_id":"563f8b7a3264340003774b00","duration":31.674}]}],"region":{"x":49.08441069502548,"y":77.21421447024326,"width":171.7954374325892,"height":218.15292764576307,"label":"Record Date","shape":"rectangle"},"task_key":"em_record_date","instructions":{"mark":"Record Date","transcribe":"Enter the record date"}},{"id":"56b176f850617568bb6e1000","status":"awaiting_votes","name":"Record Date","created_in_workflow":"transcribe","confidence":0.3333333333333333,"data":{"value":"1871 Nov'r 18"},"versions":[{"data":{"value":"1871 Nov'r 18"},"votes":1,"confidence":0.3333333333333333,"instances":[{"created":"2015-12-05T15:17:51Z","user_id":"563f8b7a3264340003774b00","duration":18.255}]},{"data":{"value":"1871 Nov.r 18"},"votes":1,"confidence":0.3333333333333333,"instances":[{"created":"2015-12-05T21:44:33Z","user_id":"566356c33537300003c50500","duration":46.666}]},{"data":{"value":"1871 Nov. 18"},"votes":1,"confidence":0.3333333333333333,"instances":[{"created":"2015-12-05T22:50:42Z","user_id":"5661e32f3264310003e80400","duration":8.839}]}],"region":{"x":61.550939633797384,"y":92.33992039662034,"width":157.5934663960958,"height":105.88310872145802,"label":"Record Date","shape":"rectangle"},"task_key":"em_record_date","instructions":{"mark":"Record Date","transcribe":"Enter the record date"}},{"id":"56b176f850617568bb6f1000","status":"awaiting_transcriptions","name":"Total Value","created_in_workflow":"transcribe","confidence":0.3333333333333333,"data":{"value":"$6000"},"versions":[{"data":{"value":"$6000"},"votes":1,"confidence":0.3333333333333333,"instances":[{"created":"2015-12-05T19:14:09Z","user_id":"56632e4935373000032c0400","duration":8.784}]},{"data":{"value":"$1,000"},"votes":1,"confidence":0.3333333333333333,"instances":[{"created":"2015-12-05T23:27:28Z","user_id":"566370e83932380003490a00","duration":8.541}]}],"region":{"x":577.4233022897672,"y":767.0369387612596,"width":99.72711545377945,"height":59.09754905383704,"label":"Valuation","shape":"rectangle"},"task_key":"em_record_valuation_total","instructions":{"mark":"Valuation","transcribe":"Enter the valuation ***total*** (if one is given)"}},{"id":"56b176f850617568bb701000","status":"awaiting_transcriptions","name":"Valuation Date","created_in_workflow":"transcribe","confidence":0.3333333333333333,"data":{"value":"$1,000"},"versions":[{"data":{"value":"$1,000"},"votes":1,"confidence":0.3333333333333333,"instances":[{"created":"2015-12-05T23:26:56Z","user_id":"566370e83932380003490a00","duration":6.781}]}],"region":{"x":577.4233022897672,"y":767.0369387612596,"width":99.72711545377945,"height":59.09754905383704,"label":"Valuation","shape":"rectangle"},"task_key":"em_record_valuation","instructions":{"mark":"Valuation","transcribe":"Enter the date of the valuation (if one is given). In the next screen, you'll enter the valuation's dollar amounts."}},{"id":"56b176f850617568bb711000","status":"awaiting_transcriptions","name":"Land \u0026 Building Value","created_in_workflow":"transcribe","confidence":0.3333333333333333,"data":{"em_valuation_ground":"$1,000"},"versions":[{"data":{"em_valuation_ground":"$1,000"},"votes":1,"confidence":0.3333333333333333,"instances":[{"created":"2015-12-05T23:27:19Z","user_id":"566370e83932380003490a00","duration":22.795}]}],"region":{"x":577.4233022897672,"y":767.0369387612596,"width":99.72711545377945,"height":59.09754905383704,"label":"Valuation","shape":"rectangle"},"task_key":"em_record_valuation_ground_building","instructions":{"mark":"Valuation","transcribe":"Sometimes valuations include itemized dollar values for \"ground\" and \"building\". Enter these amounts if you can find them. In the next screen, you'll enter the total valuation."}},{"id":"56b176f850617568bb721000","status":"complete","name":"Amount Loaned","created_in_workflow":"verify","confidence":1.0,"data":{"value":"$2000"},"versions":[{"data":{"value":"$2000"},"votes":3,"confidence":0.75,"instances":[{"created":"2015-12-06T18:22:38Z","user_id":"5647496e3562310003960400","duration":3.192},{"created":"2015-12-06T23:56:26Z","user_id":"5647496e3562310003960400","duration":2.294},{"created":"2015-12-07T01:46:53Z","user_id":"563f8b7a3264340003774b00","duration":8.777}]},{"data":{"value":"$2,000"},"votes":1,"confidence":0.25,"instances":[{"created":"2015-12-06T23:05:39Z","user_id":"563bfc7535326200037f3900","duration":5.163}]}],"region":{"x":1127.769235719883,"y":733.7945674184764,"width":126.8134924906085,"height":64.0223448083234,"label":"Amount Loaned","shape":"rectangle"},"task_key":"em_transcribed_amount_loaned","instructions":{"mark":"Amount Loaned","transcribe":"Enter the Amount Loaned","verify":"Choose the best transcription or enter your own!"}}]}]}