{"id":"56b100637061755afb7c0c00","meta_data":{"capture_uuid":"e1c97e70-00b1-0133-b3e0-58d385a7bbd0","page_uri":"http://digitalcollections.nypl.org/items/e1c97e70-00b1-0133-b3e0-58d385a7bbd0","book_uri":"http://digitalcollections.nypl.org/items/df712aa0-00b1-0133-fbd7-58d385a7bbd0","source_rotated":"0.727349","source_x":"0","source_y":"0","source_w":"1371.64","source_h":"980.16"},"type":"final_subject_set","search_terms_by_field":{"Record Number":["383"],"Mortgager":["Hugh McCormick","Hugh W. Cormick"],"Street Address":["N. E. corner 8th Av.e \u0026 126th St to 126th St","N. E. coma 8th Av \u0026 126th St \u0026 126th St"],"Land \u0026 Building Dimensions":["24.11 x 100,  25 x 99.11","24.11 x 100 on 8th Avenue and 25 x 99.11 on 126th St"],"Stories \u0026 Materials":["both frame"],"Additional Info":["Corner Store \u0026 dwelling and house","Corner story \u0026 dwelling and house on 126th St"],"Record Date":["1869 Sept 15  1874 October 30."],"Valuation Date":["1879 November"],"Land \u0026 Building Value":[],"Total Value":["$15,000"],"Amount Loaned":["$4500"]},"subjects":[{"id":"56b176b050617568bb860b00","type":"root","location":{"standard":"https://s3.amazonaws.com/scribe.nypl.org/emigrant-s4/full/e1c97e70-00b1-0133-b3e0-58d385a7bbd0.left-top.jpg","thumbnail":"https://s3.amazonaws.com/scribe.nypl.org/emigrant-s4/thumb/e1c97e70-00b1-0133-b3e0-58d385a7bbd0.left-top.jpg"},"status":"retired","width":1371,"height":980,"meta_data":{"capture_uuid":"e1c97e70-00b1-0133-b3e0-58d385a7bbd0","page_uri":"http://digitalcollections.nypl.org/items/e1c97e70-00b1-0133-b3e0-58d385a7bbd0","book_uri":"http://digitalcollections.nypl.org/items/df712aa0-00b1-0133-fbd7-58d385a7bbd0","source_rotated":"0.727349","source_x":"0","source_y":"0","source_w":"1371.64","source_h":"980.16"},"assertions":[{"id":"56b176b050617568bb870b00","status":"active","name":null,"created_in_workflow":"mark","confidence":1.0,"data":{"belongsToUser":"true","toolName":"rectangleTool","userCreated":"true","subToolIndex":"1","color":"blue","isTranscribable":"true","x":"921.3893544303872","y":"22.149238973055056","width":"126.25065848792713","height":"57.58802132994314","_key":"0.630586184328422","status":"mark","isUncommitted":"true"},"versions":null,"region":{"x":921.3893544303872,"y":22.149238973055056,"width":126.25065848792713,"height":57.58802132994314,"label":"Record Number","shape":"rectangle"},"task_key":"mark_primary","instructions":{"mark":""}},{"id":"56b176b050617568bb880b00","status":"active","name":null,"created_in_workflow":"mark","confidence":1.0,"data":{"belongsToUser":"true","toolName":"rectangleTool","userCreated":"true","subToolIndex":"2","color":"darkorange","isTranscribable":"true","x":"434.10611114365093","y":"529.3668114560159","width":"369.8922801312952","height":"59.80294522724864","_key":"0.7225723802112043","status":"mark","isUncommitted":"true"},"versions":null,"region":{"x":434.10611114365093,"y":529.3668114560159,"width":369.8922801312952,"height":59.80294522724864,"label":"Mortgager Name","shape":"rectangle"},"task_key":"mark_primary","instructions":{"mark":""}},{"id":"56b176b050617568bb890b00","status":"active","name":null,"created_in_workflow":"mark","confidence":1.0,"data":{"belongsToUser":"true","toolName":"rectangleTool","userCreated":"true","subToolIndex":"3","color":"magenta","isTranscribable":"true","x":"427.46133964428634","y":"580.3100610940425","width":"493.9280147861009","height":"42.08355404880456","_key":"0.13851848826743662","status":"mark","isUncommitted":"true"},"versions":null,"region":{"x":427.46133964428634,"y":580.3100610940425,"width":493.9280147861009,"height":42.08355404880456,"label":"Street Address","shape":"rectangle"},"task_key":"mark_primary","instructions":{"mark":""}},{"id":"56b176b050617568bb8a0b00","status":"awaiting_votes","name":"Record Number","created_in_workflow":"transcribe","confidence":0.3333333333333333,"data":{"value":"383"},"versions":[{"data":{"value":"383"},"votes":1,"confidence":0.3333333333333333,"instances":[{"created":"2015-12-27T21:17:16Z","user_id":"56802f0f3564660003d20900","duration":8.135}]},{"data":{"value":"393."},"votes":1,"confidence":0.3333333333333333,"instances":[{"created":"2015-12-27T23:22:07Z","user_id":"568068473564660003240e00","duration":8.445}]},{"data":{"value":"393"},"votes":1,"confidence":0.3333333333333333,"instances":[{"created":"2015-12-28T02:57:41Z","user_id":"563f8b7a3264340003774b00","duration":13.613}]}],"region":{"x":915.669728992823,"y":16.26199166317637,"width":100.07379521427072,"height":66.29888908833443,"label":"Record Number","shape":"rectangle"},"task_key":"em_record_number","instructions":{"mark":"Record Number","transcribe":"Enter the record number"}},{"id":"56b176b050617568bb8b0b00","status":"awaiting_votes","name":"Mortgager","created_in_workflow":"transcribe","confidence":0.6666666666666666,"data":{"value":"Hugh McCormick"},"versions":[{"data":{"value":"Hugh McCormick"},"votes":2,"confidence":0.6666666666666666,"instances":[{"created":"2015-12-27T23:23:20Z","user_id":"568068473564660003240e00","duration":15.085},{"created":"2015-12-28T03:00:15Z","user_id":"563f8b7a3264340003774b00","duration":112.689}]},{"data":{"value":"Hugh W. Comisk"},"votes":1,"confidence":0.3333333333333333,"instances":[{"created":"2015-12-27T21:55:34Z","user_id":"56802f0f3564660003d20900","duration":24.906}]}],"region":{"x":406.5442958402203,"y":531.6420351423044,"width":416.55717257940205,"height":63.79704421707649,"label":"Mortgager Name","shape":"rectangle"},"task_key":"em_record_mortgager","instructions":{"mark":"Mortgager Name","transcribe":"Enter the mortgager's name"}},{"id":"56b176b050617568bb8c0b00","status":"awaiting_votes","name":"Mortgager","created_in_workflow":"transcribe","confidence":0.6666666666666666,"data":{"value":"Hugh W. Cormick"},"versions":[{"data":{"value":"Hugh W. Cormick"},"votes":2,"confidence":0.6666666666666666,"instances":[{"created":"2016-01-26T19:44:09Z","user_id":"56a7c2e36463640003d30a00","duration":50.21},{"created":"2016-01-26T21:18:16Z","user_id":"56a7e1bc6436370003480000","duration":39.404}]},{"data":{"value":"Hugh McCormick"},"votes":1,"confidence":0.3333333333333333,"instances":[{"created":"2016-01-26T21:26:05Z","user_id":"56a7e45f3330380003170000","duration":13.17}]}],"region":{"x":419.6702559871641,"y":530.2640166122812,"width":410.4894476629242,"height":51.16582616434286,"label":"Mortgager Name","shape":"rectangle"},"task_key":"em_record_mortgager","instructions":{"mark":"Mortgager Name","transcribe":"Enter the mortgager's name"}},{"id":"56b176b050617568bb8d0b00","status":"awaiting_votes","name":"Street Address","created_in_workflow":"transcribe","confidence":0.3333333333333333,"data":{"value":"N. E. corner 8th Av.e \u0026 126th St to 126th St"},"versions":[{"data":{"value":"N. E. corner 8th Av.e \u0026 126th St to 126th St"},"votes":1,"confidence":0.3333333333333333,"instances":[{"created":"2015-12-27T23:26:26Z","user_id":"568068473564660003240e00","duration":185.166}]},{"data":{"value":"N.E. corner 8th Ave \u0026 126th St. \u0026 126th St"},"votes":1,"confidence":0.3333333333333333,"instances":[{"created":"2015-12-28T03:02:03Z","user_id":"563f8b7a3264340003774b00","duration":108.231}]},{"data":{"value":"N.E. corner 8th ave \u0026 126th St"},"votes":1,"confidence":0.3333333333333333,"instances":[{"created":"2015-12-28T08:20:11Z","user_id":"5680ee916339300003ec0200","duration":29.375}]}],"region":{"x":405.2933734000419,"y":566.667863339915,"width":540.3984941570621,"height":61.29519934581867,"label":"Street Address","shape":"rectangle"},"task_key":"em_record_street_address","instructions":{"mark":"Street Address","transcribe":"Enter the street address"}},{"id":"56b176b050617568bb8e0b00","status":"awaiting_votes","name":"Street Address","created_in_workflow":"transcribe","confidence":0.3333333333333333,"data":{"value":"N. E. coma 8th Av \u0026 126th St \u0026 126th St"},"versions":[{"data":{"value":"N. E. coma 8th Av \u0026 126th St \u0026 126th St"},"votes":1,"confidence":0.3333333333333333,"instances":[{"created":"2016-01-26T19:47:09Z","user_id":"56a7c2e36463640003d30a00","duration":165.628}]},{"data":{"value":"N. E. corner 8th Ave. \u0026 126th St. \u0026 12h th St."},"votes":1,"confidence":0.3333333333333333,"instances":[{"created":"2016-01-26T21:48:30Z","user_id":"56a7e9903330380003630000","duration":30.112}]},{"data":{"value":"N. E. corner 8th Av.e \u0026 126th St. \u0026 12th St."},"votes":1,"confidence":0.3333333333333333,"instances":[{"created":"2016-01-26T22:03:02Z","user_id":"56a7e45f3330380003170000","duration":73.204}]}],"region":{"x":410.3673789863047,"y":581.4298427766241,"width":533.7525679243122,"height":37.211509937704,"label":"Street Address","shape":"rectangle"},"task_key":"em_record_street_address","instructions":{"mark":"Street Address","transcribe":"Enter the street address"}},{"id":"56b176b050617568bb8f0b00","status":"awaiting_transcriptions","name":"Land \u0026 Building Dimensions","created_in_workflow":"transcribe","confidence":0.3333333333333333,"data":{"em_survey_land_dimensions":"24.11 x 100,  25 x 99.11","em_survey_building_dimensions":""},"versions":[{"data":{"em_survey_land_dimensions":"24.11 x 100,  25 x 99.11","em_survey_building_dimensions":""},"votes":1,"confidence":0.3333333333333333,"instances":[{"created":"2015-12-27T17:54:58Z","user_id":"56748e5e3564620003fd0100","duration":26.812}]}],"region":{"x":374.02031239558227,"y":599.1918466662678,"width":672.9962728159708,"height":106.32840702846087,"label":"Dimension \u0026 Description","shape":"rectangle"},"task_key":"em_record_survey","instructions":{"mark":"Dimension \u0026 Description","transcribe":"Enter, as they appear, any land and building dimensions that were recorded. In the next screen, you'll enter the descriptive information."}},{"id":"56b176b050617568bb900b00","status":"awaiting_transcriptions","name":"Stories \u0026 Materials","created_in_workflow":"transcribe","confidence":0.3333333333333333,"data":{"em_record_stories":"","em_record_material":"both frame"},"versions":[{"data":{"em_record_stories":"","em_record_material":"both frame"},"votes":1,"confidence":0.3333333333333333,"instances":[{"created":"2015-12-27T17:55:20Z","user_id":"56748e5e3564620003fd0100","duration":22.063}]}],"region":{"x":374.02031239558227,"y":599.1918466662678,"width":672.9962728159708,"height":106.32840702846087,"label":"Dimension \u0026 Description","shape":"rectangle"},"task_key":"em_record_survey_stories_materials","instructions":{"mark":"Dimension \u0026 Description","transcribe":"Enter, as they appear, the number of stories and the building materials."}},{"id":"56b176b050617568bb910b00","status":"awaiting_transcriptions","name":"Additional Info","created_in_workflow":"transcribe","confidence":0.3333333333333333,"data":{"value":"Corner Store \u0026 dwelling and house"},"versions":[{"data":{"value":"Corner Store \u0026 dwelling and house"},"votes":1,"confidence":0.3333333333333333,"instances":[{"created":"2015-12-27T17:55:35Z","user_id":"56748e5e3564620003fd0100","duration":14.608}]}],"region":{"x":374.02031239558227,"y":599.1918466662678,"width":672.9962728159708,"height":106.32840702846087,"label":"Dimension \u0026 Description","shape":"rectangle"},"task_key":"em_record_survey_additional_info","instructions":{"mark":"Dimension \u0026 Description","transcribe":"Enter any additional information you find about the building's construction or significance."}},{"id":"56b176b050617568bb920b00","status":"awaiting_transcriptions","name":"Land \u0026 Building Dimensions","created_in_workflow":"transcribe","confidence":0.3333333333333333,"data":{"em_survey_land_dimensions":"24.11 x 100 on 8th Avenue and 25 x 99.11 on 126th St"},"versions":[{"data":{"em_survey_land_dimensions":"24.11 x 100 on 8th Avenue and 25 x 99.11 on 126th St"},"votes":1,"confidence":0.3333333333333333,"instances":[{"created":"2016-01-26T19:51:06Z","user_id":"56a7c2e36463640003d30a00","duration":140.051}]}],"region":{"x":416.1816771118419,"y":618.6413527143281,"width":640.7356534341959,"height":73.26016018985467,"label":"Dimension \u0026 Description","shape":"rectangle"},"task_key":"em_record_survey","instructions":{"mark":"Dimension \u0026 Description","transcribe":"Enter, as they appear, any land and building dimensions that were recorded. In the next screen, you'll enter the descriptive information."}},{"id":"56b176b050617568bb930b00","status":"awaiting_transcriptions","name":"Additional Info","created_in_workflow":"transcribe","confidence":0.3333333333333333,"data":{"value":"Corner story \u0026 dwelling and house on 126th St"},"versions":[{"data":{"value":"Corner story \u0026 dwelling and house on 126th St"},"votes":1,"confidence":0.3333333333333333,"instances":[{"created":"2016-01-26T19:52:14Z","user_id":"56a7c2e36463640003d30a00","duration":56.809}]}],"region":{"x":416.1816771118419,"y":618.6413527143281,"width":640.7356534341959,"height":73.26016018985467,"label":"Dimension \u0026 Description","shape":"rectangle"},"task_key":"em_record_survey_additional_info","instructions":{"mark":"Dimension \u0026 Description","transcribe":"Enter any additional information you find about the building's construction or significance."}},{"id":"56b176b050617568bb940b00","status":"awaiting_votes","name":"Record Date","created_in_workflow":"transcribe","confidence":0.3333333333333333,"data":{"value":"1869 Sept 15  1874 October 30."},"versions":[{"data":{"value":"1869 Sept 15  1874 October 30."},"votes":1,"confidence":0.3333333333333333,"instances":[{"created":"2015-12-27T23:22:57Z","user_id":"568068473564660003240e00","duration":50.207}]},{"data":{"value":"1869 Sept 15;  1874 October 30"},"votes":1,"confidence":0.3333333333333333,"instances":[{"created":"2015-12-28T02:58:17Z","user_id":"563f8b7a3264340003774b00","duration":35.76}]},{"data":{"value":"1869 sept 15        1874 October 30"},"votes":1,"confidence":0.3333333333333333,"instances":[{"created":"2015-12-28T08:17:30Z","user_id":"5680ee916339300003ec0200","duration":36.335}]}],"region":{"x":41.274943308132,"y":85.06272562276871,"width":196.39482310800636,"height":211.40589162129282,"label":"Record Date","shape":"rectangle"},"task_key":"em_record_date","instructions":{"mark":"Record Date","transcribe":"Enter the record date"}},{"id":"56b176b050617568bb950b00","status":"awaiting_transcriptions","name":"Valuation Date","created_in_workflow":"transcribe","confidence":0.3333333333333333,"data":{"value":"1879 November"},"versions":[{"data":{"value":"1879 November"},"votes":1,"confidence":0.3333333333333333,"instances":[{"created":"2015-12-27T20:49:01Z","user_id":"568047983564660003300b00","duration":6.365}]}],"region":{"x":55.03509015009423,"y":753.0553062486288,"width":733.0405499445334,"height":76.30626857336608,"label":"Valuation","shape":"rectangle"},"task_key":"em_record_valuation","instructions":{"mark":"Valuation","transcribe":"Enter the date of the valuation (if one is given). In the next screen, you'll enter the valuation's dollar amounts."}},{"id":"56b176b050617568bb960b00","status":"awaiting_transcriptions","name":"Land \u0026 Building Value","created_in_workflow":"transcribe","confidence":0.3333333333333333,"data":{"em_valuation_ground":""},"versions":[{"data":{"em_valuation_ground":""},"votes":1,"confidence":0.3333333333333333,"instances":[{"created":"2015-12-27T20:49:06Z","user_id":"568047983564660003300b00","duration":5.359}]}],"region":{"x":55.03509015009423,"y":753.0553062486288,"width":733.0405499445334,"height":76.30626857336608,"label":"Valuation","shape":"rectangle"},"task_key":"em_record_valuation_ground_building","instructions":{"mark":"Valuation","transcribe":"Sometimes valuations include itemized dollar values for \"ground\" and \"building\". Enter these amounts if you can find them. In the next screen, you'll enter the total valuation."}},{"id":"56b176b050617568bb970b00","status":"awaiting_transcriptions","name":"Total Value","created_in_workflow":"transcribe","confidence":0.3333333333333333,"data":{"value":"$15,000"},"versions":[{"data":{"value":"$15,000"},"votes":1,"confidence":0.3333333333333333,"instances":[{"created":"2015-12-27T20:49:09Z","user_id":"568047983564660003300b00","duration":3.012}]}],"region":{"x":55.03509015009423,"y":753.0553062486288,"width":733.0405499445334,"height":76.30626857336608,"label":"Valuation","shape":"rectangle"},"task_key":"em_record_valuation_total","instructions":{"mark":"Valuation","transcribe":"Enter the valuation ***total*** (if one is given)"}},{"id":"56b176b050617568bb980b00","status":"awaiting_votes","name":"Amount Loaned","created_in_workflow":"transcribe","confidence":0.6666666666666666,"data":{"value":"$4500"},"versions":[{"data":{"value":"$4500"},"votes":2,"confidence":0.6666666666666666,"instances":[{"created":"2015-12-27T21:21:30Z","user_id":"56802f0f3564660003d20900","duration":5.987},{"created":"2015-12-28T03:03:45Z","user_id":"563f8b7a3264340003774b00","duration":6.902}]},{"data":{"value":"$4,500"},"votes":1,"confidence":0.3333333333333333,"instances":[{"created":"2015-12-27T20:48:54Z","user_id":"568047983564660003300b00","duration":3.495}]}],"region":{"x":1118.319164301721,"y":739.2951594567104,"width":145.1070030606927,"height":57.54243203893168,"label":"Amount Loaned","shape":"rectangle"},"task_key":"em_record_amount_loaned","instructions":{"mark":"Amount Loaned","transcribe":"Enter the Amount Loaned"}}]}]}