{"id":"56b1004a7061755afba10a00","meta_data":{"capture_uuid":"e186a650-00b1-0133-ca8e-58d385a7bbd0","page_uri":"http://digitalcollections.nypl.org/items/e186a650-00b1-0133-ca8e-58d385a7bbd0","book_uri":"http://digitalcollections.nypl.org/items/df712aa0-00b1-0133-fbd7-58d385a7bbd0","source_rotated":"1.25874","source_x":"0","source_y":"0","source_w":"1380.15","source_h":"992.16"},"type":"final_subject_set","search_terms_by_field":{"Record Number":["348"],"Mortgager":["Michael Link"],"Street Address":["no. 68 Mangin Street"],"Land \u0026 Building Dimensions":["20.8. x 100.","20.8. x 50."],"Stories \u0026 Materials":["3 \u0026 basement","brick"],"Additional Info":["\u0026 basm.t  house"],"Record Date":["1868 Aug 12"],"Valuation Date":["1879 November","$7000"],"Total Value":["$ 7000","$7000"],"Land \u0026 Building Value":[],"Amount Loaned":["$3000"]},"subjects":[{"id":"56b1769550617568bbc70900","type":"root","location":{"standard":"https://s3.amazonaws.com/scribe.nypl.org/emigrant-s4/full/e186a650-00b1-0133-ca8e-58d385a7bbd0.left-top.jpg","thumbnail":"https://s3.amazonaws.com/scribe.nypl.org/emigrant-s4/thumb/e186a650-00b1-0133-ca8e-58d385a7bbd0.left-top.jpg"},"status":"active","width":1380,"height":992,"meta_data":{"capture_uuid":"e186a650-00b1-0133-ca8e-58d385a7bbd0","page_uri":"http://digitalcollections.nypl.org/items/e186a650-00b1-0133-ca8e-58d385a7bbd0","book_uri":"http://digitalcollections.nypl.org/items/df712aa0-00b1-0133-fbd7-58d385a7bbd0","source_rotated":"1.25874","source_x":"0","source_y":"0","source_w":"1380.15","source_h":"992.16"},"assertions":[{"id":"56b1769550617568bbc80900","status":"complete","name":"Record Number","created_in_workflow":"transcribe","confidence":1.0,"data":{"value":"348"},"versions":[{"data":{"value":"348"},"votes":3,"confidence":1.0,"instances":[{"created":"2015-12-05T22:05:59Z","user_id":"563f8b7a3264340003774b00","duration":10.375},{"created":"2015-12-06T00:37:31Z","user_id":"564e49d539646600031a0b00","duration":3.391},{"created":"2015-12-06T02:27:38Z","user_id":"566399e93932380003ae0c00","duration":10.207}]}],"region":{"x":930.1939058171745,"y":20.387489134837924,"width":128.69806094182832,"height":47.146068624312704,"label":"Record Number","shape":"rectangle"},"task_key":"em_record_number","instructions":{"mark":"Record Number","transcribe":"Enter the record number"}},{"id":"56b1769550617568bbc90900","status":"complete","name":"Mortgager","created_in_workflow":"transcribe","confidence":1.0,"data":{"value":"Michael Link"},"versions":[{"data":{"value":"Michael Link"},"votes":3,"confidence":1.0,"instances":[{"created":"2015-12-05T22:06:58Z","user_id":"563f8b7a3264340003774b00","duration":20.441},{"created":"2015-12-06T00:37:50Z","user_id":"564e49d539646600031a0b00","duration":6.534},{"created":"2015-12-06T02:33:31Z","user_id":"56639bff3537300003c40b00","duration":9.394}]}],"region":{"x":460.0,"y":516.058318725585,"width":341.4958448753463,"height":62.43668547544121,"label":"Mortgager Name","shape":"rectangle"},"task_key":"em_record_mortgager","instructions":{"mark":"Mortgager Name","transcribe":"Enter the mortgager's name"}},{"id":"56b1769550617568bbca0900","status":"awaiting_votes","name":"Street Address","created_in_workflow":"transcribe","confidence":0.3333333333333333,"data":{"value":"no. 68 Mangin Street"},"versions":[{"data":{"value":"no. 68 Mangin Street"},"votes":1,"confidence":0.3333333333333333,"instances":[{"created":"2015-12-06T00:38:21Z","user_id":"564e49d539646600031a0b00","duration":13.812}]},{"data":{"value":"no. 68. Mangin Street"},"votes":1,"confidence":0.3333333333333333,"instances":[{"created":"2015-12-06T02:30:35Z","user_id":"56638f8b3537300003050b00","duration":18.172}]},{"data":{"value":"No. 68 Mangin Street"},"votes":1,"confidence":0.3333333333333333,"instances":[{"created":"2015-12-06T02:34:02Z","user_id":"56639bff3537300003c40b00","duration":31.031}]}],"region":{"x":431.96675900277006,"y":568.3012596336072,"width":373.3518005540166,"height":45.87185055338534,"label":"Street Address","shape":"rectangle"},"task_key":"em_record_street_address","instructions":{"mark":"Street Address","transcribe":"Enter the street address"}},{"id":"56b1769550617568bbcb0900","status":"awaiting_transcriptions","name":"Land \u0026 Building Dimensions","created_in_workflow":"transcribe","confidence":0.3333333333333333,"data":{"em_survey_land_dimensions":"20.8. x 100.","em_survey_building_dimensions":"20.8. x 50."},"versions":[{"data":{"em_survey_land_dimensions":"20.8. x 100.","em_survey_building_dimensions":"20.8. x 50."},"votes":1,"confidence":0.3333333333333333,"instances":[{"created":"2016-01-16T20:31:44Z","user_id":"56980a2d3337650003270200","duration":60.623}]},{"data":{"em_survey_land_dimensions":"20.8 x 100.","em_survey_building_dimensions":"20.8 x 50."},"votes":1,"confidence":0.3333333333333333,"instances":[{"created":"2016-01-16T21:52:22Z","user_id":"569abadf6635320003d50000","duration":29.258}]}],"region":{"x":438.6916769631373,"y":616.1766734718544,"width":544.4130757800892,"height":83.04544184895201,"label":"Dimension \u0026 Description","shape":"rectangle"},"task_key":"em_record_survey","instructions":{"mark":"Dimension \u0026 Description","transcribe":"Enter, as they appear, any land and building dimensions that were recorded. In the next screen, you'll enter the descriptive information."}},{"id":"56b1769550617568bbcc0900","status":"awaiting_transcriptions","name":"Stories \u0026 Materials","created_in_workflow":"transcribe","confidence":0.3333333333333333,"data":{"em_record_stories":"3 \u0026 basement","em_record_material":"brick"},"versions":[{"data":{"em_record_stories":"3 \u0026 basement","em_record_material":"brick"},"votes":1,"confidence":0.3333333333333333,"instances":[{"created":"2016-01-16T20:33:00Z","user_id":"56980a2d3337650003270200","duration":75.78}]},{"data":{"em_record_stories":"3","em_record_material":"brick"},"votes":1,"confidence":0.3333333333333333,"instances":[{"created":"2016-01-16T21:52:32Z","user_id":"569abadf6635320003d50000","duration":9.842}]}],"region":{"x":438.6916769631373,"y":616.1766734718544,"width":544.4130757800892,"height":83.04544184895201,"label":"Dimension \u0026 Description","shape":"rectangle"},"task_key":"em_record_survey_stories_materials","instructions":{"mark":"Dimension \u0026 Description","transcribe":"Enter, as they appear, the number of stories and the building materials."}},{"id":"56b1769550617568bbcd0900","status":"awaiting_transcriptions","name":"Additional Info","created_in_workflow":"transcribe","confidence":0.3333333333333333,"data":{"value":"\u0026 basm.t  house"},"versions":[{"data":{"value":"\u0026 basm.t  house"},"votes":1,"confidence":0.3333333333333333,"instances":[{"created":"2016-01-16T21:52:53Z","user_id":"569abadf6635320003d50000","duration":20.633}]}],"region":{"x":438.6916769631373,"y":616.1766734718544,"width":544.4130757800892,"height":83.04544184895201,"label":"Dimension \u0026 Description","shape":"rectangle"},"task_key":"em_record_survey_additional_info","instructions":{"mark":"Dimension \u0026 Description","transcribe":"Enter any additional information you find about the building's construction or significance."}},{"id":"56b1769550617568bbce0900","status":"awaiting_votes","name":"Record Date","created_in_workflow":"transcribe","confidence":0.6666666666666666,"data":{"value":"1868 Aug 12"},"versions":[{"data":{"value":"1868 Aug 12"},"votes":2,"confidence":0.6666666666666666,"instances":[{"created":"2015-12-05T22:06:12Z","user_id":"563f8b7a3264340003774b00","duration":13.391},{"created":"2015-12-06T02:28:15Z","user_id":"566399e93932380003ae0c00","duration":28.283}]},{"data":{"value":"1868 August 12"},"votes":1,"confidence":0.3333333333333333,"instances":[{"created":"2015-12-06T00:37:37Z","user_id":"564e49d539646600031a0b00","duration":6.118}]}],"region":{"x":64.98614958448753,"y":71.35621197193274,"width":216.62049861495848,"height":124.8733709508823,"label":"Record Date","shape":"rectangle"},"task_key":"em_record_date","instructions":{"mark":"Record Date","transcribe":"Enter the record date"}},{"id":"56b1769550617568bbcf0900","status":"awaiting_transcriptions","name":"Valuation Date","created_in_workflow":"transcribe","confidence":0.6666666666666666,"data":{"value":"1879 November"},"versions":[{"data":{"value":"1879 November"},"votes":2,"confidence":0.6666666666666666,"instances":[{"created":"2016-01-16T20:34:56Z","user_id":"56980a2d3337650003270200","duration":27.508},{"created":"2016-01-16T21:54:44Z","user_id":"569abadf6635320003d50000","duration":11.674}]}],"region":{"x":60.37072599731264,"y":740.2322100610297,"width":707.4294205052006,"height":77.9191800064242,"label":"Valuation","shape":"rectangle"},"task_key":"em_record_valuation","instructions":{"mark":"Valuation","transcribe":"Enter the date of the valuation (if one is given). In the next screen, you'll enter the valuation's dollar amounts."}},{"id":"56b1769550617568bbd00900","status":"awaiting_transcriptions","name":"Total Value","created_in_workflow":"transcribe","confidence":0.3333333333333333,"data":{"value":"$ 7000"},"versions":[{"data":{"value":"$ 7000"},"votes":1,"confidence":0.3333333333333333,"instances":[{"created":"2016-01-16T20:35:10Z","user_id":"56980a2d3337650003270200","duration":10.092}]},{"data":{"value":"$7000."},"votes":1,"confidence":0.3333333333333333,"instances":[{"created":"2016-01-16T21:54:51Z","user_id":"569abadf6635320003d50000","duration":6.145}]}],"region":{"x":60.37072599731264,"y":740.2322100610297,"width":707.4294205052006,"height":77.9191800064242,"label":"Valuation","shape":"rectangle"},"task_key":"em_record_valuation_total","instructions":{"mark":"Valuation","transcribe":"Enter the valuation ***total*** (if one is given)"}},{"id":"56b1769550617568bbd10900","status":"awaiting_transcriptions","name":"Land \u0026 Building Value","created_in_workflow":"transcribe","confidence":0.3333333333333333,"data":{"em_valuation_ground":""},"versions":[{"data":{"em_valuation_ground":""},"votes":1,"confidence":0.3333333333333333,"instances":[{"created":"2016-01-16T21:54:45Z","user_id":"569abadf6635320003d50000","duration":0.73}]}],"region":{"x":60.37072599731264,"y":740.2322100610297,"width":707.4294205052006,"height":77.9191800064242,"label":"Valuation","shape":"rectangle"},"task_key":"em_record_valuation_ground_building","instructions":{"mark":"Valuation","transcribe":"Sometimes valuations include itemized dollar values for \"ground\" and \"building\". Enter these amounts if you can find them. In the next screen, you'll enter the total valuation."}},{"id":"56b1769550617568bbd20900","status":"awaiting_transcriptions","name":"Valuation Date","created_in_workflow":"transcribe","confidence":0.3333333333333333,"data":{"value":"$7000"},"versions":[{"data":{"value":"$7000"},"votes":1,"confidence":0.3333333333333333,"instances":[{"created":"2015-12-05T22:26:27Z","user_id":"566356c33537300003c50500","duration":8.559}]}],"region":{"x":644.7645429362881,"y":763.2566244854949,"width":138.8919667590028,"height":53.51715897894951,"label":"Valuation","shape":"rectangle"},"task_key":"em_record_valuation","instructions":{"mark":"Valuation","transcribe":"Enter the date of the valuation (if one is given). In the next screen, you'll enter the valuation's dollar amounts."}},{"id":"56b1769550617568bbd30900","status":"awaiting_transcriptions","name":"Total Value","created_in_workflow":"transcribe","confidence":0.3333333333333333,"data":{"value":"$7000"},"versions":[{"data":{"value":"$7000"},"votes":1,"confidence":0.3333333333333333,"instances":[{"created":"2015-12-05T22:26:44Z","user_id":"566356c33537300003c50500","duration":11.34}]}],"region":{"x":644.7645429362881,"y":763.2566244854949,"width":138.8919667590028,"height":53.51715897894951,"label":"Valuation","shape":"rectangle"},"task_key":"em_record_valuation_total","instructions":{"mark":"Valuation","transcribe":"Enter the valuation ***total*** (if one is given)"}},{"id":"56b1769550617568bbd40900","status":"awaiting_votes","name":"Amount Loaned","created_in_workflow":"transcribe","confidence":0.3333333333333333,"data":{"value":"$3000"},"versions":[{"data":{"value":"$3000"},"votes":1,"confidence":0.3333333333333333,"instances":[{"created":"2015-12-06T02:31:01Z","user_id":"56638f8b3537300003050b00","duration":7.46}]},{"data":{"value":"$3000."},"votes":1,"confidence":0.3333333333333333,"instances":[{"created":"2015-12-06T02:34:10Z","user_id":"56639bff3537300003c40b00","duration":7.432}]},{"data":{"value":"$3,000"},"votes":1,"confidence":0.3333333333333333,"instances":[{"created":"2015-12-06T04:42:55Z","user_id":"5663bbda3932380003de0e00","duration":4.308}]}],"region":{"x":1099.6675900277007,"y":727.5785184995284,"width":169.47368421052647,"height":59.88824933358649,"label":"Amount Loaned","shape":"rectangle"},"task_key":"em_record_amount_loaned","instructions":{"mark":"Amount Loaned","transcribe":"Enter the Amount Loaned"}}]}]}