{"id":"56b100ba7061755afbec1200","meta_data":{"capture_uuid":"e2f8e280-00b1-0133-a17a-58d385a7bbd0","page_uri":"http://digitalcollections.nypl.org/items/e2f8e280-00b1-0133-a17a-58d385a7bbd0","book_uri":"http://digitalcollections.nypl.org/items/df712aa0-00b1-0133-fbd7-58d385a7bbd0","source_rotated":"0.559511","source_x":"1212.57","source_y":"0","source_w":"1367.43","source_h":"990.78"},"type":"final_subject_set","search_terms_by_field":{"Record Number":["544"],"Mortgager":["Sheridan Shook now John A. Stewart"],"Street Address":["No. 229. W 36th Street"],"Land \u0026 Building Dimensions":["23 x 98.9","23 x 60."],"Stories \u0026 Materials":["brick"],"Additional Info":["Stable"],"Record Date":["1872 February 7","1872 February 7","1872 July"],"Total Value":["$10,000"],"Valuation Date":[],"Land \u0026 Building Value":[],"Amount Loaned":["$5000."]},"subjects":[{"id":"56b1770950617568bb881100","type":"root","location":{"standard":"https://s3.amazonaws.com/scribe.nypl.org/emigrant-s4/full/e2f8e280-00b1-0133-a17a-58d385a7bbd0.right-top.jpg","thumbnail":"https://s3.amazonaws.com/scribe.nypl.org/emigrant-s4/thumb/e2f8e280-00b1-0133-a17a-58d385a7bbd0.right-top.jpg"},"status":"active","width":1367,"height":990,"meta_data":{"capture_uuid":"e2f8e280-00b1-0133-a17a-58d385a7bbd0","page_uri":"http://digitalcollections.nypl.org/items/e2f8e280-00b1-0133-a17a-58d385a7bbd0","book_uri":"http://digitalcollections.nypl.org/items/df712aa0-00b1-0133-fbd7-58d385a7bbd0","source_rotated":"0.559511","source_x":"1212.57","source_y":"0","source_w":"1367.43","source_h":"990.78"},"assertions":[{"id":"56b1770950617568bb891100","status":"complete","name":"Record Number","created_in_workflow":"transcribe","confidence":1.0,"data":{"value":"544"},"versions":[{"data":{"value":"544"},"votes":3,"confidence":1.0,"instances":[{"created":"2016-01-10T17:21:37Z","user_id":"56928fa639316600034c0100","duration":3.538},{"created":"2016-01-11T01:01:44Z","user_id":"5692fe2e3637360003630400","duration":8.619},{"created":"2016-01-11T05:29:15Z","user_id":"56933da93637360003b10400","duration":2.727}]}],"region":{"x":979.3878209779052,"y":17.932596011495253,"width":93.8012705927481,"height":62.07437080902204,"label":"Record Number","shape":"rectangle"},"task_key":"em_record_number","instructions":{"mark":"Record Number","transcribe":"Enter the record number"}},{"id":"56b1770950617568bb8a1100","status":"complete","name":"Mortgager","created_in_workflow":"transcribe","confidence":1.0,"data":{"value":"Sheridan Shook now John A. Stewart"},"versions":[{"data":{"value":"Sheridan Shook now John A. Stewart"},"votes":3,"confidence":1.0,"instances":[{"created":"2016-01-10T17:23:19Z","user_id":"56928fa639316600034c0100","duration":36.535},{"created":"2016-01-11T05:30:06Z","user_id":"56933da93637360003b10400","duration":14.989},{"created":"2016-01-11T12:48:49Z","user_id":"5693a3ae3166380003fb0000","duration":29.765}]}],"region":{"x":384.85329707386984,"y":532.4601584951668,"width":776.619343289958,"height":49.65949664721768,"label":"Mortgager Name","shape":"rectangle"},"task_key":"em_record_mortgager","instructions":{"mark":"Mortgager Name","transcribe":"Enter the mortgager's name"}},{"id":"56b1770950617568bb8b1100","status":"awaiting_votes","name":"Street Address","created_in_workflow":"transcribe","confidence":0.3333333333333333,"data":{"value":"No. 229. W 36th Street"},"versions":[{"data":{"value":"No. 229. W 36th Street"},"votes":1,"confidence":0.3333333333333333,"instances":[{"created":"2016-01-10T17:23:36Z","user_id":"56928fa639316600034c0100","duration":16.811}]},{"data":{"value":"N°229. W 34th Street"},"votes":1,"confidence":0.3333333333333333,"instances":[{"created":"2016-01-11T12:49:45Z","user_id":"5693a3ae3166380003fb0000","duration":30.846}]},{"data":{"value":"No. 229 W 311th Street"},"votes":1,"confidence":0.3333333333333333,"instances":[{"created":"2016-01-11T17:09:46Z","user_id":"5693e0433637360003740500","duration":32.238}]}],"region":{"x":524.1757725130985,"y":584.8785160672298,"width":324.1661557249381,"height":35.86519202299053,"label":"Street Address","shape":"rectangle"},"task_key":"em_record_street_address","instructions":{"mark":"Street Address","transcribe":"Enter the street address"}},{"id":"56b1770950617568bb8c1100","status":"awaiting_transcriptions","name":"Land \u0026 Building Dimensions","created_in_workflow":"transcribe","confidence":0.3333333333333333,"data":{"em_survey_land_dimensions":"23 x 98.9","em_survey_building_dimensions":"23 x 60."},"versions":[{"data":{"em_survey_land_dimensions":"23 x 98.9","em_survey_building_dimensions":"23 x 60."},"votes":1,"confidence":0.3333333333333333,"instances":[{"created":"2016-01-10T17:24:25Z","user_id":"56928fa639316600034c0100","duration":49.702}]}],"region":{"x":277.2577219821883,"y":613.8465557781069,"width":704.8889598955034,"height":77.24810589567191,"label":"Dimension \u0026 Description","shape":"rectangle"},"task_key":"em_record_survey","instructions":{"mark":"Dimension \u0026 Description","transcribe":"Enter, as they appear, any land and building dimensions that were recorded. In the next screen, you'll enter the descriptive information."}},{"id":"56b1770950617568bb8d1100","status":"awaiting_transcriptions","name":"Stories \u0026 Materials","created_in_workflow":"transcribe","confidence":0.3333333333333333,"data":{"em_record_material":"brick"},"versions":[{"data":{"em_record_material":"brick"},"votes":1,"confidence":0.3333333333333333,"instances":[{"created":"2016-01-10T17:24:59Z","user_id":"56928fa639316600034c0100","duration":33.666}]}],"region":{"x":277.2577219821883,"y":613.8465557781069,"width":704.8889598955034,"height":77.24810589567191,"label":"Dimension \u0026 Description","shape":"rectangle"},"task_key":"em_record_survey_stories_materials","instructions":{"mark":"Dimension \u0026 Description","transcribe":"Enter, as they appear, the number of stories and the building materials."}},{"id":"56b1770950617568bb8e1100","status":"awaiting_transcriptions","name":"Additional Info","created_in_workflow":"transcribe","confidence":0.3333333333333333,"data":{"value":"Stable"},"versions":[{"data":{"value":"Stable"},"votes":1,"confidence":0.3333333333333333,"instances":[{"created":"2016-01-10T17:25:07Z","user_id":"56928fa639316600034c0100","duration":7.821}]}],"region":{"x":277.2577219821883,"y":613.8465557781069,"width":704.8889598955034,"height":77.24810589567191,"label":"Dimension \u0026 Description","shape":"rectangle"},"task_key":"em_record_survey_additional_info","instructions":{"mark":"Dimension \u0026 Description","transcribe":"Enter any additional information you find about the building's construction or significance."}},{"id":"56b1770950617568bb8f1100","status":"awaiting_votes","name":"Record Date","created_in_workflow":"transcribe","confidence":0.6666666666666666,"data":{"value":"1872 February 7"},"versions":[{"data":{"value":"1872 February 7"},"votes":2,"confidence":0.6666666666666666,"instances":[{"created":"2016-01-11T01:02:05Z","user_id":"5692fe2e3637360003630400","duration":10.451},{"created":"2016-01-11T05:29:29Z","user_id":"56933da93637360003b10400","duration":5.34}]},{"data":{"value":"1872 Feby 7"},"votes":1,"confidence":0.3333333333333333,"instances":[{"created":"2016-01-10T17:22:23Z","user_id":"56928fa639316600034c0100","duration":8.462}]}],"region":{"x":107.58777664530577,"y":75.86867543324915,"width":155.87564083794894,"height":124.14874161804407,"label":"Record Date","shape":"rectangle"},"task_key":"em_record_date","instructions":{"mark":"Record Date","transcribe":"Enter the record date"}},{"id":"56b1770950617568bb901100","status":"awaiting_transcriptions","name":"Record Date","created_in_workflow":"transcribe","confidence":0.3333333333333333,"data":{"value":"1872 February 7"},"versions":[{"data":{"value":"1872 February 7"},"votes":1,"confidence":0.3333333333333333,"instances":[{"created":"2016-01-29T23:57:32Z","user_id":"56abfc6c37636200034f0000","duration":67.526}]}],"region":{"x":804.4550318309122,"y":127.16234269991848,"width":15.0,"height":15.0,"label":"Record Date","shape":"rectangle"},"task_key":"em_record_date","instructions":{"mark":"Record Date","transcribe":"Enter the record date"}},{"id":"56b1770950617568bb911100","status":"awaiting_transcriptions","name":"Record Date","created_in_workflow":"transcribe","confidence":0.3333333333333333,"data":{"value":"1872 July"},"versions":[{"data":{"value":"1872 July"},"votes":1,"confidence":0.3333333333333333,"instances":[{"created":"2016-01-30T03:30:38Z","user_id":"56ac2e513763620003660000","duration":13.394}]},{"data":{"value":"544"},"votes":1,"confidence":0.3333333333333333,"instances":[{"created":"2016-01-30T20:10:02Z","user_id":"56ad052d6164300003e70100","duration":940.927}]}],"region":{"x":903.6810207686561,"y":132.94249729436552,"width":15.0,"height":15.0,"label":"Record Date","shape":"rectangle"},"task_key":"em_record_date","instructions":{"mark":"Record Date","transcribe":"Enter the record date"}},{"id":"56b1770950617568bb921100","status":"awaiting_transcriptions","name":"Total Value","created_in_workflow":"transcribe","confidence":0.3333333333333333,"data":{"value":"$10,000"},"versions":[{"data":{"value":"$10,000"},"votes":1,"confidence":0.3333333333333333,"instances":[{"created":"2016-01-10T14:59:52Z","user_id":"56926f126539610003160400","duration":4.604}]},{"data":{"value":"$10,000."},"votes":1,"confidence":0.3333333333333333,"instances":[{"created":"2016-01-10T23:15:56Z","user_id":"5692e4793637360003fb0200","duration":6.529}]}],"region":{"x":638.6684998542469,"y":760.0661847949142,"width":124.1487404904019,"height":71.73038404598105,"label":"Valuation","shape":"rectangle"},"task_key":"em_record_valuation_total","instructions":{"mark":"Valuation","transcribe":"Enter the valuation ***total*** (if one is given)"}},{"id":"56b1770950617568bb931100","status":"awaiting_transcriptions","name":"Valuation Date","created_in_workflow":"transcribe","confidence":0.3333333333333333,"data":{"value":""},"versions":[{"data":{"value":""},"votes":1,"confidence":0.3333333333333333,"instances":[{"created":"2016-01-10T23:15:48Z","user_id":"5692e4793637360003fb0200","duration":4.468}]}],"region":{"x":638.6684998542469,"y":760.0661847949142,"width":124.1487404904019,"height":71.73038404598105,"label":"Valuation","shape":"rectangle"},"task_key":"em_record_valuation","instructions":{"mark":"Valuation","transcribe":"Enter the date of the valuation (if one is given). In the next screen, you'll enter the valuation's dollar amounts."}},{"id":"56b1770950617568bb941100","status":"awaiting_transcriptions","name":"Land \u0026 Building Value","created_in_workflow":"transcribe","confidence":0.3333333333333333,"data":{"em_valuation_ground":""},"versions":[{"data":{"em_valuation_ground":""},"votes":1,"confidence":0.3333333333333333,"instances":[{"created":"2016-01-10T23:15:49Z","user_id":"5692e4793637360003fb0200","duration":1.21}]}],"region":{"x":638.6684998542469,"y":760.0661847949142,"width":124.1487404904019,"height":71.73038404598105,"label":"Valuation","shape":"rectangle"},"task_key":"em_record_valuation_ground_building","instructions":{"mark":"Valuation","transcribe":"Sometimes valuations include itemized dollar values for \"ground\" and \"building\". Enter these amounts if you can find them. In the next screen, you'll enter the total valuation."}},{"id":"56b1770950617568bb951100","status":"complete","name":"Amount Loaned","created_in_workflow":"transcribe","confidence":1.0,"data":{"value":"$5000."},"versions":[{"data":{"value":"$5000."},"votes":3,"confidence":1.0,"instances":[{"created":"2016-01-10T17:25:13Z","user_id":"56928fa639316600034c0100","duration":6.412},{"created":"2016-01-10T23:15:44Z","user_id":"5692e4793637360003fb0200","duration":6.298},{"created":"2016-01-11T17:10:54Z","user_id":"5693e0433637360003740500","duration":6.438}]}],"region":{"x":1180.7846666623348,"y":711.7861186101193,"width":124.1487404904019,"height":80.00696682051728,"label":"Amount Loaned","shape":"rectangle"},"task_key":"em_record_amount_loaned","instructions":{"mark":"Amount Loaned","transcribe":"Enter the Amount Loaned"}}]}]}