{"id":"56b100de7061755afb851500","meta_data":{"capture_uuid":"e359d430-00b1-0133-fbea-58d385a7bbd0","page_uri":"http://digitalcollections.nypl.org/items/e359d430-00b1-0133-fbea-58d385a7bbd0","book_uri":"http://digitalcollections.nypl.org/items/df712aa0-00b1-0133-fbd7-58d385a7bbd0","source_rotated":"0.839234","source_x":"1217.27","source_y":"963.03","source_w":"1372.73","source_h":"1085.97"},"type":"final_subject_set","search_terms_by_field":{"Record Number":["602"],"Mortgager":["John Devlin"],"Street Address":["No 165th Street near 10th Avenue"],"Land \u0026 Building Dimensions":["25 x about 107","22 x 32"],"Stories \u0026 Materials":["3","Frame House "],"Additional Info":["House"],"Record Date":["1872 June 10 1873 February 18"],"Total Value":["$4,000"],"Amount Loaned":["$2,000"]},"subjects":[{"id":"56b1772d50617568bbf81300","type":"root","location":{"standard":"https://s3.amazonaws.com/scribe.nypl.org/emigrant-s4/full/e359d430-00b1-0133-fbea-58d385a7bbd0.right-bottom.jpg","thumbnail":"https://s3.amazonaws.com/scribe.nypl.org/emigrant-s4/thumb/e359d430-00b1-0133-fbea-58d385a7bbd0.right-bottom.jpg"},"status":"retired","width":1372,"height":1085,"meta_data":{"capture_uuid":"e359d430-00b1-0133-fbea-58d385a7bbd0","page_uri":"http://digitalcollections.nypl.org/items/e359d430-00b1-0133-fbea-58d385a7bbd0","book_uri":"http://digitalcollections.nypl.org/items/df712aa0-00b1-0133-fbd7-58d385a7bbd0","source_rotated":"0.839234","source_x":"1217.27","source_y":"963.03","source_w":"1372.73","source_h":"1085.97"},"assertions":[{"id":"56b1772d50617568bbf91300","status":"complete","name":"Record Number","created_in_workflow":"transcribe","confidence":1.0,"data":{"value":"602"},"versions":[{"data":{"value":"602"},"votes":3,"confidence":1.0,"instances":[{"created":"2015-11-22T16:18:14Z","user_id":"5651ac5e66393200037c0000","duration":8.729},{"created":"2015-11-22T17:27:17Z","user_id":"5651f2866639320003030200","duration":3.1},{"created":"2015-11-22T18:37:47Z","user_id":"56520ac76639320003da0200","duration":3.06}]}],"region":{"x":972.2299306243806,"y":46.23096614531882,"width":135.9762140733401,"height":65.26724632280305,"label":"Record Number","shape":"rectangle"},"task_key":"em_record_number","instructions":{"mark":"Record Number","transcribe":"Enter the record number"}},{"id":"56b1772d50617568bbfa1300","status":"complete","name":"Mortgager","created_in_workflow":"transcribe","confidence":1.0,"data":{"value":"John Devlin"},"versions":[{"data":{"value":"John Devlin"},"votes":3,"confidence":1.0,"instances":[{"created":"2015-11-22T16:18:55Z","user_id":"5651ac5e66393200037c0000","duration":9.555},{"created":"2015-11-22T17:29:34Z","user_id":"5651f2866639320003030200","duration":7.751},{"created":"2015-11-22T20:21:13Z","user_id":"56521ef136323100030c0300","duration":10.343}]}],"region":{"x":435.1238850346878,"y":518.0587676872491,"width":356.25768087215073,"height":73.42565211315343,"label":"Mortgager Name","shape":"rectangle"},"task_key":"em_record_mortgager","instructions":{"mark":"Mortgager Name","transcribe":"Enter the mortgager's name"}},{"id":"56b1772d50617568bbfb1300","status":"awaiting_votes","name":"Street Address","created_in_workflow":"transcribe","confidence":0.25,"data":{"value":"No 165th Street near 10th Avenue"},"versions":[{"data":{"value":"No 165th Street near 10th Avenue"},"votes":1,"confidence":0.25,"instances":[{"created":"2015-11-22T16:07:40Z","user_id":"5651e0bd6639320003dc0000","duration":32.957}]},{"data":{"value":"No. 165th Street near 10th avenue"},"votes":1,"confidence":0.25,"instances":[{"created":"2015-11-22T16:21:09Z","user_id":"5651ac5e66393200037c0000","duration":75.75}]},{"data":{"value":"No 165th St"},"votes":1,"confidence":0.25,"instances":[{"created":"2015-11-22T17:30:43Z","user_id":"5651f2866639320003030200","duration":16.662}]},{"data":{"value":"115th Street near 10th Avenue"},"votes":1,"confidence":0.25,"instances":[{"created":"2015-11-22T17:30:49Z","user_id":"5651f8ec3632310003d30100","duration":17.699}]}],"region":{"x":500.392467789891,"y":575.1676082197018,"width":515.3498513379584,"height":58.46857483084432,"label":"Street Address","shape":"rectangle"},"task_key":"em_record_street_address","instructions":{"mark":"Street Address","transcribe":"Enter the street address"}},{"id":"56b1772d50617568bbfc1300","status":"awaiting_transcriptions","name":"Land \u0026 Building Dimensions","created_in_workflow":"transcribe","confidence":0.6666666666666666,"data":{"em_survey_land_dimensions":"25 x about 107","em_survey_building_dimensions":"22 x 32"},"versions":[{"data":{"em_survey_land_dimensions":"25 x about 107","em_survey_building_dimensions":"22 x 32"},"votes":2,"confidence":0.6666666666666666,"instances":[{"created":"2015-11-22T16:08:00Z","user_id":"5651e0bd6639320003dc0000","duration":20.021},{"created":"2015-11-22T16:21:29Z","user_id":"5651ac5e66393200037c0000","duration":20.033}]}],"region":{"x":520.788899900892,"y":618.6791057682372,"width":469.1179385530228,"height":114.21768106490538,"label":"Dimension \u0026 Description","shape":"rectangle"},"task_key":"em_record_survey","instructions":{"mark":"Dimension \u0026 Description","transcribe":"Enter, as they appear, any land and building dimensions that were recorded. In the next screen, you'll enter the descriptive information."}},{"id":"56b1772d50617568bbfd1300","status":"awaiting_transcriptions","name":"Stories \u0026 Materials","created_in_workflow":"transcribe","confidence":0.3333333333333333,"data":{"em_record_stories":"3","em_record_material":"Frame House "},"versions":[{"data":{"em_record_stories":"3","em_record_material":"Frame House "},"votes":1,"confidence":0.3333333333333333,"instances":[{"created":"2015-11-22T16:08:09Z","user_id":"5651e0bd6639320003dc0000","duration":8.558}]},{"data":{"em_record_stories":"3","em_record_material":"Frame house"},"votes":1,"confidence":0.3333333333333333,"instances":[{"created":"2015-11-22T16:21:44Z","user_id":"5651ac5e66393200037c0000","duration":14.859}]}],"region":{"x":520.788899900892,"y":618.6791057682372,"width":469.1179385530228,"height":114.21768106490538,"label":"Dimension \u0026 Description","shape":"rectangle"},"task_key":"em_record_survey_stories_materials","instructions":{"mark":"Dimension \u0026 Description","transcribe":"Enter, as they appear, the number of stories and the building materials."}},{"id":"56b1772d50617568bbfe1300","status":"awaiting_transcriptions","name":"Additional Info","created_in_workflow":"transcribe","confidence":0.3333333333333333,"data":{"value":"House"},"versions":[{"data":{"value":"House"},"votes":1,"confidence":0.3333333333333333,"instances":[{"created":"2015-11-22T16:21:50Z","user_id":"5651ac5e66393200037c0000","duration":5.56}]}],"region":{"x":520.788899900892,"y":618.6791057682372,"width":469.1179385530228,"height":114.21768106490538,"label":"Dimension \u0026 Description","shape":"rectangle"},"task_key":"em_record_survey_additional_info","instructions":{"mark":"Dimension \u0026 Description","transcribe":"Enter any additional information you find about the building's construction or significance."}},{"id":"56b1772d50617568bbff1300","status":"awaiting_votes","name":"Record Date","created_in_workflow":"transcribe","confidence":0.3333333333333333,"data":{"value":"1872 June 10 1873 February 18"},"versions":[{"data":{"value":"1872 June 10 1873 February 18"},"votes":1,"confidence":0.3333333333333333,"instances":[{"created":"2015-11-22T16:18:46Z","user_id":"5651ac5e66393200037c0000","duration":31.876}]},{"data":{"value":"1872 June 10; 1873 February 18"},"votes":1,"confidence":0.3333333333333333,"instances":[{"created":"2015-11-22T17:27:42Z","user_id":"5651f2866639320003030200","duration":25.205}]},{"data":{"value":"1872 January 10 1879 February 18"},"votes":1,"confidence":0.3333333333333333,"instances":[{"created":"2015-11-22T18:38:08Z","user_id":"56520ac76639320003da0200","duration":19.183}]}],"region":{"x":99.26263627353816,"y":100.62033808098802,"width":168.61050545094153,"height":246.11190800890313,"label":"Record Date","shape":"rectangle"},"task_key":"em_record_date","instructions":{"mark":"Record Date","transcribe":"Enter the record date"}},{"id":"56b1772d50617568bb001400","status":"awaiting_transcriptions","name":"Total Value","created_in_workflow":"transcribe","confidence":0.3333333333333333,"data":{"value":"$4,000"},"versions":[{"data":{"value":"$4,000"},"votes":1,"confidence":0.3333333333333333,"instances":[{"created":"2015-11-22T16:09:15Z","user_id":"5651e0bd6639320003dc0000","duration":12.261}]}],"region":{"x":674.4420218037661,"y":768.2498785913275,"width":153.6531219028742,"height":61.188043427627804,"label":"Valuation","shape":"rectangle"},"task_key":"em_record_valuation_total","instructions":{"mark":"Valuation","transcribe":"Enter the valuation ***total*** (if one is given)"}},{"id":"56b1772d50617568bb011400","status":"awaiting_votes","name":"Amount Loaned","created_in_workflow":"transcribe","confidence":0.5,"data":{"value":"$2,000"},"versions":[{"data":{"value":"$2,000"},"votes":2,"confidence":0.5,"instances":[{"created":"2015-11-22T16:08:39Z","user_id":"5651e0bd6639320003dc0000","duration":5.476},{"created":"2015-11-22T17:31:55Z","user_id":"5651f8ec3632310003d30100","duration":6.919}]},{"data":{"value":"2000"},"votes":2,"confidence":0.5,"instances":[{"created":"2015-11-22T16:23:08Z","user_id":"5651ac5e66393200037c0000","duration":5.421},{"created":"2015-11-22T17:30:47Z","user_id":"5651f2866639320003030200","duration":3.392}]}],"region":{"x":1155.7978196233896,"y":738.3357240267094,"width":180.84836471754215,"height":59.82830912923612,"label":"Amount Loaned","shape":"rectangle"},"task_key":"em_record_amount_loaned","instructions":{"mark":"Amount Loaned","transcribe":"Enter the Amount Loaned"}}]}]}