{"id":"56b100e57061755afb051600","meta_data":{"capture_uuid":"e36d7b80-00b1-0133-4d9f-58d385a7bbd0","page_uri":"http://digitalcollections.nypl.org/items/e36d7b80-00b1-0133-4d9f-58d385a7bbd0","book_uri":"http://digitalcollections.nypl.org/items/df712aa0-00b1-0133-fbd7-58d385a7bbd0","source_rotated":"0.559511","source_x":"1213.54","source_y":"952.6899999999999","source_w":"1368.46","source_h":"1074.31"},"type":"final_subject_set","search_terms_by_field":{"Record Number":["612"],"Mortgager":["Virginia P. Kelly"],"Street Address":["363 West 56th Street"],"Land \u0026 Building Dimensions":["16.8 x 100.5","16.8 x 100.5"],"Stories \u0026 Materials":["4","Brick"],"Additional Info":["House"],"Record Date":["1872 July 5"],"Valuation Date":["1879 November","November 1879"],"Land \u0026 Building Value":[],"Total Value":["$13000","$13,000"],"Amount Loaned":["$10000","$10,000"]},"subjects":[{"id":"56b1773450617568bb701400","type":"root","location":{"standard":"https://s3.amazonaws.com/scribe.nypl.org/emigrant-s4/full/e36d7b80-00b1-0133-4d9f-58d385a7bbd0.right-bottom.jpg","thumbnail":"https://s3.amazonaws.com/scribe.nypl.org/emigrant-s4/thumb/e36d7b80-00b1-0133-4d9f-58d385a7bbd0.right-bottom.jpg"},"status":"retired","width":1368,"height":1074,"meta_data":{"capture_uuid":"e36d7b80-00b1-0133-4d9f-58d385a7bbd0","page_uri":"http://digitalcollections.nypl.org/items/e36d7b80-00b1-0133-4d9f-58d385a7bbd0","book_uri":"http://digitalcollections.nypl.org/items/df712aa0-00b1-0133-fbd7-58d385a7bbd0","source_rotated":"0.559511","source_x":"1213.54","source_y":"952.6899999999999","source_w":"1368.46","source_h":"1074.31"},"assertions":[{"id":"56b1773450617568bb711400","status":"complete","name":"Record Number","created_in_workflow":"transcribe","confidence":1.0,"data":{"value":"612"},"versions":[{"data":{"value":"612"},"votes":3,"confidence":1.0,"instances":[{"created":"2015-12-10T18:15:36Z","user_id":"5669bc0536666500035e0400","duration":4.497},{"created":"2015-12-10T19:22:25Z","user_id":"5640f5966161650003980200","duration":10.153},{"created":"2015-12-10T19:27:07Z","user_id":"5669d2043666650003f20500","duration":6.865}]}],"region":{"x":958.5534783707014,"y":31.18385703296053,"width":155.91927694488732,"height":92.19575122788329,"label":"Record Number","shape":"rectangle"},"task_key":"em_record_number","instructions":{"mark":"Record Number","transcribe":"Enter the record number"}},{"id":"56b1773450617568bb721400","status":"complete","name":"Mortgager","created_in_workflow":"transcribe","confidence":1.0,"data":{"value":"Virginia P. Kelly"},"versions":[{"data":{"value":"Virginia P. Kelly"},"votes":3,"confidence":1.0,"instances":[{"created":"2015-12-10T04:43:49Z","user_id":"5668fae73033300003cf0800","duration":8.259},{"created":"2015-12-10T16:41:45Z","user_id":"5669a3503666650003df0100","duration":7.308},{"created":"2015-12-10T18:09:28Z","user_id":"5669bcff6138660003020500","duration":13.286}]}],"region":{"x":417.58137836191804,"y":535.5488490443221,"width":362.00388647204306,"height":66.43517367891593,"label":"Mortgager Name","shape":"rectangle"},"task_key":"em_record_mortgager","instructions":{"mark":"Mortgager Name","transcribe":"Enter the mortgager's name"}},{"id":"56b1773450617568bb731400","status":"awaiting_transcriptions","name":"Street Address","created_in_workflow":"transcribe","confidence":0.3333333333333333,"data":{"value":"363 West 56th Street"},"versions":[{"data":{"value":"363 West 56th Street"},"votes":1,"confidence":0.3333333333333333,"instances":[{"created":"2015-12-10T04:43:55Z","user_id":"5668fae73033300003cf0800","duration":6.038}]},{"data":{"value":"No. 363 W.056th St."},"votes":1,"confidence":0.3333333333333333,"instances":[{"created":"2015-12-10T16:41:59Z","user_id":"5669a3503666650003df0100","duration":13.829}]}],"region":{"x":490.7956475360391,"y":588.4258240132552,"width":272.5197797036729,"height":42.03041600094673,"label":"Street Address","shape":"rectangle"},"task_key":"em_record_street_address","instructions":{"mark":"Street Address","transcribe":"Enter the street address"}},{"id":"56b1773450617568bb741400","status":"awaiting_transcriptions","name":"Land \u0026 Building Dimensions","created_in_workflow":"transcribe","confidence":0.3333333333333333,"data":{"em_survey_land_dimensions":"16.8 x 100.5","em_survey_building_dimensions":"16.8 x 100.5"},"versions":[{"data":{"em_survey_land_dimensions":"16.8 x 100.5","em_survey_building_dimensions":"16.8 x 100.5"},"votes":1,"confidence":0.3333333333333333,"instances":[{"created":"2015-12-10T04:44:19Z","user_id":"5668fae73033300003cf0800","duration":15.879}]}],"region":{"x":474.52580994179,"y":623.6771406592105,"width":531.4813614121381,"height":75.92591277590395,"label":"Dimension \u0026 Description","shape":"rectangle"},"task_key":"em_record_survey","instructions":{"mark":"Dimension \u0026 Description","transcribe":"Enter, as they appear, any land and building dimensions that were recorded. In the next screen, you'll enter the descriptive information."}},{"id":"56b1773450617568bb751400","status":"awaiting_transcriptions","name":"Stories \u0026 Materials","created_in_workflow":"transcribe","confidence":0.3333333333333333,"data":{"em_record_stories":"4","em_record_material":"Brick"},"versions":[{"data":{"em_record_stories":"4","em_record_material":"Brick"},"votes":1,"confidence":0.3333333333333333,"instances":[{"created":"2015-12-10T04:44:23Z","user_id":"5668fae73033300003cf0800","duration":3.551}]}],"region":{"x":474.52580994179,"y":623.6771406592105,"width":531.4813614121381,"height":75.92591277590395,"label":"Dimension \u0026 Description","shape":"rectangle"},"task_key":"em_record_survey_stories_materials","instructions":{"mark":"Dimension \u0026 Description","transcribe":"Enter, as they appear, the number of stories and the building materials."}},{"id":"56b1773450617568bb761400","status":"awaiting_transcriptions","name":"Additional Info","created_in_workflow":"transcribe","confidence":0.3333333333333333,"data":{"value":"House"},"versions":[{"data":{"value":"House"},"votes":1,"confidence":0.3333333333333333,"instances":[{"created":"2015-12-10T04:44:24Z","user_id":"5668fae73033300003cf0800","duration":1.527}]}],"region":{"x":474.52580994179,"y":623.6771406592105,"width":531.4813614121381,"height":75.92591277590395,"label":"Dimension \u0026 Description","shape":"rectangle"},"task_key":"em_record_survey_additional_info","instructions":{"mark":"Dimension \u0026 Description","transcribe":"Enter any additional information you find about the building's construction or significance."}},{"id":"56b1773450617568bb771400","status":"complete","name":"Record Date","created_in_workflow":"transcribe","confidence":1.0,"data":{"value":"1872 July 5"},"versions":[{"data":{"value":"1872 July 5"},"votes":3,"confidence":1.0,"instances":[{"created":"2015-12-10T18:09:15Z","user_id":"5669bcff6138660003020500","duration":10.028},{"created":"2015-12-10T18:15:46Z","user_id":"5669bc0536666500035e0400","duration":4.134},{"created":"2015-12-10T19:22:40Z","user_id":"5640f5966161650003980200","duration":5.414}]}],"region":{"x":100.31954527406015,"y":101.68649032487129,"width":192.52641153194799,"height":146.42854606781464,"label":"Record Date","shape":"rectangle"},"task_key":"em_record_date","instructions":{"mark":"Record Date","transcribe":"Enter the record date"}},{"id":"56b1773450617568bb781400","status":"awaiting_transcriptions","name":"Valuation Date","created_in_workflow":"transcribe","confidence":0.3333333333333333,"data":{"value":"1879 November"},"versions":[{"data":{"value":"1879 November"},"votes":1,"confidence":0.3333333333333333,"instances":[{"created":"2015-12-13T20:07:15Z","user_id":"563f8b7a3264340003774b00","duration":14.652}]}],"region":{"x":81.3380680807695,"y":730.786910468075,"width":756.5474481325842,"height":101.68649032487133,"label":"Valuation","shape":"rectangle"},"task_key":"em_record_valuation","instructions":{"mark":"Valuation","transcribe":"Enter the date of the valuation (if one is given). In the next screen, you'll enter the valuation's dollar amounts."}},{"id":"56b1773450617568bb791400","status":"awaiting_transcriptions","name":"Land \u0026 Building Value","created_in_workflow":"transcribe","confidence":0.3333333333333333,"data":{"em_valuation_ground":""},"versions":[{"data":{"em_valuation_ground":""},"votes":1,"confidence":0.3333333333333333,"instances":[{"created":"2015-12-13T20:07:24Z","user_id":"563f8b7a3264340003774b00","duration":8.723}]}],"region":{"x":81.3380680807695,"y":730.786910468075,"width":756.5474481325842,"height":101.68649032487133,"label":"Valuation","shape":"rectangle"},"task_key":"em_record_valuation_ground_building","instructions":{"mark":"Valuation","transcribe":"Sometimes valuations include itemized dollar values for \"ground\" and \"building\". Enter these amounts if you can find them. In the next screen, you'll enter the total valuation."}},{"id":"56b1773450617568bb7a1400","status":"awaiting_transcriptions","name":"Total Value","created_in_workflow":"transcribe","confidence":0.3333333333333333,"data":{"value":"$13000"},"versions":[{"data":{"value":"$13000"},"votes":1,"confidence":0.3333333333333333,"instances":[{"created":"2015-12-13T20:07:32Z","user_id":"563f8b7a3264340003774b00","duration":8.703}]}],"region":{"x":81.3380680807695,"y":730.786910468075,"width":756.5474481325842,"height":101.68649032487133,"label":"Valuation","shape":"rectangle"},"task_key":"em_record_valuation_total","instructions":{"mark":"Valuation","transcribe":"Enter the valuation ***total*** (if one is given)"}},{"id":"56b1773450617568bb7b1400","status":"awaiting_transcriptions","name":"Valuation Date","created_in_workflow":"transcribe","confidence":0.3333333333333333,"data":{"value":"November 1879"},"versions":[{"data":{"value":"November 1879"},"votes":1,"confidence":0.3333333333333333,"instances":[{"created":"2015-12-10T04:45:03Z","user_id":"5668fae73033300003cf0800","duration":9.501}]}],"region":{"x":112.521923469747,"y":752.4800284040475,"width":702.3146561517539,"height":86.77247174389015,"label":"Valuation","shape":"rectangle"},"task_key":"em_record_valuation","instructions":{"mark":"Valuation","transcribe":"Enter the date of the valuation (if one is given). In the next screen, you'll enter the valuation's dollar amounts."}},{"id":"56b1773450617568bb7c1400","status":"awaiting_transcriptions","name":"Land \u0026 Building Value","created_in_workflow":"transcribe","confidence":0.3333333333333333,"data":{"em_valuation_ground":"","em_valuation_building":""},"versions":[{"data":{"em_valuation_ground":"","em_valuation_building":""},"votes":1,"confidence":0.3333333333333333,"instances":[{"created":"2015-12-10T04:45:10Z","user_id":"5668fae73033300003cf0800","duration":7.309}]}],"region":{"x":112.521923469747,"y":752.4800284040475,"width":702.3146561517539,"height":86.77247174389015,"label":"Valuation","shape":"rectangle"},"task_key":"em_record_valuation_ground_building","instructions":{"mark":"Valuation","transcribe":"Sometimes valuations include itemized dollar values for \"ground\" and \"building\". Enter these amounts if you can find them. In the next screen, you'll enter the total valuation."}},{"id":"56b1773450617568bb7d1400","status":"awaiting_transcriptions","name":"Total Value","created_in_workflow":"transcribe","confidence":0.3333333333333333,"data":{"value":"$13,000"},"versions":[{"data":{"value":"$13,000"},"votes":1,"confidence":0.3333333333333333,"instances":[{"created":"2015-12-10T04:45:13Z","user_id":"5668fae73033300003cf0800","duration":3.424}]}],"region":{"x":112.521923469747,"y":752.4800284040475,"width":702.3146561517539,"height":86.77247174389015,"label":"Valuation","shape":"rectangle"},"task_key":"em_record_valuation_total","instructions":{"mark":"Valuation","transcribe":"Enter the valuation ***total*** (if one is given)"}},{"id":"56b1773450617568bb7e1400","status":"awaiting_transcriptions","name":"Amount Loaned","created_in_workflow":"transcribe","confidence":0.6666666666666666,"data":{"value":"$10000"},"versions":[{"data":{"value":"$10000"},"votes":2,"confidence":0.6666666666666666,"instances":[{"created":"2015-12-13T20:07:41Z","user_id":"563f8b7a3264340003774b00","duration":8.71},{"created":"2015-12-13T23:37:19Z","user_id":"566dff1e3562640003880300","duration":8.126}]}],"region":{"x":509.7771247293299,"y":734.8543700810699,"width":184.39149273482334,"height":62.36771406592109,"label":"Amount Loaned","shape":"rectangle"},"task_key":"em_record_amount_loaned","instructions":{"mark":"Amount Loaned","transcribe":"Enter the Amount Loaned"}},{"id":"56b1773450617568bb7f1400","status":"awaiting_transcriptions","name":"Amount Loaned","created_in_workflow":"transcribe","confidence":0.3333333333333333,"data":{"value":"$10,000"},"versions":[{"data":{"value":"$10,000"},"votes":1,"confidence":0.3333333333333333,"instances":[{"created":"2015-12-10T04:44:53Z","user_id":"5668fae73033300003cf0800","duration":5.782}]},{"data":{"value":"$10000"},"votes":1,"confidence":0.3333333333333333,"instances":[{"created":"2015-12-10T16:42:23Z","user_id":"5669a3503666650003df0100","duration":3.574}]}],"region":{"x":520.6236831254959,"y":741.6334694360613,"width":161.34255614297047,"height":47.453695484939885,"label":"Amount Loaned","shape":"rectangle"},"task_key":"em_record_amount_loaned","instructions":{"mark":"Amount Loaned","transcribe":"Enter the Amount Loaned"}}]}]}