{"id":"56b100787061755afb030e00","meta_data":{"capture_uuid":"e2035de0-00b1-0133-d264-58d385a7bbd0","page_uri":"http://digitalcollections.nypl.org/items/e2035de0-00b1-0133-d264-58d385a7bbd0","book_uri":"http://digitalcollections.nypl.org/items/df712aa0-00b1-0133-fbd7-58d385a7bbd0","source_rotated":"0.951112","source_x":"0","source_y":"0","source_w":"1373.79","source_h":"979.68"},"type":"final_subject_set","search_terms_by_field":{"Record Number":["425"],"Mortgager":["James R. Kelly now John McKenna and R.G. Duffy"],"Street Address":["NW Corner 1st Ave \u0026 9th St.; 141 1st Ave and 3451/2 and 347 9th St"],"Land \u0026 Building Dimensions":["25 x 100","25 x 43"],"Stories \u0026 Materials":["4","brick on frame and extension on 9th St."],"Additional Info":["Extension on 9th St."],"Record Date":["1870 November 30"],"Land \u0026 Building Value":["$22,000"],"Valuation Date":["1879 November"],"Amount Loaned":["$12,500"]},"subjects":[{"id":"56b176c550617568bbf50c00","type":"root","location":{"standard":"https://s3.amazonaws.com/scribe.nypl.org/emigrant-s4/full/e2035de0-00b1-0133-d264-58d385a7bbd0.left-top.jpg","thumbnail":"https://s3.amazonaws.com/scribe.nypl.org/emigrant-s4/thumb/e2035de0-00b1-0133-d264-58d385a7bbd0.left-top.jpg"},"status":"active","width":1373,"height":979,"meta_data":{"capture_uuid":"e2035de0-00b1-0133-d264-58d385a7bbd0","page_uri":"http://digitalcollections.nypl.org/items/e2035de0-00b1-0133-d264-58d385a7bbd0","book_uri":"http://digitalcollections.nypl.org/items/df712aa0-00b1-0133-fbd7-58d385a7bbd0","source_rotated":"0.951112","source_x":"0","source_y":"0","source_w":"1373.79","source_h":"979.68"},"assertions":[{"id":"56b176c550617568bbf60c00","status":"awaiting_votes","name":"Record Number","created_in_workflow":"transcribe","confidence":0.6666666666666666,"data":{"value":"425"},"versions":[{"data":{"value":"425"},"votes":2,"confidence":0.6666666666666666,"instances":[{"created":"2016-02-02T04:19:05Z","user_id":"56b02c946238610003530400","duration":3.018},{"created":"2016-02-02T10:24:01Z","user_id":"56b080e931653000035c0000","duration":8.422}]},{"data":{"value":"425."},"votes":1,"confidence":0.3333333333333333,"instances":[{"created":"2016-02-02T16:58:41Z","user_id":"56b0dc6e3165300003220200","duration":7.772}]}],"region":{"x":938.5103365281078,"y":27.949383940003262,"width":116.45578008157156,"height":41.92407591000489,"label":"Record Number","shape":"rectangle"},"task_key":"em_record_number","instructions":{"mark":"Record Number","transcribe":"Enter the record number"}},{"id":"56b176c550617568bbf70c00","status":"awaiting_votes","name":"Mortgager","created_in_workflow":"transcribe","confidence":0.3333333333333333,"data":{"value":"James R. Kelly now John McKenna and R.G. Duffy"},"versions":[{"data":{"value":"James R. Kelly now John McKenna and R.G. Duffy"},"votes":1,"confidence":0.3333333333333333,"instances":[{"created":"2016-02-02T04:19:26Z","user_id":"56b02c946238610003530400","duration":15.358}]},{"data":{"value":"James R. Kelly nm. John W. Horyna and R.S. Duffy"},"votes":1,"confidence":0.3333333333333333,"instances":[{"created":"2016-02-02T10:25:57Z","user_id":"56b080e931653000035c0000","duration":90.573}]},{"data":{"value":"James R. Kelly/ now John McHenna and R. G. Duffy"},"votes":1,"confidence":0.3333333333333333,"instances":[{"created":"2016-02-02T17:02:54Z","user_id":"56b0dc6e3165300003220200","duration":86.694}]}],"region":{"x":455.2188491895859,"y":526.3800642033949,"width":781.418284347345,"height":54.73421021583975,"label":"Mortgager Name","shape":"rectangle"},"task_key":"em_record_mortgager","instructions":{"mark":"Mortgager Name","transcribe":"Enter the mortgager's name"}},{"id":"56b176c550617568bbf80c00","status":"awaiting_votes","name":"Street Address","created_in_workflow":"transcribe","confidence":0.3333333333333333,"data":{"value":"NW Corner 1st Ave \u0026 9th St.; 141 1st Ave and 3451/2 and 347 9th St"},"versions":[{"data":{"value":"NW Corner 1st Ave \u0026 9th St.; 141 1st Ave and 3451/2 and 347 9th St"},"votes":1,"confidence":0.3333333333333333,"instances":[{"created":"2016-02-02T04:19:55Z","user_id":"56b02c946238610003530400","duration":28.72}]},{"data":{"value":"N.W. corner 1st Avn and 9th St. and No. 345½ and 347 9th St."},"votes":1,"confidence":0.3333333333333333,"instances":[{"created":"2016-02-02T10:27:37Z","user_id":"56b080e931653000035c0000","duration":99.365}]},{"data":{"value":"N.W. corner 1st Av and 9th St No 148, 1st ave and No 345 1/2 and 347 9th St."},"votes":1,"confidence":0.3333333333333333,"instances":[{"created":"2016-02-02T15:15:04Z","user_id":"564e39593964660003c80900","duration":87.754}]}],"region":{"x":436.5859243765345,"y":582.2788320834013,"width":800.0512091603964,"height":36.10128758917085,"label":"Street Address","shape":"rectangle"},"task_key":"em_record_street_address","instructions":{"mark":"Street Address","transcribe":"Enter the street address"}},{"id":"56b176c550617568bbf90c00","status":"awaiting_transcriptions","name":"Land \u0026 Building Dimensions","created_in_workflow":"transcribe","confidence":0.3333333333333333,"data":{"em_survey_land_dimensions":"25 x 100","em_survey_building_dimensions":"25 x 43"},"versions":[{"data":{"em_survey_land_dimensions":"25 x 100","em_survey_building_dimensions":"25 x 43"},"votes":1,"confidence":0.3333333333333333,"instances":[{"created":"2016-02-02T11:24:45Z","user_id":"56b08faf31653000031d0100","duration":17.812}]}],"region":{"x":388.8390545430901,"y":619.5446773367389,"width":807.0385559652908,"height":79.18992116334255,"label":"Dimension \u0026 Description","shape":"rectangle"},"task_key":"em_record_survey","instructions":{"mark":"Dimension \u0026 Description","transcribe":"Enter, as they appear, any land and building dimensions that were recorded. In the next screen, you'll enter the descriptive information."}},{"id":"56b176c550617568bbfa0c00","status":"awaiting_transcriptions","name":"Stories \u0026 Materials","created_in_workflow":"transcribe","confidence":0.3333333333333333,"data":{"em_record_stories":"4","em_record_material":"brick on frame and extension on 9th St."},"versions":[{"data":{"em_record_stories":"4","em_record_material":"brick on frame and extension on 9th St."},"votes":1,"confidence":0.3333333333333333,"instances":[{"created":"2016-02-02T11:25:31Z","user_id":"56b08faf31653000031d0100","duration":46.685}]}],"region":{"x":388.8390545430901,"y":619.5446773367389,"width":807.0385559652908,"height":79.18992116334255,"label":"Dimension \u0026 Description","shape":"rectangle"},"task_key":"em_record_survey_stories_materials","instructions":{"mark":"Dimension \u0026 Description","transcribe":"Enter, as they appear, the number of stories and the building materials."}},{"id":"56b176c550617568bbfb0c00","status":"awaiting_transcriptions","name":"Additional Info","created_in_workflow":"transcribe","confidence":0.3333333333333333,"data":{"value":"Extension on 9th St."},"versions":[{"data":{"value":"Extension on 9th St."},"votes":1,"confidence":0.3333333333333333,"instances":[{"created":"2016-02-02T11:25:53Z","user_id":"56b08faf31653000031d0100","duration":21.513}]}],"region":{"x":388.8390545430901,"y":619.5446773367389,"width":807.0385559652908,"height":79.18992116334255,"label":"Dimension \u0026 Description","shape":"rectangle"},"task_key":"em_record_survey_additional_info","instructions":{"mark":"Dimension \u0026 Description","transcribe":"Enter any additional information you find about the building's construction or significance."}},{"id":"56b176c550617568bbfc0c00","status":"awaiting_votes","name":"Record Date","created_in_workflow":"transcribe","confidence":0.3333333333333333,"data":{"value":"1870 November 30"},"versions":[{"data":{"value":"1870 November 30"},"votes":1,"confidence":0.3333333333333333,"instances":[{"created":"2016-02-02T04:19:09Z","user_id":"56b02c946238610003530400","duration":4.089}]},{"data":{"value":"1870 Novemb. 30"},"votes":1,"confidence":0.3333333333333333,"instances":[{"created":"2016-02-02T10:24:18Z","user_id":"56b080e931653000035c0000","duration":17.39}]},{"data":{"value":"1870 Nov 30"},"votes":1,"confidence":0.3333333333333333,"instances":[{"created":"2016-02-02T16:41:03Z","user_id":"56b0db1d3165300003190200","duration":15.045}]}],"region":{"x":66.25654371713698,"y":79.18992116334258,"width":180.50645912643586,"height":112.96209342417984,"label":"Record Date","shape":"rectangle"},"task_key":"em_record_date","instructions":{"mark":"Record Date","transcribe":"Enter the record date"}},{"id":"56b176c550617568bbfd0c00","status":"awaiting_transcriptions","name":"Land \u0026 Building Value","created_in_workflow":"transcribe","confidence":0.3333333333333333,"data":{"em_valuation_building":"$22,000"},"versions":[{"data":{"em_valuation_building":"$22,000"},"votes":1,"confidence":0.3333333333333333,"instances":[{"created":"2016-02-02T11:26:47Z","user_id":"56b08faf31653000031d0100","duration":8.349}]},{"data":{"em_valuation_ground":"$22,000"},"votes":1,"confidence":0.3333333333333333,"instances":[{"created":"2016-02-02T15:17:03Z","user_id":"564e39593964660003c80900","duration":23.836}]}],"region":{"x":267.7250432582557,"y":770.9371736784233,"width":524.051010367072,"height":58.22788320834013,"label":"Valuation","shape":"rectangle"},"task_key":"em_record_valuation_ground_building","instructions":{"mark":"Valuation","transcribe":"Sometimes valuations include itemized dollar values for \"ground\" and \"building\". Enter these amounts if you can find them. In the next screen, you'll enter the total valuation."}},{"id":"56b176c550617568bbfe0c00","status":"awaiting_transcriptions","name":"Valuation Date","created_in_workflow":"transcribe","confidence":0.3333333333333333,"data":{"value":"1879 November"},"versions":[{"data":{"value":"1879 November"},"votes":1,"confidence":0.3333333333333333,"instances":[{"created":"2016-02-02T15:16:39Z","user_id":"564e39593964660003c80900","duration":17.391}]}],"region":{"x":267.7250432582557,"y":770.9371736784233,"width":524.051010367072,"height":58.22788320834013,"label":"Valuation","shape":"rectangle"},"task_key":"em_record_valuation","instructions":{"mark":"Valuation","transcribe":"Enter the date of the valuation (if one is given). In the next screen, you'll enter the valuation's dollar amounts."}},{"id":"56b176c550617568bbff0c00","status":"complete","name":"Amount Loaned","created_in_workflow":"transcribe","confidence":1.0,"data":{"value":"$12,500"},"versions":[{"data":{"value":"$12,500"},"votes":3,"confidence":1.0,"instances":[{"created":"2016-02-02T10:29:04Z","user_id":"56b080e931653000035c0000","duration":8.311},{"created":"2016-02-02T11:26:27Z","user_id":"56b08faf31653000031d0100","duration":9.43},{"created":"2016-02-02T15:16:22Z","user_id":"564e39593964660003c80900","duration":11.951}]}],"region":{"x":1119.0167956545436,"y":725.519424775918,"width":154.88618750849014,"height":80.35447882750941,"label":"Amount Loaned","shape":"rectangle"},"task_key":"em_record_amount_loaned","instructions":{"mark":"Amount Loaned","transcribe":"Enter the Amount Loaned"}}]}]}