{"id":"56b100cb7061755afb231400","meta_data":{"capture_uuid":"e3330730-00b1-0133-f0b0-58d385a7bbd0","page_uri":"http://digitalcollections.nypl.org/items/e3330730-00b1-0133-f0b0-58d385a7bbd0","book_uri":"http://digitalcollections.nypl.org/items/df712aa0-00b1-0133-fbd7-58d385a7bbd0","source_rotated":"0.475589","source_x":"0","source_y":"952.22","source_w":"1365.31","source_h":"1073.78"},"type":"final_subject_set","search_terms_by_field":{"Land \u0026 Building Value":["(blank)","(blank)"],"Valuation Date":["1879 November","1879 November","1879 November"],"Total Value":["$4000","$4,000","$4000"],"Record Number":["577"],"Mortgager":["Frances Sullivan"],"Street Address":["10th Avenue 50 N 130th St"],"Land \u0026 Building Dimensions":["25 X 100"],"Stories \u0026 Materials":["2","frame with brick basement"],"Additional Info":["home"],"Record Date":["1872 April 26"],"Amount Loaned":["$1500"]},"subjects":[{"id":"56b1771a50617568bbab1200","type":"root","location":{"standard":"https://s3.amazonaws.com/scribe.nypl.org/emigrant-s4/full/e3330730-00b1-0133-f0b0-58d385a7bbd0.left-bottom.jpg","thumbnail":"https://s3.amazonaws.com/scribe.nypl.org/emigrant-s4/thumb/e3330730-00b1-0133-f0b0-58d385a7bbd0.left-bottom.jpg"},"status":"retired","width":1365,"height":1073,"meta_data":{"capture_uuid":"e3330730-00b1-0133-f0b0-58d385a7bbd0","page_uri":"http://digitalcollections.nypl.org/items/e3330730-00b1-0133-f0b0-58d385a7bbd0","book_uri":"http://digitalcollections.nypl.org/items/df712aa0-00b1-0133-fbd7-58d385a7bbd0","source_rotated":"0.475589","source_x":"0","source_y":"952.22","source_w":"1365.31","source_h":"1073.78"},"assertions":[{"id":"56b1771a50617568bbac1200","status":"awaiting_transcriptions","name":"Land \u0026 Building Value","created_in_workflow":"transcribe","confidence":0.3333333333333333,"data":{"em_valuation_ground":"(blank)","em_valuation_building":"(blank)"},"versions":[{"data":{"em_valuation_ground":"(blank)","em_valuation_building":"(blank)"},"votes":1,"confidence":0.3333333333333333,"instances":[{"created":"2015-11-08T02:42:30Z","user_id":"563eaf056630330003055300","duration":35.075}]},{"data":{"em_valuation_ground":"$1500"},"votes":1,"confidence":0.3333333333333333,"instances":[{"created":"2015-11-08T03:13:19Z","user_id":"563e9a906630330003db4d00","duration":34.463}]}],"region":{"x":227.25405405405405,"y":703.9048897514328,"width":367.4432432432432,"height":51.64920574696043,"label":"Valuation","shape":"rectangle"},"task_key":"em_record_valuation_ground_building","instructions":{"mark":"Valuation","transcribe":"Sometimes valuations include itemized dollar values for \"ground\" and \"building\". Enter these amounts if you can find them. In the next screen, you'll enter the total valuation."}},{"id":"56b1771a50617568bbad1200","status":"awaiting_transcriptions","name":"Valuation Date","created_in_workflow":"transcribe","confidence":0.6666666666666666,"data":{"value":"1879 November"},"versions":[{"data":{"value":"1879 November"},"votes":2,"confidence":0.6666666666666666,"instances":[{"created":"2015-11-08T03:12:45Z","user_id":"563e9a906630330003db4d00","duration":26.231},{"created":"2015-11-08T03:26:05Z","user_id":"563eb6be66303300038c5500","duration":18.502}]}],"region":{"x":227.25405405405405,"y":703.9048897514328,"width":367.4432432432432,"height":51.64920574696043,"label":"Valuation","shape":"rectangle"},"task_key":"em_record_valuation","instructions":{"mark":"Valuation","transcribe":"Enter the date of the valuation (if one is given). In the next screen, you'll enter the valuation's dollar amounts."}},{"id":"56b1771a50617568bbae1200","status":"awaiting_transcriptions","name":"Total Value","created_in_workflow":"transcribe","confidence":0.3333333333333333,"data":{"value":"$4000"},"versions":[{"data":{"value":"$4000"},"votes":1,"confidence":0.3333333333333333,"instances":[{"created":"2015-11-08T03:26:34Z","user_id":"563eb6be66303300038c5500","duration":16.396}]}],"region":{"x":227.25405405405405,"y":703.9048897514328,"width":367.4432432432432,"height":51.64920574696043,"label":"Valuation","shape":"rectangle"},"task_key":"em_record_valuation_total","instructions":{"mark":"Valuation","transcribe":"Enter the valuation ***total*** (if one is given)"}},{"id":"56b1771a50617568bbaf1200","status":"awaiting_transcriptions","name":"Valuation Date","created_in_workflow":"transcribe","confidence":0.3333333333333333,"data":{"value":"1879 November"},"versions":[{"data":{"value":"1879 November"},"votes":1,"confidence":0.3333333333333333,"instances":[{"created":"2015-11-15T01:57:55Z","user_id":"563f8b7a3264340003774b00","duration":13.309}]}],"region":{"x":578.1715373451475,"y":767.729832536995,"width":148.13043719793347,"height":66.89762026255971,"label":"Valuation","shape":"rectangle"},"task_key":"em_record_valuation","instructions":{"mark":"Valuation","transcribe":"Enter the date of the valuation (if one is given). In the next screen, you'll enter the valuation's dollar amounts."}},{"id":"56b1771a50617568bbb01200","status":"awaiting_transcriptions","name":"Total Value","created_in_workflow":"transcribe","confidence":0.3333333333333333,"data":{"value":"$4,000"},"versions":[{"data":{"value":"$4,000"},"votes":1,"confidence":0.3333333333333333,"instances":[{"created":"2015-11-15T01:58:03Z","user_id":"563f8b7a3264340003774b00","duration":5.999}]},{"data":{"value":"$4000"},"votes":1,"confidence":0.3333333333333333,"instances":[{"created":"2015-11-15T03:38:50Z","user_id":"564618af6363350003da0c00","duration":7.922}]}],"region":{"x":578.1715373451475,"y":767.729832536995,"width":148.13043719793347,"height":66.89762026255971,"label":"Valuation","shape":"rectangle"},"task_key":"em_record_valuation_total","instructions":{"mark":"Valuation","transcribe":"Enter the valuation ***total*** (if one is given)"}},{"id":"56b1771a50617568bbb11200","status":"complete","name":"Record Number","created_in_workflow":"verify","confidence":1.0,"data":{"value":"577"},"versions":[{"data":{"value":"577"},"votes":3,"confidence":1.0,"instances":[{"created":"2015-11-20T01:53:44Z","user_id":"563f8b7a3264340003774b00","duration":146.068},{"created":"2015-11-25T17:52:46Z","user_id":"5647496e3562310003960400","duration":3.09},{"created":"2015-11-27T00:52:43Z","user_id":"5647496e3562310003960400","duration":6.371}]}],"region":{"x":920.8216216216216,"y":61.97904689635258,"width":101.8216216216216,"height":72.30888804574468,"label":"Record Number","shape":"rectangle"},"task_key":"em_transcribed_record_number","instructions":{"mark":"Record Number","transcribe":"Enter the record number","verify":"Choose the best transcription or enter your own!"}},{"id":"56b1771a50617568bbb21200","status":"complete","name":"Mortgager","created_in_workflow":"transcribe","confidence":1.0,"data":{"value":"Frances Sullivan"},"versions":[{"data":{"value":"Frances Sullivan"},"votes":3,"confidence":1.0,"instances":[{"created":"2015-11-08T02:10:53Z","user_id":"563ecfb46630330003836100","duration":8.911},{"created":"2015-11-08T02:29:50Z","user_id":"563e932b66303300031e4900","duration":5.932},{"created":"2015-11-08T02:58:27Z","user_id":"563d87476532620003ea4300","duration":7.985}]}],"region":{"x":394.0054054054054,"y":554.8600388816326,"width":371.8702702702703,"height":51.64920574696043,"label":"Mortgager Name","shape":"rectangle"},"task_key":"em_record_mortgager","instructions":{"mark":"Mortgager Name","transcribe":"Enter the mortgager's name"}},{"id":"56b1771a50617568bbb31200","status":"awaiting_votes","name":"Street Address","created_in_workflow":"verify","confidence":0.6666666666666666,"data":{"value":"10th Avenue 50 N 130th St"},"versions":[{"data":{"value":"10th Avenue 50 N 130th St"},"votes":2,"confidence":0.6666666666666666,"instances":[{"created":"2015-11-25T19:14:32Z","user_id":"5647496e3562310003960400","duration":49.936},{"created":"2015-11-27T01:19:56Z","user_id":"5647496e3562310003960400","duration":22.103}]}],"region":{"x":419.09189189189186,"y":603.5578614430525,"width":386.62702702702705,"height":36.892289819257485,"label":"Street Address","shape":"rectangle"},"task_key":"em_transcribed_address","instructions":{"mark":"Street Address","transcribe":"Enter the street address","verify":"Choose the best transcription or enter your own!"}},{"id":"56b1771a50617568bbb41200","status":"awaiting_transcriptions","name":"Land \u0026 Building Dimensions","created_in_workflow":"transcribe","confidence":0.3333333333333333,"data":{"em_survey_land_dimensions":"25 X 100"},"versions":[{"data":{"em_survey_land_dimensions":"25 X 100"},"votes":1,"confidence":0.3333333333333333,"instances":[{"created":"2015-11-15T15:03:43Z","user_id":"564898fe3863370003fd0200","duration":27.015}]}],"region":{"x":416.11563604739,"y":628.9193196685567,"width":652.5629092014227,"height":80.38818371703354,"label":"Dimension \u0026 Description","shape":"rectangle"},"task_key":"em_record_survey","instructions":{"mark":"Dimension \u0026 Description","transcribe":"Enter, as they appear, any land and building dimensions that were recorded. In the next screen, you'll enter the descriptive information."}},{"id":"56b1771a50617568bbb51200","status":"awaiting_transcriptions","name":"Stories \u0026 Materials","created_in_workflow":"transcribe","confidence":0.3333333333333333,"data":{"em_record_stories":"2","em_record_material":"frame with brick basement"},"versions":[{"data":{"em_record_stories":"2","em_record_material":"frame with brick basement"},"votes":1,"confidence":0.3333333333333333,"instances":[{"created":"2015-11-15T15:04:25Z","user_id":"564898fe3863370003fd0200","duration":41.822}]}],"region":{"x":416.11563604739,"y":628.9193196685567,"width":652.5629092014227,"height":80.38818371703354,"label":"Dimension \u0026 Description","shape":"rectangle"},"task_key":"em_record_survey_stories_materials","instructions":{"mark":"Dimension \u0026 Description","transcribe":"Enter, as they appear, the number of stories and the building materials."}},{"id":"56b1771a50617568bbb61200","status":"awaiting_transcriptions","name":"Additional Info","created_in_workflow":"transcribe","confidence":0.3333333333333333,"data":{"value":"home"},"versions":[{"data":{"value":"home"},"votes":1,"confidence":0.3333333333333333,"instances":[{"created":"2015-11-15T15:04:38Z","user_id":"564898fe3863370003fd0200","duration":12.775}]}],"region":{"x":416.11563604739,"y":628.9193196685567,"width":652.5629092014227,"height":80.38818371703354,"label":"Dimension \u0026 Description","shape":"rectangle"},"task_key":"em_record_survey_additional_info","instructions":{"mark":"Dimension \u0026 Description","transcribe":"Enter any additional information you find about the building's construction or significance."}},{"id":"56b1771a50617568bbb71200","status":"complete","name":"Record Date","created_in_workflow":"verify","confidence":1.0,"data":{"value":"1872 April 26"},"versions":[{"data":{"value":"1872 April 26"},"votes":3,"confidence":1.0,"instances":[{"created":"2015-11-20T01:54:00Z","user_id":"563f8b7a3264340003774b00","duration":16.553},{"created":"2015-11-25T17:52:56Z","user_id":"5647496e3562310003960400","duration":9.52},{"created":"2015-11-26T23:32:18Z","user_id":"5647496e3562310003960400","duration":6.994}]}],"region":{"x":38.36756756756756,"y":109.20117786500215,"width":181.5081081081081,"height":129.86086016378636,"label":"Record Date","shape":"rectangle"},"task_key":"em_transcribed_date","instructions":{"mark":"Record Date","transcribe":"Enter the record date","verify":"Choose the best transcription or enter your own!"}},{"id":"56b1771a50617568bbb81200","status":"awaiting_transcriptions","name":"Valuation Date","created_in_workflow":"transcribe","confidence":0.3333333333333333,"data":{"value":"1879 November"},"versions":[{"data":{"value":"1879 November"},"votes":1,"confidence":0.3333333333333333,"instances":[{"created":"2016-01-03T06:17:02Z","user_id":"5688bc276135640003930000","duration":9.941}]}],"region":{"x":49.16034563576594,"y":756.1289493064822,"width":667.3889346916103,"height":81.93391134104274,"label":"Valuation","shape":"rectangle"},"task_key":"em_record_valuation","instructions":{"mark":"Valuation","transcribe":"Enter the date of the valuation (if one is given). In the next screen, you'll enter the valuation's dollar amounts."}},{"id":"56b1771a50617568bbb91200","status":"awaiting_transcriptions","name":"Land \u0026 Building Value","created_in_workflow":"transcribe","confidence":0.3333333333333333,"data":{"em_valuation_ground":""},"versions":[{"data":{"em_valuation_ground":""},"votes":1,"confidence":0.3333333333333333,"instances":[{"created":"2016-01-03T06:17:10Z","user_id":"5688bc276135640003930000","duration":8.318}]}],"region":{"x":49.16034563576594,"y":756.1289493064822,"width":667.3889346916103,"height":81.93391134104274,"label":"Valuation","shape":"rectangle"},"task_key":"em_record_valuation_ground_building","instructions":{"mark":"Valuation","transcribe":"Sometimes valuations include itemized dollar values for \"ground\" and \"building\". Enter these amounts if you can find them. In the next screen, you'll enter the total valuation."}},{"id":"56b1771a50617568bbba1200","status":"awaiting_transcriptions","name":"Total Value","created_in_workflow":"transcribe","confidence":0.3333333333333333,"data":{"value":"$4000"},"versions":[{"data":{"value":"$4000"},"votes":1,"confidence":0.3333333333333333,"instances":[{"created":"2016-01-03T06:17:15Z","user_id":"5688bc276135640003930000","duration":4.34}]}],"region":{"x":49.16034563576594,"y":756.1289493064822,"width":667.3889346916103,"height":81.93391134104274,"label":"Valuation","shape":"rectangle"},"task_key":"em_record_valuation_total","instructions":{"mark":"Valuation","transcribe":"Enter the valuation ***total*** (if one is given)"}},{"id":"56b1771a50617568bbbb1200","status":"complete","name":"Amount Loaned","created_in_workflow":"verify","confidence":1.0,"data":{"value":"$1500"},"versions":[{"data":{"value":"$1500"},"votes":3,"confidence":1.0,"instances":[{"created":"2015-11-25T19:19:26Z","user_id":"5647496e3562310003960400","duration":2.466},{"created":"2015-11-27T01:20:38Z","user_id":"5647496e3562310003960400","duration":3.152},{"created":"2015-12-05T05:00:07Z","user_id":"563f8b7a3264340003774b00","duration":4.377}]}],"region":{"x":1093.4756756756756,"y":758.5054786839339,"width":150.51891891891887,"height":45.74643937587928,"label":"Amount Loaned","shape":"rectangle"},"task_key":"em_transcribed_amount_loaned","instructions":{"mark":"Amount Loaned","transcribe":"Enter the Amount Loaned","verify":"Choose the best transcription or enter your own!"}}]}]}