{"id":"56b100217061755afba20700","meta_data":{"capture_uuid":"e11b8e90-00b1-0133-fde0-58d385a7bbd0","page_uri":"http://digitalcollections.nypl.org/items/e11b8e90-00b1-0133-fde0-58d385a7bbd0","book_uri":"http://digitalcollections.nypl.org/items/df712aa0-00b1-0133-fbd7-58d385a7bbd0","source_rotated":"1.45446","source_x":"0","source_y":"971.02","source_w":"1383.33","source_h":"1094.98"},"type":"final_subject_set","search_terms_by_field":{"Record Number":["286"],"Mortgager":["James Gibson"],"Street Address":["No. 264 and 266 9th Avenue"],"Land \u0026 Building Dimensions":["19.5x55","19.5x43"],"Stories \u0026 Materials":["4","Brick"],"Additional Info":["House"],"Record Date":["1867 May 4"],"Valuation Date":["1879 November"],"Land \u0026 Building Value":[],"Total Value":["$22000.","$22,000"],"Amount Loaned":["$12,000"]},"subjects":[{"id":"56b1766b50617568bbf30600","type":"root","location":{"standard":"https://s3.amazonaws.com/scribe.nypl.org/emigrant-s4/full/e11b8e90-00b1-0133-fde0-58d385a7bbd0.left-bottom.jpg","thumbnail":"https://s3.amazonaws.com/scribe.nypl.org/emigrant-s4/thumb/e11b8e90-00b1-0133-fde0-58d385a7bbd0.left-bottom.jpg"},"status":"retired","width":1383,"height":1094,"meta_data":{"capture_uuid":"e11b8e90-00b1-0133-fde0-58d385a7bbd0","page_uri":"http://digitalcollections.nypl.org/items/e11b8e90-00b1-0133-fde0-58d385a7bbd0","book_uri":"http://digitalcollections.nypl.org/items/df712aa0-00b1-0133-fbd7-58d385a7bbd0","source_rotated":"1.45446","source_x":"0","source_y":"971.02","source_w":"1383.33","source_h":"1094.98"},"assertions":[{"id":"56b1766b50617568bbf40600","status":"awaiting_votes","name":"Record Number","created_in_workflow":"transcribe","confidence":0.6666666666666666,"data":{"value":"286"},"versions":[{"data":{"value":"286"},"votes":2,"confidence":0.6666666666666666,"instances":[{"created":"2016-01-03T19:14:08Z","user_id":"5689687061356400032b0400","duration":3.127},{"created":"2016-01-03T23:40:09Z","user_id":"5689ad0d6135640003800700","duration":6.111}]},{"data":{"value":"286."},"votes":1,"confidence":0.3333333333333333,"instances":[{"created":"2016-01-03T23:38:20Z","user_id":"5689abf161356400035e0700","duration":6.937}]}],"region":{"x":519.4789596930482,"y":27.413715471506038,"width":519.4899296136703,"height":61.68085981088859,"label":"Record Number","shape":"rectangle"},"task_key":"em_record_number","instructions":{"mark":"Record Number","transcribe":"Enter the record number"}},{"id":"56b1766b50617568bbf50600","status":"awaiting_votes","name":"Mortgager","created_in_workflow":"transcribe","confidence":0.6666666666666666,"data":{"value":"James Gibson"},"versions":[{"data":{"value":"James Gibson"},"votes":2,"confidence":0.6666666666666666,"instances":[{"created":"2016-01-03T19:14:35Z","user_id":"5689687061356400032b0400","duration":6.055},{"created":"2016-01-03T23:39:25Z","user_id":"5689abf161356400035e0700","duration":19.849}]},{"data":{"value":"James Gilson"},"votes":1,"confidence":0.3333333333333333,"instances":[{"created":"2016-01-04T04:16:01Z","user_id":"5689f1683237350003c80000","duration":5.243}]}],"region":{"x":248.08316533023356,"y":508.524421996437,"width":433.1367223164111,"height":63.05154558446384,"label":"Mortgager Name","shape":"rectangle"},"task_key":"em_record_mortgager","instructions":{"mark":"Mortgager Name","transcribe":"Enter the mortgager's name"}},{"id":"56b1766b50617568bbf60600","status":"awaiting_votes","name":"Street Address","created_in_workflow":"transcribe","confidence":0.3333333333333333,"data":{"value":"No. 264 and 266 9th Avenue"},"versions":[{"data":{"value":"No. 264 and 266 9th Avenue"},"votes":1,"confidence":0.3333333333333333,"instances":[{"created":"2016-01-03T19:14:49Z","user_id":"5689687061356400032b0400","duration":13.863}]},{"data":{"value":"264 and 266 Ninth Avenue"},"votes":1,"confidence":0.3333333333333333,"instances":[{"created":"2016-01-04T04:16:10Z","user_id":"5689f1683237350003c80000","duration":9.856}]},{"data":{"value":"Nos. 264 and 266 9th Avenue"},"votes":1,"confidence":0.3333333333333333,"instances":[{"created":"2016-01-04T05:40:28Z","user_id":"568a050a6135640003b30a00","duration":14.682}]}],"region":{"x":249.4538511603488,"y":557.8691098451479,"width":645.593025984271,"height":46.6033163015602,"label":"Street Address","shape":"rectangle"},"task_key":"em_record_street_address","instructions":{"mark":"Street Address","transcribe":"Enter the street address"}},{"id":"56b1766b50617568bbf70600","status":"awaiting_transcriptions","name":"Land \u0026 Building Dimensions","created_in_workflow":"transcribe","confidence":0.3333333333333333,"data":{"em_survey_land_dimensions":"19.5x55","em_survey_building_dimensions":"19.5x43"},"versions":[{"data":{"em_survey_land_dimensions":"19.5x55","em_survey_building_dimensions":"19.5x43"},"votes":1,"confidence":0.3333333333333333,"instances":[{"created":"2016-01-03T19:15:11Z","user_id":"5689687061356400032b0400","duration":21.764}]}],"region":{"x":245.34179367000309,"y":586.6535110902291,"width":815.5580689185589,"height":84.98251796166869,"label":"Dimension \u0026 Description","shape":"rectangle"},"task_key":"em_record_survey","instructions":{"mark":"Dimension \u0026 Description","transcribe":"Enter, as they appear, any land and building dimensions that were recorded. In the next screen, you'll enter the descriptive information."}},{"id":"56b1766b50617568bbf80600","status":"awaiting_transcriptions","name":"Stories \u0026 Materials","created_in_workflow":"transcribe","confidence":0.3333333333333333,"data":{"em_record_stories":"4","em_record_material":"Brick"},"versions":[{"data":{"em_record_stories":"4","em_record_material":"Brick"},"votes":1,"confidence":0.3333333333333333,"instances":[{"created":"2016-01-03T19:15:19Z","user_id":"5689687061356400032b0400","duration":8.711}]}],"region":{"x":245.34179367000309,"y":586.6535110902291,"width":815.5580689185589,"height":84.98251796166869,"label":"Dimension \u0026 Description","shape":"rectangle"},"task_key":"em_record_survey_stories_materials","instructions":{"mark":"Dimension \u0026 Description","transcribe":"Enter, as they appear, the number of stories and the building materials."}},{"id":"56b1766b50617568bbf90600","status":"awaiting_transcriptions","name":"Additional Info","created_in_workflow":"transcribe","confidence":0.3333333333333333,"data":{"value":"House"},"versions":[{"data":{"value":"House"},"votes":1,"confidence":0.3333333333333333,"instances":[{"created":"2016-01-03T19:15:20Z","user_id":"5689687061356400032b0400","duration":1.09}]}],"region":{"x":245.34179367000309,"y":586.6535110902291,"width":815.5580689185589,"height":84.98251796166869,"label":"Dimension \u0026 Description","shape":"rectangle"},"task_key":"em_record_survey_additional_info","instructions":{"mark":"Dimension \u0026 Description","transcribe":"Enter any additional information you find about the building's construction or significance."}},{"id":"56b1766b50617568bbfa0600","status":"complete","name":"Record Date","created_in_workflow":"transcribe","confidence":1.0,"data":{"value":"1867 May 4"},"versions":[{"data":{"value":"1867 May 4"},"votes":3,"confidence":1.0,"instances":[{"created":"2016-01-03T19:14:25Z","user_id":"5689687061356400032b0400","duration":4.318},{"created":"2016-01-03T23:18:12Z","user_id":"5689a86e6135640003ee0600","duration":5.718},{"created":"2016-01-03T23:38:29Z","user_id":"5689abf161356400035e0700","duration":8.588}]}],"region":{"x":67.15263575502385,"y":49.34468784871087,"width":165.85298544394223,"height":117.87897652747597,"label":"Record Date","shape":"rectangle"},"task_key":"em_record_date","instructions":{"mark":"Record Date","transcribe":"Enter the record date"}},{"id":"56b1766b50617568bbfb0600","status":"awaiting_transcriptions","name":"Valuation Date","created_in_workflow":"transcribe","confidence":0.3333333333333333,"data":{"value":""},"versions":[{"data":{"value":""},"votes":1,"confidence":0.3333333333333333,"instances":[{"created":"2016-01-23T22:08:13Z","user_id":"56a3e3a239353200033f0900","duration":6.351}]}],"region":{"x":254.93659448080967,"y":736.0582604099371,"width":563.3518761773576,"height":68.53428867876505,"label":"Valuation","shape":"rectangle"},"task_key":"em_record_valuation","instructions":{"mark":"Valuation","transcribe":"Enter the date of the valuation (if one is given). In the next screen, you'll enter the valuation's dollar amounts."}},{"id":"56b1766b50617568bbfc0600","status":"awaiting_transcriptions","name":"Land \u0026 Building Value","created_in_workflow":"transcribe","confidence":0.3333333333333333,"data":{"em_valuation_ground":""},"versions":[{"data":{"em_valuation_ground":""},"votes":1,"confidence":0.3333333333333333,"instances":[{"created":"2016-01-23T22:08:17Z","user_id":"56a3e3a239353200033f0900","duration":4.056}]}],"region":{"x":254.93659448080967,"y":736.0582604099371,"width":563.3518761773576,"height":68.53428867876505,"label":"Valuation","shape":"rectangle"},"task_key":"em_record_valuation_ground_building","instructions":{"mark":"Valuation","transcribe":"Sometimes valuations include itemized dollar values for \"ground\" and \"building\". Enter these amounts if you can find them. In the next screen, you'll enter the total valuation."}},{"id":"56b1766b50617568bbfd0600","status":"awaiting_transcriptions","name":"Total Value","created_in_workflow":"transcribe","confidence":0.3333333333333333,"data":{"value":"$22000."},"versions":[{"data":{"value":"$22000."},"votes":1,"confidence":0.3333333333333333,"instances":[{"created":"2016-01-23T22:08:23Z","user_id":"56a3e3a239353200033f0900","duration":6.206}]}],"region":{"x":254.93659448080967,"y":736.0582604099371,"width":563.3518761773576,"height":68.53428867876505,"label":"Valuation","shape":"rectangle"},"task_key":"em_record_valuation_total","instructions":{"mark":"Valuation","transcribe":"Enter the valuation ***total*** (if one is given)"}},{"id":"56b1766b50617568bbfe0600","status":"awaiting_transcriptions","name":"Valuation Date","created_in_workflow":"transcribe","confidence":0.3333333333333333,"data":{"value":"1879 November"},"versions":[{"data":{"value":"1879 November"},"votes":1,"confidence":0.3333333333333333,"instances":[{"created":"2016-01-04T04:16:27Z","user_id":"5689f1683237350003c80000","duration":5.183}]}],"region":{"x":293.315797724036,"y":748.3944323721148,"width":496.1882705017115,"height":58.939488263737985,"label":"Valuation","shape":"rectangle"},"task_key":"em_record_valuation","instructions":{"mark":"Valuation","transcribe":"Enter the date of the valuation (if one is given). In the next screen, you'll enter the valuation's dollar amounts."}},{"id":"56b1766b50617568bbff0600","status":"awaiting_transcriptions","name":"Land \u0026 Building Value","created_in_workflow":"transcribe","confidence":0.3333333333333333,"data":{"em_valuation_ground":""},"versions":[{"data":{"em_valuation_ground":""},"votes":1,"confidence":0.3333333333333333,"instances":[{"created":"2016-01-04T04:16:32Z","user_id":"5689f1683237350003c80000","duration":5.164}]}],"region":{"x":293.315797724036,"y":748.3944323721148,"width":496.1882705017115,"height":58.939488263737985,"label":"Valuation","shape":"rectangle"},"task_key":"em_record_valuation_ground_building","instructions":{"mark":"Valuation","transcribe":"Sometimes valuations include itemized dollar values for \"ground\" and \"building\". Enter these amounts if you can find them. In the next screen, you'll enter the total valuation."}},{"id":"56b1766b50617568bb000700","status":"awaiting_transcriptions","name":"Total Value","created_in_workflow":"transcribe","confidence":0.3333333333333333,"data":{"value":"$22,000"},"versions":[{"data":{"value":"$22,000"},"votes":1,"confidence":0.3333333333333333,"instances":[{"created":"2016-01-04T04:16:35Z","user_id":"5689f1683237350003c80000","duration":3.545}]}],"region":{"x":293.315797724036,"y":748.3944323721148,"width":496.1882705017115,"height":58.939488263737985,"label":"Valuation","shape":"rectangle"},"task_key":"em_record_valuation_total","instructions":{"mark":"Valuation","transcribe":"Enter the valuation ***total*** (if one is given)"}},{"id":"56b1766b50617568bb010700","status":"awaiting_votes","name":"Amount Loaned","created_in_workflow":"transcribe","confidence":0.3333333333333333,"data":{"value":"$12,000"},"versions":[{"data":{"value":"$12,000"},"votes":1,"confidence":0.3333333333333333,"instances":[{"created":"2016-01-04T04:16:14Z","user_id":"5689f1683237350003c80000","duration":3.972}]},{"data":{"value":"12000"},"votes":1,"confidence":0.3333333333333333,"instances":[{"created":"2016-01-04T05:40:39Z","user_id":"568a050a6135640003b30a00","duration":2.95}]},{"data":{"value":"$1200"},"votes":1,"confidence":0.3333333333333333,"instances":[{"created":"2016-01-04T16:51:14Z","user_id":"56748e5e3564620003fd0100","duration":3.623}]}],"region":{"x":1156.8478706966278,"y":715.4979738063076,"width":100.06006559841148,"height":56.19811671658738,"label":"Amount Loaned","shape":"rectangle"},"task_key":"em_record_amount_loaned","instructions":{"mark":"Amount Loaned","transcribe":"Enter the Amount Loaned"}}]}]}