{"id":"56b100ac7061755afbe01100","meta_data":{"capture_uuid":"e2d1b360-00b1-0133-7643-58d385a7bbd0","page_uri":"http://digitalcollections.nypl.org/items/e2d1b360-00b1-0133-7643-58d385a7bbd0","book_uri":"http://digitalcollections.nypl.org/items/df712aa0-00b1-0133-fbd7-58d385a7bbd0","source_rotated":"0.923143","source_x":"0","source_y":"0","source_w":"1374.82","source_h":"988.3199999999999"},"type":"final_subject_set","search_terms_by_field":{"Record Number":["514"],"Mortgager":["Camille Marie"],"Street Address":["215th 216th Sts \u0026 14 Avenue"],"Land \u0026 Building Dimensions":["about 3 \u0026 419/1000 of acres"],"Stories \u0026 Materials":["2","Frame"],"Additional Info":["House"],"Record Date":["1871 Novemb 22"],"Valuation Date":["1879 November"],"Land \u0026 Building Value":[],"Total Value":["$30,000"],"Amount Loaned":["$17,000"]},"subjects":[{"id":"56b176fb50617568bb8e1000","type":"root","location":{"standard":"https://s3.amazonaws.com/scribe.nypl.org/emigrant-s4/full/e2d1b360-00b1-0133-7643-58d385a7bbd0.left-top.jpg","thumbnail":"https://s3.amazonaws.com/scribe.nypl.org/emigrant-s4/thumb/e2d1b360-00b1-0133-7643-58d385a7bbd0.left-top.jpg"},"status":"retired","width":1374,"height":988,"meta_data":{"capture_uuid":"e2d1b360-00b1-0133-7643-58d385a7bbd0","page_uri":"http://digitalcollections.nypl.org/items/e2d1b360-00b1-0133-7643-58d385a7bbd0","book_uri":"http://digitalcollections.nypl.org/items/df712aa0-00b1-0133-fbd7-58d385a7bbd0","source_rotated":"0.923143","source_x":"0","source_y":"0","source_w":"1374.82","source_h":"988.3199999999999"},"assertions":[{"id":"56b176fb50617568bb8f1000","status":"complete","name":"Record Number","created_in_workflow":"transcribe","confidence":1.0,"data":{"value":"514"},"versions":[{"data":{"value":"514"},"votes":3,"confidence":1.0,"instances":[{"created":"2015-12-27T18:26:13Z","user_id":"56748e5e3564620003fd0100","duration":5.399},{"created":"2015-12-28T08:36:07Z","user_id":"5680ee916339300003ec0200","duration":4.783},{"created":"2015-12-28T17:09:43Z","user_id":"568163ed6339300003fa0400","duration":5.728}]}],"region":{"x":510.65197949871447,"y":35.40578024723263,"width":616.8776315604816,"height":53.108670370848955,"label":"Record Number","shape":"rectangle"},"task_key":"em_record_number","instructions":{"mark":"Record Number","transcribe":"Enter the record number"}},{"id":"56b176fb50617568bb901000","status":"complete","name":"Mortgager","created_in_workflow":"transcribe","confidence":1.0,"data":{"value":"Camille Marie"},"versions":[{"data":{"value":"Camille Marie"},"votes":3,"confidence":1.0,"instances":[{"created":"2015-12-27T18:26:51Z","user_id":"56748e5e3564620003fd0100","duration":12.414},{"created":"2015-12-28T08:36:45Z","user_id":"5680ee916339300003ec0200","duration":6.934},{"created":"2015-12-28T17:10:26Z","user_id":"568163ed6339300003fa0400","duration":10.244}]}],"region":{"x":270.9820829100947,"y":535.1719860447087,"width":522.916138011534,"height":53.10867037084893,"label":"Mortgager Name","shape":"rectangle"},"task_key":"em_record_mortgager","instructions":{"mark":"Mortgager Name","transcribe":"Enter the mortgager's name"}},{"id":"56b176fb50617568bb911000","status":"awaiting_votes","name":"Street Address","created_in_workflow":"transcribe","confidence":0.3333333333333333,"data":{"value":"215th 216th Sts \u0026 14 Avenue"},"versions":[{"data":{"value":"215th 216th Sts \u0026 14 Avenue"},"votes":1,"confidence":0.3333333333333333,"instances":[{"created":"2015-12-27T18:27:55Z","user_id":"56748e5e3564620003fd0100","duration":63.702}]},{"data":{"value":"215, 216th St \u0026 14th Avenue"},"votes":1,"confidence":0.3333333333333333,"instances":[{"created":"2015-12-28T08:37:03Z","user_id":"5680ee916339300003ec0200","duration":18.735}]},{"data":{"value":"215th, 216th St. \u0026 14th avenue"},"votes":1,"confidence":0.3333333333333333,"instances":[{"created":"2015-12-28T17:11:36Z","user_id":"568163ed6339300003fa0400","duration":60.37}]}],"region":{"x":241.02334583651722,"y":584.1953740793384,"width":645.4746078579873,"height":42.21458414093113,"label":"Street Address","shape":"rectangle"},"task_key":"em_record_street_address","instructions":{"mark":"Street Address","transcribe":"Enter the street address"}},{"id":"56b176fb50617568bb921000","status":"awaiting_transcriptions","name":"Land \u0026 Building Dimensions","created_in_workflow":"transcribe","confidence":0.3333333333333333,"data":{"em_survey_land_dimensions":"about 3 \u0026 419/1000 of acres","em_survey_building_dimensions":""},"versions":[{"data":{"em_survey_land_dimensions":"about 3 \u0026 419/1000 of acres","em_survey_building_dimensions":""},"votes":1,"confidence":0.3333333333333333,"instances":[{"created":"2015-12-27T18:30:18Z","user_id":"56748e5e3564620003fd0100","duration":143.34}]}],"region":{"x":181.10587168936226,"y":625.0481974415299,"width":661.8157371708478,"height":88.51445061808158,"label":"Dimension \u0026 Description","shape":"rectangle"},"task_key":"em_record_survey","instructions":{"mark":"Dimension \u0026 Description","transcribe":"Enter, as they appear, any land and building dimensions that were recorded. In the next screen, you'll enter the descriptive information."}},{"id":"56b176fb50617568bb931000","status":"awaiting_transcriptions","name":"Stories \u0026 Materials","created_in_workflow":"transcribe","confidence":0.3333333333333333,"data":{"em_record_stories":"2","em_record_material":"Frame"},"versions":[{"data":{"em_record_stories":"2","em_record_material":"Frame"},"votes":1,"confidence":0.3333333333333333,"instances":[{"created":"2015-12-27T18:30:23Z","user_id":"56748e5e3564620003fd0100","duration":4.35}]}],"region":{"x":181.10587168936226,"y":625.0481974415299,"width":661.8157371708478,"height":88.51445061808158,"label":"Dimension \u0026 Description","shape":"rectangle"},"task_key":"em_record_survey_stories_materials","instructions":{"mark":"Dimension \u0026 Description","transcribe":"Enter, as they appear, the number of stories and the building materials."}},{"id":"56b176fb50617568bb941000","status":"awaiting_transcriptions","name":"Additional Info","created_in_workflow":"transcribe","confidence":0.3333333333333333,"data":{"value":"House"},"versions":[{"data":{"value":"House"},"votes":1,"confidence":0.3333333333333333,"instances":[{"created":"2015-12-27T18:30:25Z","user_id":"56748e5e3564620003fd0100","duration":2.559}]}],"region":{"x":181.10587168936226,"y":625.0481974415299,"width":661.8157371708478,"height":88.51445061808158,"label":"Dimension \u0026 Description","shape":"rectangle"},"task_key":"em_record_survey_additional_info","instructions":{"mark":"Dimension \u0026 Description","transcribe":"Enter any additional information you find about the building's construction or significance."}},{"id":"56b176fb50617568bb951000","status":"awaiting_votes","name":"Record Date","created_in_workflow":"transcribe","confidence":0.6666666666666666,"data":{"value":"1871 Novemb 22"},"versions":[{"data":{"value":"1871 Novemb 22"},"votes":2,"confidence":0.6666666666666666,"instances":[{"created":"2015-12-27T18:26:21Z","user_id":"56748e5e3564620003fd0100","duration":8.743},{"created":"2015-12-28T17:09:58Z","user_id":"568163ed6339300003fa0400","duration":10.575}]},{"data":{"value":"1871, November 22"},"votes":1,"confidence":0.3333333333333333,"instances":[{"created":"2015-12-28T18:06:34Z","user_id":"567b52b33634340003700300","duration":18.253}]}],"region":{"x":39.48275097790513,"y":70.81156049446525,"width":206.98763796289887,"height":133.45255631649223,"label":"Record Date","shape":"rectangle"},"task_key":"em_record_date","instructions":{"mark":"Record Date","transcribe":"Enter the record date"}},{"id":"56b176fb50617568bb961000","status":"awaiting_transcriptions","name":"Valuation Date","created_in_workflow":"transcribe","confidence":0.3333333333333333,"data":{"value":"1879 November"},"versions":[{"data":{"value":"1879 November"},"votes":1,"confidence":0.3333333333333333,"instances":[{"created":"2015-12-27T18:31:18Z","user_id":"56748e5e3564620003fd0100","duration":9.191}]}],"region":{"x":59.90916261898068,"y":732.6272989619675,"width":746.2449052872935,"height":132.09079553775246,"label":"Valuation","shape":"rectangle"},"task_key":"em_record_valuation","instructions":{"mark":"Valuation","transcribe":"Enter the date of the valuation (if one is given). In the next screen, you'll enter the valuation's dollar amounts."}},{"id":"56b176fb50617568bb971000","status":"awaiting_transcriptions","name":"Land \u0026 Building Value","created_in_workflow":"transcribe","confidence":0.3333333333333333,"data":{"em_valuation_ground":""},"versions":[{"data":{"em_valuation_ground":""},"votes":1,"confidence":0.3333333333333333,"instances":[{"created":"2015-12-27T18:31:25Z","user_id":"56748e5e3564620003fd0100","duration":6.708}]}],"region":{"x":59.90916261898068,"y":732.6272989619675,"width":746.2449052872935,"height":132.09079553775246,"label":"Valuation","shape":"rectangle"},"task_key":"em_record_valuation_ground_building","instructions":{"mark":"Valuation","transcribe":"Sometimes valuations include itemized dollar values for \"ground\" and \"building\". Enter these amounts if you can find them. In the next screen, you'll enter the total valuation."}},{"id":"56b176fb50617568bb981000","status":"awaiting_transcriptions","name":"Total Value","created_in_workflow":"transcribe","confidence":0.3333333333333333,"data":{"value":"$30,000"},"versions":[{"data":{"value":"$30,000"},"votes":1,"confidence":0.3333333333333333,"instances":[{"created":"2015-12-27T18:31:31Z","user_id":"56748e5e3564620003fd0100","duration":5.616}]}],"region":{"x":59.90916261898068,"y":732.6272989619675,"width":746.2449052872935,"height":132.09079553775246,"label":"Valuation","shape":"rectangle"},"task_key":"em_record_valuation_total","instructions":{"mark":"Valuation","transcribe":"Enter the valuation ***total*** (if one is given)"}},{"id":"56b176fb50617568bb991000","status":"awaiting_votes","name":"Amount Loaned","created_in_workflow":"transcribe","confidence":0.6666666666666666,"data":{"value":"$17,000"},"versions":[{"data":{"value":"$17,000"},"votes":2,"confidence":0.6666666666666666,"instances":[{"created":"2015-12-27T18:31:35Z","user_id":"56748e5e3564620003fd0100","duration":4.278},{"created":"2015-12-28T08:37:28Z","user_id":"5680ee916339300003ec0200","duration":4.223}]},{"data":{"value":"$17000"},"votes":1,"confidence":0.3333333333333333,"instances":[{"created":"2015-12-28T17:14:32Z","user_id":"568163ed6339300003fa0400","duration":9.79}]}],"region":{"x":980.4594472434521,"y":743.5213851918852,"width":265.5433513339822,"height":69.44979971572559,"label":"Amount Loaned","shape":"rectangle"},"task_key":"em_record_amount_loaned","instructions":{"mark":"Amount Loaned","transcribe":"Enter the Amount Loaned"}}]}]}