{"id":"56b100bd7061755afb171300","meta_data":{"capture_uuid":"e302a9b0-00b1-0133-7495-58d385a7bbd0","page_uri":"http://digitalcollections.nypl.org/items/e302a9b0-00b1-0133-7495-58d385a7bbd0","book_uri":"http://digitalcollections.nypl.org/items/df712aa0-00b1-0133-fbd7-58d385a7bbd0","source_rotated":"0.615458","source_x":"0","source_y":"954.57","source_w":"1369.52","source_h":"1076.43"},"type":"final_subject_set","search_terms_by_field":{"Record Number":["549"],"Mortgager":["Peter Post"],"Street Address":["No. 426, W. 33d Street"],"Land \u0026 Building Dimensions":["18.9 x 98.9"],"Stories \u0026 Materials":["3","brick \u0026 brick"],"Additional Info":["house \u0026 stable in the rear"],"Record Date":["1879 November","1872 Feby 16"],"Valuation Date":["1879 November "],"Land \u0026 Building Value":[],"Total Value":["$8000"],"Amount Loaned":["$2500"]},"subjects":[{"id":"56b1770c50617568bbb01100","type":"root","location":{"standard":"https://s3.amazonaws.com/scribe.nypl.org/emigrant-s4/full/e302a9b0-00b1-0133-7495-58d385a7bbd0.left-bottom.jpg","thumbnail":"https://s3.amazonaws.com/scribe.nypl.org/emigrant-s4/thumb/e302a9b0-00b1-0133-7495-58d385a7bbd0.left-bottom.jpg"},"status":"retired","width":1369,"height":1076,"meta_data":{"capture_uuid":"e302a9b0-00b1-0133-7495-58d385a7bbd0","page_uri":"http://digitalcollections.nypl.org/items/e302a9b0-00b1-0133-7495-58d385a7bbd0","book_uri":"http://digitalcollections.nypl.org/items/df712aa0-00b1-0133-fbd7-58d385a7bbd0","source_rotated":"0.615458","source_x":"0","source_y":"954.57","source_w":"1369.52","source_h":"1076.43"},"assertions":[{"id":"56b1770c50617568bbb11100","status":"complete","name":"Record Number","created_in_workflow":"transcribe","confidence":1.0,"data":{"value":"549"},"versions":[{"data":{"value":"549"},"votes":3,"confidence":1.0,"instances":[{"created":"2015-12-06T21:28:18Z","user_id":"5647496e3562310003960400","duration":2.831},{"created":"2015-12-07T15:43:34Z","user_id":"5665a2f33539360003dc0400","duration":4.704},{"created":"2015-12-07T18:27:35Z","user_id":"5665cb5c3538380003fe0300","duration":3.789}]}],"region":{"x":905.66145427698,"y":64.81564956373533,"width":117.36887226073634,"height":62.187988094935264,"label":"Record Number","shape":"rectangle"},"task_key":"em_record_number","instructions":{"mark":"Record Number","transcribe":"Enter the record number"}},{"id":"56b1770c50617568bbb21100","status":"complete","name":"Mortgager","created_in_workflow":"transcribe","confidence":1.0,"data":{"value":"Peter Post"},"versions":[{"data":{"value":"Peter Post"},"votes":3,"confidence":1.0,"instances":[{"created":"2015-12-06T21:28:32Z","user_id":"5647496e3562310003960400","duration":4.031},{"created":"2015-12-07T15:43:52Z","user_id":"5665a2f33539360003dc0400","duration":12.728},{"created":"2015-12-07T18:28:17Z","user_id":"5665cb5c3538380003fe0300","duration":4.375}]}],"region":{"x":352.97669012381147,"y":536.0429396352166,"width":250.50371243709384,"height":64.81564956373529,"label":"Mortgager Name","shape":"rectangle"},"task_key":"em_record_mortgager","instructions":{"mark":"Mortgager Name","transcribe":"Enter the mortgager's name"}},{"id":"56b1770c50617568bbb31100","status":"awaiting_votes","name":"Street Address","created_in_workflow":"transcribe","confidence":0.3333333333333333,"data":{"value":"No. 426, W. 33d Street"},"versions":[{"data":{"value":"No. 426, W. 33d Street"},"votes":1,"confidence":0.3333333333333333,"instances":[{"created":"2015-12-06T21:29:04Z","user_id":"5647496e3562310003960400","duration":17.702}]},{"data":{"value":"No. 42h. W. 33d. Street"},"votes":1,"confidence":0.3333333333333333,"instances":[{"created":"2015-12-07T15:44:08Z","user_id":"5665a2f33539360003dc0400","duration":16.094}]},{"data":{"value":"No. 426 W. 33rd Street"},"votes":1,"confidence":0.3333333333333333,"instances":[{"created":"2015-12-07T18:28:48Z","user_id":"5665cb5c3538380003fe0300","duration":8.189}]}],"region":{"x":424.79943285053065,"y":588.5961690112182,"width":344.2236328243982,"height":42.91847065706804,"label":"Street Address","shape":"rectangle"},"task_key":"em_record_street_address","instructions":{"mark":"Street Address","transcribe":"Enter the street address"}},{"id":"56b1770c50617568bbb41100","status":"awaiting_transcriptions","name":"Land \u0026 Building Dimensions","created_in_workflow":"transcribe","confidence":0.6666666666666666,"data":{"em_survey_land_dimensions":"18.9 x 98.9","em_survey_building_dimensions":""},"versions":[{"data":{"em_survey_land_dimensions":"18.9 x 98.9","em_survey_building_dimensions":""},"votes":2,"confidence":0.6666666666666666,"instances":[{"created":"2015-12-07T18:14:23Z","user_id":"5647496e3562310003960400","duration":16.893},{"created":"2015-12-07T18:15:26Z","user_id":"566eeeda3637340003010100","duration":12.367}]}],"region":{"x":408.15757782848596,"y":627.1352038869527,"width":731.3657338635433,"height":69.19508534506883,"label":"Dimension \u0026 Description","shape":"rectangle"},"task_key":"em_record_survey","instructions":{"mark":"Dimension \u0026 Description","transcribe":"Enter, as they appear, any land and building dimensions that were recorded. In the next screen, you'll enter the descriptive information."}},{"id":"56b1770c50617568bbb51100","status":"awaiting_transcriptions","name":"Stories \u0026 Materials","created_in_workflow":"transcribe","confidence":0.3333333333333333,"data":{"em_record_stories":"3","em_record_material":"brick \u0026 brick"},"versions":[{"data":{"em_record_stories":"3","em_record_material":"brick \u0026 brick"},"votes":1,"confidence":0.3333333333333333,"instances":[{"created":"2015-12-07T18:14:42Z","user_id":"5647496e3562310003960400","duration":18.622}]},{"data":{"em_record_material":"Brick"},"votes":1,"confidence":0.3333333333333333,"instances":[{"created":"2015-12-07T18:15:34Z","user_id":"566eeeda3637340003010100","duration":7.656}]}],"region":{"x":408.15757782848596,"y":627.1352038869527,"width":731.3657338635433,"height":69.19508534506883,"label":"Dimension \u0026 Description","shape":"rectangle"},"task_key":"em_record_survey_stories_materials","instructions":{"mark":"Dimension \u0026 Description","transcribe":"Enter, as they appear, the number of stories and the building materials."}},{"id":"56b1770c50617568bbb61100","status":"awaiting_transcriptions","name":"Additional Info","created_in_workflow":"transcribe","confidence":0.3333333333333333,"data":{"value":"house \u0026 stable in the rear"},"versions":[{"data":{"value":"house \u0026 stable in the rear"},"votes":1,"confidence":0.3333333333333333,"instances":[{"created":"2015-12-07T18:14:59Z","user_id":"5647496e3562310003960400","duration":16.816}]},{"data":{"value":"3 story brick house and brick stable in the rear"},"votes":1,"confidence":0.3333333333333333,"instances":[{"created":"2015-12-07T18:15:42Z","user_id":"566eeeda3637340003010100","duration":8.274}]}],"region":{"x":408.15757782848596,"y":627.1352038869527,"width":731.3657338635433,"height":69.19508534506883,"label":"Dimension \u0026 Description","shape":"rectangle"},"task_key":"em_record_survey_additional_info","instructions":{"mark":"Dimension \u0026 Description","transcribe":"Enter any additional information you find about the building's construction or significance."}},{"id":"56b1770c50617568bbb71100","status":"awaiting_transcriptions","name":"Record Date","created_in_workflow":"transcribe","confidence":0.3333333333333333,"data":{"value":"1879 November"},"versions":[{"data":{"value":"1879 November"},"votes":1,"confidence":0.3333333333333333,"instances":[{"created":"2015-12-07T02:59:11Z","user_id":"5664ec173365660003530600","duration":3.652}]}],"region":{"x":28.022573640728186,"y":742.7523085141563,"width":148.90080809197886,"height":89.34048993920271,"label":"Record Date","shape":"rectangle"},"task_key":"em_record_date","instructions":{"mark":"Record Date","transcribe":"Enter the record date"}},{"id":"56b1770c50617568bbb81100","status":"awaiting_votes","name":"Record Date","created_in_workflow":"transcribe","confidence":0.6666666666666666,"data":{"value":"1872 Feby 16"},"versions":[{"data":{"value":"1872 Feby 16"},"votes":2,"confidence":0.6666666666666666,"instances":[{"created":"2015-12-06T21:28:28Z","user_id":"5647496e3562310003960400","duration":9.582},{"created":"2015-12-07T04:05:54Z","user_id":"5664fd213365660003c00700","duration":15.621}]},{"data":{"value":"1872 Feb 11"},"votes":1,"confidence":0.3333333333333333,"instances":[{"created":"2015-12-07T02:58:35Z","user_id":"5664ec173365660003530600","duration":7.141}]}],"region":{"x":32.40200917284521,"y":106.85823306453663,"width":183.93629234891506,"height":127.0036376586706,"label":"Record Date","shape":"rectangle"},"task_key":"em_record_date","instructions":{"mark":"Record Date","transcribe":"Enter the record date"}},{"id":"56b1770c50617568bbb91100","status":"awaiting_transcriptions","name":"Valuation Date","created_in_workflow":"transcribe","confidence":0.3333333333333333,"data":{"value":"1879 November "},"versions":[{"data":{"value":"1879 November "},"votes":1,"confidence":0.3333333333333333,"instances":[{"created":"2015-12-07T12:37:59Z","user_id":"5647496e3562310003960400","duration":11.985}]}],"region":{"x":543.0441922176904,"y":772.5324718272238,"width":135.7625014956277,"height":59.56032662613518,"label":"Valuation","shape":"rectangle"},"task_key":"em_record_valuation","instructions":{"mark":"Valuation","transcribe":"Enter the date of the valuation (if one is given). In the next screen, you'll enter the valuation's dollar amounts."}},{"id":"56b1770c50617568bbba1100","status":"awaiting_transcriptions","name":"Land \u0026 Building Value","created_in_workflow":"transcribe","confidence":0.3333333333333333,"data":{"em_valuation_ground":""},"versions":[{"data":{"em_valuation_ground":""},"votes":1,"confidence":0.3333333333333333,"instances":[{"created":"2015-12-07T12:38:01Z","user_id":"5647496e3562310003960400","duration":2.076}]}],"region":{"x":543.0441922176904,"y":772.5324718272238,"width":135.7625014956277,"height":59.56032662613518,"label":"Valuation","shape":"rectangle"},"task_key":"em_record_valuation_ground_building","instructions":{"mark":"Valuation","transcribe":"Sometimes valuations include itemized dollar values for \"ground\" and \"building\". Enter these amounts if you can find them. In the next screen, you'll enter the total valuation."}},{"id":"56b1770c50617568bbbb1100","status":"awaiting_transcriptions","name":"Total Value","created_in_workflow":"transcribe","confidence":0.3333333333333333,"data":{"value":"$8000"},"versions":[{"data":{"value":"$8000"},"votes":1,"confidence":0.3333333333333333,"instances":[{"created":"2015-12-07T12:38:04Z","user_id":"5647496e3562310003960400","duration":3.543}]}],"region":{"x":543.0441922176904,"y":772.5324718272238,"width":135.7625014956277,"height":59.56032662613518,"label":"Valuation","shape":"rectangle"},"task_key":"em_record_valuation_total","instructions":{"mark":"Valuation","transcribe":"Enter the valuation ***total*** (if one is given)"}},{"id":"56b1770c50617568bbbc1100","status":"awaiting_votes","name":"Amount Loaned","created_in_workflow":"transcribe","confidence":0.3333333333333333,"data":{"value":"$2500"},"versions":[{"data":{"value":"$2500"},"votes":1,"confidence":0.3333333333333333,"instances":[{"created":"2015-12-06T21:29:32Z","user_id":"5647496e3562310003960400","duration":15.983}]},{"data":{"value":"$2,500"},"votes":1,"confidence":0.3333333333333333,"instances":[{"created":"2015-12-07T18:29:03Z","user_id":"5665cb5c3538380003fe0300","duration":6.785}]},{"data":{"value":"$2500. Balame day $2000"},"votes":1,"confidence":0.3333333333333333,"instances":[{"created":"2015-12-07T18:37:56Z","user_id":"5665d1313539360003af0700","duration":70.249}]}],"region":{"x":211.95886598964324,"y":747.1317442954897,"width":1027.415575834654,"height":49.04968075093484,"label":"Amount Loaned","shape":"rectangle"},"task_key":"em_record_amount_loaned","instructions":{"mark":"Amount Loaned","transcribe":"Enter the Amount Loaned"}}]}]}