{"id":"56b100ec7061755afb8a1600","meta_data":{"capture_uuid":"e38ae1d0-00b1-0133-2ced-58d385a7bbd0","page_uri":"http://digitalcollections.nypl.org/items/e38ae1d0-00b1-0133-2ced-58d385a7bbd0","book_uri":"http://digitalcollections.nypl.org/items/df712aa0-00b1-0133-fbd7-58d385a7bbd0","source_rotated":"0.699377","source_x":"0","source_y":"0","source_w":"1370.58","source_h":"976.3199999999999"},"type":"final_subject_set","search_terms_by_field":{"Record Number":["624"],"Mortgager":["John Dempsey"],"Street Address":["No. 214 E. 38th St."],"Land \u0026 Building Dimensions":["25 x 108","25 x 38 \u0026 25x 30"],"Stories \u0026 Materials":["5 \u0026 4","brick \u0026 brick"],"Additional Info":["house \u0026 house"],"Record Date":["1872 October 8","1879 November"],"Valuation Date":["1879 November"],"Land \u0026 Building Value":[],"Total Value":["$17,000"],"Amount Loaned":["$6000"]},"subjects":[{"id":"56b1773b50617568bbec1400","type":"root","location":{"standard":"https://s3.amazonaws.com/scribe.nypl.org/emigrant-s4/full/e38ae1d0-00b1-0133-2ced-58d385a7bbd0.left-top.jpg","thumbnail":"https://s3.amazonaws.com/scribe.nypl.org/emigrant-s4/thumb/e38ae1d0-00b1-0133-2ced-58d385a7bbd0.left-top.jpg"},"status":"retired","width":1370,"height":976,"meta_data":{"capture_uuid":"e38ae1d0-00b1-0133-2ced-58d385a7bbd0","page_uri":"http://digitalcollections.nypl.org/items/e38ae1d0-00b1-0133-2ced-58d385a7bbd0","book_uri":"http://digitalcollections.nypl.org/items/df712aa0-00b1-0133-fbd7-58d385a7bbd0","source_rotated":"0.699377","source_x":"0","source_y":"0","source_w":"1370.58","source_h":"976.3199999999999"},"assertions":[{"id":"56b1773b50617568bbed1400","status":"complete","name":"Record Number","created_in_workflow":"transcribe","confidence":1.0,"data":{"value":"624"},"versions":[{"data":{"value":"624"},"votes":3,"confidence":1.0,"instances":[{"created":"2015-11-25T02:34:41Z","user_id":"5653f5cc6138330003e40e00","duration":19.555},{"created":"2015-11-25T12:10:31Z","user_id":"564e49d539646600031a0b00","duration":3.095},{"created":"2015-11-25T13:25:50Z","user_id":"5655b5d83262660003a40000","duration":21.478}]}],"region":{"x":933.621090736029,"y":16.32735308794525,"width":138.04035422162417,"height":69.76232683031152,"label":"Record Number","shape":"rectangle"},"task_key":"em_record_number","instructions":{"mark":"Record Number","transcribe":"Enter the record number"}},{"id":"56b1773b50617568bbee1400","status":"complete","name":"Mortgager","created_in_workflow":"transcribe","confidence":1.0,"data":{"value":"John Dempsey"},"versions":[{"data":{"value":"John Dempsey"},"votes":3,"confidence":1.0,"instances":[{"created":"2015-11-25T13:26:44Z","user_id":"5655b5d83262660003a40000","duration":11.479},{"created":"2015-11-25T16:02:35Z","user_id":"564f478f6435360003b00300","duration":4.799},{"created":"2015-11-25T16:46:56Z","user_id":"5655d2873437330003e50000","duration":6.579}]}],"region":{"x":430.44173502494726,"y":525.4439084666017,"width":369.59191614176797,"height":71.24663165648838,"label":"Mortgager Name","shape":"rectangle"},"task_key":"em_record_mortgager","instructions":{"mark":"Mortgager Name","transcribe":"Enter the mortgager's name"}},{"id":"56b1773b50617568bbef1400","status":"awaiting_votes","name":"Street Address","created_in_workflow":"transcribe","confidence":0.6666666666666666,"data":{"value":"No. 214 E. 38th St."},"versions":[{"data":{"value":"No. 214 E. 38th St."},"votes":2,"confidence":0.6666666666666666,"instances":[{"created":"2015-11-25T02:26:43Z","user_id":"5647496e3562310003960400","duration":18.207},{"created":"2015-11-25T05:08:25Z","user_id":"56553e4f63393000038c0900","duration":15.015}]},{"data":{"value":"214 E. 38th St"},"votes":1,"confidence":0.3333333333333333,"instances":[{"created":"2015-11-25T13:27:17Z","user_id":"5655b5d83262660003a40000","duration":33.005}]}],"region":{"x":415.59868618391243,"y":583.3317966874985,"width":336.9372086914913,"height":41.5605351329516,"label":"Street Address","shape":"rectangle"},"task_key":"em_record_street_address","instructions":{"mark":"Street Address","transcribe":"Enter the street address"}},{"id":"56b1773b50617568bbf01400","status":"awaiting_transcriptions","name":"Land \u0026 Building Dimensions","created_in_workflow":"transcribe","confidence":0.3333333333333333,"data":{"em_survey_land_dimensions":"25 x 108","em_survey_building_dimensions":"25 x 38 \u0026 25x 30"},"versions":[{"data":{"em_survey_land_dimensions":"25 x 108","em_survey_building_dimensions":"25 x 38 \u0026 25x 30"},"votes":1,"confidence":0.3333333333333333,"instances":[{"created":"2015-11-25T02:27:18Z","user_id":"5647496e3562310003960400","duration":35.517}]}],"region":{"x":466.06505224343096,"y":608.5649787325049,"width":746.6053567040533,"height":92.02689922296406,"label":"Dimension \u0026 Description","shape":"rectangle"},"task_key":"em_record_survey","instructions":{"mark":"Dimension \u0026 Description","transcribe":"Enter, as they appear, any land and building dimensions that were recorded. In the next screen, you'll enter the descriptive information."}},{"id":"56b1773b50617568bbf11400","status":"awaiting_transcriptions","name":"Stories \u0026 Materials","created_in_workflow":"transcribe","confidence":0.3333333333333333,"data":{"em_record_stories":"5 \u0026 4","em_record_material":"brick \u0026 brick"},"versions":[{"data":{"em_record_stories":"5 \u0026 4","em_record_material":"brick \u0026 brick"},"votes":1,"confidence":0.3333333333333333,"instances":[{"created":"2015-11-25T02:27:38Z","user_id":"5647496e3562310003960400","duration":19.974}]}],"region":{"x":466.06505224343096,"y":608.5649787325049,"width":746.6053567040533,"height":92.02689922296406,"label":"Dimension \u0026 Description","shape":"rectangle"},"task_key":"em_record_survey_stories_materials","instructions":{"mark":"Dimension \u0026 Description","transcribe":"Enter, as they appear, the number of stories and the building materials."}},{"id":"56b1773b50617568bbf21400","status":"awaiting_transcriptions","name":"Additional Info","created_in_workflow":"transcribe","confidence":0.3333333333333333,"data":{"value":"house \u0026 house"},"versions":[{"data":{"value":"house \u0026 house"},"votes":1,"confidence":0.3333333333333333,"instances":[{"created":"2015-11-25T02:27:49Z","user_id":"5647496e3562310003960400","duration":10.455}]}],"region":{"x":466.06505224343096,"y":608.5649787325049,"width":746.6053567040533,"height":92.02689922296406,"label":"Dimension \u0026 Description","shape":"rectangle"},"task_key":"em_record_survey_additional_info","instructions":{"mark":"Dimension \u0026 Description","transcribe":"Enter any additional information you find about the building's construction or significance."}},{"id":"56b1773b50617568bbf31400","status":"complete","name":"Record Date","created_in_workflow":"transcribe","confidence":1.0,"data":{"value":"1872 October 8"},"versions":[{"data":{"value":"1872 October 8"},"votes":3,"confidence":1.0,"instances":[{"created":"2015-11-25T12:10:49Z","user_id":"564e49d539646600031a0b00","duration":5.6},{"created":"2015-12-27T20:30:32Z","user_id":"568047983564660003300b00","duration":5.531},{"created":"2015-12-27T21:36:19Z","user_id":"56802f0f3564660003d20900","duration":30.83}]}],"region":{"x":41.55385538983397,"y":63.82510752560417,"width":207.802683774488,"height":127.65021505120832,"label":"Record Date","shape":"rectangle"},"task_key":"em_record_date","instructions":{"mark":"Record Date","transcribe":"Enter the record date"}},{"id":"56b1773b50617568bbf41400","status":"awaiting_transcriptions","name":"Record Date","created_in_workflow":"transcribe","confidence":0.3333333333333333,"data":{"value":"1879 November"},"versions":[{"data":{"value":"1879 November"},"votes":1,"confidence":0.3333333333333333,"instances":[{"created":"2015-12-07T02:53:52Z","user_id":"5664ec173365660003530600","duration":5.784}]}],"region":{"x":49.07908610770592,"y":731.9007058361282,"width":184.94735072917973,"height":92.91194589057432,"label":"Record Date","shape":"rectangle"},"task_key":"em_record_date","instructions":{"mark":"Record Date","transcribe":"Enter the record date"}},{"id":"56b1773b50617568bbf51400","status":"awaiting_transcriptions","name":"Valuation Date","created_in_workflow":"transcribe","confidence":0.3333333333333333,"data":{"value":"1879 November"},"versions":[{"data":{"value":"1879 November"},"votes":1,"confidence":0.3333333333333333,"instances":[{"created":"2015-12-06T21:07:04Z","user_id":"5647496e3562310003960400","duration":8.632}]}],"region":{"x":667.0311347525956,"y":776.6036231985743,"width":150.76276931478162,"height":49.08555631954869,"label":"Valuation","shape":"rectangle"},"task_key":"em_record_valuation","instructions":{"mark":"Valuation","transcribe":"Enter the date of the valuation (if one is given). In the next screen, you'll enter the valuation's dollar amounts."}},{"id":"56b1773b50617568bbf61400","status":"awaiting_transcriptions","name":"Land \u0026 Building Value","created_in_workflow":"transcribe","confidence":0.3333333333333333,"data":{"em_valuation_ground":""},"versions":[{"data":{"em_valuation_ground":""},"votes":1,"confidence":0.3333333333333333,"instances":[{"created":"2015-12-06T21:07:07Z","user_id":"5647496e3562310003960400","duration":3.396}]}],"region":{"x":667.0311347525956,"y":776.6036231985743,"width":150.76276931478162,"height":49.08555631954869,"label":"Valuation","shape":"rectangle"},"task_key":"em_record_valuation_ground_building","instructions":{"mark":"Valuation","transcribe":"Sometimes valuations include itemized dollar values for \"ground\" and \"building\". Enter these amounts if you can find them. In the next screen, you'll enter the total valuation."}},{"id":"56b1773b50617568bbf71400","status":"awaiting_transcriptions","name":"Total Value","created_in_workflow":"transcribe","confidence":0.3333333333333333,"data":{"value":"$17,000"},"versions":[{"data":{"value":"$17,000"},"votes":1,"confidence":0.3333333333333333,"instances":[{"created":"2015-12-06T21:07:12Z","user_id":"5647496e3562310003960400","duration":5.433}]}],"region":{"x":667.0311347525956,"y":776.6036231985743,"width":150.76276931478162,"height":49.08555631954869,"label":"Valuation","shape":"rectangle"},"task_key":"em_record_valuation_total","instructions":{"mark":"Valuation","transcribe":"Enter the valuation ***total*** (if one is given)"}},{"id":"56b1773b50617568bbf81400","status":"awaiting_votes","name":"Amount Loaned","created_in_workflow":"transcribe","confidence":0.6666666666666666,"data":{"value":"$6000"},"versions":[{"data":{"value":"$6000"},"votes":2,"confidence":0.6666666666666666,"instances":[{"created":"2015-11-25T02:28:15Z","user_id":"5647496e3562310003960400","duration":4.518},{"created":"2015-11-25T16:03:00Z","user_id":"564f478f6435360003b00300","duration":3.971}]},{"data":{"value":"$6,000"},"votes":1,"confidence":0.3333333333333333,"instances":[{"created":"2015-11-25T05:08:42Z","user_id":"56553e4f63393000038c0900","duration":5.15}]}],"region":{"x":1067.2085303053427,"y":730.2779744790058,"width":129.13452491700332,"height":66.79371717795777,"label":"Amount Loaned","shape":"rectangle"},"task_key":"em_record_amount_loaned","instructions":{"mark":"Amount Loaned","transcribe":"Enter the Amount Loaned"}}]}]}