{"id":"56b0ffca7061755afbc10000","meta_data":{"capture_uuid":"df988930-00b1-0133-1a65-58d385a7bbd0","page_uri":"http://digitalcollections.nypl.org/items/df988930-00b1-0133-1a65-58d385a7bbd0","book_uri":"http://digitalcollections.nypl.org/items/df712aa0-00b1-0133-fbd7-58d385a7bbd0","source_rotated":"0.839234","source_x":"0","source_y":"966.79","source_w":"1373.76","source_h":"1090.21"},"type":"final_subject_set","search_terms_by_field":{},"subjects":[{"id":"56b1761050617568bbb20000","type":"root","location":{"standard":"https://s3.amazonaws.com/scribe.nypl.org/emigrant-s4/full/df988930-00b1-0133-1a65-58d385a7bbd0.left-bottom.jpg","thumbnail":"https://s3.amazonaws.com/scribe.nypl.org/emigrant-s4/thumb/df988930-00b1-0133-1a65-58d385a7bbd0.left-bottom.jpg"},"status":"bad","width":1373,"height":1090,"meta_data":{"capture_uuid":"df988930-00b1-0133-1a65-58d385a7bbd0","page_uri":"http://digitalcollections.nypl.org/items/df988930-00b1-0133-1a65-58d385a7bbd0","book_uri":"http://digitalcollections.nypl.org/items/df712aa0-00b1-0133-fbd7-58d385a7bbd0","source_rotated":"0.839234","source_x":"0","source_y":"966.79","source_w":"1373.76","source_h":"1090.21"},"assertions":[]}]}