{"id":"56b1009d7061755afbba1000","meta_data":{"capture_uuid":"e275c590-00b1-0133-a74e-58d385a7bbd0","page_uri":"http://digitalcollections.nypl.org/items/e275c590-00b1-0133-a74e-58d385a7bbd0","book_uri":"http://digitalcollections.nypl.org/items/df712aa0-00b1-0133-fbd7-58d385a7bbd0","source_rotated":"0.727349","source_x":"0","source_y":"0","source_w":"1370.61","source_h":"979.68"},"type":"final_subject_set","search_terms_by_field":{"Record Number":["490"],"Mortgager":["R. C. Church of St. John the Baptist"],"Street Address":["W. 30th and 31st Streets"],"Land \u0026 Building Dimensions":["75 x 100 and 68 x 97.6","65 x 197.6"],"Stories \u0026 Materials":["Brick with Stone front"],"Additional Info":["Church, Pastorate \u0026 School"],"Record Date":["1871 Aug. 29"],"Valuation Date":["1879 November"],"Land \u0026 Building Value":[],"Total Value":["140000"],"Amount Loaned":["$75,000"]},"subjects":[{"id":"56b176eb50617568bb7c0f00","type":"root","location":{"standard":"https://s3.amazonaws.com/scribe.nypl.org/emigrant-s4/full/e275c590-00b1-0133-a74e-58d385a7bbd0.left-top.jpg","thumbnail":"https://s3.amazonaws.com/scribe.nypl.org/emigrant-s4/thumb/e275c590-00b1-0133-a74e-58d385a7bbd0.left-top.jpg"},"status":"retired","width":1370,"height":979,"meta_data":{"capture_uuid":"e275c590-00b1-0133-a74e-58d385a7bbd0","page_uri":"http://digitalcollections.nypl.org/items/e275c590-00b1-0133-a74e-58d385a7bbd0","book_uri":"http://digitalcollections.nypl.org/items/df712aa0-00b1-0133-fbd7-58d385a7bbd0","source_rotated":"0.727349","source_x":"0","source_y":"0","source_w":"1370.61","source_h":"979.68"},"assertions":[{"id":"56b176eb50617568bb7d0f00","status":"complete","name":"Record Number","created_in_workflow":"transcribe","confidence":1.0,"data":{"value":"490"},"versions":[{"data":{"value":"490"},"votes":3,"confidence":1.0,"instances":[{"created":"2015-11-30T22:41:05Z","user_id":"565cbf3d3663610003460400","duration":5.622},{"created":"2015-11-30T22:52:10Z","user_id":"563bfc7535326200037f3900","duration":7.15},{"created":"2015-11-30T23:16:54Z","user_id":"565cb0463935310003800400","duration":11.015}]}],"region":{"x":932.7997629683831,"y":23.082717520858164,"width":118.12920207259901,"height":61.101311084624555,"label":"Record Number","shape":"rectangle"},"task_key":"em_record_number","instructions":{"mark":"Record Number","transcribe":"Enter the record number"}},{"id":"56b176eb50617568bb7e0f00","status":"awaiting_votes","name":"Mortgager","created_in_workflow":"transcribe","confidence":0.6666666666666666,"data":{"value":"R. C. Church of St. John the Baptist"},"versions":[{"data":{"value":"R. C. Church of St. John the Baptist"},"votes":2,"confidence":0.6666666666666666,"instances":[{"created":"2015-11-30T22:47:55Z","user_id":"565cc57e3663610003700400","duration":31.858},{"created":"2015-11-30T23:23:19Z","user_id":"565cb0463935310003800400","duration":28.442}]},{"data":{"value":"R. C. Church of St John the Baptist"},"votes":1,"confidence":0.3333333333333333,"instances":[{"created":"2015-11-30T22:53:14Z","user_id":"563bfc7535326200037f3900","duration":13.524}]}],"region":{"x":386.96138097775304,"y":533.6181168057211,"width":711.4908262763438,"height":50.238855780691324,"label":"Mortgager Name","shape":"rectangle"},"task_key":"em_record_mortgager","instructions":{"mark":"Mortgager Name","transcribe":"Enter the mortgager's name"}},{"id":"56b176eb50617568bb7f0f00","status":"awaiting_votes","name":"Street Address","created_in_workflow":"transcribe","confidence":0.6666666666666666,"data":{"value":"W. 30th and 31st Streets"},"versions":[{"data":{"value":"W. 30th and 31st Streets"},"votes":2,"confidence":0.6666666666666666,"instances":[{"created":"2015-11-30T22:53:31Z","user_id":"563bfc7535326200037f3900","duration":17.088},{"created":"2015-11-30T23:23:44Z","user_id":"565cb0463935310003800400","duration":25.389}]},{"data":{"value":"W 30th and 31st Streets"},"votes":1,"confidence":0.3333333333333333,"instances":[{"created":"2015-11-30T22:48:14Z","user_id":"565cc57e3663610003700400","duration":18.227}]}],"region":{"x":467.0719892798604,"y":579.7835518474375,"width":351.6719923770478,"height":43.449821215732925,"label":"Street Address","shape":"rectangle"},"task_key":"em_record_street_address","instructions":{"mark":"Street Address","transcribe":"Enter the street address"}},{"id":"56b176eb50617568bb800f00","status":"awaiting_transcriptions","name":"Land \u0026 Building Dimensions","created_in_workflow":"transcribe","confidence":0.3333333333333333,"data":{"em_survey_land_dimensions":"75 x 100 and 68 x 97.6","em_survey_building_dimensions":"65 x 197.6"},"versions":[{"data":{"em_survey_land_dimensions":"75 x 100 and 68 x 97.6","em_survey_building_dimensions":"65 x 197.6"},"votes":1,"confidence":0.3333333333333333,"instances":[{"created":"2015-11-30T22:48:20Z","user_id":"565cbf3d3663610003460400","duration":61.04}]}],"region":{"x":442.6314647131158,"y":620.5177592371871,"width":676.1878463466014,"height":77.3949940405245,"label":"Dimension \u0026 Description","shape":"rectangle"},"task_key":"em_record_survey","instructions":{"mark":"Dimension \u0026 Description","transcribe":"Enter, as they appear, any land and building dimensions that were recorded. In the next screen, you'll enter the descriptive information."}},{"id":"56b176eb50617568bb810f00","status":"awaiting_transcriptions","name":"Stories \u0026 Materials","created_in_workflow":"transcribe","confidence":0.3333333333333333,"data":{"em_record_material":"Brick with Stone front"},"versions":[{"data":{"em_record_material":"Brick with Stone front"},"votes":1,"confidence":0.3333333333333333,"instances":[{"created":"2015-11-30T22:48:44Z","user_id":"565cbf3d3663610003460400","duration":23.937}]}],"region":{"x":442.6314647131158,"y":620.5177592371871,"width":676.1878463466014,"height":77.3949940405245,"label":"Dimension \u0026 Description","shape":"rectangle"},"task_key":"em_record_survey_stories_materials","instructions":{"mark":"Dimension \u0026 Description","transcribe":"Enter, as they appear, the number of stories and the building materials."}},{"id":"56b176eb50617568bb820f00","status":"awaiting_transcriptions","name":"Additional Info","created_in_workflow":"transcribe","confidence":0.3333333333333333,"data":{"value":"Church, Pastorate \u0026 School"},"versions":[{"data":{"value":"Church, Pastorate \u0026 School"},"votes":1,"confidence":0.3333333333333333,"instances":[{"created":"2015-11-30T22:49:02Z","user_id":"565cbf3d3663610003460400","duration":18.13}]}],"region":{"x":442.6314647131158,"y":620.5177592371871,"width":676.1878463466014,"height":77.3949940405245,"label":"Dimension \u0026 Description","shape":"rectangle"},"task_key":"em_record_survey_additional_info","instructions":{"mark":"Dimension \u0026 Description","transcribe":"Enter any additional information you find about the building's construction or significance."}},{"id":"56b176eb50617568bb830f00","status":"awaiting_votes","name":"Record Date","created_in_workflow":"transcribe","confidence":0.6666666666666666,"data":{"value":"1871 Aug. 29"},"versions":[{"data":{"value":"1871 Aug. 29"},"votes":2,"confidence":0.6666666666666666,"instances":[{"created":"2015-11-30T22:41:39Z","user_id":"565cbf3d3663610003460400","duration":12.205},{"created":"2015-11-30T23:17:05Z","user_id":"565cb0463935310003800400","duration":10.624}]},{"data":{"value":"1871 August 29"},"votes":1,"confidence":0.3333333333333333,"instances":[{"created":"2015-11-30T22:52:38Z","user_id":"563bfc7535326200037f3900","duration":9.099}]}],"region":{"x":52.94087856557641,"y":70.60595947556615,"width":181.94612733021003,"height":128.9916567342074,"label":"Record Date","shape":"rectangle"},"task_key":"em_record_date","instructions":{"mark":"Record Date","transcribe":"Enter the record date"}},{"id":"56b176eb50617568bb840f00","status":"awaiting_transcriptions","name":"Valuation Date","created_in_workflow":"transcribe","confidence":0.3333333333333333,"data":{"value":"1879 November"},"versions":[{"data":{"value":"1879 November"},"votes":1,"confidence":0.3333333333333333,"instances":[{"created":"2016-01-13T04:05:42Z","user_id":"568ac34a3237350003b80500","duration":5.414}]}],"region":{"x":42.389885923051565,"y":749.8127404543258,"width":726.7975109071045,"height":86.00436926051236,"label":"Valuation","shape":"rectangle"},"task_key":"em_record_valuation","instructions":{"mark":"Valuation","transcribe":"Enter the date of the valuation (if one is given). In the next screen, you'll enter the valuation's dollar amounts."}},{"id":"56b176eb50617568bb850f00","status":"awaiting_transcriptions","name":"Land \u0026 Building Value","created_in_workflow":"transcribe","confidence":0.3333333333333333,"data":{"em_valuation_ground":""},"versions":[{"data":{"em_valuation_ground":""},"votes":1,"confidence":0.3333333333333333,"instances":[{"created":"2016-01-13T04:05:43Z","user_id":"568ac34a3237350003b80500","duration":1.477}]}],"region":{"x":42.389885923051565,"y":749.8127404543258,"width":726.7975109071045,"height":86.00436926051236,"label":"Valuation","shape":"rectangle"},"task_key":"em_record_valuation_ground_building","instructions":{"mark":"Valuation","transcribe":"Sometimes valuations include itemized dollar values for \"ground\" and \"building\". Enter these amounts if you can find them. In the next screen, you'll enter the total valuation."}},{"id":"56b176eb50617568bb860f00","status":"awaiting_transcriptions","name":"Total Value","created_in_workflow":"transcribe","confidence":0.3333333333333333,"data":{"value":"140000"},"versions":[{"data":{"value":"140000"},"votes":1,"confidence":0.3333333333333333,"instances":[{"created":"2016-01-13T04:05:46Z","user_id":"568ac34a3237350003b80500","duration":2.576}]}],"region":{"x":42.389885923051565,"y":749.8127404543258,"width":726.7975109071045,"height":86.00436926051236,"label":"Valuation","shape":"rectangle"},"task_key":"em_record_valuation_total","instructions":{"mark":"Valuation","transcribe":"Enter the valuation ***total*** (if one is given)"}},{"id":"56b176eb50617568bb870f00","status":"awaiting_votes","name":"Amount Loaned","created_in_workflow":"transcribe","confidence":0.3333333333333333,"data":{"value":"$75,000"},"versions":[{"data":{"value":"$75,000"},"votes":1,"confidence":0.3333333333333333,"instances":[{"created":"2015-11-30T22:49:25Z","user_id":"565cc57e3663610003700400","duration":12.075}]},{"data":{"value":"$75000."},"votes":1,"confidence":0.3333333333333333,"instances":[{"created":"2015-11-30T23:24:14Z","user_id":"565cb0463935310003800400","duration":10.191}]},{"data":{"value":"$75.000."},"votes":1,"confidence":0.3333333333333333,"instances":[{"created":"2015-12-01T02:54:43Z","user_id":"565d0b793663610003f30800","duration":16.963}]}],"region":{"x":1072.6538757669773,"y":735.931346841478,"width":157.5056027634655,"height":52.95446960667459,"label":"Amount Loaned","shape":"rectangle"},"task_key":"em_record_amount_loaned","instructions":{"mark":"Amount Loaned","transcribe":"Enter the Amount Loaned"}}]}]}