{"id":"56b0fff77061755afb7f0400","meta_data":{"capture_uuid":"e0a77790-00b1-0133-c83d-58d385a7bbd0","page_uri":"http://digitalcollections.nypl.org/items/e0a77790-00b1-0133-c83d-58d385a7bbd0","book_uri":"http://digitalcollections.nypl.org/items/df712aa0-00b1-0133-fbd7-58d385a7bbd0","source_rotated":"1.34262","source_x":"1224.79","source_y":"0","source_w":"1381.21","source_h":"1015.77"},"type":"final_subject_set","search_terms_by_field":{"Record Date":["1879 November","1879 November","1859 March 26"],"Valuation Date":["$7500","1879 November","1879 November"],"Land \u0026 Building Value":["7500","$7,500"],"Total Value":["7500","$7500.","$7,500"],"Record Number":["129","129","129"],"Mortgager":["Edward Blair"],"Street Address":["No. 298 Monroe St"],"Land \u0026 Building Dimensions":["20 x 97.4","20 x "],"Stories \u0026 Materials":["3","3 story building fenced house, walls filled in and 3 story brick addition in rear"],"Additional Info":["House"],"Amount Loaned":["$1500"]},"subjects":[{"id":"56b1763f50617568bbff0300","type":"root","location":{"standard":"https://s3.amazonaws.com/scribe.nypl.org/emigrant-s4/full/e0a77790-00b1-0133-c83d-58d385a7bbd0.right-top.jpg","thumbnail":"https://s3.amazonaws.com/scribe.nypl.org/emigrant-s4/thumb/e0a77790-00b1-0133-c83d-58d385a7bbd0.right-top.jpg"},"status":"retired","width":1381,"height":1015,"meta_data":{"capture_uuid":"e0a77790-00b1-0133-c83d-58d385a7bbd0","page_uri":"http://digitalcollections.nypl.org/items/e0a77790-00b1-0133-c83d-58d385a7bbd0","book_uri":"http://digitalcollections.nypl.org/items/df712aa0-00b1-0133-fbd7-58d385a7bbd0","source_rotated":"1.34262","source_x":"1224.79","source_y":"0","source_w":"1381.21","source_h":"1015.77"},"assertions":[{"id":"56b1763f50617568bb000400","status":"awaiting_transcriptions","name":"Record Date","created_in_workflow":"transcribe","confidence":0.3333333333333333,"data":{"value":"1879 November"},"versions":[{"data":{"value":"1879 November"},"votes":1,"confidence":0.3333333333333333,"instances":[{"created":"2016-01-13T15:49:33Z","user_id":"569652e06236640003140600","duration":24.389}]},{"data":{"value":"129"},"votes":1,"confidence":0.3333333333333333,"instances":[{"created":"2016-01-13T20:25:45Z","user_id":"5696b25761336400038a0400","duration":2.637}]}],"region":{"x":994.5961994081902,"y":39.666612246974935,"width":102.83860259759717,"height":47.01228118159993,"label":"Record Date","shape":"rectangle"},"task_key":"em_record_date","instructions":{"mark":"Record Date","transcribe":"Enter the record date"}},{"id":"56b1763f50617568bb010400","status":"awaiting_transcriptions","name":"Valuation Date","created_in_workflow":"transcribe","confidence":0.3333333333333333,"data":{"value":"$7500"},"versions":[{"data":{"value":"$7500"},"votes":1,"confidence":0.3333333333333333,"instances":[{"created":"2016-01-13T21:40:08Z","user_id":"5696c1da64376500030c0200","duration":48.316}]}],"region":{"x":749.2526760682083,"y":761.0113016271488,"width":148.3814123193902,"height":76.39495692009996,"label":"Valuation","shape":"rectangle"},"task_key":"em_record_valuation","instructions":{"mark":"Valuation","transcribe":"Enter the date of the valuation (if one is given). In the next screen, you'll enter the valuation's dollar amounts."}},{"id":"56b1763f50617568bb020400","status":"awaiting_transcriptions","name":"Land \u0026 Building Value","created_in_workflow":"transcribe","confidence":0.3333333333333333,"data":{"em_valuation_ground":"7500"},"versions":[{"data":{"em_valuation_ground":"7500"},"votes":1,"confidence":0.3333333333333333,"instances":[{"created":"2016-01-13T21:42:13Z","user_id":"56968eef6133640003bd0100","duration":9.867}]}],"region":{"x":749.2526760682083,"y":761.0113016271488,"width":148.3814123193902,"height":76.39495692009996,"label":"Valuation","shape":"rectangle"},"task_key":"em_record_valuation_ground_building","instructions":{"mark":"Valuation","transcribe":"Sometimes valuations include itemized dollar values for \"ground\" and \"building\". Enter these amounts if you can find them. In the next screen, you'll enter the total valuation."}},{"id":"56b1763f50617568bb030400","status":"awaiting_transcriptions","name":"Total Value","created_in_workflow":"transcribe","confidence":0.3333333333333333,"data":{"value":"7500"},"versions":[{"data":{"value":"7500"},"votes":1,"confidence":0.3333333333333333,"instances":[{"created":"2016-01-13T21:42:18Z","user_id":"56968eef6133640003bd0100","duration":5.228}]}],"region":{"x":749.2526760682083,"y":761.0113016271488,"width":148.3814123193902,"height":76.39495692009996,"label":"Valuation","shape":"rectangle"},"task_key":"em_record_valuation_total","instructions":{"mark":"Valuation","transcribe":"Enter the valuation ***total*** (if one is given)"}},{"id":"56b1763f50617568bb040400","status":"awaiting_transcriptions","name":"Record Number","created_in_workflow":"transcribe","confidence":0.6666666666666666,"data":{"value":"129"},"versions":[{"data":{"value":"129"},"votes":2,"confidence":0.6666666666666666,"instances":[{"created":"2016-01-27T11:58:54Z","user_id":"56a8a5a433303800031b0500","duration":8.022},{"created":"2016-01-27T14:35:09Z","user_id":"56a8d2ec3634390003b60300","duration":4.453}]}],"region":{"x":573.3605026130914,"y":43.15664594504816,"width":554.8711363065082,"height":47.780572296303326,"label":"Record Number","shape":"rectangle"},"task_key":"em_record_number","instructions":{"mark":"Record Number","transcribe":"Enter the record number"}},{"id":"56b1763f50617568bb050400","status":"complete","name":"Record Number","created_in_workflow":"transcribe","confidence":1.0,"data":{"value":"129"},"versions":[{"data":{"value":"129"},"votes":3,"confidence":1.0,"instances":[{"created":"2016-01-13T15:49:08Z","user_id":"569652e06236640003140600","duration":5.669},{"created":"2016-01-13T20:25:42Z","user_id":"5696b25761336400038a0400","duration":2.117},{"created":"2016-01-13T21:22:44Z","user_id":"56968eef6133640003bd0100","duration":4.446}]}],"region":{"x":984.3123391484305,"y":35.259210886199945,"width":120.46807732861384,"height":55.82708390314992,"label":"Record Number","shape":"rectangle"},"task_key":"em_record_number","instructions":{"mark":"Record Number","transcribe":"Enter the record number"}},{"id":"56b1763f50617568bb060400","status":"awaiting_votes","name":"Record Number","created_in_workflow":"transcribe","confidence":0.6666666666666666,"data":{"value":"129"},"versions":[{"data":{"value":"129"},"votes":2,"confidence":0.6666666666666666,"instances":[{"created":"2016-01-28T00:04:06Z","user_id":"56a9580a3038370003f00200","duration":6.331},{"created":"2016-01-28T02:10:35Z","user_id":"56a978243363370003000000","duration":2.414}]},{"data":{"value":"129."},"votes":1,"confidence":0.3333333333333333,"instances":[{"created":"2016-01-27T23:12:19Z","user_id":"56a948a83038370003a50000","duration":3.998}]}],"region":{"x":995.9134615384614,"y":26.557162113258073,"width":95.90277777777783,"height":72.2944968638692,"label":"Record Number","shape":"rectangle"},"task_key":"em_record_number","instructions":{"mark":"Record Number","transcribe":"Enter the record number"}},{"id":"56b1763f50617568bb070400","status":"complete","name":"Mortgager","created_in_workflow":"transcribe","confidence":1.0,"data":{"value":"Edward Blair"},"versions":[{"data":{"value":"Edward Blair"},"votes":3,"confidence":1.0,"instances":[{"created":"2016-01-13T15:49:41Z","user_id":"569652e06236640003140600","duration":8.077},{"created":"2016-01-13T20:25:49Z","user_id":"5696b25761336400038a0400","duration":4.65},{"created":"2016-01-13T21:23:02Z","user_id":"56968eef6133640003bd0100","duration":8.086}]}],"region":{"x":508.3165214109805,"y":534.7646984406991,"width":273.2568583307583,"height":54.35795011622497,"label":"Mortgager Name","shape":"rectangle"},"task_key":"em_record_mortgager","instructions":{"mark":"Mortgager Name","transcribe":"Enter the mortgager's name"}},{"id":"56b1763f50617568bb080400","status":"awaiting_votes","name":"Street Address","created_in_workflow":"transcribe","confidence":0.3333333333333333,"data":{"value":"No. 298 Monroe St"},"versions":[{"data":{"value":"No. 298 Monroe St"},"votes":1,"confidence":0.3333333333333333,"instances":[{"created":"2016-01-13T15:49:54Z","user_id":"569652e06236640003140600","duration":12.892}]},{"data":{"value":"248 Monroe Street"},"votes":1,"confidence":0.3333333333333333,"instances":[{"created":"2016-01-13T20:26:02Z","user_id":"5696b25761336400038a0400","duration":5.558}]},{"data":{"value":"No. 248 Monroe St."},"votes":1,"confidence":0.3333333333333333,"instances":[{"created":"2016-01-13T21:36:45Z","user_id":"5696c1da64376500030c0200","duration":41.148}]}],"region":{"x":471.5884490546958,"y":568.5547755399741,"width":380.5028296111097,"height":63.17275283777485,"label":"Street Address","shape":"rectangle"},"task_key":"em_record_street_address","instructions":{"mark":"Street Address","transcribe":"Enter the street address"}},{"id":"56b1763f50617568bb090400","status":"awaiting_transcriptions","name":"Land \u0026 Building Dimensions","created_in_workflow":"transcribe","confidence":0.3333333333333333,"data":{"em_survey_land_dimensions":"20 x 97.4","em_survey_building_dimensions":"20 x "},"versions":[{"data":{"em_survey_land_dimensions":"20 x 97.4","em_survey_building_dimensions":"20 x "},"votes":1,"confidence":0.3333333333333333,"instances":[{"created":"2016-01-13T21:37:03Z","user_id":"5696c1da64376500030c0200","duration":18.719}]},{"data":{"em_survey_land_dimensions":"20 x 97.4"},"votes":1,"confidence":0.3333333333333333,"instances":[{"created":"2016-01-13T21:38:35Z","user_id":"56968eef6133640003bd0100","duration":13.158}]}],"region":{"x":428.98388512140554,"y":615.5670567215741,"width":894.6958425990958,"height":108.71590023244983,"label":"Dimension \u0026 Description","shape":"rectangle"},"task_key":"em_record_survey","instructions":{"mark":"Dimension \u0026 Description","transcribe":"Enter, as they appear, any land and building dimensions that were recorded. In the next screen, you'll enter the descriptive information."}},{"id":"56b1763f50617568bb0a0400","status":"awaiting_transcriptions","name":"Stories \u0026 Materials","created_in_workflow":"transcribe","confidence":0.3333333333333333,"data":{"em_record_stories":"3","em_record_material":"3 story building fenced house, walls filled in and 3 story brick addition in rear"},"versions":[{"data":{"em_record_stories":"3","em_record_material":"3 story building fenced house, walls filled in and 3 story brick addition in rear"},"votes":1,"confidence":0.3333333333333333,"instances":[{"created":"2016-01-13T21:38:09Z","user_id":"5696c1da64376500030c0200","duration":65.784}]}],"region":{"x":428.98388512140554,"y":615.5670567215741,"width":894.6958425990958,"height":108.71590023244983,"label":"Dimension \u0026 Description","shape":"rectangle"},"task_key":"em_record_survey_stories_materials","instructions":{"mark":"Dimension \u0026 Description","transcribe":"Enter, as they appear, the number of stories and the building materials."}},{"id":"56b1763f50617568bb0b0400","status":"awaiting_transcriptions","name":"Additional Info","created_in_workflow":"transcribe","confidence":0.3333333333333333,"data":{"value":"House"},"versions":[{"data":{"value":"House"},"votes":1,"confidence":0.3333333333333333,"instances":[{"created":"2016-01-13T21:38:19Z","user_id":"5696c1da64376500030c0200","duration":10.185}]}],"region":{"x":428.98388512140554,"y":615.5670567215741,"width":894.6958425990958,"height":108.71590023244983,"label":"Dimension \u0026 Description","shape":"rectangle"},"task_key":"em_record_survey_additional_info","instructions":{"mark":"Dimension \u0026 Description","transcribe":"Enter any additional information you find about the building's construction or significance."}},{"id":"56b1763f50617568bb0c0400","status":"complete","name":"Record Date","created_in_workflow":"transcribe","confidence":1.0,"data":{"value":"1879 November"},"versions":[{"data":{"value":"1879 November"},"votes":3,"confidence":1.0,"instances":[{"created":"2016-01-13T15:52:39Z","user_id":"569652e06236640003140600","duration":7.93},{"created":"2016-01-13T20:26:20Z","user_id":"5696b25761336400038a0400","duration":4.067},{"created":"2016-01-13T21:24:16Z","user_id":"56968eef6133640003bd0100","duration":32.663}]}],"region":{"x":113.12246285735694,"y":725.7520907409489,"width":199.80071361818887,"height":113.12330159322482,"label":"Record Date","shape":"rectangle"},"task_key":"em_record_date","instructions":{"mark":"Record Date","transcribe":"Enter the record date"}},{"id":"56b1763f50617568bb0d0400","status":"awaiting_votes","name":"Record Date","created_in_workflow":"transcribe","confidence":0.6666666666666666,"data":{"value":"1859 March 26"},"versions":[{"data":{"value":"1859 March 26"},"votes":2,"confidence":0.6666666666666666,"instances":[{"created":"2016-01-13T15:49:03Z","user_id":"569652e06236640003140600","duration":14.77},{"created":"2016-01-13T20:25:40Z","user_id":"5696b25761336400038a0400","duration":5.14}]},{"data":{"value":"1859-March 26"},"votes":1,"confidence":0.3333333333333333,"instances":[{"created":"2016-01-13T21:22:28Z","user_id":"56968eef6133640003bd0100","duration":10.708}]}],"region":{"x":123.40632311711666,"y":29.382675738499955,"width":180.70211599292082,"height":98.43196372397485,"label":"Record Date","shape":"rectangle"},"task_key":"em_record_date","instructions":{"mark":"Record Date","transcribe":"Enter the record date"}},{"id":"56b1763f50617568bb0e0400","status":"awaiting_transcriptions","name":"Valuation Date","created_in_workflow":"transcribe","confidence":0.3333333333333333,"data":{"value":"1879 November"},"versions":[{"data":{"value":"1879 November"},"votes":1,"confidence":0.3333333333333333,"instances":[{"created":"2016-01-27T23:14:40Z","user_id":"56a948a83038370003a50000","duration":9.138}]}],"region":{"x":109.18162393162393,"y":724.420366533873,"width":796.7307692307692,"height":129.83501477592836,"label":"Valuation","shape":"rectangle"},"task_key":"em_record_valuation","instructions":{"mark":"Valuation","transcribe":"Enter the date of the valuation (if one is given). In the next screen, you'll enter the valuation's dollar amounts."}},{"id":"56b1763f50617568bb0f0400","status":"awaiting_transcriptions","name":"Land \u0026 Building Value","created_in_workflow":"transcribe","confidence":0.3333333333333333,"data":{"em_valuation_ground":""},"versions":[{"data":{"em_valuation_ground":""},"votes":1,"confidence":0.3333333333333333,"instances":[{"created":"2016-01-27T23:14:43Z","user_id":"56a948a83038370003a50000","duration":2.425}]}],"region":{"x":109.18162393162393,"y":724.420366533873,"width":796.7307692307692,"height":129.83501477592836,"label":"Valuation","shape":"rectangle"},"task_key":"em_record_valuation_ground_building","instructions":{"mark":"Valuation","transcribe":"Sometimes valuations include itemized dollar values for \"ground\" and \"building\". Enter these amounts if you can find them. In the next screen, you'll enter the total valuation."}},{"id":"56b1763f50617568bb100400","status":"awaiting_transcriptions","name":"Total Value","created_in_workflow":"transcribe","confidence":0.3333333333333333,"data":{"value":"$7500."},"versions":[{"data":{"value":"$7500."},"votes":1,"confidence":0.3333333333333333,"instances":[{"created":"2016-01-27T23:14:49Z","user_id":"56a948a83038370003a50000","duration":5.641}]}],"region":{"x":109.18162393162393,"y":724.420366533873,"width":796.7307692307692,"height":129.83501477592836,"label":"Valuation","shape":"rectangle"},"task_key":"em_record_valuation_total","instructions":{"mark":"Valuation","transcribe":"Enter the valuation ***total*** (if one is given)"}},{"id":"56b1763f50617568bb110400","status":"awaiting_transcriptions","name":"Valuation Date","created_in_workflow":"transcribe","confidence":0.3333333333333333,"data":{"value":"1879 November"},"versions":[{"data":{"value":"1879 November"},"votes":1,"confidence":0.3333333333333333,"instances":[{"created":"2016-01-27T12:02:04Z","user_id":"56a8a5a433303800031b0500","duration":14.847}]}],"region":{"x":117.13312387218467,"y":718.2498932283016,"width":773.7369734051865,"height":118.68077634888243,"label":"Valuation","shape":"rectangle"},"task_key":"em_record_valuation","instructions":{"mark":"Valuation","transcribe":"Enter the date of the valuation (if one is given). In the next screen, you'll enter the valuation's dollar amounts."}},{"id":"56b1763f50617568bb120400","status":"awaiting_transcriptions","name":"Land \u0026 Building Value","created_in_workflow":"transcribe","confidence":0.3333333333333333,"data":{"em_valuation_building":"$7,500"},"versions":[{"data":{"em_valuation_building":"$7,500"},"votes":1,"confidence":0.3333333333333333,"instances":[{"created":"2016-01-27T12:02:15Z","user_id":"56a8a5a433303800031b0500","duration":11.587}]}],"region":{"x":117.13312387218467,"y":718.2498932283016,"width":773.7369734051865,"height":118.68077634888243,"label":"Valuation","shape":"rectangle"},"task_key":"em_record_valuation_ground_building","instructions":{"mark":"Valuation","transcribe":"Sometimes valuations include itemized dollar values for \"ground\" and \"building\". Enter these amounts if you can find them. In the next screen, you'll enter the total valuation."}},{"id":"56b1763f50617568bb130400","status":"awaiting_transcriptions","name":"Total Value","created_in_workflow":"transcribe","confidence":0.3333333333333333,"data":{"value":"$7,500"},"versions":[{"data":{"value":"$7,500"},"votes":1,"confidence":0.3333333333333333,"instances":[{"created":"2016-01-27T12:02:24Z","user_id":"56a8a5a433303800031b0500","duration":8.458}]}],"region":{"x":117.13312387218467,"y":718.2498932283016,"width":773.7369734051865,"height":118.68077634888243,"label":"Valuation","shape":"rectangle"},"task_key":"em_record_valuation_total","instructions":{"mark":"Valuation","transcribe":"Enter the valuation ***total*** (if one is given)"}},{"id":"56b1763f50617568bb140400","status":"awaiting_votes","name":"Amount Loaned","created_in_workflow":"transcribe","confidence":0.6666666666666666,"data":{"value":"$1500"},"versions":[{"data":{"value":"$1500"},"votes":2,"confidence":0.6666666666666666,"instances":[{"created":"2016-01-13T15:52:47Z","user_id":"569652e06236640003140600","duration":7.446},{"created":"2016-01-13T21:39:19Z","user_id":"5696c1da64376500030c0200","duration":7.321}]},{"data":{"value":"1500"},"votes":1,"confidence":0.3333333333333333,"instances":[{"created":"2016-01-13T21:41:54Z","user_id":"56968eef6133640003bd0100","duration":5.158}]}],"region":{"x":1175.298315401111,"y":731.6286258886489,"width":142.50492074238468,"height":77.86409070702484,"label":"Amount Loaned","shape":"rectangle"},"task_key":"em_record_amount_loaned","instructions":{"mark":"Amount Loaned","transcribe":"Enter the Amount Loaned"}}]}]}