{"id":"56b100d27061755afba51400","meta_data":{"capture_uuid":"e34685d0-00b1-0133-6122-58d385a7bbd0","page_uri":"http://digitalcollections.nypl.org/items/e34685d0-00b1-0133-6122-58d385a7bbd0","book_uri":"http://digitalcollections.nypl.org/items/df712aa0-00b1-0133-fbd7-58d385a7bbd0","source_rotated":"0.839234","source_x":"0","source_y":"963.03","source_w":"1372.73","source_h":"1085.97"},"type":"final_subject_set","search_terms_by_field":{"Record Number":["585"],"Mortgager":["Alexander Roux"],"Street Address":["W 18th Street"],"Land \u0026 Building Dimensions":["50 x 89."],"Stories \u0026 Materials":["Stone \u0026 brick"],"Additional Info":["building"],"Record Date":["1872 May 13"],"Valuation Date":["1879 November"],"Land \u0026 Building Value":["$20000."],"Total Value":["$20000.","$20000."],"Amount Loaned":["15000"]},"subjects":[{"id":"56b1772150617568bb251300","type":"root","location":{"standard":"https://s3.amazonaws.com/scribe.nypl.org/emigrant-s4/full/e34685d0-00b1-0133-6122-58d385a7bbd0.left-bottom.jpg","thumbnail":"https://s3.amazonaws.com/scribe.nypl.org/emigrant-s4/thumb/e34685d0-00b1-0133-6122-58d385a7bbd0.left-bottom.jpg"},"status":"retired","width":1372,"height":1085,"meta_data":{"capture_uuid":"e34685d0-00b1-0133-6122-58d385a7bbd0","page_uri":"http://digitalcollections.nypl.org/items/e34685d0-00b1-0133-6122-58d385a7bbd0","book_uri":"http://digitalcollections.nypl.org/items/df712aa0-00b1-0133-fbd7-58d385a7bbd0","source_rotated":"0.839234","source_x":"0","source_y":"963.03","source_w":"1372.73","source_h":"1085.97"},"assertions":[{"id":"56b1772150617568bb261300","status":"complete","name":"Record Number","created_in_workflow":"transcribe","confidence":1.0,"data":{"value":"585"},"versions":[{"data":{"value":"585"},"votes":3,"confidence":1.0,"instances":[{"created":"2016-01-07T04:44:07Z","user_id":"568de79535656200036f0900","duration":3.702},{"created":"2016-01-07T20:43:12Z","user_id":"568ac34a3237350003b80500","duration":2.27},{"created":"2016-01-07T22:44:57Z","user_id":"568ee8d06636620003e50700","duration":6.669}]}],"region":{"x":927.1763319123544,"y":68.43445502376373,"width":131.35001137228312,"height":58.500421229991574,"label":"Record Number","shape":"rectangle"},"task_key":"em_record_number","instructions":{"mark":"Record Number","transcribe":"Enter the record number"}},{"id":"56b1772150617568bb271300","status":"complete","name":"Mortgager","created_in_workflow":"transcribe","confidence":1.0,"data":{"value":"Alexander Roux"},"versions":[{"data":{"value":"Alexander Roux"},"votes":4,"confidence":1.0,"instances":[{"created":"2016-01-15T19:43:04Z","user_id":"5699428533376500030d0a00","duration":11.509},{"created":"2016-01-15T21:02:06Z","user_id":"5668bbbe3064310003db0500","duration":5.298},{"created":"2016-01-15T21:51:36Z","user_id":"5699600261663700032e0300","duration":10.154},{"created":"2016-01-15T23:24:51Z","user_id":"5699777a6166370003140400","duration":842.123}]}],"region":{"x":402.82990249187435,"y":547.0088470593587,"width":344.85807150595883,"height":46.079549616413374,"label":"Mortgager Name","shape":"rectangle"},"task_key":"em_record_mortgager","instructions":{"mark":"Mortgager Name","transcribe":"Enter the mortgager's name"}},{"id":"56b1772150617568bb281300","status":"awaiting_votes","name":"Street Address","created_in_workflow":"transcribe","confidence":0.75,"data":{"value":"W 18th Street"},"versions":[{"data":{"value":"W 18th Street"},"votes":3,"confidence":0.75,"instances":[{"created":"2016-01-15T21:52:10Z","user_id":"5699600261663700032e0300","duration":34.44},{"created":"2016-01-15T22:15:04Z","user_id":"56996d2a3534370003240600","duration":45.519},{"created":"2016-01-15T23:29:28Z","user_id":"5699777a6166370003140400","duration":277.238}]},{"data":{"value":"Nos:'    W 18th Street"},"votes":1,"confidence":0.25,"instances":[{"created":"2016-01-15T19:43:29Z","user_id":"5699428533376500030d0a00","duration":24.696}]}],"region":{"x":419.1809317443121,"y":594.5748337601724,"width":343.37161430119187,"height":34.188052941209946,"label":"Street Address","shape":"rectangle"},"task_key":"em_record_street_address","instructions":{"mark":"Street Address","transcribe":"Enter the street address"}},{"id":"56b1772150617568bb291300","status":"awaiting_transcriptions","name":"Land \u0026 Building Dimensions","created_in_workflow":"transcribe","confidence":0.3333333333333333,"data":{"em_survey_land_dimensions":"50 x 89.","em_survey_building_dimensions":""},"versions":[{"data":{"em_survey_land_dimensions":"50 x 89.","em_survey_building_dimensions":""},"votes":1,"confidence":0.3333333333333333,"instances":[{"created":"2016-01-15T19:43:41Z","user_id":"5699428533376500030d0a00","duration":12.271}]}],"region":{"x":432.5590465872156,"y":627.2764496169818,"width":380.5330444203685,"height":78.78116547322287,"label":"Dimension \u0026 Description","shape":"rectangle"},"task_key":"em_record_survey","instructions":{"mark":"Dimension \u0026 Description","transcribe":"Enter, as they appear, any land and building dimensions that were recorded. In the next screen, you'll enter the descriptive information."}},{"id":"56b1772150617568bb2a1300","status":"awaiting_transcriptions","name":"Stories \u0026 Materials","created_in_workflow":"transcribe","confidence":0.3333333333333333,"data":{"em_record_stories":"","em_record_material":"Stone \u0026 brick"},"versions":[{"data":{"em_record_stories":"","em_record_material":"Stone \u0026 brick"},"votes":1,"confidence":0.3333333333333333,"instances":[{"created":"2016-01-15T19:43:49Z","user_id":"5699428533376500030d0a00","duration":7.864}]}],"region":{"x":432.5590465872156,"y":627.2764496169818,"width":380.5330444203685,"height":78.78116547322287,"label":"Dimension \u0026 Description","shape":"rectangle"},"task_key":"em_record_survey_stories_materials","instructions":{"mark":"Dimension \u0026 Description","transcribe":"Enter, as they appear, the number of stories and the building materials."}},{"id":"56b1772150617568bb2b1300","status":"awaiting_transcriptions","name":"Additional Info","created_in_workflow":"transcribe","confidence":0.3333333333333333,"data":{"value":"building"},"versions":[{"data":{"value":"building"},"votes":1,"confidence":0.3333333333333333,"instances":[{"created":"2016-01-15T19:43:52Z","user_id":"5699428533376500030d0a00","duration":3.215}]}],"region":{"x":432.5590465872156,"y":627.2764496169818,"width":380.5330444203685,"height":78.78116547322287,"label":"Dimension \u0026 Description","shape":"rectangle"},"task_key":"em_record_survey_additional_info","instructions":{"mark":"Dimension \u0026 Description","transcribe":"Enter any additional information you find about the building's construction or significance."}},{"id":"56b1772150617568bb2c1300","status":"complete","name":"Record Date","created_in_workflow":"transcribe","confidence":1.0,"data":{"value":"1872 May 13"},"versions":[{"data":{"value":"1872 May 13"},"votes":3,"confidence":1.0,"instances":[{"created":"2016-01-15T19:42:25Z","user_id":"5699428533376500030d0a00","duration":11.328},{"created":"2016-01-15T21:01:12Z","user_id":"5668bbbe3064310003db0500","duration":19.93},{"created":"2016-01-15T21:18:20Z","user_id":"5699620f3534370003870500","duration":12.954}]}],"region":{"x":60.94474539544962,"y":114.4556554988332,"width":172.42903575297944,"height":99.5912846548289,"label":"Record Date","shape":"rectangle"},"task_key":"em_record_date","instructions":{"mark":"Record Date","transcribe":"Enter the record date"}},{"id":"56b1772150617568bb2d1300","status":"awaiting_transcriptions","name":"Valuation Date","created_in_workflow":"transcribe","confidence":0.3333333333333333,"data":{"value":"1879 November"},"versions":[{"data":{"value":"1879 November"},"votes":1,"confidence":0.3333333333333333,"instances":[{"created":"2016-01-20T21:56:30Z","user_id":"569ffffb32343300031e0200","duration":12.339}]}],"region":{"x":70.21391570727502,"y":751.2283683414653,"width":658.4784546805349,"height":85.62168648667989,"label":"Valuation","shape":"rectangle"},"task_key":"em_record_valuation","instructions":{"mark":"Valuation","transcribe":"Enter the date of the valuation (if one is given). In the next screen, you'll enter the valuation's dollar amounts."}},{"id":"56b1772150617568bb2e1300","status":"awaiting_transcriptions","name":"Land \u0026 Building Value","created_in_workflow":"transcribe","confidence":0.3333333333333333,"data":{"em_valuation_ground":"$20000."},"versions":[{"data":{"em_valuation_ground":"$20000."},"votes":1,"confidence":0.3333333333333333,"instances":[{"created":"2016-01-20T21:56:49Z","user_id":"569ffffb32343300031e0200","duration":18.834}]}],"region":{"x":70.21391570727502,"y":751.2283683414653,"width":658.4784546805349,"height":85.62168648667989,"label":"Valuation","shape":"rectangle"},"task_key":"em_record_valuation_ground_building","instructions":{"mark":"Valuation","transcribe":"Sometimes valuations include itemized dollar values for \"ground\" and \"building\". Enter these amounts if you can find them. In the next screen, you'll enter the total valuation."}},{"id":"56b1772150617568bb2f1300","status":"awaiting_transcriptions","name":"Total Value","created_in_workflow":"transcribe","confidence":0.3333333333333333,"data":{"value":"$20000."},"versions":[{"data":{"value":"$20000."},"votes":1,"confidence":0.3333333333333333,"instances":[{"created":"2016-01-20T21:56:58Z","user_id":"569ffffb32343300031e0200","duration":9.703}]}],"region":{"x":70.21391570727502,"y":751.2283683414653,"width":658.4784546805349,"height":85.62168648667989,"label":"Valuation","shape":"rectangle"},"task_key":"em_record_valuation_total","instructions":{"mark":"Valuation","transcribe":"Enter the valuation ***total*** (if one is given)"}},{"id":"56b1772150617568bb301300","status":"awaiting_transcriptions","name":"Valuation Date","created_in_workflow":"transcribe","confidence":0.3333333333333333,"data":{"value":""},"versions":[{"data":{"value":""},"votes":1,"confidence":0.3333333333333333,"instances":[{"created":"2016-01-15T19:44:34Z","user_id":"5699428533376500030d0a00","duration":7.11}]}],"region":{"x":581.2047670639221,"y":787.8116547322285,"width":150.13217768147342,"height":37.16092711001079,"label":"Valuation","shape":"rectangle"},"task_key":"em_record_valuation","instructions":{"mark":"Valuation","transcribe":"Enter the date of the valuation (if one is given). In the next screen, you'll enter the valuation's dollar amounts."}},{"id":"56b1772150617568bb311300","status":"awaiting_transcriptions","name":"Land \u0026 Building Value","created_in_workflow":"transcribe","confidence":0.3333333333333333,"data":{"em_valuation_ground":""},"versions":[{"data":{"em_valuation_ground":""},"votes":1,"confidence":0.3333333333333333,"instances":[{"created":"2016-01-15T19:44:35Z","user_id":"5699428533376500030d0a00","duration":0.586}]}],"region":{"x":581.2047670639221,"y":787.8116547322285,"width":150.13217768147342,"height":37.16092711001079,"label":"Valuation","shape":"rectangle"},"task_key":"em_record_valuation_ground_building","instructions":{"mark":"Valuation","transcribe":"Sometimes valuations include itemized dollar values for \"ground\" and \"building\". Enter these amounts if you can find them. In the next screen, you'll enter the total valuation."}},{"id":"56b1772150617568bb321300","status":"awaiting_transcriptions","name":"Total Value","created_in_workflow":"transcribe","confidence":0.3333333333333333,"data":{"value":"$20000."},"versions":[{"data":{"value":"$20000."},"votes":1,"confidence":0.3333333333333333,"instances":[{"created":"2016-01-15T19:44:42Z","user_id":"5699428533376500030d0a00","duration":7.198}]}],"region":{"x":581.2047670639221,"y":787.8116547322285,"width":150.13217768147342,"height":37.16092711001079,"label":"Valuation","shape":"rectangle"},"task_key":"em_record_valuation_total","instructions":{"mark":"Valuation","transcribe":"Enter the valuation ***total*** (if one is given)"}},{"id":"56b1772150617568bb331300","status":"awaiting_votes","name":"Amount Loaned","created_in_workflow":"transcribe","confidence":0.5,"data":{"value":"15000"},"versions":[{"data":{"value":"15000"},"votes":2,"confidence":0.5,"instances":[{"created":"2016-01-15T20:58:58Z","user_id":"56968eef6133640003bd0100","duration":7.375},{"created":"2016-01-16T00:19:44Z","user_id":"5699777a6166370003140400","duration":576.864}]},{"data":{"value":"$15000"},"votes":1,"confidence":0.25,"instances":[{"created":"2016-01-15T19:44:27Z","user_id":"5699428533376500030d0a00","duration":7.545}]},{"data":{"value":"$1500"},"votes":1,"confidence":0.25,"instances":[{"created":"2016-01-15T21:55:12Z","user_id":"5699600261663700032e0300","duration":5.1}]}],"region":{"x":462.28819068255694,"y":747.6778534534169,"width":141.213434452871,"height":41.620238363212025,"label":"Amount Loaned","shape":"rectangle"},"task_key":"em_record_amount_loaned","instructions":{"mark":"Amount Loaned","transcribe":"Enter the Amount Loaned"}}]}]}