{"id":"56b100eb7061755afb731600","meta_data":{"capture_uuid":"e38121f0-00b1-0133-5241-58d385a7bbd0","page_uri":"http://digitalcollections.nypl.org/items/e38121f0-00b1-0133-5241-58d385a7bbd0","book_uri":"http://digitalcollections.nypl.org/items/df712aa0-00b1-0133-fbd7-58d385a7bbd0","source_rotated":"0.895174","source_x":"1217.27","source_y":"0","source_w":"1372.73","source_h":"1002.54"},"type":"final_subject_set","search_terms_by_field":{"Record Number":["621"],"Mortgager":["Mary Ann O'Neil"],"Street Address":["No. 503. W. 33d. Street"],"Land \u0026 Building Dimensions":["25 x 98.9","25 x 12"],"Record Date":["1872 October 1"],"Valuation Date":["1879 November"],"Total Value":["$11,000"],"Amount Loaned":["$7,000"]},"subjects":[{"id":"56b1773950617568bbd71400","type":"root","location":{"standard":"https://s3.amazonaws.com/scribe.nypl.org/emigrant-s4/full/e38121f0-00b1-0133-5241-58d385a7bbd0.right-top.jpg","thumbnail":"https://s3.amazonaws.com/scribe.nypl.org/emigrant-s4/thumb/e38121f0-00b1-0133-5241-58d385a7bbd0.right-top.jpg"},"status":"active","width":1372,"height":1002,"meta_data":{"capture_uuid":"e38121f0-00b1-0133-5241-58d385a7bbd0","page_uri":"http://digitalcollections.nypl.org/items/e38121f0-00b1-0133-5241-58d385a7bbd0","book_uri":"http://digitalcollections.nypl.org/items/df712aa0-00b1-0133-fbd7-58d385a7bbd0","source_rotated":"0.895174","source_x":"1217.27","source_y":"0","source_w":"1372.73","source_h":"1002.54"},"assertions":[{"id":"56b1773950617568bbd81400","status":"complete","name":"Record Number","created_in_workflow":"transcribe","confidence":1.0,"data":{"value":"621"},"versions":[{"data":{"value":"621"},"votes":3,"confidence":1.0,"instances":[{"created":"2015-11-13T01:18:48Z","user_id":"563f29d83264340003950200","duration":4.023},{"created":"2015-11-13T07:05:16Z","user_id":"564238183636390003f01400","duration":8.378},{"created":"2015-11-13T07:22:32Z","user_id":"564311863564380003cb2000","duration":17.168}]}],"region":{"x":981.2816613256521,"y":28.183063984498293,"width":94.79758010780961,"height":52.52298288020137,"label":"Record Number","shape":"rectangle"},"task_key":"em_record_number","instructions":{"mark":"Record Number","transcribe":"Enter the record number"}},{"id":"56b1773950617568bbd91400","status":"complete","name":"Mortgager","created_in_workflow":"transcribe","confidence":1.0,"data":{"value":"Mary Ann O'Neil"},"versions":[{"data":{"value":"Mary Ann O'Neil"},"votes":3,"confidence":1.0,"instances":[{"created":"2015-11-13T01:19:18Z","user_id":"563f29d83264340003950200","duration":6.87},{"created":"2015-11-13T07:06:10Z","user_id":"564238183636390003f01400","duration":23.729},{"created":"2015-11-13T08:48:02Z","user_id":"563ffc6832643400038dad00","duration":10.909}]}],"region":{"x":445.8034385545113,"y":544.4455542459898,"width":288.2358854629346,"height":46.117741065542646,"label":"Mortgager Name","shape":"rectangle"},"task_key":"em_record_mortgager","instructions":{"mark":"Mortgager Name","transcribe":"Enter the mortgager's name"}},{"id":"56b1773950617568bbda1400","status":"awaiting_votes","name":"Street Address","created_in_workflow":"transcribe","confidence":0.3333333333333333,"data":{"value":"No. 503. W. 33d. Street"},"versions":[{"data":{"value":"No. 503. W. 33d. Street"},"votes":1,"confidence":0.3333333333333333,"instances":[{"created":"2015-11-13T06:50:31Z","user_id":"56457ec76363350003490700","duration":15.103}]},{"data":{"value":"503 W 33rd  Street"},"votes":1,"confidence":0.3333333333333333,"instances":[{"created":"2015-11-13T07:09:06Z","user_id":"564238183636390003f01400","duration":38.799}]},{"data":{"value":"No. 503. W. 33.d Street"},"votes":1,"confidence":0.3333333333333333,"instances":[{"created":"2015-11-13T11:54:36Z","user_id":"5645ccb26334620003911300","duration":83.541}]}],"region":{"x":507.293760786604,"y":594.4064404003276,"width":342.0399174160158,"height":34.58830579915707,"label":"Street Address","shape":"rectangle"},"task_key":"em_record_street_address","instructions":{"mark":"Street Address","transcribe":"Enter the street address"}},{"id":"56b1773950617568bbdb1400","status":"awaiting_transcriptions","name":"Land \u0026 Building Dimensions","created_in_workflow":"transcribe","confidence":0.3333333333333333,"data":{"em_survey_land_dimensions":"25 x 98.9","em_survey_building_dimensions":"25 x 12"},"versions":[{"data":{"em_survey_land_dimensions":"25 x 98.9","em_survey_building_dimensions":"25 x 12"},"votes":1,"confidence":0.3333333333333333,"instances":[{"created":"2015-12-25T02:36:03Z","user_id":"567caa1539306100035c0000","duration":68.216}]},{"data":{"em_survey_land_dimensions":"","em_survey_building_dimensions":""},"votes":1,"confidence":0.3333333333333333,"instances":[{"created":"2015-12-25T03:49:59Z","user_id":"567cbc3b6366640003870300","duration":130.186}]}],"region":{"x":502.8912969153276,"y":615.0903058454485,"width":567.3788361070422,"height":92.84381975025644,"label":"Dimension \u0026 Description","shape":"rectangle"},"task_key":"em_record_survey","instructions":{"mark":"Dimension \u0026 Description","transcribe":"Enter, as they appear, any land and building dimensions that were recorded. In the next screen, you'll enter the descriptive information."}},{"id":"56b1773950617568bbdc1400","status":"complete","name":"Record Date","created_in_workflow":"transcribe","confidence":1.0,"data":{"value":"1872 October 1"},"versions":[{"data":{"value":"1872 October 1"},"votes":3,"confidence":1.0,"instances":[{"created":"2015-11-13T01:18:59Z","user_id":"563f29d83264340003950200","duration":7.384},{"created":"2015-12-04T00:11:01Z","user_id":"563f8b7a3264340003774b00","duration":18.351},{"created":"2015-12-04T03:09:26Z","user_id":"566101aa3736640003560800","duration":27.283}]}],"region":{"x":120.41715007635393,"y":83.26814359056314,"width":124.26169284402071,"height":98.64072394574401,"label":"Record Date","shape":"rectangle"},"task_key":"em_record_date","instructions":{"mark":"Record Date","transcribe":"Enter the record date"}},{"id":"56b1773950617568bbdd1400","status":"awaiting_transcriptions","name":"Valuation Date","created_in_workflow":"transcribe","confidence":0.6666666666666666,"data":{"value":"1879 November"},"versions":[{"data":{"value":"1879 November"},"votes":2,"confidence":0.6666666666666666,"instances":[{"created":"2015-11-13T06:55:40Z","user_id":"56457ec76363350003490700","duration":11.576},{"created":"2015-11-13T07:18:38Z","user_id":"56458cc16334620003351300","duration":11.643}]}],"region":{"x":714.823598319917,"y":780.15845302543,"width":90.95443496830376,"height":49.96088615433791,"label":"Valuation","shape":"rectangle"},"task_key":"em_record_valuation","instructions":{"mark":"Valuation","transcribe":"Enter the date of the valuation (if one is given). In the next screen, you'll enter the valuation's dollar amounts."}},{"id":"56b1773950617568bbde1400","status":"awaiting_transcriptions","name":"Total Value","created_in_workflow":"transcribe","confidence":0.6666666666666666,"data":{"value":"$11,000"},"versions":[{"data":{"value":"$11,000"},"votes":2,"confidence":0.6666666666666666,"instances":[{"created":"2015-11-13T06:55:49Z","user_id":"56457ec76363350003490700","duration":5.236},{"created":"2015-11-13T07:18:57Z","user_id":"56458cc16334620003351300","duration":5.164}]}],"region":{"x":714.823598319917,"y":780.15845302543,"width":90.95443496830376,"height":49.96088615433791,"label":"Valuation","shape":"rectangle"},"task_key":"em_record_valuation_total","instructions":{"mark":"Valuation","transcribe":"Enter the valuation ***total*** (if one is given)"}},{"id":"56b1773950617568bbdf1400","status":"awaiting_votes","name":"Amount Loaned","created_in_workflow":"transcribe","confidence":0.3333333333333333,"data":{"value":"$7,000"},"versions":[{"data":{"value":"$7,000"},"votes":1,"confidence":0.3333333333333333,"instances":[{"created":"2015-11-13T06:55:29Z","user_id":"56457ec76363350003490700","duration":6.039}]},{"data":{"value":"$7000"},"votes":1,"confidence":0.3333333333333333,"instances":[{"created":"2015-11-13T07:18:26Z","user_id":"56458cc16334620003351300","duration":5.894}]},{"data":{"value":"7000"},"votes":1,"confidence":0.3333333333333333,"instances":[{"created":"2015-11-13T11:55:25Z","user_id":"5645ccb26334620003911300","duration":4.838}]}],"region":{"x":1224.6808534943525,"y":737.8838570486826,"width":97.35967686748018,"height":49.96088615433791,"label":"Amount Loaned","shape":"rectangle"},"task_key":"em_record_amount_loaned","instructions":{"mark":"Amount Loaned","transcribe":"Enter the Amount Loaned"}}]}]}