{"id":"56b0ffe87061755afb510300","meta_data":{"capture_uuid":"e0944720-00b1-0133-1a6b-58d385a7bbd0","page_uri":"http://digitalcollections.nypl.org/items/e0944720-00b1-0133-1a6b-58d385a7bbd0","book_uri":"http://digitalcollections.nypl.org/items/df712aa0-00b1-0133-fbd7-58d385a7bbd0","source_rotated":"1.25874","source_x":"0","source_y":"971.49","source_w":"1381.18","source_h":"1095.5100000000002"},"type":"final_subject_set","search_terms_by_field":{"Record Date":["1879 November","1856 December 4"],"Total Value":["$18000","$18000"],"Valuation Date":["1879 november","1879 November"],"Land \u0026 Building Value":[],"Record Number":["96","96"],"Mortgager":["Mrs. Sylvia Parmentier"],"Street Address":["No 342 Bridge St. Brooklyn, L. I."],"Land \u0026 Building Dimensions":["75 x 107.6"],"Stories \u0026 Materials":["3 1/2","brick"],"Additional Info":["1 story kitchen"],"Amount Loaned":["$10000"]},"subjects":[{"id":"56b1762f50617568bbec0200","type":"root","location":{"standard":"https://s3.amazonaws.com/scribe.nypl.org/emigrant-s4/full/e0944720-00b1-0133-1a6b-58d385a7bbd0.left-bottom.jpg","thumbnail":"https://s3.amazonaws.com/scribe.nypl.org/emigrant-s4/thumb/e0944720-00b1-0133-1a6b-58d385a7bbd0.left-bottom.jpg"},"status":"retired","width":1381,"height":1095,"meta_data":{"capture_uuid":"e0944720-00b1-0133-1a6b-58d385a7bbd0","page_uri":"http://digitalcollections.nypl.org/items/e0944720-00b1-0133-1a6b-58d385a7bbd0","book_uri":"http://digitalcollections.nypl.org/items/df712aa0-00b1-0133-fbd7-58d385a7bbd0","source_rotated":"1.25874","source_x":"0","source_y":"971.49","source_w":"1381.18","source_h":"1095.5100000000002"},"assertions":[{"id":"56b1762f50617568bbed0200","status":"awaiting_transcriptions","name":"Record Date","created_in_workflow":"transcribe","confidence":0.3333333333333333,"data":{"value":"1879 November"},"versions":[{"data":{"value":"1879 November"},"votes":1,"confidence":0.3333333333333333,"instances":[{"created":"2015-11-08T08:19:46Z","user_id":"563ef7416630330003316700","duration":6.379}]}],"region":{"x":64.49381991285364,"y":718.3387757675093,"width":159.0417976416076,"height":163.45962302212695,"label":"Record Date","shape":"rectangle"},"task_key":"em_record_date","instructions":{"mark":"Record Date","transcribe":"Enter the record date"}},{"id":"56b1762f50617568bbee0200","status":"awaiting_votes","name":"Total Value","created_in_workflow":"transcribe","confidence":0.6666666666666666,"data":{"value":"$18000"},"versions":[{"data":{"value":"$18000"},"votes":2,"confidence":0.6666666666666666,"instances":[{"created":"2015-11-10T16:11:09Z","user_id":"5641fee136363900037d0200","duration":4.111},{"created":"2015-11-10T17:39:16Z","user_id":"5642284936363900034b1000","duration":9.402}]},{"data":{"value":"18000"},"votes":1,"confidence":0.3333333333333333,"instances":[{"created":"2015-11-10T01:45:08Z","user_id":"5641537261616500034e4f00","duration":1.406}]}],"region":{"x":263.29606696486314,"y":777.5376662674148,"width":406.44014952855275,"height":106.0278635819202,"label":"Valuation","shape":"rectangle"},"task_key":"em_record_valuation_total","instructions":{"mark":"Valuation","transcribe":"Enter the valuation ***total*** (if one is given)"}},{"id":"56b1762f50617568bbef0200","status":"awaiting_transcriptions","name":"Valuation Date","created_in_workflow":"transcribe","confidence":0.3333333333333333,"data":{"value":"1879 november"},"versions":[{"data":{"value":"1879 november"},"votes":1,"confidence":0.3333333333333333,"instances":[{"created":"2015-11-10T01:45:05Z","user_id":"5641537261616500034e4f00","duration":5.485}]}],"region":{"x":263.29606696486314,"y":777.5376662674148,"width":406.44014952855275,"height":106.0278635819202,"label":"Valuation","shape":"rectangle"},"task_key":"em_record_valuation","instructions":{"mark":"Valuation","transcribe":"Enter the date of the valuation (if one is given). In the next screen, you'll enter the valuation's dollar amounts."}},{"id":"56b1762f50617568bbf00200","status":"awaiting_transcriptions","name":"Land \u0026 Building Value","created_in_workflow":"transcribe","confidence":0.3333333333333333,"data":{"em_valuation_ground":""},"versions":[{"data":{"em_valuation_ground":""},"votes":1,"confidence":0.3333333333333333,"instances":[{"created":"2015-11-10T01:45:07Z","user_id":"5641537261616500034e4f00","duration":1.577}]}],"region":{"x":263.29606696486314,"y":777.5376662674148,"width":406.44014952855275,"height":106.0278635819202,"label":"Valuation","shape":"rectangle"},"task_key":"em_record_valuation_ground_building","instructions":{"mark":"Valuation","transcribe":"Sometimes valuations include itemized dollar values for \"ground\" and \"building\". Enter these amounts if you can find them. In the next screen, you'll enter the total valuation."}},{"id":"56b1762f50617568bbf10200","status":"complete","name":"Record Number","created_in_workflow":"transcribe","confidence":1.0,"data":{"value":"96"},"versions":[{"data":{"value":"96"},"votes":3,"confidence":1.0,"instances":[{"created":"2015-11-06T01:33:19Z","user_id":"563bfc7535326200037f3900","duration":6.738},{"created":"2015-11-06T01:33:34Z","user_id":"563c01553532620003973a00","duration":6.067},{"created":"2015-11-06T01:37:36Z","user_id":"563c01b13532620003a83a00","duration":6.403}]}],"region":{"x":516.1917659804983,"y":44.88624867917699,"width":562.5742145178765,"height":62.84074815084779,"label":"Record Number","shape":"rectangle"},"task_key":"em_record_number","instructions":{"mark":"Record Number","transcribe":"Enter the record number"}},{"id":"56b1762f50617568bbf20200","status":"complete","name":"Record Number","created_in_workflow":"transcribe","confidence":1.0,"data":{"value":"96"},"versions":[{"data":{"value":"96"},"votes":3,"confidence":1.0,"instances":[{"created":"2015-12-12T20:26:24Z","user_id":"5647496e3562310003960400","duration":2.55},{"created":"2015-12-12T21:24:04Z","user_id":"5668bbbe3064310003db0500","duration":105.559},{"created":"2015-12-13T03:53:56Z","user_id":"563f8b7a3264340003774b00","duration":7.415}]}],"region":{"x":940.6527660112777,"y":35.14543630892678,"width":126.11008802458832,"height":74.42562983066847,"label":"Record Number","shape":"rectangle"},"task_key":"em_record_number","instructions":{"mark":"Record Number","transcribe":"Enter the record number"}},{"id":"56b1762f50617568bbf30200","status":"awaiting_votes","name":"Mortgager","created_in_workflow":"verify","confidence":0.6666666666666666,"data":{"value":"Mrs. Sylvia Parmentier"},"versions":[{"data":{"value":"Mrs. Sylvia Parmentier"},"votes":2,"confidence":0.6666666666666666,"instances":[{"created":"2015-11-13T01:31:20Z","user_id":"563f8b7a3264340003774b00","duration":13.514},{"created":"2015-11-15T17:10:47Z","user_id":"5647496e3562310003960400","duration":35.495}]}],"region":{"x":372.55579631635965,"y":525.1691095463708,"width":329.1657638136511,"height":58.35212328293005,"label":"Mortgager Name","shape":"rectangle"},"task_key":"em_transcribed_mortgager","instructions":{"mark":"Mortgager Name","transcribe":"Enter the mortgager's name","verify":"Choose the best transcription or enter your own!"}},{"id":"56b1762f50617568bbf40200","status":"complete","name":"Street Address","created_in_workflow":"verify","confidence":1.0,"data":{"value":"No 342 Bridge St. Brooklyn, L. I."},"versions":[{"data":{"value":"No 342 Bridge St. Brooklyn, L. I."},"votes":3,"confidence":1.0,"instances":[{"created":"2015-11-13T01:31:50Z","user_id":"563f8b7a3264340003774b00","duration":29.989},{"created":"2015-11-15T17:12:02Z","user_id":"5647496e3562310003960400","duration":74.989},{"created":"2015-11-16T05:59:20Z","user_id":"5649188c3863370003020e00","duration":18.501}]}],"region":{"x":456.3434452871072,"y":568.5591499362419,"width":529.6576381365113,"height":52.36729012570652,"label":"Street Address","shape":"rectangle"},"task_key":"em_transcribed_address","instructions":{"mark":"Street Address","transcribe":"Enter the street address","verify":"Choose the best transcription or enter your own!"}},{"id":"56b1762f50617568bbf50200","status":"awaiting_transcriptions","name":"Land \u0026 Building Dimensions","created_in_workflow":"transcribe","confidence":0.3333333333333333,"data":{"em_survey_land_dimensions":"75 x 107.6"},"versions":[{"data":{"em_survey_land_dimensions":"75 x 107.6"},"votes":1,"confidence":0.3333333333333333,"instances":[{"created":"2015-11-12T13:01:04Z","user_id":"564486d23936300003d11600","duration":25.816}]}],"region":{"x":452.1855598604842,"y":612.1736924711066,"width":478.8509263409386,"height":91.10388889769649,"label":"Dimension \u0026 Description","shape":"rectangle"},"task_key":"em_record_survey","instructions":{"mark":"Dimension \u0026 Description","transcribe":"Enter, as they appear, any land and building dimensions that were recorded. In the next screen, you'll enter the descriptive information."}},{"id":"56b1762f50617568bbf60200","status":"awaiting_transcriptions","name":"Stories \u0026 Materials","created_in_workflow":"transcribe","confidence":0.3333333333333333,"data":{"em_record_stories":"3 1/2","em_record_material":"brick"},"versions":[{"data":{"em_record_stories":"3 1/2","em_record_material":"brick"},"votes":1,"confidence":0.3333333333333333,"instances":[{"created":"2015-11-12T13:01:29Z","user_id":"564486d23936300003d11600","duration":25.721}]}],"region":{"x":452.1855598604842,"y":612.1736924711066,"width":478.8509263409386,"height":91.10388889769649,"label":"Dimension \u0026 Description","shape":"rectangle"},"task_key":"em_record_survey_stories_materials","instructions":{"mark":"Dimension \u0026 Description","transcribe":"Enter, as they appear, the number of stories and the building materials."}},{"id":"56b1762f50617568bbf70200","status":"awaiting_transcriptions","name":"Additional Info","created_in_workflow":"transcribe","confidence":0.3333333333333333,"data":{"value":"1 story kitchen"},"versions":[{"data":{"value":"1 story kitchen"},"votes":1,"confidence":0.3333333333333333,"instances":[{"created":"2015-11-12T13:01:38Z","user_id":"564486d23936300003d11600","duration":8.415}]}],"region":{"x":452.1855598604842,"y":612.1736924711066,"width":478.8509263409386,"height":91.10388889769649,"label":"Dimension \u0026 Description","shape":"rectangle"},"task_key":"em_record_survey_additional_info","instructions":{"mark":"Dimension \u0026 Description","transcribe":"Enter any additional information you find about the building's construction or significance."}},{"id":"56b1762f50617568bbf80200","status":"awaiting_transcriptions","name":"Record Date","created_in_workflow":"transcribe","confidence":0.6666666666666666,"data":{"value":"1856 December 4"},"versions":[{"data":{"value":"1856 December 4"},"votes":2,"confidence":0.6666666666666666,"instances":[{"created":"2015-11-10T16:10:13Z","user_id":"5641fee136363900037d0200","duration":7.536},{"created":"2015-11-10T17:14:21Z","user_id":"563ff09d32643400030da100","duration":9.202}]}],"region":{"x":25.616936044905117,"y":35.3426211939734,"width":229.72704103787763,"height":134.30196053709892,"label":"Record Date","shape":"rectangle"},"task_key":"em_record_date","instructions":{"mark":"Record Date","transcribe":"Enter the record date"}},{"id":"56b1762f50617568bbf90200","status":"awaiting_transcriptions","name":"Valuation Date","created_in_workflow":"transcribe","confidence":0.3333333333333333,"data":{"value":"1879 November"},"versions":[{"data":{"value":"1879 November"},"votes":1,"confidence":0.3333333333333333,"instances":[{"created":"2015-12-12T20:27:51Z","user_id":"5647496e3562310003960400","duration":8.607}]}],"region":{"x":49.61263587033491,"y":756.6605699451295,"width":603.6745197242583,"height":109.57106613959525,"label":"Valuation","shape":"rectangle"},"task_key":"em_record_valuation","instructions":{"mark":"Valuation","transcribe":"Enter the date of the valuation (if one is given). In the next screen, you'll enter the valuation's dollar amounts."}},{"id":"56b1762f50617568bbfa0200","status":"awaiting_transcriptions","name":"Land \u0026 Building Value","created_in_workflow":"transcribe","confidence":0.3333333333333333,"data":{"em_valuation_ground":""},"versions":[{"data":{"em_valuation_ground":""},"votes":1,"confidence":0.3333333333333333,"instances":[{"created":"2015-12-12T20:27:52Z","user_id":"5647496e3562310003960400","duration":0.798}]}],"region":{"x":49.61263587033491,"y":756.6605699451295,"width":603.6745197242583,"height":109.57106613959525,"label":"Valuation","shape":"rectangle"},"task_key":"em_record_valuation_ground_building","instructions":{"mark":"Valuation","transcribe":"Sometimes valuations include itemized dollar values for \"ground\" and \"building\". Enter these amounts if you can find them. In the next screen, you'll enter the total valuation."}},{"id":"56b1762f50617568bbfb0200","status":"awaiting_transcriptions","name":"Total Value","created_in_workflow":"transcribe","confidence":0.3333333333333333,"data":{"value":"$18000"},"versions":[{"data":{"value":"$18000"},"votes":1,"confidence":0.3333333333333333,"instances":[{"created":"2015-12-12T20:27:59Z","user_id":"5647496e3562310003960400","duration":6.969}]}],"region":{"x":49.61263587033491,"y":756.6605699451295,"width":603.6745197242583,"height":109.57106613959525,"label":"Valuation","shape":"rectangle"},"task_key":"em_record_valuation_total","instructions":{"mark":"Valuation","transcribe":"Enter the valuation ***total*** (if one is given)"}},{"id":"56b1762f50617568bbfc0200","status":"awaiting_votes","name":"Amount Loaned","created_in_workflow":"transcribe","confidence":0.6666666666666666,"data":{"value":"$10000"},"versions":[{"data":{"value":"$10000"},"votes":2,"confidence":0.6666666666666666,"instances":[{"created":"2015-11-10T16:10:56Z","user_id":"5641fee136363900037d0200","duration":4.643},{"created":"2015-11-10T17:38:29Z","user_id":"5642284936363900034b1000","duration":6.877}]},{"data":{"value":"10000"},"votes":1,"confidence":0.3333333333333333,"instances":[{"created":"2015-11-10T01:45:00Z","user_id":"5641537261616500034e4f00","duration":2.142}]}],"region":{"x":1077.059931564422,"y":718.3387757675093,"width":159.04179764160767,"height":84.82229086553616,"label":"Amount Loaned","shape":"rectangle"},"task_key":"em_record_amount_loaned","instructions":{"mark":"Amount Loaned","transcribe":"Enter the Amount Loaned"}}]}]}