{"id":"56b100b57061755afb8e1200","meta_data":{"capture_uuid":"e2ef2f80-00b1-0133-07ff-58d385a7bbd0","page_uri":"http://digitalcollections.nypl.org/items/e2ef2f80-00b1-0133-07ff-58d385a7bbd0","book_uri":"http://digitalcollections.nypl.org/items/df712aa0-00b1-0133-fbd7-58d385a7bbd0","source_rotated":"0.587485","source_x":"0","source_y":"954.1","source_w":"1367.43","source_h":"1075.9"},"type":"final_subject_set","search_terms_by_field":{"Record Number":["534"],"Mortgager":["George Hand"],"Street Address":["No 349 E. 60th Street"],"Land \u0026 Building Dimensions":["25x100.5","25x50; 25x25"],"Stories \u0026 Materials":["4","brick"],"Additional Info":["house, rear shop"],"Record Date":["1871 December 29"],"Valuation Date":["1879 November"],"Land \u0026 Building Value":[],"Total Value":["$12500"],"Amount Loaned":["$7000"]},"subjects":[{"id":"56b1770450617568bb2f1100","type":"root","location":{"standard":"https://s3.amazonaws.com/scribe.nypl.org/emigrant-s4/full/e2ef2f80-00b1-0133-07ff-58d385a7bbd0.left-bottom.jpg","thumbnail":"https://s3.amazonaws.com/scribe.nypl.org/emigrant-s4/thumb/e2ef2f80-00b1-0133-07ff-58d385a7bbd0.left-bottom.jpg"},"status":"retired","width":1367,"height":1075,"meta_data":{"capture_uuid":"e2ef2f80-00b1-0133-07ff-58d385a7bbd0","page_uri":"http://digitalcollections.nypl.org/items/e2ef2f80-00b1-0133-07ff-58d385a7bbd0","book_uri":"http://digitalcollections.nypl.org/items/df712aa0-00b1-0133-fbd7-58d385a7bbd0","source_rotated":"0.587485","source_x":"0","source_y":"954.1","source_w":"1367.43","source_h":"1075.9"},"assertions":[{"id":"56b1770450617568bb301100","status":"complete","name":"Record Number","created_in_workflow":"transcribe","confidence":1.0,"data":{"value":"534"},"versions":[{"data":{"value":"534"},"votes":3,"confidence":1.0,"instances":[{"created":"2015-11-25T23:42:12Z","user_id":"5647496e3562310003960400","duration":5.654},{"created":"2015-11-26T15:11:39Z","user_id":"563bd8df3532620003a62f00","duration":6.813},{"created":"2015-11-26T15:59:56Z","user_id":"56572ba06332630003480500","duration":5.613}]}],"region":{"x":501.27792312064406,"y":59.61167342759245,"width":522.9569198219535,"height":67.74053798590052,"label":"Record Number","shape":"rectangle"},"task_key":"em_record_number","instructions":{"mark":"Record Number","transcribe":"Enter the record number"}},{"id":"56b1770450617568bb311100","status":"complete","name":"Mortgager","created_in_workflow":"transcribe","confidence":1.0,"data":{"value":"George Hand"},"versions":[{"data":{"value":"George Hand"},"votes":3,"confidence":1.0,"instances":[{"created":"2015-11-25T23:42:28Z","user_id":"5647496e3562310003960400","duration":6.454},{"created":"2015-11-26T15:12:15Z","user_id":"563bd8df3532620003a62f00","duration":22.222},{"created":"2015-11-26T16:00:28Z","user_id":"56572ba06332630003480500","duration":12.145}]}],"region":{"x":222.18692445918703,"y":539.2146823677681,"width":460.63562885871556,"height":69.09534874561848,"label":"Mortgager Name","shape":"rectangle"},"task_key":"em_record_mortgager","instructions":{"mark":"Mortgager Name","transcribe":"Enter the mortgager's name"}},{"id":"56b1770450617568bb321100","status":"awaiting_votes","name":"Street Address","created_in_workflow":"transcribe","confidence":0.3333333333333333,"data":{"value":"No 349 E. 60th Street"},"versions":[{"data":{"value":"No 349 E. 60th Street"},"votes":1,"confidence":0.3333333333333333,"instances":[{"created":"2015-11-25T23:42:48Z","user_id":"5647496e3562310003960400","duration":20.551}]},{"data":{"value":"No. 349 E 60th Street"},"votes":1,"confidence":0.3333333333333333,"instances":[{"created":"2015-11-26T08:22:04Z","user_id":"56569e116332630003550200","duration":58.366}]},{"data":{"value":"349 E. 60th Street"},"votes":1,"confidence":0.3333333333333333,"instances":[{"created":"2015-11-26T15:12:34Z","user_id":"563bd8df3532620003a62f00","duration":18.629}]}],"region":{"x":223.54173513230091,"y":570.3753298412823,"width":556.8271866498002,"height":58.25686266787443,"label":"Street Address","shape":"rectangle"},"task_key":"em_record_street_address","instructions":{"mark":"Street Address","transcribe":"Enter the street address"}},{"id":"56b1770450617568bb331100","status":"awaiting_transcriptions","name":"Land \u0026 Building Dimensions","created_in_workflow":"transcribe","confidence":0.3333333333333333,"data":{"em_survey_land_dimensions":"25x100.5","em_survey_building_dimensions":"25x50; 25x25"},"versions":[{"data":{"em_survey_land_dimensions":"25x100.5","em_survey_building_dimensions":"25x50; 25x25"},"votes":1,"confidence":0.3333333333333333,"instances":[{"created":"2015-12-17T18:59:07Z","user_id":"5668b33530333000032d0500","duration":16.07}]}],"region":{"x":220.8790401091551,"y":631.7595024808603,"width":854.188283204131,"height":69.50899171549815,"label":"Dimension \u0026 Description","shape":"rectangle"},"task_key":"em_record_survey","instructions":{"mark":"Dimension \u0026 Description","transcribe":"Enter, as they appear, any land and building dimensions that were recorded. In the next screen, you'll enter the descriptive information."}},{"id":"56b1770450617568bb341100","status":"awaiting_transcriptions","name":"Stories \u0026 Materials","created_in_workflow":"transcribe","confidence":0.3333333333333333,"data":{"em_record_stories":"4","em_record_material":"brick"},"versions":[{"data":{"em_record_stories":"4","em_record_material":"brick"},"votes":1,"confidence":0.3333333333333333,"instances":[{"created":"2015-12-17T18:59:15Z","user_id":"5668b33530333000032d0500","duration":7.906}]}],"region":{"x":220.8790401091551,"y":631.7595024808603,"width":854.188283204131,"height":69.50899171549815,"label":"Dimension \u0026 Description","shape":"rectangle"},"task_key":"em_record_survey_stories_materials","instructions":{"mark":"Dimension \u0026 Description","transcribe":"Enter, as they appear, the number of stories and the building materials."}},{"id":"56b1770450617568bb351100","status":"awaiting_transcriptions","name":"Additional Info","created_in_workflow":"transcribe","confidence":0.3333333333333333,"data":{"value":"house, rear shop"},"versions":[{"data":{"value":"house, rear shop"},"votes":1,"confidence":0.3333333333333333,"instances":[{"created":"2015-12-17T18:59:19Z","user_id":"5668b33530333000032d0500","duration":4.826}]}],"region":{"x":220.8790401091551,"y":631.7595024808603,"width":854.188283204131,"height":69.50899171549815,"label":"Dimension \u0026 Description","shape":"rectangle"},"task_key":"em_record_survey_additional_info","instructions":{"mark":"Dimension \u0026 Description","transcribe":"Enter any additional information you find about the building's construction or significance."}},{"id":"56b1770450617568bb361100","status":"awaiting_votes","name":"Record Date","created_in_workflow":"transcribe","confidence":0.6666666666666666,"data":{"value":"1871 December 29"},"versions":[{"data":{"value":"1871 December 29"},"votes":2,"confidence":0.6666666666666666,"instances":[{"created":"2015-11-26T15:11:53Z","user_id":"563bd8df3532620003a62f00","duration":14.237},{"created":"2015-11-26T16:00:16Z","user_id":"56572ba06332630003480500","duration":19.364}]},{"data":{"value":"1871 Decemb. 29"},"votes":1,"confidence":0.3333333333333333,"instances":[{"created":"2015-11-25T23:42:21Z","user_id":"5647496e3562310003960400","duration":8.59}]}],"region":{"x":28.448998203903745,"y":116.51372533574889,"width":174.7705768316891,"height":115.15891457603087,"label":"Record Date","shape":"rectangle"},"task_key":"em_record_date","instructions":{"mark":"Record Date","transcribe":"Enter the record date"}},{"id":"56b1770450617568bb371100","status":"awaiting_transcriptions","name":"Valuation Date","created_in_workflow":"transcribe","confidence":0.3333333333333333,"data":{"value":"1879 November"},"versions":[{"data":{"value":"1879 November"},"votes":1,"confidence":0.3333333333333333,"instances":[{"created":"2015-11-25T23:43:30Z","user_id":"5647496e3562310003960400","duration":8.158}]}],"region":{"x":228.96097782475638,"y":776.3065653184199,"width":489.08665299410677,"height":55.54724114843839,"label":"Valuation","shape":"rectangle"},"task_key":"em_record_valuation","instructions":{"mark":"Valuation","transcribe":"Enter the date of the valuation (if one is given). In the next screen, you'll enter the valuation's dollar amounts."}},{"id":"56b1770450617568bb381100","status":"awaiting_transcriptions","name":"Land \u0026 Building Value","created_in_workflow":"transcribe","confidence":0.3333333333333333,"data":{"em_valuation_ground":""},"versions":[{"data":{"em_valuation_ground":""},"votes":1,"confidence":0.3333333333333333,"instances":[{"created":"2015-11-25T23:43:31Z","user_id":"5647496e3562310003960400","duration":1.206}]}],"region":{"x":228.96097782475638,"y":776.3065653184199,"width":489.08665299410677,"height":55.54724114843839,"label":"Valuation","shape":"rectangle"},"task_key":"em_record_valuation_ground_building","instructions":{"mark":"Valuation","transcribe":"Sometimes valuations include itemized dollar values for \"ground\" and \"building\". Enter these amounts if you can find them. In the next screen, you'll enter the total valuation."}},{"id":"56b1770450617568bb391100","status":"awaiting_transcriptions","name":"Total Value","created_in_workflow":"transcribe","confidence":0.3333333333333333,"data":{"value":"$12500"},"versions":[{"data":{"value":"$12500"},"votes":1,"confidence":0.3333333333333333,"instances":[{"created":"2015-11-25T23:43:36Z","user_id":"5647496e3562310003960400","duration":4.823}]}],"region":{"x":228.96097782475638,"y":776.3065653184199,"width":489.08665299410677,"height":55.54724114843839,"label":"Valuation","shape":"rectangle"},"task_key":"em_record_valuation_total","instructions":{"mark":"Valuation","transcribe":"Enter the valuation ***total*** (if one is given)"}},{"id":"56b1770450617568bb3a1100","status":"awaiting_votes","name":"Amount Loaned","created_in_workflow":"transcribe","confidence":0.3333333333333333,"data":{"value":"$7000"},"versions":[{"data":{"value":"$7000"},"votes":1,"confidence":0.3333333333333333,"instances":[{"created":"2015-11-25T23:43:22Z","user_id":"5647496e3562310003960400","duration":5.997}]},{"data":{"value":"$7000."},"votes":1,"confidence":0.3333333333333333,"instances":[{"created":"2015-11-26T08:24:05Z","user_id":"56569e116332630003550200","duration":15.51}]},{"data":{"value":"$7000. "},"votes":1,"confidence":0.3333333333333333,"instances":[{"created":"2015-11-26T15:42:30Z","user_id":"563bd8df3532620003a62f00","duration":8.929}]}],"region":{"x":215.4128710936177,"y":751.9199716434957,"width":1005.2695194504909,"height":47.41837659013038,"label":"Amount Loaned","shape":"rectangle"},"task_key":"em_record_amount_loaned","instructions":{"mark":"Amount Loaned","transcribe":"Enter the Amount Loaned"}}]}]}