{"id":"56b100207061755afb800700","meta_data":{"capture_uuid":"e111bf60-00b1-0133-f804-58d385a7bbd0","page_uri":"http://digitalcollections.nypl.org/items/e111bf60-00b1-0133-f804-58d385a7bbd0","book_uri":"http://digitalcollections.nypl.org/items/df712aa0-00b1-0133-fbd7-58d385a7bbd0","source_rotated":"1.59425","source_x":"1229.52","source_y":"975.25","source_w":"1386.48","source_h":"1099.75"},"type":"final_subject_set","search_terms_by_field":{"Valuation Date":["1879 November"],"Record Number":["282"],"Mortgager":["Edward Delany"],"Street Address":["Broadway near 132d St."],"Land \u0026 Building Dimensions":["25,8 x 100"],"Stories \u0026 Materials":["3","Frame"],"Additional Info":["3 story "],"Record Date":["1867 March 12"],"Land \u0026 Building Value":[],"Total Value":["$5000."],"Amount Loaned":["$2000."]},"subjects":[{"id":"56b1766950617568bbd30600","type":"root","location":{"standard":"https://s3.amazonaws.com/scribe.nypl.org/emigrant-s4/full/e111bf60-00b1-0133-f804-58d385a7bbd0.right-bottom.jpg","thumbnail":"https://s3.amazonaws.com/scribe.nypl.org/emigrant-s4/thumb/e111bf60-00b1-0133-f804-58d385a7bbd0.right-bottom.jpg"},"status":"retired","width":1386,"height":1099,"meta_data":{"capture_uuid":"e111bf60-00b1-0133-f804-58d385a7bbd0","page_uri":"http://digitalcollections.nypl.org/items/e111bf60-00b1-0133-f804-58d385a7bbd0","book_uri":"http://digitalcollections.nypl.org/items/df712aa0-00b1-0133-fbd7-58d385a7bbd0","source_rotated":"1.59425","source_x":"1229.52","source_y":"975.25","source_w":"1386.48","source_h":"1099.75"},"assertions":[{"id":"56b1766950617568bbd40600","status":"awaiting_transcriptions","name":"Valuation Date","created_in_workflow":"transcribe","confidence":0.3333333333333333,"data":{"value":""},"versions":[{"data":{"value":""},"votes":1,"confidence":0.3333333333333333,"instances":[{"created":"2015-11-17T00:17:33Z","user_id":"5647496e3562310003960400","duration":4.005}]}],"region":{"x":468.41030723488603,"y":597.5314678678199,"width":401.1020812685828,"height":79.67086238237607,"label":"Valuation","shape":"rectangle"},"task_key":"em_record_valuation","instructions":{"mark":"Valuation","transcribe":"Enter the date of the valuation (if one is given). In the next screen, you'll enter the valuation's dollar amounts."}},{"id":"56b1766950617568bbd50600","status":"complete","name":"Record Number","created_in_workflow":"transcribe","confidence":1.0,"data":{"value":"282"},"versions":[{"data":{"value":"282"},"votes":3,"confidence":1.0,"instances":[{"created":"2015-11-17T00:16:49Z","user_id":"5647496e3562310003960400","duration":18.102},{"created":"2015-11-17T01:54:37Z","user_id":"564a733465323800038d1400","duration":5.558},{"created":"2015-11-17T02:08:36Z","user_id":"564a8b746532380003971600","duration":51.191}]}],"region":{"x":950.5569871159564,"y":30.2199822829702,"width":126.37462834489588,"height":70.0554134741582,"label":"Record Number","shape":"rectangle"},"task_key":"em_record_number","instructions":{"mark":"Record Number","transcribe":"Enter the record number"}},{"id":"56b1766950617568bbd60600","status":"complete","name":"Mortgager","created_in_workflow":"transcribe","confidence":1.0,"data":{"value":"Edward Delany"},"versions":[{"data":{"value":"Edward Delany"},"votes":3,"confidence":1.0,"instances":[{"created":"2015-11-17T00:17:10Z","user_id":"5647496e3562310003960400","duration":8.094},{"created":"2015-11-17T01:55:10Z","user_id":"564a733465323800038d1400","duration":8.421},{"created":"2015-11-17T02:30:11Z","user_id":"564a8dfe6237610003160100","duration":11.721}]}],"region":{"x":498.6303270564916,"y":509.61879213554295,"width":267.8592666005947,"height":70.05541347415823,"label":"Mortgager Name","shape":"rectangle"},"task_key":"em_record_mortgager","instructions":{"mark":"Mortgager Name","transcribe":"Enter the mortgager's name"}},{"id":"56b1766950617568bbd70600","status":"awaiting_votes","name":"Street Address","created_in_workflow":"transcribe","confidence":0.3333333333333333,"data":{"value":"Broadway near 132d St."},"versions":[{"data":{"value":"Broadway near 132d St."},"votes":1,"confidence":0.3333333333333333,"instances":[{"created":"2015-11-17T00:17:29Z","user_id":"5647496e3562310003960400","duration":19.093}]},{"data":{"value":"Broadway near 132nd St."},"votes":1,"confidence":0.3333333333333333,"instances":[{"created":"2015-11-17T01:57:49Z","user_id":"564a733465323800038d1400","duration":28.297}]},{"data":{"value":"Broadway near 132d st."},"votes":1,"confidence":0.3333333333333333,"instances":[{"created":"2015-11-17T02:32:11Z","user_id":"564a8dfe6237610003160100","duration":89.533}]}],"region":{"x":500.00396432111,"y":563.1905789098992,"width":385.99207135778005,"height":48.077244541089044,"label":"Street Address","shape":"rectangle"},"task_key":"em_record_street_address","instructions":{"mark":"Street Address","transcribe":"Enter the street address"}},{"id":"56b1766950617568bbd80600","status":"awaiting_transcriptions","name":"Land \u0026 Building Dimensions","created_in_workflow":"transcribe","confidence":0.3333333333333333,"data":{"em_survey_land_dimensions":"25,8 x 100","em_survey_building_dimensions":""},"versions":[{"data":{"em_survey_land_dimensions":"25,8 x 100","em_survey_building_dimensions":""},"votes":1,"confidence":0.3333333333333333,"instances":[{"created":"2015-11-17T01:58:28Z","user_id":"564a733465323800038d1400","duration":38.918}]}],"region":{"x":505.49851337958376,"y":590.6632900762357,"width":355.77205153617444,"height":82.41813349900963,"label":"Dimension \u0026 Description","shape":"rectangle"},"task_key":"em_record_survey","instructions":{"mark":"Dimension \u0026 Description","transcribe":"Enter, as they appear, any land and building dimensions that were recorded. In the next screen, you'll enter the descriptive information."}},{"id":"56b1766950617568bbd90600","status":"awaiting_transcriptions","name":"Stories \u0026 Materials","created_in_workflow":"transcribe","confidence":0.3333333333333333,"data":{"em_record_stories":"3","em_record_material":"Frame"},"versions":[{"data":{"em_record_stories":"3","em_record_material":"Frame"},"votes":1,"confidence":0.3333333333333333,"instances":[{"created":"2015-11-17T01:58:40Z","user_id":"564a733465323800038d1400","duration":11.8}]}],"region":{"x":505.49851337958376,"y":590.6632900762357,"width":355.77205153617444,"height":82.41813349900963,"label":"Dimension \u0026 Description","shape":"rectangle"},"task_key":"em_record_survey_stories_materials","instructions":{"mark":"Dimension \u0026 Description","transcribe":"Enter, as they appear, the number of stories and the building materials."}},{"id":"56b1766950617568bbda0600","status":"awaiting_transcriptions","name":"Additional Info","created_in_workflow":"transcribe","confidence":0.3333333333333333,"data":{"value":"3 story "},"versions":[{"data":{"value":"3 story "},"votes":1,"confidence":0.3333333333333333,"instances":[{"created":"2015-11-17T01:58:53Z","user_id":"564a733465323800038d1400","duration":12.983}]}],"region":{"x":505.49851337958376,"y":590.6632900762357,"width":355.77205153617444,"height":82.41813349900963,"label":"Dimension \u0026 Description","shape":"rectangle"},"task_key":"em_record_survey_additional_info","instructions":{"mark":"Dimension \u0026 Description","transcribe":"Enter any additional information you find about the building's construction or significance."}},{"id":"56b1766950617568bbdb0600","status":"awaiting_votes","name":"Record Date","created_in_workflow":"transcribe","confidence":0.6666666666666666,"data":{"value":"1867 March 12"},"versions":[{"data":{"value":"1867 March 12"},"votes":2,"confidence":0.6666666666666666,"instances":[{"created":"2015-11-17T00:17:02Z","user_id":"5647496e3562310003960400","duration":12.911},{"created":"2015-11-17T02:26:30Z","user_id":"564a8dfe6237610003160100","duration":39.345}]},{"data":{"value":""},"votes":1,"confidence":0.3333333333333333,"instances":[{"created":"2015-11-17T02:09:01Z","user_id":"564a8b746532380003971600","duration":25.178}]}],"region":{"x":87.91278493557978,"y":83.79176905732646,"width":219.78196233894943,"height":123.62720024851447,"label":"Record Date","shape":"rectangle"},"task_key":"em_record_date","instructions":{"mark":"Record Date","transcribe":"Enter the record date"}},{"id":"56b1766950617568bbdc0600","status":"awaiting_transcriptions","name":"Valuation Date","created_in_workflow":"transcribe","confidence":0.3333333333333333,"data":{"value":"1879 November"},"versions":[{"data":{"value":"1879 November"},"votes":1,"confidence":0.3333333333333333,"instances":[{"created":"2015-11-17T00:19:49Z","user_id":"5647496e3562310003960400","duration":14.287}]}],"region":{"x":723.9068384539148,"y":748.6313792826709,"width":138.7373637264618,"height":53.57178677435627,"label":"Valuation","shape":"rectangle"},"task_key":"em_record_valuation","instructions":{"mark":"Valuation","transcribe":"Enter the date of the valuation (if one is given). In the next screen, you'll enter the valuation's dollar amounts."}},{"id":"56b1766950617568bbdd0600","status":"awaiting_transcriptions","name":"Land \u0026 Building Value","created_in_workflow":"transcribe","confidence":0.3333333333333333,"data":{"em_valuation_ground":""},"versions":[{"data":{"em_valuation_ground":""},"votes":1,"confidence":0.3333333333333333,"instances":[{"created":"2015-11-17T00:19:52Z","user_id":"5647496e3562310003960400","duration":3.181}]}],"region":{"x":723.9068384539148,"y":748.6313792826709,"width":138.7373637264618,"height":53.57178677435627,"label":"Valuation","shape":"rectangle"},"task_key":"em_record_valuation_ground_building","instructions":{"mark":"Valuation","transcribe":"Sometimes valuations include itemized dollar values for \"ground\" and \"building\". Enter these amounts if you can find them. In the next screen, you'll enter the total valuation."}},{"id":"56b1766950617568bbde0600","status":"awaiting_transcriptions","name":"Total Value","created_in_workflow":"transcribe","confidence":0.3333333333333333,"data":{"value":"$5000."},"versions":[{"data":{"value":"$5000."},"votes":1,"confidence":0.3333333333333333,"instances":[{"created":"2015-11-17T00:20:06Z","user_id":"5647496e3562310003960400","duration":14.12}]}],"region":{"x":723.9068384539148,"y":748.6313792826709,"width":138.7373637264618,"height":53.57178677435627,"label":"Valuation","shape":"rectangle"},"task_key":"em_record_valuation_total","instructions":{"mark":"Valuation","transcribe":"Enter the valuation ***total*** (if one is given)"}},{"id":"56b1766950617568bbdf0600","status":"awaiting_votes","name":"Amount Loaned","created_in_workflow":"transcribe","confidence":0.3333333333333333,"data":{"value":"$2000."},"versions":[{"data":{"value":"$2000."},"votes":1,"confidence":0.3333333333333333,"instances":[{"created":"2015-11-17T00:19:35Z","user_id":"5647496e3562310003960400","duration":5.838}]},{"data":{"value":"$2000"},"votes":1,"confidence":0.3333333333333333,"instances":[{"created":"2015-11-17T01:59:13Z","user_id":"564a733465323800038d1400","duration":5.566}]},{"data":{"value":"2000"},"votes":1,"confidence":0.3333333333333333,"instances":[{"created":"2015-11-17T02:35:39Z","user_id":"564a8dfe6237610003160100","duration":3.124}]}],"region":{"x":1140.1189296333002,"y":703.3014058582156,"width":159.3419226957385,"height":71.42904903247495,"label":"Amount Loaned","shape":"rectangle"},"task_key":"em_record_amount_loaned","instructions":{"mark":"Amount Loaned","transcribe":"Enter the Amount Loaned"}}]}]}