{"id":"56b0ffe27061755afbe10200","meta_data":{"capture_uuid":"e0454370-00b1-0133-550c-58d385a7bbd0","page_uri":"http://digitalcollections.nypl.org/items/e0454370-00b1-0133-550c-58d385a7bbd0","book_uri":"http://digitalcollections.nypl.org/items/df712aa0-00b1-0133-fbd7-58d385a7bbd0","source_rotated":"0","source_x":"1202.23","source_y":"956.4499999999999","source_w":"1355.77","source_h":"1078.55"},"type":"final_subject_set","search_terms_by_field":{},"subjects":[{"id":"56b1762850617568bb880200","type":"root","location":{"standard":"https://s3.amazonaws.com/scribe.nypl.org/emigrant-s4/full/e0454370-00b1-0133-550c-58d385a7bbd0.right-bottom.jpg","thumbnail":"https://s3.amazonaws.com/scribe.nypl.org/emigrant-s4/thumb/e0454370-00b1-0133-550c-58d385a7bbd0.right-bottom.jpg"},"status":"bad","width":1355,"height":1078,"meta_data":{"capture_uuid":"e0454370-00b1-0133-550c-58d385a7bbd0","page_uri":"http://digitalcollections.nypl.org/items/e0454370-00b1-0133-550c-58d385a7bbd0","book_uri":"http://digitalcollections.nypl.org/items/df712aa0-00b1-0133-fbd7-58d385a7bbd0","source_rotated":"0","source_x":"1202.23","source_y":"956.4499999999999","source_w":"1355.77","source_h":"1078.55"},"assertions":[]}]}