{"id":"56b100ad7061755afbed1100","meta_data":{"capture_uuid":"e2d1b360-00b1-0133-7643-58d385a7bbd0","page_uri":"http://digitalcollections.nypl.org/items/e2d1b360-00b1-0133-7643-58d385a7bbd0","book_uri":"http://digitalcollections.nypl.org/items/df712aa0-00b1-0133-fbd7-58d385a7bbd0","source_rotated":"0.923143","source_x":"0","source_y":"967.7299999999999","source_w":"1374.82","source_h":"1091.27"},"type":"final_subject_set","search_terms_by_field":{"Record Number":["518"],"Mortgager":["Patrick J. W. Loughlin"],"Street Address":["No. 415 W. 42nd Street"],"Record Date":["1870 November 29","1879 November"],"Total Value":[],"Valuation Date":["1879 November"],"Land \u0026 Building Value":[],"Amount Loaned":["$6,000"]},"subjects":[{"id":"56b176fb50617568bb9a1000","type":"root","location":{"standard":"https://s3.amazonaws.com/scribe.nypl.org/emigrant-s4/full/e2d1b360-00b1-0133-7643-58d385a7bbd0.left-bottom.jpg","thumbnail":"https://s3.amazonaws.com/scribe.nypl.org/emigrant-s4/thumb/e2d1b360-00b1-0133-7643-58d385a7bbd0.left-bottom.jpg"},"status":"active","width":1374,"height":1091,"meta_data":{"capture_uuid":"e2d1b360-00b1-0133-7643-58d385a7bbd0","page_uri":"http://digitalcollections.nypl.org/items/e2d1b360-00b1-0133-7643-58d385a7bbd0","book_uri":"http://digitalcollections.nypl.org/items/df712aa0-00b1-0133-fbd7-58d385a7bbd0","source_rotated":"0.923143","source_x":"0","source_y":"967.7299999999999","source_w":"1374.82","source_h":"1091.27"},"assertions":[{"id":"56b176fb50617568bb9b1000","status":"complete","name":"Record Number","created_in_workflow":"transcribe","confidence":1.0,"data":{"value":"518"},"versions":[{"data":{"value":"518"},"votes":3,"confidence":1.0,"instances":[{"created":"2015-11-14T00:50:09Z","user_id":"563f8b7a3264340003774b00","duration":11.23},{"created":"2015-11-14T01:35:18Z","user_id":"56468e056161370003f40c00","duration":3.311},{"created":"2015-11-14T01:40:15Z","user_id":"563bfc7535326200037f3900","duration":6.941}]}],"region":{"x":844.0975951530388,"y":44.55005205010242,"width":235.64633906272545,"height":75.0316666106988,"label":"Record Number","shape":"rectangle"},"task_key":"em_record_number","instructions":{"mark":"Record Number","transcribe":"Enter the record number"}},{"id":"56b176fb50617568bb9c1000","status":"complete","name":"Mortgager","created_in_workflow":"transcribe","confidence":1.0,"data":{"value":"Patrick J. W. Loughlin"},"versions":[{"data":{"value":"Patrick J. W. Loughlin"},"votes":3,"confidence":1.0,"instances":[{"created":"2015-11-14T00:54:04Z","user_id":"563f8b7a3264340003774b00","duration":34.81},{"created":"2015-11-14T01:35:40Z","user_id":"56468e056161370003f40c00","duration":7.501},{"created":"2015-11-14T01:44:14Z","user_id":"563bfc7535326200037f3900","duration":25.07}]}],"region":{"x":399.7694234875015,"y":535.7729943920212,"width":467.5347605881197,"height":72.44611974881622,"label":"Mortgager Name","shape":"rectangle"},"task_key":"em_record_mortgager","instructions":{"mark":"Mortgager Name","transcribe":"Enter the mortgager's name"}},{"id":"56b176fb50617568bb9d1000","status":"awaiting_votes","name":"Street Address","created_in_workflow":"transcribe","confidence":0.3333333333333333,"data":{"value":"No. 415 W. 42nd Street"},"versions":[{"data":{"value":"No. 415 W. 42nd Street"},"votes":1,"confidence":0.3333333333333333,"instances":[{"created":"2015-11-14T00:54:34Z","user_id":"563f8b7a3264340003774b00","duration":29.842}]},{"data":{"value":"415 West 42nd St."},"votes":1,"confidence":0.3333333333333333,"instances":[{"created":"2015-11-14T01:35:46Z","user_id":"56468e056161370003f40c00","duration":6.288}]},{"data":{"value":"No. 415. W. 42d Street"},"votes":1,"confidence":0.3333333333333333,"instances":[{"created":"2015-11-14T01:44:36Z","user_id":"563bfc7535326200037f3900","duration":22.049}]}],"region":{"x":434.94051886999785,"y":583.8401558145001,"width":322.4017076728833,"height":48.06716142247899,"label":"Street Address","shape":"rectangle"},"task_key":"em_record_street_address","instructions":{"mark":"Street Address","transcribe":"Enter the street address"}},{"id":"56b176fb50617568bb9e1000","status":"awaiting_transcriptions","name":"Record Date","created_in_workflow":"transcribe","confidence":0.6666666666666666,"data":{"value":"1870 November 29"},"versions":[{"data":{"value":"1870 November 29"},"votes":2,"confidence":0.6666666666666666,"instances":[{"created":"2015-11-14T01:31:07Z","user_id":"56468cb43861340003dd0100","duration":14.727},{"created":"2015-11-14T02:01:38Z","user_id":"563bfc7535326200037f3900","duration":12.358}]}],"region":{"x":51.575579200787594,"y":101.99617179891871,"width":173.51073722031535,"height":148.89096343060547,"label":"Record Date","shape":"rectangle"},"task_key":"em_record_date","instructions":{"mark":"Record Date","transcribe":"Enter the record date"}},{"id":"56b176fb50617568bb9f1000","status":"complete","name":"Record Date","created_in_workflow":"transcribe","confidence":1.0,"data":{"value":"1879 November"},"versions":[{"data":{"value":"1879 November"},"votes":3,"confidence":1.0,"instances":[{"created":"2015-11-14T00:19:39Z","user_id":"5647496e3562310003960400","duration":15.938},{"created":"2015-11-14T01:33:03Z","user_id":"56468cb43861340003dd0100","duration":12.168},{"created":"2015-11-14T02:32:46Z","user_id":"56469ae038613400039e0500","duration":15.811}]}],"region":{"x":55.09268873903723,"y":742.1100775714431,"width":146.54623076040136,"height":94.96195305416568,"label":"Record Date","shape":"rectangle"},"task_key":"em_record_date","instructions":{"mark":"Record Date","transcribe":"Enter the record date"}},{"id":"56b176fb50617568bba01000","status":"awaiting_votes","name":"Total Value","created_in_workflow":"transcribe","confidence":0.75,"data":{"value":""},"versions":[{"data":{"value":""},"votes":3,"confidence":0.75,"instances":[{"created":"2015-11-14T01:36:09Z","user_id":"56468e056161370003f40c00","duration":0.611},{"created":"2015-11-14T01:36:09Z","user_id":"56468e056161370003f40c00","duration":0.456},{"created":"2015-11-14T01:36:10Z","user_id":"56468e056161370003f40c00","duration":0.632}]},{"data":{"value":"$14,000"},"votes":1,"confidence":0.25,"instances":[{"created":"2015-11-14T00:56:21Z","user_id":"563f8b7a3264340003774b00","duration":11.937}]}],"region":{"x":262.6021514957657,"y":772.5916921320394,"width":481.84400674020003,"height":52.756640585647574,"label":"Valuation","shape":"rectangle"},"task_key":"em_record_valuation_total","instructions":{"mark":"Valuation","transcribe":"Enter the valuation ***total*** (if one is given)"}},{"id":"56b176fb50617568bba11000","status":"awaiting_transcriptions","name":"Valuation Date","created_in_workflow":"transcribe","confidence":0.3333333333333333,"data":{"value":"1879 November"},"versions":[{"data":{"value":"1879 November"},"votes":1,"confidence":0.3333333333333333,"instances":[{"created":"2015-11-14T00:56:02Z","user_id":"563f8b7a3264340003774b00","duration":20.038}]},{"data":{"value":""},"votes":1,"confidence":0.3333333333333333,"instances":[{"created":"2015-11-14T01:36:08Z","user_id":"56468e056161370003f40c00","duration":2.18}]}],"region":{"x":262.6021514957657,"y":772.5916921320394,"width":481.84400674020003,"height":52.756640585647574,"label":"Valuation","shape":"rectangle"},"task_key":"em_record_valuation","instructions":{"mark":"Valuation","transcribe":"Enter the date of the valuation (if one is given). In the next screen, you'll enter the valuation's dollar amounts."}},{"id":"56b176fb50617568bba21000","status":"awaiting_transcriptions","name":"Land \u0026 Building Value","created_in_workflow":"transcribe","confidence":0.3333333333333333,"data":{"em_valuation_ground":""},"versions":[{"data":{"em_valuation_ground":""},"votes":1,"confidence":0.3333333333333333,"instances":[{"created":"2015-11-14T01:36:08Z","user_id":"56468e056161370003f40c00","duration":0.743}]}],"region":{"x":262.6021514957657,"y":772.5916921320394,"width":481.84400674020003,"height":52.756640585647574,"label":"Valuation","shape":"rectangle"},"task_key":"em_record_valuation_ground_building","instructions":{"mark":"Valuation","transcribe":"Sometimes valuations include itemized dollar values for \"ground\" and \"building\". Enter these amounts if you can find them. In the next screen, you'll enter the total valuation."}},{"id":"56b176fb50617568bba31000","status":"complete","name":"Amount Loaned","created_in_workflow":"transcribe","confidence":1.0,"data":{"value":"$6,000"},"versions":[{"data":{"value":"$6,000"},"votes":3,"confidence":1.0,"instances":[{"created":"2015-11-14T00:55:25Z","user_id":"563f8b7a3264340003774b00","duration":8.126},{"created":"2015-11-14T01:36:04Z","user_id":"56468e056161370003f40c00","duration":3.001},{"created":"2015-11-14T01:55:22Z","user_id":"56457ec76363350003490700","duration":21.71}]}],"region":{"x":1120.776878828677,"y":730.3863796635213,"width":150.06334029865093,"height":79.72114577386742,"label":"Amount Loaned","shape":"rectangle"},"task_key":"em_record_amount_loaned","instructions":{"mark":"Amount Loaned","transcribe":"Enter the Amount Loaned"}}]}]}