{"id":"56b0ffcb7061755afbe50000","meta_data":{"capture_uuid":"dfb58840-00b1-0133-6afd-58d385a7bbd0","page_uri":"http://digitalcollections.nypl.org/items/dfb58840-00b1-0133-6afd-58d385a7bbd0","book_uri":"http://digitalcollections.nypl.org/items/df712aa0-00b1-0133-fbd7-58d385a7bbd0","source_rotated":"1.09095","source_x":"0","source_y":"0","source_w":"1376.97","source_h":"986.88"},"type":"final_subject_set","search_terms_by_field":{"Record Number":["441 and 444","452","530","654. 655. 1111.","1101","283","527.","643. 644.","18","608","825.","847. 848.","1067.","788.","1273.","283","1291.","1085.","803. 804.","911","77.","1015","1029","926","932.","948.","1300."],"Mortgager":["Gildersleeve  G. M.","Gardner  Eliza","Grady, Catharine","Guenard  Aug.","Gay,  H.S.","Goodwin Charlotte E.","Geideman,  H H.","Gafney  John H.","Graham,  Cha.s, John \u0026 Thomas.","Geaghan Darby","Golden, Charles","Giraty Helen","Gearty Thomas","Gamron John","Gillespie  Peter","Glaze   Geo. H.","Gottlieb  Regina","Geraghty  Pat.'","Givin  Bridget","Gounoud Ja.s","Grant John","Gerraghty M.a","Gibson  Jas.","Gallagher Mary","Guggin David","Gilbert, J.W."]},"subjects":[{"id":"56b1761450617568bbcb0000","type":"root","location":{"standard":"https://s3.amazonaws.com/scribe.nypl.org/emigrant-s4/full/dfb58840-00b1-0133-6afd-58d385a7bbd0.left-top.jpg","thumbnail":"https://s3.amazonaws.com/scribe.nypl.org/emigrant-s4/thumb/dfb58840-00b1-0133-6afd-58d385a7bbd0.left-top.jpg"},"status":"retired","width":1376,"height":986,"meta_data":{"capture_uuid":"dfb58840-00b1-0133-6afd-58d385a7bbd0","page_uri":"http://digitalcollections.nypl.org/items/dfb58840-00b1-0133-6afd-58d385a7bbd0","book_uri":"http://digitalcollections.nypl.org/items/df712aa0-00b1-0133-fbd7-58d385a7bbd0","source_rotated":"1.09095","source_x":"0","source_y":"0","source_w":"1376.97","source_h":"986.88"},"assertions":[{"id":"56b1761450617568bbcc0000","status":"awaiting_transcriptions","name":"Record Number","created_in_workflow":"transcribe","confidence":0.3333333333333333,"data":{"value":"441 and 444"},"versions":[{"data":{"value":"441 and 444"},"votes":1,"confidence":0.3333333333333333,"instances":[{"created":"2016-01-14T04:48:07Z","user_id":"569726db6437650003120500","duration":5.569}]},{"data":{"value":"441 to 444"},"votes":1,"confidence":0.3333333333333333,"instances":[{"created":"2016-01-14T11:39:09Z","user_id":"569786c06133640003640900","duration":45.534}]}],"region":{"x":377.6613906172318,"y":124.42410372101676,"width":158.09081467698076,"height":51.23345447335984,"label":"Record Number","shape":"rectangle"},"task_key":"em_record_number","instructions":{"mark":"Record Number","transcribe":"Enter the record number"}},{"id":"56b1761450617568bbcd0000","status":"awaiting_transcriptions","name":"Record Number","created_in_workflow":"transcribe","confidence":0.6666666666666666,"data":{"value":"452"},"versions":[{"data":{"value":"452"},"votes":2,"confidence":0.6666666666666666,"instances":[{"created":"2016-01-14T03:13:14Z","user_id":"567ac7e161383400030e0500","duration":4.118},{"created":"2016-01-14T04:48:09Z","user_id":"569726db6437650003120500","duration":1.92}]}],"region":{"x":423.03930964488364,"y":156.6279893899858,"width":122.95952252654064,"height":46.84201551850043,"label":"Record Number","shape":"rectangle"},"task_key":"em_record_number","instructions":{"mark":"Record Number","transcribe":"Enter the record number"}},{"id":"56b1761450617568bbce0000","status":"awaiting_votes","name":"Record Number","created_in_workflow":"transcribe","confidence":0.6666666666666666,"data":{"value":"530"},"versions":[{"data":{"value":"530"},"votes":2,"confidence":0.6666666666666666,"instances":[{"created":"2016-01-14T04:48:12Z","user_id":"569726db6437650003120500","duration":1.882},{"created":"2016-01-14T11:39:19Z","user_id":"569786c06133640003640900","duration":10.383}]},{"data":{"value":"530."},"votes":1,"confidence":0.3333333333333333,"instances":[{"created":"2016-01-14T03:13:20Z","user_id":"567ac7e161383400030e0500","duration":2.727}]}],"region":{"x":425.966917324087,"y":228.35482565268958,"width":108.32148413052386,"height":45.378202533547295,"label":"Record Number","shape":"rectangle"},"task_key":"em_record_number","instructions":{"mark":"Record Number","transcribe":"Enter the record number"}},{"id":"56b1761450617568bbcf0000","status":"awaiting_votes","name":"Record Number","created_in_workflow":"transcribe","confidence":0.3333333333333333,"data":{"value":"654. 655. 1111."},"versions":[{"data":{"value":"654. 655. 1111."},"votes":1,"confidence":0.3333333333333333,"instances":[{"created":"2016-01-14T03:13:39Z","user_id":"567ac7e161383400030e0500","duration":9.493}]},{"data":{"value":"654.655.1111"},"votes":1,"confidence":0.3333333333333333,"instances":[{"created":"2016-01-14T11:40:33Z","user_id":"569786c06133640003640900","duration":28.726}]},{"data":{"value":"654, 655, 1111."},"votes":1,"confidence":0.3333333333333333,"instances":[{"created":"2016-01-14T14:07:28Z","user_id":"5697aab96437650003ef0500","duration":11.469}]}],"region":{"x":428.89452500329037,"y":314.71979176492476,"width":182.9754799502092,"height":64.40777133793807,"label":"Record Number","shape":"rectangle"},"task_key":"em_record_number","instructions":{"mark":"Record Number","transcribe":"Enter the record number"}},{"id":"56b1761450617568bbd00000","status":"awaiting_transcriptions","name":"Record Number","created_in_workflow":"transcribe","confidence":0.6666666666666666,"data":{"value":"1101"},"versions":[{"data":{"value":"1101"},"votes":2,"confidence":0.6666666666666666,"instances":[{"created":"2016-01-14T04:28:38Z","user_id":"567ac7e161383400030e0500","duration":4.23},{"created":"2016-01-14T04:48:41Z","user_id":"569726db6437650003120500","duration":1.891}]}],"region":{"x":431.8221326824937,"y":758.2551262057256,"width":133.2061494037523,"height":40.98676357868783,"label":"Record Number","shape":"rectangle"},"task_key":"em_record_number","instructions":{"mark":"Record Number","transcribe":"Enter the record number"}},{"id":"56b1761450617568bbd10000","status":"awaiting_transcriptions","name":"Record Number","created_in_workflow":"transcribe","confidence":0.3333333333333333,"data":{"value":"283"},"versions":[{"data":{"value":"283"},"votes":1,"confidence":0.3333333333333333,"instances":[{"created":"2016-01-14T04:47:59Z","user_id":"569726db6437650003120500","duration":3.394}]},{"data":{"value":"B \u0026 M 2183"},"votes":1,"confidence":0.3333333333333333,"instances":[{"created":"2016-01-14T11:38:23Z","user_id":"569786c06133640003640900","duration":24.462}]}],"region":{"x":434.74974036169704,"y":80.5097141724226,"width":223.9619874590561,"height":65.87158432289124,"label":"Record Number","shape":"rectangle"},"task_key":"em_record_number","instructions":{"mark":"Record Number","transcribe":"Enter the record number"}},{"id":"56b1761450617568bbd20000","status":"awaiting_transcriptions","name":"Record Number","created_in_workflow":"transcribe","confidence":0.3333333333333333,"data":{"value":"527."},"versions":[{"data":{"value":"527."},"votes":1,"confidence":0.3333333333333333,"instances":[{"created":"2016-01-14T03:13:17Z","user_id":"567ac7e161383400030e0500","duration":3.486}]},{"data":{"value":"527"},"votes":1,"confidence":0.3333333333333333,"instances":[{"created":"2016-01-14T04:48:11Z","user_id":"569726db6437650003120500","duration":2.022}]}],"region":{"x":434.74974036169704,"y":191.75950102886114,"width":112.71289564932886,"height":46.84201551850043,"label":"Record Number","shape":"rectangle"},"task_key":"em_record_number","instructions":{"mark":"Record Number","transcribe":"Enter the record number"}},{"id":"56b1761450617568bbd30000","status":"awaiting_votes","name":"Record Number","created_in_workflow":"transcribe","confidence":0.3333333333333333,"data":{"value":"643. 644."},"versions":[{"data":{"value":"643. 644."},"votes":1,"confidence":0.3333333333333333,"instances":[{"created":"2016-01-14T03:13:29Z","user_id":"567ac7e161383400030e0500","duration":6.776}]},{"data":{"value":"603.604"},"votes":1,"confidence":0.3333333333333333,"instances":[{"created":"2016-01-14T11:40:03Z","user_id":"569786c06133640003640900","duration":15.127}]},{"data":{"value":"643, 644"},"votes":1,"confidence":0.3333333333333333,"instances":[{"created":"2016-01-14T14:07:17Z","user_id":"5697aab96437650003ef0500","duration":6.877}]}],"region":{"x":434.74974036169704,"y":285.443532065862,"width":147.8441877997691,"height":45.378202533547324,"label":"Record Number","shape":"rectangle"},"task_key":"em_record_number","instructions":{"mark":"Record Number","transcribe":"Enter the record number"}},{"id":"56b1761450617568bbd40000","status":"awaiting_transcriptions","name":"Record Number","created_in_workflow":"transcribe","confidence":0.3333333333333333,"data":{"value":"18"},"versions":[{"data":{"value":"18"},"votes":1,"confidence":0.3333333333333333,"instances":[{"created":"2016-01-14T04:47:51Z","user_id":"569726db6437650003120500","duration":5.605}]},{"data":{"value":"B\u0026M 18"},"votes":1,"confidence":0.3333333333333333,"instances":[{"created":"2016-01-14T11:37:59Z","user_id":"569786c06133640003640900","duration":16.862}]}],"region":{"x":436.2135442012987,"y":38.0591376087816,"width":182.97547995020926,"height":65.87158432289122,"label":"Record Number","shape":"rectangle"},"task_key":"em_record_number","instructions":{"mark":"Record Number","transcribe":"Enter the record number"}},{"id":"56b1761450617568bbd50000","status":"awaiting_votes","name":"Record Number","created_in_workflow":"transcribe","confidence":0.6666666666666666,"data":{"value":"608"},"versions":[{"data":{"value":"608"},"votes":2,"confidence":0.6666666666666666,"instances":[{"created":"2016-01-14T11:39:48Z","user_id":"569786c06133640003640900","duration":29.285},{"created":"2016-01-14T14:07:10Z","user_id":"5697aab96437650003ef0500","duration":13.387}]},{"data":{"value":"608."},"votes":1,"confidence":0.3333333333333333,"instances":[{"created":"2016-01-14T03:13:23Z","user_id":"567ac7e161383400030e0500","duration":2.43}]}],"region":{"x":439.14115188050204,"y":256.16727236679924,"width":80.50921117809202,"height":45.37820253354727,"label":"Record Number","shape":"rectangle"},"task_key":"em_record_number","instructions":{"mark":"Record Number","transcribe":"Enter the record number"}},{"id":"56b1761450617568bbd60000","status":"awaiting_votes","name":"Record Number","created_in_workflow":"transcribe","confidence":0.6666666666666666,"data":{"value":"825."},"versions":[{"data":{"value":"825."},"votes":2,"confidence":0.6666666666666666,"instances":[{"created":"2016-01-13T20:01:20Z","user_id":"569688a630643300036e0800","duration":5.178},{"created":"2016-01-14T03:13:52Z","user_id":"567ac7e161383400030e0500","duration":2.614}]},{"data":{"value":"825"},"votes":1,"confidence":0.3333333333333333,"instances":[{"created":"2016-01-14T14:13:37Z","user_id":"5697aab96437650003ef0500","duration":2.478}]}],"region":{"x":439.14115188050204,"y":425.96957862136327,"width":96.61105341371052,"height":38.05913760878161,"label":"Record Number","shape":"rectangle"},"task_key":"em_record_number","instructions":{"mark":"Record Number","transcribe":"Enter the record number"}},{"id":"56b1761450617568bbd70000","status":"awaiting_votes","name":"Record Number","created_in_workflow":"transcribe","confidence":0.6666666666666666,"data":{"value":"847. 848."},"versions":[{"data":{"value":"847. 848."},"votes":2,"confidence":0.6666666666666666,"instances":[{"created":"2016-01-13T20:01:30Z","user_id":"569688a630643300036e0800","duration":10.332},{"created":"2016-01-14T03:13:56Z","user_id":"567ac7e161383400030e0500","duration":4.142}]},{"data":{"value":"847, 848"},"votes":1,"confidence":0.3333333333333333,"instances":[{"created":"2016-01-14T14:13:41Z","user_id":"5697aab96437650003ef0500","duration":4.609}]}],"region":{"x":439.14115188050204,"y":453.7820253354729,"width":141.98897244136236,"height":54.161080443266144,"label":"Record Number","shape":"rectangle"},"task_key":"em_record_number","instructions":{"mark":"Record Number","transcribe":"Enter the record number"}},{"id":"56b1761450617568bbd80000","status":"awaiting_transcriptions","name":"Record Number","created_in_workflow":"transcribe","confidence":0.3333333333333333,"data":{"value":"1067."},"versions":[{"data":{"value":"1067."},"votes":1,"confidence":0.3333333333333333,"instances":[{"created":"2016-01-14T04:27:50Z","user_id":"567ac7e161383400030e0500","duration":3.734}]},{"data":{"value":"1067"},"votes":1,"confidence":0.3333333333333333,"instances":[{"created":"2016-01-14T04:48:37Z","user_id":"569726db6437650003120500","duration":2.287}]}],"region":{"x":439.14115188050204,"y":686.528289943022,"width":111.24909180972719,"height":52.69726745831292,"label":"Record Number","shape":"rectangle"},"task_key":"em_record_number","instructions":{"mark":"Record Number","transcribe":"Enter the record number"}},{"id":"56b1761450617568bbd90000","status":"awaiting_votes","name":"Record Number","created_in_workflow":"transcribe","confidence":0.6666666666666666,"data":{"value":"788."},"versions":[{"data":{"value":"788."},"votes":2,"confidence":0.6666666666666666,"instances":[{"created":"2016-01-13T20:01:07Z","user_id":"569688a630643300036e0800","duration":5.42},{"created":"2016-01-14T03:13:42Z","user_id":"567ac7e161383400030e0500","duration":3.134}]},{"data":{"value":"788"},"votes":1,"confidence":0.3333333333333333,"instances":[{"created":"2016-01-14T14:07:32Z","user_id":"5697aab96437650003ef0500","duration":4.107}]}],"region":{"x":440.60495572010376,"y":358.6341813135189,"width":124.42332636614225,"height":40.986763578687885,"label":"Record Number","shape":"rectangle"},"task_key":"em_record_number","instructions":{"mark":"Record Number","transcribe":"Enter the record number"}},{"id":"56b1761450617568bbda0000","status":"awaiting_transcriptions","name":"Record Number","created_in_workflow":"transcribe","confidence":0.3333333333333333,"data":{"value":"1273."},"versions":[{"data":{"value":"1273."},"votes":1,"confidence":0.3333333333333333,"instances":[{"created":"2016-01-14T04:28:45Z","user_id":"567ac7e161383400030e0500","duration":6.454}]},{"data":{"value":"1273"},"votes":1,"confidence":0.3333333333333333,"instances":[{"created":"2016-01-14T04:48:43Z","user_id":"569726db6437650003120500","duration":1.883}]}],"region":{"x":442.0687595597054,"y":786.0675729198354,"width":117.10430716813391,"height":51.23345447335976,"label":"Record Number","shape":"rectangle"},"task_key":"em_record_number","instructions":{"mark":"Record Number","transcribe":"Enter the record number"}},{"id":"56b1761450617568bbdb0000","status":"awaiting_transcriptions","name":"Record Number","created_in_workflow":"transcribe","confidence":0.3333333333333333,"data":{"value":"283"},"versions":[{"data":{"value":"283"},"votes":1,"confidence":0.3333333333333333,"instances":[{"created":"2016-01-14T04:48:01Z","user_id":"569726db6437650003120500","duration":2.491}]}],"region":{"x":444.99636723890876,"y":84.90115312728204,"width":225.42579129865766,"height":52.697267458312965,"label":"Record Number","shape":"rectangle"},"task_key":"em_record_number","instructions":{"mark":"Record Number","transcribe":"Enter the record number"}},{"id":"56b1761450617568bbdc0000","status":"awaiting_transcriptions","name":"Record Number","created_in_workflow":"transcribe","confidence":0.3333333333333333,"data":{"value":"1291."},"versions":[{"data":{"value":"1291."},"votes":1,"confidence":0.3333333333333333,"instances":[{"created":"2016-01-14T03:16:37Z","user_id":"567ac7e161383400030e0500","duration":4.479}]},{"data":{"value":"1291"},"votes":1,"confidence":0.3333333333333333,"instances":[{"created":"2016-01-14T04:48:47Z","user_id":"569726db6437650003120500","duration":2.302}]}],"region":{"x":444.99636723890876,"y":851.9391572427267,"width":89.29203421570213,"height":42.45057656364099,"label":"Record Number","shape":"rectangle"},"task_key":"em_record_number","instructions":{"mark":"Record Number","transcribe":"Enter the record number"}},{"id":"56b1761450617568bbdd0000","status":"awaiting_transcriptions","name":"Record Number","created_in_workflow":"transcribe","confidence":0.3333333333333333,"data":{"value":""},"versions":[{"data":{"value":""},"votes":1,"confidence":0.3333333333333333,"instances":[{"created":"2016-01-13T19:52:35Z","user_id":"569688a630643300036e0800","duration":7.286}]},{"data":{"value":"18"},"votes":1,"confidence":0.3333333333333333,"instances":[{"created":"2016-01-14T04:47:55Z","user_id":"569726db6437650003120500","duration":4.146}]}],"region":{"x":447.9239749181121,"y":40.98676357868788,"width":163.94603003538748,"height":58.55251939812553,"label":"Record Number","shape":"rectangle"},"task_key":"em_record_number","instructions":{"mark":"Record Number","transcribe":"Enter the record number"}},{"id":"56b1761450617568bbde0000","status":"awaiting_transcriptions","name":"Record Number","created_in_workflow":"transcribe","confidence":0.3333333333333333,"data":{"value":"1085."},"versions":[{"data":{"value":"1085."},"votes":1,"confidence":0.3333333333333333,"instances":[{"created":"2016-01-14T04:28:16Z","user_id":"567ac7e161383400030e0500","duration":4.631}]},{"data":{"value":"1085"},"votes":1,"confidence":0.3333333333333333,"instances":[{"created":"2016-01-14T04:48:39Z","user_id":"569726db6437650003120500","duration":1.78}]}],"region":{"x":447.9239749181121,"y":720.1959885969441,"width":111.24909180972725,"height":46.84201551850049,"label":"Record Number","shape":"rectangle"},"task_key":"em_record_number","instructions":{"mark":"Record Number","transcribe":"Enter the record number"}},{"id":"56b1761450617568bbdf0000","status":"awaiting_votes","name":"Record Number","created_in_workflow":"transcribe","confidence":0.6666666666666666,"data":{"value":"803. 804."},"versions":[{"data":{"value":"803. 804."},"votes":2,"confidence":0.6666666666666666,"instances":[{"created":"2016-01-13T20:01:15Z","user_id":"569688a630643300036e0800","duration":7.342},{"created":"2016-01-14T03:13:50Z","user_id":"567ac7e161383400030e0500","duration":7.51}]},{"data":{"value":"803, 804"},"votes":1,"confidence":0.3333333333333333,"instances":[{"created":"2016-01-14T14:13:34Z","user_id":"5697aab96437650003ef0500","duration":361.627}]}],"region":{"x":449.38777875771376,"y":382.0551890727691,"width":105.39387645132052,"height":54.161080443266144,"label":"Record Number","shape":"rectangle"},"task_key":"em_record_number","instructions":{"mark":"Record Number","transcribe":"Enter the record number"}},{"id":"56b1761450617568bbe00000","status":"awaiting_votes","name":"Record Number","created_in_workflow":"transcribe","confidence":0.6666666666666666,"data":{"value":"911"},"versions":[{"data":{"value":"911"},"votes":2,"confidence":0.6666666666666666,"instances":[{"created":"2016-01-14T14:13:43Z","user_id":"5697aab96437650003ef0500","duration":1.756},{"created":"2016-01-14T14:40:37Z","user_id":"5697b3406437650003450600","duration":12.973}]},{"data":{"value":"911."},"votes":1,"confidence":0.3333333333333333,"instances":[{"created":"2016-01-13T20:01:34Z","user_id":"569688a630643300036e0800","duration":3.476}]}],"region":{"x":452.31538643691715,"y":490.37734995930134,"width":99.5386610929138,"height":45.378202533547324,"label":"Record Number","shape":"rectangle"},"task_key":"em_record_number","instructions":{"mark":"Record Number","transcribe":"Enter the record number"}},{"id":"56b1761450617568bbe10000","status":"awaiting_transcriptions","name":"Record Number","created_in_workflow":"transcribe","confidence":0.3333333333333333,"data":{"value":"77."},"versions":[{"data":{"value":"77."},"votes":1,"confidence":0.3333333333333333,"instances":[{"created":"2016-01-14T03:16:32Z","user_id":"567ac7e161383400030e0500","duration":3.774}]},{"data":{"value":"77"},"votes":1,"confidence":0.3333333333333333,"instances":[{"created":"2016-01-14T04:48:45Z","user_id":"569726db6437650003120500","duration":1.795}]}],"region":{"x":452.31538643691715,"y":816.8076456038513,"width":89.29203421570207,"height":45.37820253354721,"label":"Record Number","shape":"rectangle"},"task_key":"em_record_number","instructions":{"mark":"Record Number","transcribe":"Enter the record number"}},{"id":"56b1761450617568bbe20000","status":"complete","name":"Record Number","created_in_workflow":"transcribe","confidence":1.0,"data":{"value":"1015"},"versions":[{"data":{"value":"1015"},"votes":3,"confidence":1.0,"instances":[{"created":"2016-01-13T20:01:51Z","user_id":"569688a630643300036e0800","duration":4.077},{"created":"2016-01-14T04:27:41Z","user_id":"567ac7e161383400030e0500","duration":4.239},{"created":"2016-01-14T04:48:33Z","user_id":"569726db6437650003120500","duration":1.812}]}],"region":{"x":453.7791902765188,"y":614.8014536803181,"width":95.1472495741088,"height":57.08870641317242,"label":"Record Number","shape":"rectangle"},"task_key":"em_record_number","instructions":{"mark":"Record Number","transcribe":"Enter the record number"}},{"id":"56b1761450617568bbe30000","status":"complete","name":"Record Number","created_in_workflow":"transcribe","confidence":1.0,"data":{"value":"1029"},"versions":[{"data":{"value":"1029"},"votes":3,"confidence":1.0,"instances":[{"created":"2016-01-13T20:01:54Z","user_id":"569688a630643300036e0800","duration":3.258},{"created":"2016-01-14T04:27:44Z","user_id":"567ac7e161383400030e0500","duration":2.286},{"created":"2016-01-14T04:48:35Z","user_id":"569726db6437650003120500","duration":1.968}]}],"region":{"x":453.7791902765188,"y":655.788217259006,"width":92.21964189490546,"height":45.37820253354721,"label":"Record Number","shape":"rectangle"},"task_key":"em_record_number","instructions":{"mark":"Record Number","transcribe":"Enter the record number"}},{"id":"56b1761450617568bbe40000","status":"awaiting_votes","name":"Record Number","created_in_workflow":"transcribe","confidence":0.6666666666666666,"data":{"value":"926"},"versions":[{"data":{"value":"926"},"votes":2,"confidence":0.6666666666666666,"instances":[{"created":"2016-01-14T14:13:44Z","user_id":"5697aab96437650003ef0500","duration":1.26},{"created":"2016-01-14T14:40:46Z","user_id":"5697b3406437650003450600","duration":9.231}]},{"data":{"value":"926."},"votes":1,"confidence":0.3333333333333333,"instances":[{"created":"2016-01-13T20:01:37Z","user_id":"569688a630643300036e0800","duration":3.833}]}],"region":{"x":459.6344056349255,"y":516.7259836884579,"width":92.21964189490546,"height":52.69726745831292,"label":"Record Number","shape":"rectangle"},"task_key":"em_record_number","instructions":{"mark":"Record Number","transcribe":"Enter the record number"}},{"id":"56b1761450617568bbe50000","status":"awaiting_transcriptions","name":"Record Number","created_in_workflow":"transcribe","confidence":0.3333333333333333,"data":{"value":"932."},"versions":[{"data":{"value":"932."},"votes":1,"confidence":0.3333333333333333,"instances":[{"created":"2016-01-13T20:01:42Z","user_id":"569688a630643300036e0800","duration":4.239}]},{"data":{"value":"932"},"votes":1,"confidence":0.3333333333333333,"instances":[{"created":"2016-01-14T14:13:46Z","user_id":"5697aab96437650003ef0500","duration":1.616}]}],"region":{"x":462.5620133141288,"y":554.7851212972395,"width":84.90062269689707,"height":48.30582850345354,"label":"Record Number","shape":"rectangle"},"task_key":"em_record_number","instructions":{"mark":"Record Number","transcribe":"Enter the record number"}},{"id":"56b1761450617568bbe60000","status":"awaiting_transcriptions","name":"Record Number","created_in_workflow":"transcribe","confidence":0.3333333333333333,"data":{"value":"948."},"versions":[{"data":{"value":"948."},"votes":1,"confidence":0.3333333333333333,"instances":[{"created":"2016-01-13T20:01:47Z","user_id":"569688a630643300036e0800","duration":4.856}]},{"data":{"value":"948"},"votes":1,"confidence":0.3333333333333333,"instances":[{"created":"2016-01-14T04:48:31Z","user_id":"569726db6437650003120500","duration":2.961}]}],"region":{"x":465.4896209933322,"y":592.8442589060211,"width":87.82823037610035,"height":45.37820253354721,"label":"Record Number","shape":"rectangle"},"task_key":"em_record_number","instructions":{"mark":"Record Number","transcribe":"Enter the record number"}},{"id":"56b1761450617568bbe70000","status":"awaiting_transcriptions","name":"Record Number","created_in_workflow":"transcribe","confidence":0.3333333333333333,"data":{"value":"1300."},"versions":[{"data":{"value":"1300."},"votes":1,"confidence":0.3333333333333333,"instances":[{"created":"2016-01-14T03:16:39Z","user_id":"567ac7e161383400030e0500","duration":2.279}]},{"data":{"value":"1300"},"votes":1,"confidence":0.3333333333333333,"instances":[{"created":"2016-01-14T04:48:49Z","user_id":"569726db6437650003120500","duration":2.059}]}],"region":{"x":553.3178513694326,"y":917.8107415656177,"width":106.85768029092219,"height":48.305828503453654,"label":"Record Number","shape":"rectangle"},"task_key":"em_record_number","instructions":{"mark":"Record Number","transcribe":"Enter the record number"}},{"id":"56b1761450617568bbe80000","status":"awaiting_transcriptions","name":"Mortgager","created_in_workflow":"transcribe","confidence":0.3333333333333333,"data":{"value":"Gildersleeve  G. M."},"versions":[{"data":{"value":"Gildersleeve  G. M."},"votes":1,"confidence":0.3333333333333333,"instances":[{"created":"2016-01-13T19:55:25Z","user_id":"569688a630643300036e0800","duration":31.726}]},{"data":{"value":"Gildersheeve G. M."},"votes":1,"confidence":0.3333333333333333,"instances":[{"created":"2016-01-14T04:25:31Z","user_id":"567ac7e161383400030e0500","duration":27.903}]}],"region":{"x":109.78528797012551,"y":733.3703054615223,"width":311.79021783515645,"height":70.26302327775068,"label":"Mortgager Name","shape":"rectangle"},"task_key":"em_record_mortgager","instructions":{"mark":"Mortgager Name","transcribe":"Enter the mortgager's name"}},{"id":"56b1761450617568bbe90000","status":"awaiting_votes","name":"Mortgager","created_in_workflow":"transcribe","confidence":0.3333333333333333,"data":{"value":"Gardner  Eliza"},"versions":[{"data":{"value":"Gardner  Eliza"},"votes":1,"confidence":0.3333333333333333,"instances":[{"created":"2016-01-13T19:54:53Z","user_id":"569688a630643300036e0800","duration":17.874}]},{"data":{"value":"Gardner Eliza"},"votes":1,"confidence":0.3333333333333333,"instances":[{"created":"2016-01-14T03:13:10Z","user_id":"567ac7e161383400030e0500","duration":16.046}]},{"data":{"value":"Gardner, Eliza"},"votes":1,"confidence":0.3333333333333333,"instances":[{"created":"2016-01-14T11:42:31Z","user_id":"569786c06133640003640900","duration":32.182}]}],"region":{"x":115.6405033285322,"y":712.8769236721783,"width":247.38284889268283,"height":51.23345447335987,"label":"Mortgager Name","shape":"rectangle"},"task_key":"em_record_mortgager","instructions":{"mark":"Mortgager Name","transcribe":"Enter the mortgager's name"}},{"id":"56b1761450617568bbea0000","status":"awaiting_transcriptions","name":"Mortgager","created_in_workflow":"transcribe","confidence":0.3333333333333333,"data":{"value":"Grady, Catharine"},"versions":[{"data":{"value":"Grady, Catharine"},"votes":1,"confidence":0.3333333333333333,"instances":[{"created":"2016-01-13T19:55:35Z","user_id":"569688a630643300036e0800","duration":10.211}]},{"data":{"value":"Grady, E. Marine"},"votes":1,"confidence":0.3333333333333333,"instances":[{"created":"2016-01-14T04:27:21Z","user_id":"567ac7e161383400030e0500","duration":109.613}]}],"region":{"x":118.56811100773555,"y":775.8208820251633,"width":300.0797871183431,"height":57.08870641317242,"label":"Mortgager Name","shape":"rectangle"},"task_key":"em_record_mortgager","instructions":{"mark":"Mortgager Name","transcribe":"Enter the mortgager's name"}},{"id":"56b1761450617568bbeb0000","status":"awaiting_votes","name":"Mortgager","created_in_workflow":"transcribe","confidence":0.3333333333333333,"data":{"value":"Guenard  Aug."},"versions":[{"data":{"value":"Guenard  Aug."},"votes":1,"confidence":0.3333333333333333,"instances":[{"created":"2016-01-13T19:54:35Z","user_id":"569688a630643300036e0800","duration":51.842}]},{"data":{"value":"Guenard Amy"},"votes":1,"confidence":0.3333333333333333,"instances":[{"created":"2016-01-14T03:12:54Z","user_id":"567ac7e161383400030e0500","duration":12.063}]},{"data":{"value":"Guenard, Amy"},"votes":1,"confidence":0.3333333333333333,"instances":[{"created":"2016-01-14T11:41:59Z","user_id":"569786c06133640003640900","duration":31.982}]}],"region":{"x":118.5681110077356,"y":679.2092250182561,"width":242.99143737387783,"height":55.62489342821934,"label":"Mortgager Name","shape":"rectangle"},"task_key":"em_record_mortgager","instructions":{"mark":"Mortgager Name","transcribe":"Enter the mortgager's name"}},{"id":"56b1761450617568bbec0000","status":"awaiting_transcriptions","name":"Mortgager","created_in_workflow":"transcribe","confidence":0.3333333333333333,"data":{"value":"Gay,  H.S."},"versions":[{"data":{"value":"Gay,  H.S."},"votes":1,"confidence":0.3333333333333333,"instances":[{"created":"2016-01-13T19:48:32Z","user_id":"569688a630643300036e0800","duration":12.445}]},{"data":{"value":"Say, H.S."},"votes":1,"confidence":0.3333333333333333,"instances":[{"created":"2016-01-14T14:11:05Z","user_id":"568ac34a3237350003b80500","duration":4.406}]}],"region":{"x":120.03191484733723,"y":156.6279893899858,"width":279.58653336391967,"height":49.769641488406705,"label":"Mortgager Name","shape":"rectangle"},"task_key":"em_record_mortgager","instructions":{"mark":"Mortgager Name","transcribe":"Enter the mortgager's name"}},{"id":"56b1761450617568bbed0000","status":"awaiting_votes","name":"Mortgager","created_in_workflow":"transcribe","confidence":0.3333333333333333,"data":{"value":"Goodwin Charlotte E."},"versions":[{"data":{"value":"Goodwin Charlotte E."},"votes":1,"confidence":0.3333333333333333,"instances":[{"created":"2016-01-14T03:10:07Z","user_id":"567ac7e161383400030e0500","duration":7.633}]},{"data":{"value":"Charlotte E. Goodwin"},"votes":1,"confidence":0.3333333333333333,"instances":[{"created":"2016-01-14T04:47:45Z","user_id":"569726db6437650003120500","duration":6.333}]},{"data":{"value":"Goodwin, Charlotte E"},"votes":1,"confidence":0.3333333333333333,"instances":[{"created":"2016-01-14T14:11:29Z","user_id":"568ac34a3237350003b80500","duration":4.573}]}],"region":{"x":120.03191484733723,"y":487.44972398939507,"width":300.07978711834306,"height":51.233454473359814,"label":"Mortgager Name","shape":"rectangle"},"task_key":"em_record_mortgager","instructions":{"mark":"Mortgager Name","transcribe":"Enter the mortgager's name"}},{"id":"56b1761450617568bbee0000","status":"awaiting_transcriptions","name":"Mortgager","created_in_workflow":"transcribe","confidence":0.3333333333333333,"data":{"value":"Geideman,  H H."},"versions":[{"data":{"value":"Geideman,  H H."},"votes":1,"confidence":0.3333333333333333,"instances":[{"created":"2016-01-13T20:00:01Z","user_id":"569688a630643300036e0800","duration":265.676}]},{"data":{"value":"Geiderman H.J."},"votes":1,"confidence":0.3333333333333333,"instances":[{"created":"2016-01-14T04:27:32Z","user_id":"567ac7e161383400030e0500","duration":11.294}]}],"region":{"x":122.95952252654058,"y":810.9523936640383,"width":291.296964080733,"height":49.76964148840668,"label":"Mortgager Name","shape":"rectangle"},"task_key":"em_record_mortgager","instructions":{"mark":"Mortgager Name","transcribe":"Enter the mortgager's name"}},{"id":"56b1761450617568bbef0000","status":"awaiting_votes","name":"Mortgager","created_in_workflow":"transcribe","confidence":0.3333333333333333,"data":{"value":"Gafney  John H."},"versions":[{"data":{"value":"Gafney  John H."},"votes":1,"confidence":0.3333333333333333,"instances":[{"created":"2016-01-13T19:53:43Z","user_id":"569688a630643300036e0800","duration":28.289}]},{"data":{"value":"Gafney John H."},"votes":1,"confidence":0.3333333333333333,"instances":[{"created":"2016-01-14T03:12:42Z","user_id":"567ac7e161383400030e0500","duration":87.679}]},{"data":{"value":"Sydney John Ob "},"votes":1,"confidence":0.3333333333333333,"instances":[{"created":"2016-01-14T11:41:27Z","user_id":"569786c06133640003640900","duration":55.173}]}],"region":{"x":124.42332636614225,"y":645.541526364334,"width":263.4846911283012,"height":57.08870641317242,"label":"Mortgager Name","shape":"rectangle"},"task_key":"em_record_mortgager","instructions":{"mark":"Mortgager Name","transcribe":"Enter the mortgager's name"}},{"id":"56b1761450617568bbf00000","status":"awaiting_transcriptions","name":"Mortgager","created_in_workflow":"transcribe","confidence":0.3333333333333333,"data":{"value":"Graham,  Cha.s, John \u0026 Thomas."},"versions":[{"data":{"value":"Graham,  Cha.s, John \u0026 Thomas."},"votes":1,"confidence":0.3333333333333333,"instances":[{"created":"2016-01-13T20:01:02Z","user_id":"569688a630643300036e0800","duration":36.359}]},{"data":{"value":"Charles, John \u0026 Thomas Graham"},"votes":1,"confidence":0.3333333333333333,"instances":[{"created":"2016-01-14T04:48:28Z","user_id":"569726db6437650003120500","duration":10.218}]}],"region":{"x":124.42332636614225,"y":898.781172761227,"width":417.184094286477,"height":70.26302327775056,"label":"Mortgager Name","shape":"rectangle"},"task_key":"em_record_mortgager","instructions":{"mark":"Mortgager Name","transcribe":"Enter the mortgager's name"}},{"id":"56b1761450617568bbf10000","status":"awaiting_transcriptions","name":"Mortgager","created_in_workflow":"transcribe","confidence":0.3333333333333333,"data":{"value":"Geaghan Darby"},"versions":[{"data":{"value":"Geaghan Darby"},"votes":1,"confidence":0.3333333333333333,"instances":[{"created":"2016-01-14T03:10:55Z","user_id":"567ac7e161383400030e0500","duration":7.408}]},{"data":{"value":"Geaghan, Darby"},"votes":1,"confidence":0.3333333333333333,"instances":[{"created":"2016-01-14T14:11:39Z","user_id":"568ac34a3237350003b80500","duration":4.774}]}],"region":{"x":125.88713020574393,"y":551.8574953273331,"width":288.36935640152967,"height":48.305828503453654,"label":"Mortgager Name","shape":"rectangle"},"task_key":"em_record_mortgager","instructions":{"mark":"Mortgager Name","transcribe":"Enter the mortgager's name"}},{"id":"56b1761450617568bbf20000","status":"awaiting_votes","name":"Mortgager","created_in_workflow":"transcribe","confidence":0.3333333333333333,"data":{"value":"Golden, Charles"},"versions":[{"data":{"value":"Golden, Charles"},"votes":1,"confidence":0.3333333333333333,"instances":[{"created":"2016-01-13T20:00:25Z","user_id":"569688a630643300036e0800","duration":24.913}]},{"data":{"value":"Golden Charles."},"votes":1,"confidence":0.3333333333333333,"instances":[{"created":"2016-01-14T04:27:37Z","user_id":"567ac7e161383400030e0500","duration":4.966}]},{"data":{"value":"Charles Golden"},"votes":1,"confidence":0.3333333333333333,"instances":[{"created":"2016-01-14T04:48:18Z","user_id":"569726db6437650003120500","duration":5.675}]}],"region":{"x":125.88713020574393,"y":840.2286533631014,"width":275.1951218451146,"height":54.16108044326609,"label":"Mortgager Name","shape":"rectangle"},"task_key":"em_record_mortgager","instructions":{"mark":"Mortgager Name","transcribe":"Enter the mortgager's name"}},{"id":"56b1761450617568bbf30000","status":"awaiting_transcriptions","name":"Mortgager","created_in_workflow":"transcribe","confidence":0.3333333333333333,"data":{"value":"Giraty Helen"},"versions":[{"data":{"value":"Giraty Helen"},"votes":1,"confidence":0.3333333333333333,"instances":[{"created":"2016-01-14T03:10:48Z","user_id":"567ac7e161383400030e0500","duration":40.924}]},{"data":{"value":"Geraty, Helen"},"votes":1,"confidence":0.3333333333333333,"instances":[{"created":"2016-01-14T14:11:35Z","user_id":"568ac34a3237350003b80500","duration":5.341}]}],"region":{"x":127.35093404534558,"y":518.1897966734109,"width":300.0797871183432,"height":51.233454473359814,"label":"Mortgager Name","shape":"rectangle"},"task_key":"em_record_mortgager","instructions":{"mark":"Mortgager Name","transcribe":"Enter the mortgager's name"}},{"id":"56b1761450617568bbf40000","status":"awaiting_transcriptions","name":"Mortgager","created_in_workflow":"transcribe","confidence":0.3333333333333333,"data":{"value":"Gearty Thomas"},"versions":[{"data":{"value":"Gearty Thomas"},"votes":1,"confidence":0.3333333333333333,"instances":[{"created":"2016-01-14T04:24:42Z","user_id":"567ac7e161383400030e0500","duration":5.295}]},{"data":{"value":"Thomas Gearty"},"votes":1,"confidence":0.3333333333333333,"instances":[{"created":"2016-01-14T04:46:57Z","user_id":"569726db6437650003120500","duration":4.559}]}],"region":{"x":127.3509340453456,"y":283.97971908090886,"width":279.58653336391967,"height":46.84201551850043,"label":"Mortgager Name","shape":"rectangle"},"task_key":"em_record_mortgager","instructions":{"mark":"Mortgager Name","transcribe":"Enter the mortgager's name"}},{"id":"56b1761450617568bbf50000","status":"awaiting_votes","name":"Mortgager","created_in_workflow":"transcribe","confidence":0.3333333333333333,"data":{"value":"Gamron John"},"versions":[{"data":{"value":"Gamron John"},"votes":1,"confidence":0.3333333333333333,"instances":[{"created":"2016-01-14T03:09:59Z","user_id":"567ac7e161383400030e0500","duration":40.291}]},{"data":{"value":"John Gannon"},"votes":1,"confidence":0.3333333333333333,"instances":[{"created":"2016-01-14T04:47:39Z","user_id":"569726db6437650003120500","duration":4.85}]},{"data":{"value":"Gamron, John"},"votes":1,"confidence":0.3333333333333333,"instances":[{"created":"2016-01-14T14:11:25Z","user_id":"568ac34a3237350003b80500","duration":14.517}]}],"region":{"x":127.3509340453456,"y":450.8543993655666,"width":289.8331602411314,"height":52.69726745831298,"label":"Mortgager Name","shape":"rectangle"},"task_key":"em_record_mortgager","instructions":{"mark":"Mortgager Name","transcribe":"Enter the mortgager's name"}},{"id":"56b1761450617568bbf60000","status":"awaiting_transcriptions","name":"Mortgager","created_in_workflow":"transcribe","confidence":0.3333333333333333,"data":{"value":"Gillespie  Peter"},"versions":[{"data":{"value":"Gillespie  Peter"},"votes":1,"confidence":0.3333333333333333,"instances":[{"created":"2016-01-13T19:48:09Z","user_id":"569688a630643300036e0800","duration":17.297}]},{"data":{"value":"Gillespie, Peter"},"votes":1,"confidence":0.3333333333333333,"instances":[{"created":"2016-01-14T14:11:01Z","user_id":"568ac34a3237350003b80500","duration":4.71}]}],"region":{"x":128.81473788494728,"y":112.71359984139166,"width":272.2675141659113,"height":60.01633238307868,"label":"Mortgager Name","shape":"rectangle"},"task_key":"em_record_mortgager","instructions":{"mark":"Mortgager Name","transcribe":"Enter the mortgager's name"}},{"id":"56b1761450617568bbf70000","status":"awaiting_transcriptions","name":"Mortgager","created_in_workflow":"transcribe","confidence":0.3333333333333333,"data":{"value":"Glaze   Geo. H."},"versions":[{"data":{"value":"Glaze   Geo. H."},"votes":1,"confidence":0.3333333333333333,"instances":[{"created":"2016-01-13T19:48:45Z","user_id":"569688a630643300036e0800","duration":13.106}]},{"data":{"value":"George H. Slage"},"votes":1,"confidence":0.3333333333333333,"instances":[{"created":"2016-01-14T04:46:38Z","user_id":"569726db6437650003120500","duration":10.362}]}],"region":{"x":128.81473788494728,"y":187.36806207400173,"width":276.65892568471634,"height":55.62489342821925,"label":"Mortgager Name","shape":"rectangle"},"task_key":"em_record_mortgager","instructions":{"mark":"Mortgager Name","transcribe":"Enter the mortgager's name"}},{"id":"56b1761450617568bbf80000","status":"awaiting_votes","name":"Mortgager","created_in_workflow":"transcribe","confidence":0.3333333333333333,"data":{"value":"Gottlieb  Regina"},"versions":[{"data":{"value":"Gottlieb  Regina"},"votes":1,"confidence":0.3333333333333333,"instances":[{"created":"2016-01-13T19:50:34Z","user_id":"569688a630643300036e0800","duration":26.506}]},{"data":{"value":"Gottlieb Regina"},"votes":1,"confidence":0.3333333333333333,"instances":[{"created":"2016-01-14T04:24:32Z","user_id":"567ac7e161383400030e0500","duration":8.783}]},{"data":{"value":"Regina Gottlieb"},"votes":1,"confidence":0.3333333333333333,"instances":[{"created":"2016-01-14T04:46:47Z","user_id":"569726db6437650003120500","duration":8.577}]}],"region":{"x":128.81473788494728,"y":221.0357607279239,"width":281.0503372035213,"height":49.769641488406705,"label":"Mortgager Name","shape":"rectangle"},"task_key":"em_record_mortgager","instructions":{"mark":"Mortgager Name","transcribe":"Enter the mortgager's name"}},{"id":"56b1761450617568bbf90000","status":"awaiting_transcriptions","name":"Mortgager","created_in_workflow":"transcribe","confidence":0.3333333333333333,"data":{"value":"Geraghty  Pat.'"},"versions":[{"data":{"value":"Geraghty  Pat.'"},"votes":1,"confidence":0.3333333333333333,"instances":[{"created":"2016-01-13T19:53:15Z","user_id":"569688a630643300036e0800","duration":39.879}]},{"data":{"value":"Geraghty Pat:"},"votes":1,"confidence":0.3333333333333333,"instances":[{"created":"2016-01-14T03:11:14Z","user_id":"567ac7e161383400030e0500","duration":15.599}]}],"region":{"x":130.27854172454894,"y":613.3376406953649,"width":257.6294757698945,"height":49.769641488406705,"label":"Mortgager Name","shape":"rectangle"},"task_key":"em_record_mortgager","instructions":{"mark":"Mortgager Name","transcribe":"Enter the mortgager's name"}},{"id":"56b1761450617568bbfa0000","status":"awaiting_votes","name":"Mortgager","created_in_workflow":"transcribe","confidence":0.3333333333333333,"data":{"value":"Givin  Bridget"},"versions":[{"data":{"value":"Givin  Bridget"},"votes":1,"confidence":0.3333333333333333,"instances":[{"created":"2016-01-13T19:51:16Z","user_id":"569688a630643300036e0800","duration":42.804}]},{"data":{"value":"Givin Bridget"},"votes":1,"confidence":0.3333333333333333,"instances":[{"created":"2016-01-14T04:24:37Z","user_id":"567ac7e161383400030e0500","duration":5.015}]},{"data":{"value":"Bridget Givin"},"votes":1,"confidence":0.3333333333333333,"instances":[{"created":"2016-01-14T04:46:52Z","user_id":"569726db6437650003120500","duration":5.492}]}],"region":{"x":131.7423455641506,"y":253.23964639689294,"width":276.65892568471634,"height":48.30582850345357,"label":"Mortgager Name","shape":"rectangle"},"task_key":"em_record_mortgager","instructions":{"mark":"Mortgager Name","transcribe":"Enter the mortgager's name"}},{"id":"56b1761450617568bbfb0000","status":"awaiting_transcriptions","name":"Mortgager","created_in_workflow":"transcribe","confidence":0.3333333333333333,"data":{"value":"Gounoud Ja.s"},"versions":[{"data":{"value":"Gounoud Ja.s"},"votes":1,"confidence":0.3333333333333333,"instances":[{"created":"2016-01-14T04:24:52Z","user_id":"567ac7e161383400030e0500","duration":9.487}]},{"data":{"value":"James Gounoud"},"votes":1,"confidence":0.3333333333333333,"instances":[{"created":"2016-01-14T04:47:06Z","user_id":"569726db6437650003120500","duration":8.933}]}],"region":{"x":131.7423455641506,"y":314.71979176492476,"width":266.4122988075046,"height":49.769641488406705,"label":"Mortgager Name","shape":"rectangle"},"task_key":"em_record_mortgager","instructions":{"mark":"Mortgager Name","transcribe":"Enter the mortgager's name"}},{"id":"56b1761450617568bbfc0000","status":"awaiting_votes","name":"Mortgager","created_in_workflow":"transcribe","confidence":0.6666666666666666,"data":{"value":"Grant John"},"versions":[{"data":{"value":"Grant John"},"votes":2,"confidence":0.6666666666666666,"instances":[{"created":"2016-01-14T03:10:58Z","user_id":"567ac7e161383400030e0500","duration":3.487},{"created":"2016-01-14T15:27:26Z","user_id":"5697bba16133640003130a00","duration":30.97}]},{"data":{"value":"John Grant"},"votes":1,"confidence":0.3333333333333333,"instances":[{"created":"2016-01-14T14:45:09Z","user_id":"5697b3406437650003450600","duration":11.777}]}],"region":{"x":131.7423455641506,"y":581.133755026396,"width":257.6294757698945,"height":43.91438954859416,"label":"Mortgager Name","shape":"rectangle"},"task_key":"em_record_mortgager","instructions":{"mark":"Mortgager Name","transcribe":"Enter the mortgager's name"}},{"id":"56b1761450617568bbfd0000","status":"awaiting_transcriptions","name":"Mortgager","created_in_workflow":"transcribe","confidence":0.3333333333333333,"data":{"value":"Gerraghty M.a"},"versions":[{"data":{"value":"Gerraghty M.a"},"votes":1,"confidence":0.3333333333333333,"instances":[{"created":"2016-01-14T04:24:59Z","user_id":"567ac7e161383400030e0500","duration":6.975}]},{"data":{"value":"M. Gerraghty"},"votes":1,"confidence":0.3333333333333333,"instances":[{"created":"2016-01-14T04:47:20Z","user_id":"569726db6437650003120500","duration":14.837}]}],"region":{"x":133.2061494037523,"y":349.8513034038001,"width":266.41229880750456,"height":48.30582850345354,"label":"Mortgager Name","shape":"rectangle"},"task_key":"em_record_mortgager","instructions":{"mark":"Mortgager Name","transcribe":"Enter the mortgager's name"}},{"id":"56b1761450617568bbfe0000","status":"awaiting_transcriptions","name":"Mortgager","created_in_workflow":"transcribe","confidence":0.3333333333333333,"data":{"value":"Gibson  Jas."},"versions":[{"data":{"value":"Gibson  Jas."},"votes":1,"confidence":0.3333333333333333,"instances":[{"created":"2016-01-13T19:47:51Z","user_id":"569688a630643300036e0800","duration":12.18}]},{"data":{"value":"Gibson, James"},"votes":1,"confidence":0.3333333333333333,"instances":[{"created":"2016-01-14T14:10:56Z","user_id":"568ac34a3237350003b80500","duration":39.406}]}],"region":{"x":137.5975609225573,"y":76.1182752175632,"width":269.33990648670795,"height":61.48014536803183,"label":"Mortgager Name","shape":"rectangle"},"task_key":"em_record_mortgager","instructions":{"mark":"Mortgager Name","transcribe":"Enter the mortgager's name"}},{"id":"56b1761450617568bbff0000","status":"awaiting_transcriptions","name":"Mortgager","created_in_workflow":"transcribe","confidence":0.3333333333333333,"data":{"value":"Gallagher Mary"},"versions":[{"data":{"value":"Gallagher Mary"},"votes":1,"confidence":0.3333333333333333,"instances":[{"created":"2016-01-14T04:25:03Z","user_id":"567ac7e161383400030e0500","duration":4.559}]},{"data":{"value":"Mary Gallagher"},"votes":1,"confidence":0.3333333333333333,"instances":[{"created":"2016-01-14T04:47:27Z","user_id":"569726db6437650003120500","duration":6.407}]}],"region":{"x":140.52516860176067,"y":376.19993713295656,"width":266.4122988075046,"height":54.161080443266144,"label":"Mortgager Name","shape":"rectangle"},"task_key":"em_record_mortgager","instructions":{"mark":"Mortgager Name","transcribe":"Enter the mortgager's name"}},{"id":"56b1761450617568bb000100","status":"awaiting_votes","name":"Mortgager","created_in_workflow":"transcribe","confidence":0.3333333333333333,"data":{"value":"Guggin David"},"versions":[{"data":{"value":"Guggin David"},"votes":1,"confidence":0.3333333333333333,"instances":[{"created":"2016-01-14T03:09:19Z","user_id":"567ac7e161383400030e0500","duration":35.478}]},{"data":{"value":"David Goggin"},"votes":1,"confidence":0.3333333333333333,"instances":[{"created":"2016-01-14T04:47:34Z","user_id":"569726db6437650003120500","duration":7.353}]},{"data":{"value":"Suggin, David"},"votes":1,"confidence":0.3333333333333333,"instances":[{"created":"2016-01-14T14:11:10Z","user_id":"568ac34a3237350003b80500","duration":4.91}]}],"region":{"x":140.52516860176067,"y":417.18670071164445,"width":267.8761026471062,"height":54.16108044326609,"label":"Mortgager Name","shape":"rectangle"},"task_key":"em_record_mortgager","instructions":{"mark":"Mortgager Name","transcribe":"Enter the mortgager's name"}},{"id":"56b1761450617568bb010100","status":"awaiting_transcriptions","name":"Mortgager","created_in_workflow":"transcribe","confidence":0.3333333333333333,"data":{"value":"Gilbert, J.W."},"versions":[{"data":{"value":"Gilbert, J.W."},"votes":1,"confidence":0.3333333333333333,"instances":[{"created":"2016-01-13T19:47:39Z","user_id":"569688a630643300036e0800","duration":190.924}]},{"data":{"value":"Gilbert, J. W."},"votes":1,"confidence":0.3333333333333333,"instances":[{"created":"2016-01-14T03:05:33Z","user_id":"567ac7e161383400030e0500","duration":11.974}]}],"region":{"x":146.38038396016736,"y":43.91438954859415,"width":286.905552561928,"height":60.01633238307867,"label":"Mortgager Name","shape":"rectangle"},"task_key":"em_record_mortgager","instructions":{"mark":"Mortgager Name","transcribe":"Enter the mortgager's name"}}]}]}