{"id":"56b100467061755afb510a00","meta_data":{"capture_uuid":"e1736ff0-00b1-0133-9474-58d385a7bbd0","page_uri":"http://digitalcollections.nypl.org/items/e1736ff0-00b1-0133-9474-58d385a7bbd0","book_uri":"http://digitalcollections.nypl.org/items/df712aa0-00b1-0133-fbd7-58d385a7bbd0","source_rotated":"1.03502","source_x":"1220.09","source_y":"966.79","source_w":"1375.91","source_h":"1090.21"},"type":"final_subject_set","search_terms_by_field":{"Record Number":["343"],"Mortgager":["Sarah C. H. Waldo"],"Street Address":["No. 69 Washington Square on W. 4th St."],"Record Date":["1868 July 24"],"Valuation Date":["1879 November"],"Land \u0026 Building Value":[],"Total Value":["$30,000."],"Amount Loaned":["$20,000"]},"subjects":[{"id":"56b1769150617568bb7c0900","type":"root","location":{"standard":"https://s3.amazonaws.com/scribe.nypl.org/emigrant-s4/full/e1736ff0-00b1-0133-9474-58d385a7bbd0.right-bottom.jpg","thumbnail":"https://s3.amazonaws.com/scribe.nypl.org/emigrant-s4/thumb/e1736ff0-00b1-0133-9474-58d385a7bbd0.right-bottom.jpg"},"status":"retired","width":1375,"height":1090,"meta_data":{"capture_uuid":"e1736ff0-00b1-0133-9474-58d385a7bbd0","page_uri":"http://digitalcollections.nypl.org/items/e1736ff0-00b1-0133-9474-58d385a7bbd0","book_uri":"http://digitalcollections.nypl.org/items/df712aa0-00b1-0133-fbd7-58d385a7bbd0","source_rotated":"1.03502","source_x":"1220.09","source_y":"966.79","source_w":"1375.91","source_h":"1090.21"},"assertions":[{"id":"56b1769150617568bb7d0900","status":"complete","name":"Record Number","created_in_workflow":"transcribe","confidence":1.0,"data":{"value":"343"},"versions":[{"data":{"value":"343"},"votes":3,"confidence":1.0,"instances":[{"created":"2016-01-11T19:00:51Z","user_id":"5693fa763166380003400300","duration":5.994},{"created":"2016-01-11T20:47:38Z","user_id":"569414553166380003660500","duration":2.472},{"created":"2016-01-11T21:57:51Z","user_id":"564b62033863320003ba0500","duration":2.543}]}],"region":{"x":922.571853320119,"y":40.88181197184345,"width":166.2537165510406,"height":57.23453676058084,"label":"Record Number","shape":"rectangle"},"task_key":"em_record_number","instructions":{"mark":"Record Number","transcribe":"Enter the record number"}},{"id":"56b1769150617568bb7e0900","status":"complete","name":"Mortgager","created_in_workflow":"transcribe","confidence":1.0,"data":{"value":"Sarah C. H. Waldo"},"versions":[{"data":{"value":"Sarah C. H. Waldo"},"votes":3,"confidence":1.0,"instances":[{"created":"2016-01-11T18:30:02Z","user_id":"5693ee7e3637360003b10600","duration":12.609},{"created":"2016-01-11T19:02:11Z","user_id":"5693fa763166380003400300","duration":15.206},{"created":"2016-01-11T20:48:27Z","user_id":"569414553166380003660500","duration":9.252}]}],"region":{"x":505.57482656095146,"y":521.924466173868,"width":392.4677898909812,"height":59.959990892037126,"label":"Mortgager Name","shape":"rectangle"},"task_key":"em_record_mortgager","instructions":{"mark":"Mortgager Name","transcribe":"Enter the mortgager's name"}},{"id":"56b1769150617568bb7f0900","status":"awaiting_transcriptions","name":"Street Address","created_in_workflow":"transcribe","confidence":0.3333333333333333,"data":{"value":"No. 69 Washington Square on W. 4th St."},"versions":[{"data":{"value":"No. 69 Washington Square on W. 4th St."},"votes":1,"confidence":0.3333333333333333,"instances":[{"created":"2016-01-11T19:02:44Z","user_id":"5693fa763166380003400300","duration":32.969}]},{"data":{"value":"No. 69 Washington Square va W. 4th St."},"votes":1,"confidence":0.3333333333333333,"instances":[{"created":"2016-01-11T20:48:36Z","user_id":"569414553166380003660500","duration":9.039}]}],"region":{"x":489.2220019821606,"y":566.8944593428959,"width":595.5153617443012,"height":46.332720234755925,"label":"Street Address","shape":"rectangle"},"task_key":"em_record_street_address","instructions":{"mark":"Street Address","transcribe":"Enter the street address"}},{"id":"56b1769150617568bb800900","status":"retired","name":null,"created_in_workflow":"mark","confidence":1.0,"data":{"belongsToUser":"true","toolName":"rectangleTool","userCreated":"true","subToolIndex":"6","color":"purple","isTranscribable":"true","x":"481.04558969276513","y":"609.1389983804675","width":"786.2983151635278","height":"72.22453448359003","_key":"0.4286846356613805","status":"mark","isUncommitted":"true"},"versions":null,"region":{"x":481.04558969276513,"y":609.1389983804675,"width":786.2983151635278,"height":72.22453448359003,"label":"Dimension \u0026 Description","shape":"rectangle"},"task_key":"mark_primary","instructions":{"mark":""}},{"id":"56b1769150617568bb810900","status":"complete","name":"Record Date","created_in_workflow":"transcribe","confidence":1.0,"data":{"value":"1868 July 24"},"versions":[{"data":{"value":"1868 July 24"},"votes":3,"confidence":1.0,"instances":[{"created":"2016-01-11T21:57:58Z","user_id":"564b62033863320003ba0500","duration":4.68},{"created":"2016-01-11T23:45:32Z","user_id":"56943e9c62663900038d0400","duration":31.797},{"created":"2016-01-12T00:38:10Z","user_id":"569447963166380003db0600","duration":22.779}]}],"region":{"x":91.30327056491576,"y":91.30271340378371,"width":196.2338949454906,"height":152.62543136154886,"label":"Record Date","shape":"rectangle"},"task_key":"em_record_date","instructions":{"mark":"Record Date","transcribe":"Enter the record date"}},{"id":"56b1769150617568bb820900","status":"awaiting_transcriptions","name":"Valuation Date","created_in_workflow":"transcribe","confidence":0.3333333333333333,"data":{"value":"1879 November"},"versions":[{"data":{"value":"1879 November"},"votes":1,"confidence":0.3333333333333333,"instances":[{"created":"2016-01-27T23:43:29Z","user_id":"56a948a83038370003a50000","duration":9.92}]}],"region":{"x":126.55243724805993,"y":737.0410159020707,"width":691.5861812778603,"height":73.55087060977007,"label":"Valuation","shape":"rectangle"},"task_key":"em_record_valuation","instructions":{"mark":"Valuation","transcribe":"Enter the date of the valuation (if one is given). In the next screen, you'll enter the valuation's dollar amounts."}},{"id":"56b1769150617568bb830900","status":"awaiting_transcriptions","name":"Land \u0026 Building Value","created_in_workflow":"transcribe","confidence":0.3333333333333333,"data":{"em_valuation_ground":""},"versions":[{"data":{"em_valuation_ground":""},"votes":1,"confidence":0.3333333333333333,"instances":[{"created":"2016-01-27T23:43:31Z","user_id":"56a948a83038370003a50000","duration":2.045}]}],"region":{"x":126.55243724805993,"y":737.0410159020707,"width":691.5861812778603,"height":73.55087060977007,"label":"Valuation","shape":"rectangle"},"task_key":"em_record_valuation_ground_building","instructions":{"mark":"Valuation","transcribe":"Sometimes valuations include itemized dollar values for \"ground\" and \"building\". Enter these amounts if you can find them. In the next screen, you'll enter the total valuation."}},{"id":"56b1769150617568bb840900","status":"awaiting_transcriptions","name":"Total Value","created_in_workflow":"transcribe","confidence":0.3333333333333333,"data":{"value":"$30,000."},"versions":[{"data":{"value":"$30,000."},"votes":1,"confidence":0.3333333333333333,"instances":[{"created":"2016-01-27T23:43:39Z","user_id":"56a948a83038370003a50000","duration":8.083}]}],"region":{"x":126.55243724805993,"y":737.0410159020707,"width":691.5861812778603,"height":73.55087060977007,"label":"Valuation","shape":"rectangle"},"task_key":"em_record_valuation_total","instructions":{"mark":"Valuation","transcribe":"Enter the valuation ***total*** (if one is given)"}},{"id":"56b1769150617568bb850900","status":"awaiting_votes","name":"Amount Loaned","created_in_workflow":"verify","confidence":0.5,"data":{"value":"$20,000"},"versions":[{"data":{"value":"$20,000"},"votes":2,"confidence":0.5,"instances":[{"created":"2016-01-15T21:31:49Z","user_id":"56980a2d3337650003270200","duration":14.378},{"created":"2016-01-18T03:39:53Z","user_id":"569c5d413639390003dc0500","duration":5.895}]},{"data":{"value":"$20.000"},"votes":2,"confidence":0.5,"instances":[{"created":"2016-01-16T04:55:08Z","user_id":"5699c6ae6166370003500600","duration":19.266},{"created":"2016-01-19T00:15:47Z","user_id":"569d7e853933320003960200","duration":12.707}]}],"region":{"x":1177.4033696729434,"y":709.980801244348,"width":144.44995044598613,"height":77.67544274650254,"label":"Amount Loaned","shape":"rectangle"},"task_key":"em_transcribed_amount_loaned","instructions":{"mark":"Amount Loaned","transcribe":"Enter the Amount Loaned","verify":"Choose the best transcription or enter your own!"}}]}]}