{"id":"56b1004b7061755afbb00a00","meta_data":{"capture_uuid":"e186a650-00b1-0133-ca8e-58d385a7bbd0","page_uri":"http://digitalcollections.nypl.org/items/e186a650-00b1-0133-ca8e-58d385a7bbd0","book_uri":"http://digitalcollections.nypl.org/items/df712aa0-00b1-0133-fbd7-58d385a7bbd0","source_rotated":"1.25874","source_x":"0","source_y":"971.49","source_w":"1380.15","source_h":"1095.5100000000002"},"type":"final_subject_set","search_terms_by_field":{"Record Number":["349"],"Mortgager":["Dr. Joseph Finch"],"Street Address":["No. 308 W. 43d Street"],"Land \u0026 Building Dimensions":["25 x 100.4","25 x "],"Stories \u0026 Materials":["2","Frame"],"Additional Info":["House and addition thereto."],"Record Date":["1868 September 1"],"Valuation Date":["1879 november","1879 November"],"Total Value":["5000","$9000."],"Land \u0026 Building Value":[],"Amount Loaned":["$5000."]},"subjects":[{"id":"56b1769650617568bbd50900","type":"root","location":{"standard":"https://s3.amazonaws.com/scribe.nypl.org/emigrant-s4/full/e186a650-00b1-0133-ca8e-58d385a7bbd0.left-bottom.jpg","thumbnail":"https://s3.amazonaws.com/scribe.nypl.org/emigrant-s4/thumb/e186a650-00b1-0133-ca8e-58d385a7bbd0.left-bottom.jpg"},"status":"retired","width":1380,"height":1095,"meta_data":{"capture_uuid":"e186a650-00b1-0133-ca8e-58d385a7bbd0","page_uri":"http://digitalcollections.nypl.org/items/e186a650-00b1-0133-ca8e-58d385a7bbd0","book_uri":"http://digitalcollections.nypl.org/items/df712aa0-00b1-0133-fbd7-58d385a7bbd0","source_rotated":"1.25874","source_x":"0","source_y":"971.49","source_w":"1380.15","source_h":"1095.5100000000002"},"assertions":[{"id":"56b1769650617568bbd60900","status":"complete","name":"Record Number","created_in_workflow":"transcribe","confidence":1.0,"data":{"value":"349"},"versions":[{"data":{"value":"349"},"votes":4,"confidence":1.0,"instances":[{"created":"2015-11-16T13:45:27Z","user_id":"5649da336532380003200300","duration":4.101},{"created":"2015-11-16T14:16:03Z","user_id":"5649e3eb6532380003950300","duration":5.582},{"created":"2015-11-16T15:26:45Z","user_id":"5649f5b33164390003d40b00","duration":2.221},{"created":"2015-11-16T15:51:44Z","user_id":"5649d0146532380003fc0200","duration":10297.413}]}],"region":{"x":904.5519568095372,"y":29.902713773681512,"width":124.09626036216673,"height":92.6984126984127,"label":"Record Number","shape":"rectangle"},"task_key":"em_record_number","instructions":{"mark":"Record Number","transcribe":"Enter the record number"}},{"id":"56b1769650617568bbd70900","status":"awaiting_votes","name":"Mortgager","created_in_workflow":"transcribe","confidence":0.5,"data":{"value":"Dr. Joseph Finch"},"versions":[{"data":{"value":"Dr. Joseph Finch"},"votes":2,"confidence":0.5,"instances":[{"created":"2015-11-16T15:40:55Z","user_id":"563f8b7a3264340003774b00","duration":28.59},{"created":"2015-11-16T15:52:19Z","user_id":"5649d0146532380003fc0200","duration":9.667}]},{"data":{"value":"Br Joseph Finch"},"votes":1,"confidence":0.25,"instances":[{"created":"2015-11-16T15:27:03Z","user_id":"5649f5b33164390003d40b00","duration":10.67}]},{"data":{"value":"Joseph Finch "},"votes":1,"confidence":0.25,"instances":[{"created":"2015-11-16T13:46:06Z","user_id":"5649da336532380003200300","duration":11.092}]}],"region":{"x":406.67177969385654,"y":520.3072196620583,"width":393.2206804246967,"height":64.29083461341531,"label":"Mortgager Name","shape":"rectangle"},"task_key":"em_record_mortgager","instructions":{"mark":"Mortgager Name","transcribe":"Enter the mortgager's name"}},{"id":"56b1769650617568bbd80900","status":"awaiting_votes","name":"Street Address","created_in_workflow":"transcribe","confidence":0.3333333333333333,"data":{"value":"No. 308 W. 43d Street"},"versions":[{"data":{"value":"No. 308 W. 43d Street"},"votes":1,"confidence":0.3333333333333333,"instances":[{"created":"2015-11-16T04:42:11Z","user_id":"5647496e3562310003960400","duration":18.263}]},{"data":{"value":"no 308 w 43rd st "},"votes":1,"confidence":0.3333333333333333,"instances":[{"created":"2015-11-16T13:46:27Z","user_id":"5649da336532380003200300","duration":9.899}]},{"data":{"value":"no. 308 W. 43rd Street"},"votes":1,"confidence":0.3333333333333333,"instances":[{"created":"2015-11-16T14:15:37Z","user_id":"5649e2213164390003010b00","duration":18.361}]}],"region":{"x":409.6620510278846,"y":575.6272401433691,"width":351.35688174830324,"height":38.87352790578598,"label":"Street Address","shape":"rectangle"},"task_key":"em_record_street_address","instructions":{"mark":"Street Address","transcribe":"Enter the street address"}},{"id":"56b1769650617568bbd90900","status":"awaiting_transcriptions","name":"Land \u0026 Building Dimensions","created_in_workflow":"transcribe","confidence":0.3333333333333333,"data":{"em_survey_land_dimensions":"25 x 100.4","em_survey_building_dimensions":"25 x "},"versions":[{"data":{"em_survey_land_dimensions":"25 x 100.4","em_survey_building_dimensions":"25 x "},"votes":1,"confidence":0.3333333333333333,"instances":[{"created":"2016-01-13T20:57:05Z","user_id":"569688a630643300036e0800","duration":56.054}]}],"region":{"x":463.78333535883803,"y":619.2571912857072,"width":669.9157400336669,"height":73.36756568124031,"label":"Dimension \u0026 Description","shape":"rectangle"},"task_key":"em_record_survey","instructions":{"mark":"Dimension \u0026 Description","transcribe":"Enter, as they appear, any land and building dimensions that were recorded. In the next screen, you'll enter the descriptive information."}},{"id":"56b1769650617568bbda0900","status":"awaiting_transcriptions","name":"Stories \u0026 Materials","created_in_workflow":"transcribe","confidence":0.3333333333333333,"data":{"em_record_stories":"2","em_record_material":"Frame"},"versions":[{"data":{"em_record_stories":"2","em_record_material":"Frame"},"votes":1,"confidence":0.3333333333333333,"instances":[{"created":"2016-01-13T20:57:17Z","user_id":"569688a630643300036e0800","duration":11.6}]}],"region":{"x":463.78333535883803,"y":619.2571912857072,"width":669.9157400336669,"height":73.36756568124031,"label":"Dimension \u0026 Description","shape":"rectangle"},"task_key":"em_record_survey_stories_materials","instructions":{"mark":"Dimension \u0026 Description","transcribe":"Enter, as they appear, the number of stories and the building materials."}},{"id":"56b1769650617568bbdb0900","status":"awaiting_transcriptions","name":"Additional Info","created_in_workflow":"transcribe","confidence":0.3333333333333333,"data":{"value":"House and addition thereto."},"versions":[{"data":{"value":"House and addition thereto."},"votes":1,"confidence":0.3333333333333333,"instances":[{"created":"2016-01-13T21:00:50Z","user_id":"569688a630643300036e0800","duration":213.063}]}],"region":{"x":463.78333535883803,"y":619.2571912857072,"width":669.9157400336669,"height":73.36756568124031,"label":"Dimension \u0026 Description","shape":"rectangle"},"task_key":"em_record_survey_additional_info","instructions":{"mark":"Dimension \u0026 Description","transcribe":"Enter any additional information you find about the building's construction or significance."}},{"id":"56b1769650617568bbdc0900","status":"awaiting_votes","name":"Record Date","created_in_workflow":"transcribe","confidence":0.5,"data":{"value":"1868 September 1"},"versions":[{"data":{"value":"1868 September 1"},"votes":2,"confidence":0.5,"instances":[{"created":"2015-11-16T13:45:39Z","user_id":"5649da336532380003200300","duration":11.727},{"created":"2015-11-16T15:52:01Z","user_id":"5649d0146532380003fc0200","duration":17.103}]},{"data":{"value":"1848 Sept. 1"},"votes":1,"confidence":0.25,"instances":[{"created":"2015-11-16T14:16:47Z","user_id":"5649e3eb6532380003950300","duration":43.472}]},{"data":{"value":"1868 Sept 1"},"votes":1,"confidence":0.25,"instances":[{"created":"2015-11-16T15:26:52Z","user_id":"5649f5b33164390003d40b00","duration":7.285}]}],"region":{"x":58.30516927958144,"y":74.75678443420378,"width":155.49410936946185,"height":124.09626216077828,"label":"Record Date","shape":"rectangle"},"task_key":"em_record_date","instructions":{"mark":"Record Date","transcribe":"Enter the record date"}},{"id":"56b1769650617568bbdd0900","status":"awaiting_transcriptions","name":"Valuation Date","created_in_workflow":"transcribe","confidence":0.3333333333333333,"data":{"value":"1879 november"},"versions":[{"data":{"value":"1879 november"},"votes":1,"confidence":0.3333333333333333,"instances":[{"created":"2016-01-27T23:35:17Z","user_id":"56a951fe3038370003e30100","duration":31.607}]}],"region":{"x":55.24442584872423,"y":719.7247331766814,"width":705.3789004457652,"height":97.39864622761354,"label":"Valuation","shape":"rectangle"},"task_key":"em_record_valuation","instructions":{"mark":"Valuation","transcribe":"Enter the date of the valuation (if one is given). In the next screen, you'll enter the valuation's dollar amounts."}},{"id":"56b1769650617568bbde0900","status":"awaiting_transcriptions","name":"Total Value","created_in_workflow":"transcribe","confidence":0.3333333333333333,"data":{"value":"5000"},"versions":[{"data":{"value":"5000"},"votes":1,"confidence":0.3333333333333333,"instances":[{"created":"2016-01-27T23:35:38Z","user_id":"56a951fe3038370003e30100","duration":5.433}]}],"region":{"x":55.24442584872423,"y":719.7247331766814,"width":705.3789004457652,"height":97.39864622761354,"label":"Valuation","shape":"rectangle"},"task_key":"em_record_valuation_total","instructions":{"mark":"Valuation","transcribe":"Enter the valuation ***total*** (if one is given)"}},{"id":"56b1769650617568bbdf0900","status":"awaiting_transcriptions","name":"Valuation Date","created_in_workflow":"transcribe","confidence":0.3333333333333333,"data":{"value":"1879 November"},"versions":[{"data":{"value":"1879 November"},"votes":1,"confidence":0.3333333333333333,"instances":[{"created":"2015-11-16T04:43:59Z","user_id":"5647496e3562310003960400","duration":12.601}]}],"region":{"x":285.565790665718,"y":753.5483870967743,"width":491.89963444762446,"height":67.28110599078343,"label":"Valuation","shape":"rectangle"},"task_key":"em_record_valuation","instructions":{"mark":"Valuation","transcribe":"Enter the date of the valuation (if one is given). In the next screen, you'll enter the valuation's dollar amounts."}},{"id":"56b1769650617568bbe00900","status":"awaiting_transcriptions","name":"Land \u0026 Building Value","created_in_workflow":"transcribe","confidence":0.3333333333333333,"data":{"em_valuation_ground":""},"versions":[{"data":{"em_valuation_ground":""},"votes":1,"confidence":0.3333333333333333,"instances":[{"created":"2015-11-16T04:44:02Z","user_id":"5647496e3562310003960400","duration":2.794}]}],"region":{"x":285.565790665718,"y":753.5483870967743,"width":491.89963444762446,"height":67.28110599078343,"label":"Valuation","shape":"rectangle"},"task_key":"em_record_valuation_ground_building","instructions":{"mark":"Valuation","transcribe":"Sometimes valuations include itemized dollar values for \"ground\" and \"building\". Enter these amounts if you can find them. In the next screen, you'll enter the total valuation."}},{"id":"56b1769650617568bbe10900","status":"awaiting_transcriptions","name":"Total Value","created_in_workflow":"transcribe","confidence":0.3333333333333333,"data":{"value":"$9000."},"versions":[{"data":{"value":"$9000."},"votes":1,"confidence":0.3333333333333333,"instances":[{"created":"2015-11-16T04:44:07Z","user_id":"5647496e3562310003960400","duration":5.262}]}],"region":{"x":285.565790665718,"y":753.5483870967743,"width":491.89963444762446,"height":67.28110599078343,"label":"Valuation","shape":"rectangle"},"task_key":"em_record_valuation_total","instructions":{"mark":"Valuation","transcribe":"Enter the valuation ***total*** (if one is given)"}},{"id":"56b1769650617568bbe20900","status":"awaiting_votes","name":"Amount Loaned","created_in_workflow":"transcribe","confidence":0.3333333333333333,"data":{"value":"$5000."},"versions":[{"data":{"value":"$5000."},"votes":1,"confidence":0.3333333333333333,"instances":[{"created":"2015-11-16T04:43:47Z","user_id":"5647496e3562310003960400","duration":8.962}]},{"data":{"value":"$5000"},"votes":1,"confidence":0.3333333333333333,"instances":[{"created":"2015-11-16T13:46:43Z","user_id":"5649da336532380003200300","duration":6.304}]},{"data":{"value":"$5,000"},"votes":1,"confidence":0.3333333333333333,"instances":[{"created":"2015-11-16T14:15:50Z","user_id":"5649e2213164390003010b00","duration":6.079}]}],"region":{"x":1136.297985196716,"y":729.626216077829,"width":131.57193869723687,"height":47.84434203789033,"label":"Amount Loaned","shape":"rectangle"},"task_key":"em_record_amount_loaned","instructions":{"mark":"Amount Loaned","transcribe":"Enter the Amount Loaned"}}]}]}