{"id":"56b1007e7061755afb700e00","meta_data":{"capture_uuid":"e20d1530-00b1-0133-3c19-58d385a7bbd0","page_uri":"http://digitalcollections.nypl.org/items/e20d1530-00b1-0133-3c19-58d385a7bbd0","book_uri":"http://digitalcollections.nypl.org/items/df712aa0-00b1-0133-fbd7-58d385a7bbd0","source_rotated":"0.727349","source_x":"1215.39","source_y":"956.4499999999999","source_w":"1370.61","source_h":"1078.55"},"type":"final_subject_set","search_terms_by_field":{},"subjects":[{"id":"56b176ca50617568bb5b0d00","type":"root","location":{"standard":"https://s3.amazonaws.com/scribe.nypl.org/emigrant-s4/full/e20d1530-00b1-0133-3c19-58d385a7bbd0.right-bottom.jpg","thumbnail":"https://s3.amazonaws.com/scribe.nypl.org/emigrant-s4/thumb/e20d1530-00b1-0133-3c19-58d385a7bbd0.right-bottom.jpg"},"status":"active","width":1370,"height":1078,"meta_data":{"capture_uuid":"e20d1530-00b1-0133-3c19-58d385a7bbd0","page_uri":"http://digitalcollections.nypl.org/items/e20d1530-00b1-0133-3c19-58d385a7bbd0","book_uri":"http://digitalcollections.nypl.org/items/df712aa0-00b1-0133-fbd7-58d385a7bbd0","source_rotated":"0.727349","source_x":"1215.39","source_y":"956.4499999999999","source_w":"1370.61","source_h":"1078.55"},"assertions":[]}]}