{"id":"56b100e97061755afb521600","meta_data":{"capture_uuid":"e38121f0-00b1-0133-5241-58d385a7bbd0","page_uri":"http://digitalcollections.nypl.org/items/e38121f0-00b1-0133-5241-58d385a7bbd0","book_uri":"http://digitalcollections.nypl.org/items/df712aa0-00b1-0133-fbd7-58d385a7bbd0","source_rotated":"0.895174","source_x":"0","source_y":"0","source_w":"1372.73","source_h":"982.0799999999999"},"type":"final_subject_set","search_terms_by_field":{"Record Number":["618 and 619"],"Mortgager":["John Maesel"],"Street Address":["30 and 30 Christie Street"],"Land \u0026 Building Dimensions":["50 x 100","25 x 15   20 x 25"],"Stories \u0026 Materials":["5  and 3","brick"],"Additional Info":["2 houses; 1 with a \"stable in the Rear\""],"Record Date":["1872 Aug 1"],"Valuation Date":[],"Amount Loaned":["$25000.","18000"]},"subjects":[{"id":"56b1773850617568bbb81400","type":"root","location":{"standard":"https://s3.amazonaws.com/scribe.nypl.org/emigrant-s4/full/e38121f0-00b1-0133-5241-58d385a7bbd0.left-top.jpg","thumbnail":"https://s3.amazonaws.com/scribe.nypl.org/emigrant-s4/thumb/e38121f0-00b1-0133-5241-58d385a7bbd0.left-top.jpg"},"status":"active","width":1372,"height":982,"meta_data":{"capture_uuid":"e38121f0-00b1-0133-5241-58d385a7bbd0","page_uri":"http://digitalcollections.nypl.org/items/e38121f0-00b1-0133-5241-58d385a7bbd0","book_uri":"http://digitalcollections.nypl.org/items/df712aa0-00b1-0133-fbd7-58d385a7bbd0","source_rotated":"0.895174","source_x":"0","source_y":"0","source_w":"1372.73","source_h":"982.0799999999999"},"assertions":[{"id":"56b1773850617568bbb91400","status":"complete","name":"Record Number","created_in_workflow":"transcribe","confidence":1.0,"data":{"value":"618 and 619"},"versions":[{"data":{"value":"618 and 619"},"votes":3,"confidence":1.0,"instances":[{"created":"2016-01-06T20:10:17Z","user_id":"568d70473130650003fe0500","duration":6.838},{"created":"2016-01-06T20:38:24Z","user_id":"568ac34a3237350003b80500","duration":8.206},{"created":"2016-01-06T23:01:43Z","user_id":"568d9c1535656200034b0600","duration":5.891}]}],"region":{"x":922.699506586866,"y":24.43799147366715,"width":221.10567406984808,"height":77.96882993979519,"label":"Record Number","shape":"rectangle"},"task_key":"em_record_number","instructions":{"mark":"Record Number","transcribe":"Enter the record number"}},{"id":"56b1773850617568bbba1400","status":"complete","name":"Mortgager","created_in_workflow":"transcribe","confidence":1.0,"data":{"value":"John Maesel"},"versions":[{"data":{"value":"John Maesel"},"votes":3,"confidence":1.0,"instances":[{"created":"2016-01-06T20:10:31Z","user_id":"568d70473130650003fe0500","duration":4.229},{"created":"2016-01-06T20:38:39Z","user_id":"568ac34a3237350003b80500","duration":3.686},{"created":"2016-01-06T23:02:29Z","user_id":"568d9c1535656200034b0600","duration":33.131}]}],"region":{"x":400.19188733759324,"y":531.8172430221852,"width":231.57910073631467,"height":58.18569398492173,"label":"Mortgager Name","shape":"rectangle"},"task_key":"em_record_mortgager","instructions":{"mark":"Mortgager Name","transcribe":"Enter the mortgager's name"}},{"id":"56b1773850617568bbbb1400","status":"awaiting_votes","name":"Street Address","created_in_workflow":"transcribe","confidence":0.3333333333333333,"data":{"value":"30 and 30 Christie Street"},"versions":[{"data":{"value":"30 and 30 Christie Street"},"votes":1,"confidence":0.3333333333333333,"instances":[{"created":"2016-01-06T20:10:38Z","user_id":"568d70473130650003fe0500","duration":7.518}]},{"data":{"value":"Nos. 30 and 32 Christie Street"},"votes":1,"confidence":0.3333333333333333,"instances":[{"created":"2016-01-06T20:38:50Z","user_id":"568ac34a3237350003b80500","duration":7.231}]},{"data":{"value":"Nos 30 and 32 Christie Street"},"votes":1,"confidence":0.3333333333333333,"instances":[{"created":"2016-01-06T23:06:53Z","user_id":"568d9ccf3565620003610600","duration":17.448}]}],"region":{"x":424.62988289268174,"y":583.0206537289163,"width":406.13621184408953,"height":40.72998578944521,"label":"Street Address","shape":"rectangle"},"task_key":"em_record_street_address","instructions":{"mark":"Street Address","transcribe":"Enter the street address"}},{"id":"56b1773850617568bbbc1400","status":"awaiting_transcriptions","name":"Land \u0026 Building Dimensions","created_in_workflow":"transcribe","confidence":0.3333333333333333,"data":{"em_survey_land_dimensions":"50 x 100","em_survey_building_dimensions":"25 x 15   20 x 25"},"versions":[{"data":{"em_survey_land_dimensions":"50 x 100","em_survey_building_dimensions":"25 x 15   20 x 25"},"votes":1,"confidence":0.3333333333333333,"instances":[{"created":"2016-01-06T19:00:39Z","user_id":"568d3d083565620003000000","duration":118.033}]}],"region":{"x":402.5193154856969,"y":622.586925638663,"width":666.8081644317,"height":95.42453813527175,"label":"Dimension \u0026 Description","shape":"rectangle"},"task_key":"em_record_survey","instructions":{"mark":"Dimension \u0026 Description","transcribe":"Enter, as they appear, any land and building dimensions that were recorded. In the next screen, you'll enter the descriptive information."}},{"id":"56b1773850617568bbbd1400","status":"awaiting_transcriptions","name":"Stories \u0026 Materials","created_in_workflow":"transcribe","confidence":0.3333333333333333,"data":{"em_record_stories":"5  and 3","em_record_material":"brick"},"versions":[{"data":{"em_record_stories":"5  and 3","em_record_material":"brick"},"votes":1,"confidence":0.3333333333333333,"instances":[{"created":"2016-01-06T19:01:35Z","user_id":"568d3d083565620003000000","duration":56.253}]}],"region":{"x":402.5193154856969,"y":622.586925638663,"width":666.8081644317,"height":95.42453813527175,"label":"Dimension \u0026 Description","shape":"rectangle"},"task_key":"em_record_survey_stories_materials","instructions":{"mark":"Dimension \u0026 Description","transcribe":"Enter, as they appear, the number of stories and the building materials."}},{"id":"56b1773850617568bbbe1400","status":"awaiting_transcriptions","name":"Additional Info","created_in_workflow":"transcribe","confidence":0.3333333333333333,"data":{"value":"2 houses; 1 with a \"stable in the Rear\""},"versions":[{"data":{"value":"2 houses; 1 with a \"stable in the Rear\""},"votes":1,"confidence":0.3333333333333333,"instances":[{"created":"2016-01-06T19:03:29Z","user_id":"568d3d083565620003000000","duration":113.1}]}],"region":{"x":402.5193154856969,"y":622.586925638663,"width":666.8081644317,"height":95.42453813527175,"label":"Dimension \u0026 Description","shape":"rectangle"},"task_key":"em_record_survey_additional_info","instructions":{"mark":"Dimension \u0026 Description","transcribe":"Enter any additional information you find about the building's construction or significance."}},{"id":"56b1773850617568bbbf1400","status":"awaiting_votes","name":"Record Date","created_in_workflow":"transcribe","confidence":0.6666666666666666,"data":{"value":"1872 Aug 1"},"versions":[{"data":{"value":"1872 Aug 1"},"votes":2,"confidence":0.6666666666666666,"instances":[{"created":"2016-01-06T20:38:29Z","user_id":"568ac34a3237350003b80500","duration":4.326},{"created":"2016-01-06T21:22:51Z","user_id":"568d803f3565620003880500","duration":12.304}]},{"data":{"value":"1872 August 1"},"votes":1,"confidence":0.3333333333333333,"instances":[{"created":"2016-01-06T20:10:26Z","user_id":"568d70473130650003fe0500","duration":9.898}]}],"region":{"x":66.20594808471733,"y":79.13254381949363,"width":161.75625629320473,"height":125.68109900743104,"label":"Record Date","shape":"rectangle"},"task_key":"em_record_date","instructions":{"mark":"Record Date","transcribe":"Enter the record date"}},{"id":"56b1773850617568bbc01400","status":"awaiting_transcriptions","name":"Valuation Date","created_in_workflow":"transcribe","confidence":0.3333333333333333,"data":{"value":""},"versions":[{"data":{"value":""},"votes":1,"confidence":0.3333333333333333,"instances":[{"created":"2016-01-06T19:19:57Z","user_id":"568d52a73130650003950200","duration":4.077}]}],"region":{"x":342.0061836350016,"y":716.8477498942364,"width":471.3041999909921,"height":96.58825201497018,"label":"Valuation","shape":"rectangle"},"task_key":"em_record_valuation","instructions":{"mark":"Valuation","transcribe":"Enter the date of the valuation (if one is given). In the next screen, you'll enter the valuation's dollar amounts."}},{"id":"56b1773850617568bbc11400","status":"awaiting_votes","name":"Amount Loaned","created_in_workflow":"transcribe","confidence":0.6666666666666666,"data":{"value":"$25000."},"versions":[{"data":{"value":"$25000."},"votes":2,"confidence":0.6666666666666666,"instances":[{"created":"2016-01-11T20:02:44Z","user_id":"5693fa763166380003400300","duration":9.237},{"created":"2016-01-13T00:09:38Z","user_id":"56958efd3064330003960100","duration":11.902}]},{"data":{"value":"25000"},"votes":1,"confidence":0.3333333333333333,"instances":[{"created":"2016-01-12T19:36:59Z","user_id":"5695524e6236640003f80000","duration":8.256}]}],"region":{"x":635.777293963334,"y":816.8098633601461,"width":125.83288282218871,"height":44.15188450595383,"label":"Amount Loaned","shape":"rectangle"},"task_key":"em_record_amount_loaned","instructions":{"mark":"Amount Loaned","transcribe":"Enter the Amount Loaned"}},{"id":"56b1773850617568bbc21400","status":"complete","name":"Amount Loaned","created_in_workflow":"transcribe","confidence":1.0,"data":{"value":"18000"},"versions":[{"data":{"value":"18000"},"votes":3,"confidence":1.0,"instances":[{"created":"2016-01-06T20:39:06Z","user_id":"568ac34a3237350003b80500","duration":2.343},{"created":"2016-01-06T23:06:56Z","user_id":"568d9ccf3565620003610600","duration":2.553},{"created":"2016-01-07T00:09:30Z","user_id":"565eac823237340003160800","duration":6.411}]}],"region":{"x":1065.8363376952414,"y":736.6308858491097,"width":160.59254221915285,"height":96.58825201497018,"label":"Amount Loaned","shape":"rectangle"},"task_key":"em_record_amount_loaned","instructions":{"mark":"Amount Loaned","transcribe":"Enter the Amount Loaned"}}]}]}