{"id":"56b100727061755afb8d0d00","meta_data":{"capture_uuid":"e1f03ee0-00b1-0133-cd74-58d385a7bbd0","page_uri":"http://digitalcollections.nypl.org/items/e1f03ee0-00b1-0133-cd74-58d385a7bbd0","book_uri":"http://digitalcollections.nypl.org/items/df712aa0-00b1-0133-fbd7-58d385a7bbd0","source_rotated":"0.727349","source_x":"0","source_y":"0","source_w":"1371.64","source_h":"977.28"},"type":"final_subject_set","search_terms_by_field":{"Record Number":["416"],"Mortgager":["R.C.Saint Anthony's Church, Pastorate"],"Street Address":["No. 106 Sullivan Street"],"Land \u0026 Building Dimensions":["23.6 x 100","23.6. x 40"],"Stories \u0026 Materials":["brick"],"Additional Info":["building with extension room"],"Record Date":["1870 July 27"],"Amount Loaned":["$6,000"]},"subjects":[{"id":"56b176be50617568bb870c00","type":"root","location":{"standard":"https://s3.amazonaws.com/scribe.nypl.org/emigrant-s4/full/e1f03ee0-00b1-0133-cd74-58d385a7bbd0.left-top.jpg","thumbnail":"https://s3.amazonaws.com/scribe.nypl.org/emigrant-s4/thumb/e1f03ee0-00b1-0133-cd74-58d385a7bbd0.left-top.jpg"},"status":"retired","width":1371,"height":977,"meta_data":{"capture_uuid":"e1f03ee0-00b1-0133-cd74-58d385a7bbd0","page_uri":"http://digitalcollections.nypl.org/items/e1f03ee0-00b1-0133-cd74-58d385a7bbd0","book_uri":"http://digitalcollections.nypl.org/items/df712aa0-00b1-0133-fbd7-58d385a7bbd0","source_rotated":"0.727349","source_x":"0","source_y":"0","source_w":"1371.64","source_h":"977.28"},"assertions":[{"id":"56b176be50617568bb880c00","status":"complete","name":"Record Number","created_in_workflow":"transcribe","confidence":1.0,"data":{"value":"416"},"versions":[{"data":{"value":"416"},"votes":3,"confidence":1.0,"instances":[{"created":"2015-11-21T00:55:41Z","user_id":"563f8b7a3264340003774b00","duration":8.575},{"created":"2015-11-21T03:12:43Z","user_id":"564fbb416138360003440b00","duration":21.513},{"created":"2015-11-21T03:53:49Z","user_id":"564fe5dd6138360003c20f00","duration":13.159}]}],"region":{"x":519.0503644541225,"y":27.17545308357599,"width":524.4862638672164,"height":80.16758659654919,"label":"Record Number","shape":"rectangle"},"task_key":"em_record_number","instructions":{"mark":"Record Number","transcribe":"Enter the record number"}},{"id":"56b176be50617568bb890c00","status":"awaiting_votes","name":"Mortgager","created_in_workflow":"transcribe","confidence":0.3333333333333333,"data":{"value":"R.C.Saint Anthony's Church, Pastorate"},"versions":[{"data":{"value":"R.C.Saint Anthony's Church, Pastorate"},"votes":1,"confidence":0.3333333333333333,"instances":[{"created":"2015-11-21T03:17:59Z","user_id":"564fbb416138360003440b00","duration":211.68}]},{"data":{"value":"R. C. Saint Anthony's Church Pastorate."},"votes":1,"confidence":0.3333333333333333,"instances":[{"created":"2015-11-21T03:54:57Z","user_id":"564fe5dd6138360003c20f00","duration":40.202}]},{"data":{"value":"R.C. Saint Anthony's Church, Pastorate"},"votes":1,"confidence":0.3333333333333333,"instances":[{"created":"2015-11-21T04:58:12Z","user_id":"564ff9396435360003a21200","duration":32.187}]}],"region":{"x":237.78441466004526,"y":529.9213351297318,"width":861.4618945383813,"height":59.785996783867176,"label":"Mortgager Name","shape":"rectangle"},"task_key":"em_record_mortgager","instructions":{"mark":"Mortgager Name","transcribe":"Enter the mortgager's name"}},{"id":"56b176be50617568bb8a0c00","status":"awaiting_votes","name":"Street Address","created_in_workflow":"transcribe","confidence":0.3333333333333333,"data":{"value":"No. 106 Sullivan Street"},"versions":[{"data":{"value":"No. 106 Sullivan Street"},"votes":1,"confidence":0.3333333333333333,"instances":[{"created":"2015-11-21T03:26:11Z","user_id":"564fbb416138360003440b00","duration":492.2}]},{"data":{"value":"no. 106 Sullivan Street"},"votes":1,"confidence":0.3333333333333333,"instances":[{"created":"2015-11-21T03:55:20Z","user_id":"564fe5dd6138360003c20f00","duration":22.872}]},{"data":{"value":"106 Sullivan Street"},"votes":1,"confidence":0.3333333333333333,"instances":[{"created":"2015-11-21T04:58:24Z","user_id":"564ff9396435360003a21200","duration":11.236}]}],"region":{"x":214.68527868661863,"y":567.9669694467382,"width":593.7836717874962,"height":54.35090616715206,"label":"Street Address","shape":"rectangle"},"task_key":"em_record_street_address","instructions":{"mark":"Street Address","transcribe":"Enter the street address"}},{"id":"56b176be50617568bb8b0c00","status":"awaiting_transcriptions","name":"Land \u0026 Building Dimensions","created_in_workflow":"transcribe","confidence":0.3333333333333333,"data":{"em_survey_land_dimensions":"23.6 x 100","em_survey_building_dimensions":"23.6. x 40"},"versions":[{"data":{"em_survey_land_dimensions":"23.6 x 100","em_survey_building_dimensions":"23.6. x 40"},"votes":1,"confidence":0.3333333333333333,"instances":[{"created":"2015-12-09T16:51:35Z","user_id":"566852823064310003150000","duration":48.9}]}],"region":{"x":229.63177843412998,"y":616.882784997175,"width":831.5688950433587,"height":72.01495067147641,"label":"Dimension \u0026 Description","shape":"rectangle"},"task_key":"em_record_survey","instructions":{"mark":"Dimension \u0026 Description","transcribe":"Enter, as they appear, any land and building dimensions that were recorded. In the next screen, you'll enter the descriptive information."}},{"id":"56b176be50617568bb8c0c00","status":"awaiting_transcriptions","name":"Stories \u0026 Materials","created_in_workflow":"transcribe","confidence":0.3333333333333333,"data":{"em_record_material":"brick"},"versions":[{"data":{"em_record_material":"brick"},"votes":1,"confidence":0.3333333333333333,"instances":[{"created":"2015-12-09T16:54:06Z","user_id":"566852823064310003150000","duration":150.892}]}],"region":{"x":229.63177843412998,"y":616.882784997175,"width":831.5688950433587,"height":72.01495067147641,"label":"Dimension \u0026 Description","shape":"rectangle"},"task_key":"em_record_survey_stories_materials","instructions":{"mark":"Dimension \u0026 Description","transcribe":"Enter, as they appear, the number of stories and the building materials."}},{"id":"56b176be50617568bb8d0c00","status":"awaiting_transcriptions","name":"Additional Info","created_in_workflow":"transcribe","confidence":0.3333333333333333,"data":{"value":"building with extension room"},"versions":[{"data":{"value":"building with extension room"},"votes":1,"confidence":0.3333333333333333,"instances":[{"created":"2015-12-09T16:54:40Z","user_id":"566852823064310003150000","duration":34.161}]}],"region":{"x":229.63177843412998,"y":616.882784997175,"width":831.5688950433587,"height":72.01495067147641,"label":"Dimension \u0026 Description","shape":"rectangle"},"task_key":"em_record_survey_additional_info","instructions":{"mark":"Dimension \u0026 Description","transcribe":"Enter any additional information you find about the building's construction or significance."}},{"id":"56b176be50617568bb8e0c00","status":"awaiting_votes","name":"Record Date","created_in_workflow":"transcribe","confidence":0.6666666666666666,"data":{"value":"1870 July 27"},"versions":[{"data":{"value":"1870 July 27"},"votes":2,"confidence":0.6666666666666666,"instances":[{"created":"2015-11-21T00:55:55Z","user_id":"563f8b7a3264340003774b00","duration":14.288},{"created":"2015-12-21T04:18:04Z","user_id":"5668bbbe3064310003db0500","duration":8.589}]},{"data":{"value":"1870. July 27"},"votes":1,"confidence":0.3333333333333333,"instances":[{"created":"2015-12-20T17:29:48Z","user_id":"5676d5516633380003c80100","duration":17.492}]}],"region":{"x":47.556236055355384,"y":81.52635925072798,"width":187.51063319605143,"height":125.00708418444955,"label":"Record Date","shape":"rectangle"},"task_key":"em_record_date","instructions":{"mark":"Record Date","transcribe":"Enter the record date"}},{"id":"56b176be50617568bb8f0c00","status":"complete","name":"Amount Loaned","created_in_workflow":"verify","confidence":1.0,"data":{"value":"$6,000"},"versions":[{"data":{"value":"$6,000"},"votes":3,"confidence":0.75,"instances":[{"created":"2015-11-21T04:11:13Z","user_id":"564fe3c661383600035c0f00","duration":5.494},{"created":"2015-11-21T07:42:44Z","user_id":"564ff59464353600035d1200","duration":7.229},{"created":"2015-11-21T09:22:19Z","user_id":"564f12e66435360003dc0000","duration":8.899}]},{"data":{"value":"6000"},"votes":1,"confidence":0.25,"instances":[{"created":"2015-11-21T09:04:11Z","user_id":"5649188c3863370003020e00","duration":4.239}]}],"region":{"x":217.40282409525705,"y":736.4547785649094,"width":384.53267532233735,"height":43.4807249337216,"label":"Amount Loaned","shape":"rectangle"},"task_key":"em_transcribed_amount_loaned","instructions":{"mark":"Amount Loaned","transcribe":"Enter the Amount Loaned","verify":"Choose the best transcription or enter your own!"}}]}]}