{"id":"56b100f97061755afb761700","meta_data":{"capture_uuid":"e3a85e30-00b1-0133-e2fe-58d385a7bbd0","page_uri":"http://digitalcollections.nypl.org/items/e3a85e30-00b1-0133-e2fe-58d385a7bbd0","book_uri":"http://digitalcollections.nypl.org/items/df712aa0-00b1-0133-fbd7-58d385a7bbd0","source_rotated":"0.923143","source_x":"0","source_y":"965.38","source_w":"1373.79","source_h":"1088.62"},"type":"final_subject_set","search_terms_by_field":{"Record Number":["643","643 \u0026 644","644"],"Mortgager":["Thomas Gearty now Patrick N.W. Cullagh"],"Street Address":["Nos: 385 and 337. E. 36th Street"],"Land \u0026 Building Dimensions":["26.5 x 98.9 each","26.5 x 56 each"],"Stories \u0026 Materials":["5 ","brick tenements"],"Additional Info":["Tenements"],"Record Date":["1872 November 16"],"Valuation Date":["1879 November"],"Land \u0026 Building Value":[],"Total Value":["$32000"],"Amount Loaned":["$16000.","$16,000"]},"subjects":[{"id":"56b1774850617568bbcb1500","type":"root","location":{"standard":"https://s3.amazonaws.com/scribe.nypl.org/emigrant-s4/full/e3a85e30-00b1-0133-e2fe-58d385a7bbd0.left-bottom.jpg","thumbnail":"https://s3.amazonaws.com/scribe.nypl.org/emigrant-s4/thumb/e3a85e30-00b1-0133-e2fe-58d385a7bbd0.left-bottom.jpg"},"status":"retired","width":1373,"height":1088,"meta_data":{"capture_uuid":"e3a85e30-00b1-0133-e2fe-58d385a7bbd0","page_uri":"http://digitalcollections.nypl.org/items/e3a85e30-00b1-0133-e2fe-58d385a7bbd0","book_uri":"http://digitalcollections.nypl.org/items/df712aa0-00b1-0133-fbd7-58d385a7bbd0","source_rotated":"0.923143","source_x":"0","source_y":"965.38","source_w":"1373.79","source_h":"1088.62"},"assertions":[{"id":"56b1774850617568bbcc1500","status":"awaiting_transcriptions","name":"Record Number","created_in_workflow":"transcribe","confidence":0.6666666666666666,"data":{"value":"643"},"versions":[{"data":{"value":"643"},"votes":2,"confidence":0.6666666666666666,"instances":[{"created":"2016-01-23T21:23:39Z","user_id":"56a3d97330353300036b0000","duration":3.666},{"created":"2016-01-23T21:50:07Z","user_id":"56a3e3a239353200033f0900","duration":3.172}]}],"region":{"x":915.8943639474672,"y":67.32315371829094,"width":77.52451708766716,"height":43.862054695250166,"label":"Record Number","shape":"rectangle"},"task_key":"em_record_number","instructions":{"mark":"Record Number","transcribe":"Enter the record number"}},{"id":"56b1774850617568bbcd1500","status":"awaiting_votes","name":"Record Number","created_in_workflow":"transcribe","confidence":0.3333333333333333,"data":{"value":"643 \u0026 644"},"versions":[{"data":{"value":"643 \u0026 644"},"votes":1,"confidence":0.3333333333333333,"instances":[{"created":"2015-11-30T06:13:03Z","user_id":"5647496e3562310003960400","duration":9.862}]},{"data":{"value":"643 +644"},"votes":1,"confidence":0.3333333333333333,"instances":[{"created":"2015-11-30T18:42:08Z","user_id":"565c944139353100032d0300","duration":8.178}]},{"data":{"value":"643\u0026644"},"votes":1,"confidence":0.3333333333333333,"instances":[{"created":"2015-11-30T21:46:05Z","user_id":"565cbf3d3663610003460400","duration":32.792}]}],"region":{"x":919.8721286492414,"y":47.62697621699791,"width":159.21016857533527,"height":87.08932793965332,"label":"Record Number","shape":"rectangle"},"task_key":"em_record_number","instructions":{"mark":"Record Number","transcribe":"Enter the record number"}},{"id":"56b1774850617568bbce1500","status":"awaiting_transcriptions","name":"Record Number","created_in_workflow":"transcribe","confidence":0.6666666666666666,"data":{"value":"644"},"versions":[{"data":{"value":"644"},"votes":2,"confidence":0.6666666666666666,"instances":[{"created":"2016-01-23T21:50:04Z","user_id":"56a3e3a239353200033f0900","duration":7.519},{"created":"2016-01-24T18:06:33Z","user_id":"56a5114030353300039a0c00","duration":13.221}]}],"region":{"x":1007.6997131302311,"y":61.202867016628126,"width":69.36404160475479,"height":57.12267588218625,"label":"Record Number","shape":"rectangle"},"task_key":"em_record_number","instructions":{"mark":"Record Number","transcribe":"Enter the record number"}},{"id":"56b1774850617568bbcf1500","status":"awaiting_votes","name":"Mortgager","created_in_workflow":"transcribe","confidence":0.3333333333333333,"data":{"value":"Thomas Gearty now Patrick N.W. Cullagh"},"versions":[{"data":{"value":"Thomas Gearty now Patrick N.W. Cullagh"},"votes":1,"confidence":0.3333333333333333,"instances":[{"created":"2015-11-30T18:44:11Z","user_id":"565c944139353100032d0300","duration":22.701}]},{"data":{"value":"Thomas Gearty now Patrick N. McCullagh"},"votes":1,"confidence":0.3333333333333333,"instances":[{"created":"2015-11-30T21:48:39Z","user_id":"565cbf3d3663610003460400","duration":116.519}]},{"data":{"value":"Thomas Gerty now Patrick N. W. Cullagh"},"votes":1,"confidence":0.3333333333333333,"instances":[{"created":"2015-11-30T22:47:12Z","user_id":"563bfc7535326200037f3900","duration":50.021}]}],"region":{"x":340.18382255443083,"y":536.1436751284907,"width":762.0315760870749,"height":59.87391295851171,"label":"Mortgager Name","shape":"rectangle"},"task_key":"em_record_mortgager","instructions":{"mark":"Mortgager Name","transcribe":"Enter the mortgager's name"}},{"id":"56b1774850617568bbd01500","status":"awaiting_votes","name":"Street Address","created_in_workflow":"transcribe","confidence":0.3333333333333333,"data":{"value":"Nos: 385 and 337. E. 36th Street"},"versions":[{"data":{"value":"Nos: 385 and 337. E. 36th Street"},"votes":1,"confidence":0.3333333333333333,"instances":[{"created":"2015-11-30T20:07:36Z","user_id":"565c944139353100032d0300","duration":14.258}]},{"data":{"value":"Nos. 385 and 387 E. 36th Street"},"votes":1,"confidence":0.3333333333333333,"instances":[{"created":"2015-11-30T21:50:21Z","user_id":"565cbf3d3663610003460400","duration":101.327}]},{"data":{"value":"Nos. 335 and 337. E. 36th Street"},"votes":1,"confidence":0.3333333333333333,"instances":[{"created":"2015-11-30T22:47:57Z","user_id":"563bfc7535326200037f3900","duration":26.152}]}],"region":{"x":438.15931090848335,"y":587.8529635926599,"width":424.56044953422736,"height":39.4623517226554,"label":"Street Address","shape":"rectangle"},"task_key":"em_record_street_address","instructions":{"mark":"Street Address","transcribe":"Enter the street address"}},{"id":"56b1774850617568bbd11500","status":"awaiting_transcriptions","name":"Land \u0026 Building Dimensions","created_in_workflow":"transcribe","confidence":0.3333333333333333,"data":{"em_survey_land_dimensions":"26.5 x 98.9 each","em_survey_building_dimensions":"26.5 x 56 each"},"versions":[{"data":{"em_survey_land_dimensions":"26.5 x 98.9 each","em_survey_building_dimensions":"26.5 x 56 each"},"votes":1,"confidence":0.3333333333333333,"instances":[{"created":"2015-11-30T20:15:13Z","user_id":"565c944139353100032d0300","duration":37.912}]},{"data":{"em_survey_land_dimensions":"26.5 x 98.9 each of 2","em_survey_building_dimensions":"26.5 x 56 each of 2"},"votes":1,"confidence":0.3333333333333333,"instances":[{"created":"2015-11-30T21:52:08Z","user_id":"565cbf3d3663610003460400","duration":107.188}]}],"region":{"x":457.2101003106602,"y":623.2330030681441,"width":608.2644901980757,"height":72.12084970002545,"label":"Dimension \u0026 Description","shape":"rectangle"},"task_key":"em_record_survey","instructions":{"mark":"Dimension \u0026 Description","transcribe":"Enter, as they appear, any land and building dimensions that were recorded. In the next screen, you'll enter the descriptive information."}},{"id":"56b1774850617568bbd21500","status":"awaiting_transcriptions","name":"Stories \u0026 Materials","created_in_workflow":"transcribe","confidence":0.3333333333333333,"data":{"em_record_stories":"5 ","em_record_material":"brick tenements"},"versions":[{"data":{"em_record_stories":"5 ","em_record_material":"brick tenements"},"votes":1,"confidence":0.3333333333333333,"instances":[{"created":"2015-11-30T20:15:32Z","user_id":"565c944139353100032d0300","duration":19.994}]},{"data":{"em_record_stories":"5","em_record_material":"Brick"},"votes":1,"confidence":0.3333333333333333,"instances":[{"created":"2015-11-30T21:52:30Z","user_id":"565cbf3d3663610003460400","duration":22.102}]}],"region":{"x":457.2101003106602,"y":623.2330030681441,"width":608.2644901980757,"height":72.12084970002545,"label":"Dimension \u0026 Description","shape":"rectangle"},"task_key":"em_record_survey_stories_materials","instructions":{"mark":"Dimension \u0026 Description","transcribe":"Enter, as they appear, the number of stories and the building materials."}},{"id":"56b1774850617568bbd31500","status":"awaiting_transcriptions","name":"Additional Info","created_in_workflow":"transcribe","confidence":0.3333333333333333,"data":{"value":"Tenements"},"versions":[{"data":{"value":"Tenements"},"votes":1,"confidence":0.3333333333333333,"instances":[{"created":"2015-11-30T21:52:47Z","user_id":"565cbf3d3663610003460400","duration":16.914}]}],"region":{"x":457.2101003106602,"y":623.2330030681441,"width":608.2644901980757,"height":72.12084970002545,"label":"Dimension \u0026 Description","shape":"rectangle"},"task_key":"em_record_survey_additional_info","instructions":{"mark":"Dimension \u0026 Description","transcribe":"Enter any additional information you find about the building's construction or significance."}},{"id":"56b1774850617568bbd41500","status":"awaiting_votes","name":"Record Date","created_in_workflow":"transcribe","confidence":0.6666666666666666,"data":{"value":"1872 November 16"},"versions":[{"data":{"value":"1872 November 16"},"votes":2,"confidence":0.6666666666666666,"instances":[{"created":"2015-11-30T21:46:34Z","user_id":"565cbf3d3663610003460400","duration":15.38},{"created":"2015-11-30T22:46:06Z","user_id":"563bfc7535326200037f3900","duration":7.68}]},{"data":{"value":"1872 Novemb 16"},"votes":1,"confidence":0.3333333333333333,"instances":[{"created":"2015-11-30T18:42:24Z","user_id":"565c944139353100032d0300","duration":8.297}]}],"region":{"x":53.061210850193724,"y":100.69703543022415,"width":180.98249932068026,"height":123.83013816419457,"label":"Record Date","shape":"rectangle"},"task_key":"em_record_date","instructions":{"mark":"Record Date","transcribe":"Enter the record date"}},{"id":"56b1774850617568bbd51500","status":"awaiting_transcriptions","name":"Valuation Date","created_in_workflow":"transcribe","confidence":0.3333333333333333,"data":{"value":"1879 November"},"versions":[{"data":{"value":"1879 November"},"votes":1,"confidence":0.3333333333333333,"instances":[{"created":"2016-01-04T15:18:26Z","user_id":"5668bbbe3064310003db0500","duration":14.403}]}],"region":{"x":44.5120094605966,"y":741.0868139347813,"width":716.671206152644,"height":89.04531485262874,"label":"Valuation","shape":"rectangle"},"task_key":"em_record_valuation","instructions":{"mark":"Valuation","transcribe":"Enter the date of the valuation (if one is given). In the next screen, you'll enter the valuation's dollar amounts."}},{"id":"56b1774850617568bbd61500","status":"awaiting_transcriptions","name":"Land \u0026 Building Value","created_in_workflow":"transcribe","confidence":0.3333333333333333,"data":{"em_valuation_ground":""},"versions":[{"data":{"em_valuation_ground":""},"votes":1,"confidence":0.3333333333333333,"instances":[{"created":"2016-01-04T15:18:27Z","user_id":"5668bbbe3064310003db0500","duration":1.102}]}],"region":{"x":44.5120094605966,"y":741.0868139347813,"width":716.671206152644,"height":89.04531485262874,"label":"Valuation","shape":"rectangle"},"task_key":"em_record_valuation_ground_building","instructions":{"mark":"Valuation","transcribe":"Sometimes valuations include itemized dollar values for \"ground\" and \"building\". Enter these amounts if you can find them. In the next screen, you'll enter the total valuation."}},{"id":"56b1774850617568bbd71500","status":"awaiting_transcriptions","name":"Total Value","created_in_workflow":"transcribe","confidence":0.3333333333333333,"data":{"value":"$32000"},"versions":[{"data":{"value":"$32000"},"votes":1,"confidence":0.3333333333333333,"instances":[{"created":"2016-01-04T15:18:32Z","user_id":"5668bbbe3064310003db0500","duration":4.619}]}],"region":{"x":44.5120094605966,"y":741.0868139347813,"width":716.671206152644,"height":89.04531485262874,"label":"Valuation","shape":"rectangle"},"task_key":"em_record_valuation_total","instructions":{"mark":"Valuation","transcribe":"Enter the valuation ***total*** (if one is given)"}},{"id":"56b1774850617568bbd81500","status":"awaiting_votes","name":"Amount Loaned","created_in_workflow":"transcribe","confidence":0.5,"data":{"value":"$16000."},"versions":[{"data":{"value":"$16000."},"votes":2,"confidence":0.5,"instances":[{"created":"2016-01-23T21:50:40Z","user_id":"56a3e3a239353200033f0900","duration":8.711},{"created":"2016-01-24T19:41:15Z","user_id":"56a526d33035330003ab0c00","duration":23.031}]},{"data":{"value":"$16000"},"votes":1,"confidence":0.25,"instances":[{"created":"2016-01-23T21:42:46Z","user_id":"56a3d97330353300036b0000","duration":810.477}]},{"data":{"value":"$8,000 in cash; together $16,000"},"votes":1,"confidence":0.25,"instances":[{"created":"2016-01-24T20:02:02Z","user_id":"56a5258033643700032b0b00","duration":18.252}]}],"region":{"x":456.8676180336486,"y":743.1048103602266,"width":773.2050520059436,"height":52.02243696413383,"label":"Amount Loaned","shape":"rectangle"},"task_key":"em_record_amount_loaned","instructions":{"mark":"Amount Loaned","transcribe":"Enter the Amount Loaned"}},{"id":"56b1774850617568bbd91500","status":"awaiting_votes","name":"Amount Loaned","created_in_workflow":"transcribe","confidence":0.6666666666666666,"data":{"value":"$16,000"},"versions":[{"data":{"value":"$16,000"},"votes":2,"confidence":0.6666666666666666,"instances":[{"created":"2015-11-30T21:52:55Z","user_id":"565cbf3d3663610003460400","duration":8.165},{"created":"2015-11-30T22:49:08Z","user_id":"563bfc7535326200037f3900","duration":7.279}]},{"data":{"value":"$16000."},"votes":1,"confidence":0.3333333333333333,"instances":[{"created":"2015-11-30T20:15:40Z","user_id":"565c944139353100032d0300","duration":4.508}]}],"region":{"x":1065.474590508736,"y":736.1769752398819,"width":156.48862723216735,"height":76.20316194719669,"label":"Amount Loaned","shape":"rectangle"},"task_key":"em_record_amount_loaned","instructions":{"mark":"Amount Loaned","transcribe":"Enter the Amount Loaned"}}]}]}