{"id":"56b1000d7061755afb1a0600","meta_data":{"capture_uuid":"e0e19500-00b1-0133-57df-58d385a7bbd0","page_uri":"http://digitalcollections.nypl.org/items/e0e19500-00b1-0133-57df-58d385a7bbd0","book_uri":"http://digitalcollections.nypl.org/items/df712aa0-00b1-0133-fbd7-58d385a7bbd0","source_rotated":"1.39854","source_x":"0","source_y":"972.43","source_w":"1383.3","source_h":"1096.5700000000002"},"type":"final_subject_set","search_terms_by_field":{"Record Number":["240"],"Mortgager":["Terrence McGuire"],"Street Address":["S.E corner 3d Avenue and 111th Street"],"Land \u0026 Building Dimensions":["100.10 x 110","100.10 x 100"],"Stories \u0026 Materials":["2","frame","5 2-story","frame"],"Additional Info":["stores and livery stables","stores \u0026 dwgs and livery stables"],"Record Date":["1865 March 14","1876 October 26","1879 November","1881 Sept 19"],"Valuation Date":["1879 November","1879 November","1879 November"],"Land \u0026 Building Value":["$20000","$5000","$20000","$5000","$20000","$5000"],"Total Value":["$25000","$25000","$25000","$25000"],"Amount Loaned":["$20,000","$20,000","$12000"]},"subjects":[{"id":"56b1765750617568bb830500","type":"root","location":{"standard":"https://s3.amazonaws.com/scribe.nypl.org/emigrant-s4/full/e0e19500-00b1-0133-57df-58d385a7bbd0.left-bottom.jpg","thumbnail":"https://s3.amazonaws.com/scribe.nypl.org/emigrant-s4/thumb/e0e19500-00b1-0133-57df-58d385a7bbd0.left-bottom.jpg"},"status":"retired","width":1383,"height":1096,"meta_data":{"capture_uuid":"e0e19500-00b1-0133-57df-58d385a7bbd0","page_uri":"http://digitalcollections.nypl.org/items/e0e19500-00b1-0133-57df-58d385a7bbd0","book_uri":"http://digitalcollections.nypl.org/items/df712aa0-00b1-0133-fbd7-58d385a7bbd0","source_rotated":"1.39854","source_x":"0","source_y":"972.43","source_w":"1383.3","source_h":"1096.5700000000002"},"assertions":[{"id":"56b1765750617568bb840500","status":"complete","name":"Record Number","created_in_workflow":"transcribe","confidence":1.0,"data":{"value":"240"},"versions":[{"data":{"value":"240"},"votes":3,"confidence":1.0,"instances":[{"created":"2015-12-07T12:47:46Z","user_id":"5647496e3562310003960400","duration":5.205},{"created":"2015-12-07T18:17:06Z","user_id":"5665c0803538380003d10300","duration":7.533},{"created":"2015-12-07T18:32:24Z","user_id":"5665cb5c3538380003fe0300","duration":7.977}]}],"region":{"x":938.8130658518534,"y":41.587526648417494,"width":98.21735084156273,"height":62.82371046888599,"label":"Record Number","shape":"rectangle"},"task_key":"em_record_number","instructions":{"mark":"Record Number","transcribe":"Enter the record number"}},{"id":"56b1765750617568bb850500","status":"awaiting_votes","name":"Mortgager","created_in_workflow":"transcribe","confidence":0.3333333333333333,"data":{"value":"Terrence McGuire"},"versions":[{"data":{"value":"Terrence McGuire"},"votes":1,"confidence":0.3333333333333333,"instances":[{"created":"2015-12-07T12:48:59Z","user_id":"5647496e3562310003960400","duration":13.123}]},{"data":{"value":"Terrence Mc.Guire"},"votes":1,"confidence":0.3333333333333333,"instances":[{"created":"2015-12-07T18:19:33Z","user_id":"5665c0803538380003d10300","duration":36.675}]},{"data":{"value":"Genence W. Guire"},"votes":1,"confidence":0.3333333333333333,"instances":[{"created":"2015-12-07T18:36:22Z","user_id":"5665cb5c3538380003fe0300","duration":232.344}]}],"region":{"x":430.91433267115934,"y":523.8258675715565,"width":312.34887249614104,"height":55.74498252872979,"label":"Mortgager Name","shape":"rectangle"},"task_key":"em_record_mortgager","instructions":{"mark":"Mortgager Name","transcribe":"Enter the mortgager's name"}},{"id":"56b1765750617568bb860500","status":"awaiting_votes","name":"Street Address","created_in_workflow":"transcribe","confidence":0.3333333333333333,"data":{"value":"S.E corner 3d Avenue and 111th Street"},"versions":[{"data":{"value":"S.E corner 3d Avenue and 111th Street"},"votes":1,"confidence":0.3333333333333333,"instances":[{"created":"2015-12-06T22:37:07Z","user_id":"5647496e3562310003960400","duration":23.53}]},{"data":{"value":"S.E. corner 3d Avenue and 111th Street"},"votes":1,"confidence":0.3333333333333333,"instances":[{"created":"2015-12-07T18:21:35Z","user_id":"5665c0803538380003d10300","duration":121.865}]},{"data":{"value":"S. E. corner 3rd Avenue and 111th Street"},"votes":1,"confidence":0.3333333333333333,"instances":[{"created":"2015-12-07T18:38:14Z","user_id":"5665cb5c3538380003fe0300","duration":85.389}]}],"region":{"x":434.4536966654499,"y":563.6437122349349,"width":478.69898022779694,"height":48.66625458857368,"label":"Street Address","shape":"rectangle"},"task_key":"em_record_street_address","instructions":{"mark":"Street Address","transcribe":"Enter the street address"}},{"id":"56b1765750617568bb870500","status":"awaiting_transcriptions","name":"Land \u0026 Building Dimensions","created_in_workflow":"transcribe","confidence":0.3333333333333333,"data":{"em_survey_land_dimensions":"100.10 x 110","em_survey_building_dimensions":""},"versions":[{"data":{"em_survey_land_dimensions":"100.10 x 110","em_survey_building_dimensions":""},"votes":1,"confidence":0.3333333333333333,"instances":[{"created":"2016-01-16T00:10:30Z","user_id":"569988683534370003960600","duration":43.86}]}],"region":{"x":389.148922503767,"y":603.2554705384948,"width":785.5340817902186,"height":83.90603666962284,"label":"Dimension \u0026 Description","shape":"rectangle"},"task_key":"em_record_survey","instructions":{"mark":"Dimension \u0026 Description","transcribe":"Enter, as they appear, any land and building dimensions that were recorded. In the next screen, you'll enter the descriptive information."}},{"id":"56b1765750617568bb880500","status":"awaiting_transcriptions","name":"Stories \u0026 Materials","created_in_workflow":"transcribe","confidence":0.3333333333333333,"data":{"em_record_stories":"2","em_record_material":"frame"},"versions":[{"data":{"em_record_stories":"2","em_record_material":"frame"},"votes":1,"confidence":0.3333333333333333,"instances":[{"created":"2016-01-16T00:11:09Z","user_id":"569988683534370003960600","duration":38.837}]}],"region":{"x":389.148922503767,"y":603.2554705384948,"width":785.5340817902186,"height":83.90603666962284,"label":"Dimension \u0026 Description","shape":"rectangle"},"task_key":"em_record_survey_stories_materials","instructions":{"mark":"Dimension \u0026 Description","transcribe":"Enter, as they appear, the number of stories and the building materials."}},{"id":"56b1765750617568bb890500","status":"awaiting_transcriptions","name":"Additional Info","created_in_workflow":"transcribe","confidence":0.3333333333333333,"data":{"value":"stores and livery stables"},"versions":[{"data":{"value":"stores and livery stables"},"votes":1,"confidence":0.3333333333333333,"instances":[{"created":"2016-01-16T00:11:17Z","user_id":"569988683534370003960600","duration":8.175}]}],"region":{"x":389.148922503767,"y":603.2554705384948,"width":785.5340817902186,"height":83.90603666962284,"label":"Dimension \u0026 Description","shape":"rectangle"},"task_key":"em_record_survey_additional_info","instructions":{"mark":"Dimension \u0026 Description","transcribe":"Enter any additional information you find about the building's construction or significance."}},{"id":"56b1765750617568bb8a0500","status":"awaiting_transcriptions","name":"Land \u0026 Building Dimensions","created_in_workflow":"transcribe","confidence":0.3333333333333333,"data":{"em_survey_land_dimensions":"100.10 x 100","em_survey_building_dimensions":""},"versions":[{"data":{"em_survey_land_dimensions":"100.10 x 100","em_survey_building_dimensions":""},"votes":1,"confidence":0.3333333333333333,"instances":[{"created":"2015-12-06T22:38:04Z","user_id":"5647496e3562310003960400","duration":57.139}]}],"region":{"x":400.82973871968966,"y":607.0009208683915,"width":767.1571457624768,"height":76.09632535667879,"label":"Dimension \u0026 Description","shape":"rectangle"},"task_key":"em_record_survey","instructions":{"mark":"Dimension \u0026 Description","transcribe":"Enter, as they appear, any land and building dimensions that were recorded. In the next screen, you'll enter the descriptive information."}},{"id":"56b1765750617568bb8b0500","status":"awaiting_transcriptions","name":"Stories \u0026 Materials","created_in_workflow":"transcribe","confidence":0.3333333333333333,"data":{"em_record_stories":"5 2-story","em_record_material":"frame"},"versions":[{"data":{"em_record_stories":"5 2-story","em_record_material":"frame"},"votes":1,"confidence":0.3333333333333333,"instances":[{"created":"2015-12-06T22:38:23Z","user_id":"5647496e3562310003960400","duration":18.639}]}],"region":{"x":400.82973871968966,"y":607.0009208683915,"width":767.1571457624768,"height":76.09632535667879,"label":"Dimension \u0026 Description","shape":"rectangle"},"task_key":"em_record_survey_stories_materials","instructions":{"mark":"Dimension \u0026 Description","transcribe":"Enter, as they appear, the number of stories and the building materials."}},{"id":"56b1765750617568bb8c0500","status":"awaiting_transcriptions","name":"Additional Info","created_in_workflow":"transcribe","confidence":0.3333333333333333,"data":{"value":"stores \u0026 dwgs and livery stables"},"versions":[{"data":{"value":"stores \u0026 dwgs and livery stables"},"votes":1,"confidence":0.3333333333333333,"instances":[{"created":"2015-12-06T22:39:22Z","user_id":"5647496e3562310003960400","duration":58.626}]}],"region":{"x":400.82973871968966,"y":607.0009208683915,"width":767.1571457624768,"height":76.09632535667879,"label":"Dimension \u0026 Description","shape":"rectangle"},"task_key":"em_record_survey_additional_info","instructions":{"mark":"Dimension \u0026 Description","transcribe":"Enter any additional information you find about the building's construction or significance."}},{"id":"56b1765750617568bb8d0500","status":"complete","name":"Record Date","created_in_workflow":"transcribe","confidence":1.0,"data":{"value":"1865 March 14"},"versions":[{"data":{"value":"1865 March 14"},"votes":3,"confidence":1.0,"instances":[{"created":"2015-12-07T12:47:59Z","user_id":"5647496e3562310003960400","duration":12.311},{"created":"2015-12-07T19:02:47Z","user_id":"5665da313538380003800700","duration":18.801},{"created":"2015-12-07T19:09:41Z","user_id":"5655e5253437330003fd0100","duration":6.91}]}],"region":{"x":64.59015926208737,"y":50.43593657361271,"width":184.93176870168128,"height":90.25378123699116,"label":"Record Date","shape":"rectangle"},"task_key":"em_record_date","instructions":{"mark":"Record Date","transcribe":"Enter the record date"}},{"id":"56b1765750617568bb8e0500","status":"awaiting_votes","name":"Record Date","created_in_workflow":"transcribe","confidence":0.6666666666666666,"data":{"value":"1876 October 26"},"versions":[{"data":{"value":"1876 October 26"},"votes":2,"confidence":0.6666666666666666,"instances":[{"created":"2015-12-07T12:48:21Z","user_id":"5647496e3562310003960400","duration":14.55},{"created":"2015-12-07T18:32:30Z","user_id":"5665cb5c3538380003fe0300","duration":5.24}]},{"data":{"value":"1876 October 26."},"votes":1,"confidence":0.3333333333333333,"instances":[{"created":"2015-12-07T19:02:59Z","user_id":"5665da313538380003800700","duration":11.671}]}],"region":{"x":75.20825124495902,"y":141.57455880312338,"width":174.31367671880963,"height":109.72028307242061,"label":"Record Date","shape":"rectangle"},"task_key":"em_record_date","instructions":{"mark":"Record Date","transcribe":"Enter the record date"}},{"id":"56b1765750617568bb8f0500","status":"complete","name":"Record Date","created_in_workflow":"transcribe","confidence":1.0,"data":{"value":"1879 November"},"versions":[{"data":{"value":"1879 November"},"votes":3,"confidence":1.0,"instances":[{"created":"2015-12-07T18:38:26Z","user_id":"5665cb5c3538380003fe0300","duration":4.162},{"created":"2015-12-07T19:09:55Z","user_id":"5655e5253437330003fd0100","duration":8.106},{"created":"2015-12-07T19:10:33Z","user_id":"5665da313538380003800700","duration":7.794}]}],"region":{"x":76.9779332421043,"y":723.7999318809683,"width":153.07749275306628,"height":75.21148436415922,"label":"Record Date","shape":"rectangle"},"task_key":"em_record_date","instructions":{"mark":"Record Date","transcribe":"Enter the record date"}},{"id":"56b1765750617568bb900500","status":"awaiting_votes","name":"Record Date","created_in_workflow":"transcribe","confidence":0.6666666666666666,"data":{"value":"1881 Sept 19"},"versions":[{"data":{"value":"1881 Sept 19"},"votes":2,"confidence":0.6666666666666666,"instances":[{"created":"2015-12-07T12:49:37Z","user_id":"5647496e3562310003960400","duration":17.252},{"created":"2015-12-07T18:26:42Z","user_id":"5665c0803538380003d10300","duration":20.689}]},{"data":{"value":"1881 September 19"},"votes":1,"confidence":0.3333333333333333,"instances":[{"created":"2015-12-07T18:38:39Z","user_id":"5665cb5c3538380003fe0300","duration":8.053}]}],"region":{"x":82.28697923354012,"y":800.7810982301667,"width":142.45940077019463,"height":76.09632535667879,"label":"Record Date","shape":"rectangle"},"task_key":"em_record_date","instructions":{"mark":"Record Date","transcribe":"Enter the record date"}},{"id":"56b1765750617568bb910500","status":"awaiting_transcriptions","name":"Valuation Date","created_in_workflow":"transcribe","confidence":0.3333333333333333,"data":{"value":"1879 November"},"versions":[{"data":{"value":"1879 November"},"votes":1,"confidence":0.3333333333333333,"instances":[{"created":"2016-01-16T00:12:12Z","user_id":"569988683534370003960600","duration":6.052}]}],"region":{"x":63.651374800637754,"y":675.5882607709283,"width":818.8071644443162,"height":127.30571080908283,"label":"Valuation","shape":"rectangle"},"task_key":"em_record_valuation","instructions":{"mark":"Valuation","transcribe":"Enter the date of the valuation (if one is given). In the next screen, you'll enter the valuation's dollar amounts."}},{"id":"56b1765750617568bb920500","status":"awaiting_transcriptions","name":"Land \u0026 Building Value","created_in_workflow":"transcribe","confidence":0.3333333333333333,"data":{"em_valuation_ground":"$20000","em_valuation_building":"$5000"},"versions":[{"data":{"em_valuation_ground":"$20000","em_valuation_building":"$5000"},"votes":1,"confidence":0.3333333333333333,"instances":[{"created":"2016-01-16T00:12:19Z","user_id":"569988683534370003960600","duration":7.098}]}],"region":{"x":63.651374800637754,"y":675.5882607709283,"width":818.8071644443162,"height":127.30571080908283,"label":"Valuation","shape":"rectangle"},"task_key":"em_record_valuation_ground_building","instructions":{"mark":"Valuation","transcribe":"Sometimes valuations include itemized dollar values for \"ground\" and \"building\". Enter these amounts if you can find them. In the next screen, you'll enter the total valuation."}},{"id":"56b1765750617568bb930500","status":"awaiting_transcriptions","name":"Total Value","created_in_workflow":"transcribe","confidence":0.3333333333333333,"data":{"value":"$25000"},"versions":[{"data":{"value":"$25000"},"votes":1,"confidence":0.3333333333333333,"instances":[{"created":"2016-01-16T00:12:22Z","user_id":"569988683534370003960600","duration":2.559}]}],"region":{"x":63.651374800637754,"y":675.5882607709283,"width":818.8071644443162,"height":127.30571080908283,"label":"Valuation","shape":"rectangle"},"task_key":"em_record_valuation_total","instructions":{"mark":"Valuation","transcribe":"Enter the valuation ***total*** (if one is given)"}},{"id":"56b1765750617568bb940500","status":"awaiting_transcriptions","name":"Valuation Date","created_in_workflow":"transcribe","confidence":0.3333333333333333,"data":{"value":"1879 November"},"versions":[{"data":{"value":"1879 November"},"votes":1,"confidence":0.3333333333333333,"instances":[{"created":"2016-01-16T00:11:48Z","user_id":"569988683534370003960600","duration":7.536}]}],"region":{"x":65.09803056820722,"y":669.8016375523337,"width":784.087426022649,"height":133.09233402767745,"label":"Valuation","shape":"rectangle"},"task_key":"em_record_valuation","instructions":{"mark":"Valuation","transcribe":"Enter the date of the valuation (if one is given). In the next screen, you'll enter the valuation's dollar amounts."}},{"id":"56b1765750617568bb950500","status":"awaiting_transcriptions","name":"Land \u0026 Building Value","created_in_workflow":"transcribe","confidence":0.3333333333333333,"data":{"em_valuation_ground":"$20000","em_valuation_building":"$5000"},"versions":[{"data":{"em_valuation_ground":"$20000","em_valuation_building":"$5000"},"votes":1,"confidence":0.3333333333333333,"instances":[{"created":"2016-01-16T00:12:03Z","user_id":"569988683534370003960600","duration":14.809}]}],"region":{"x":65.09803056820722,"y":669.8016375523337,"width":784.087426022649,"height":133.09233402767745,"label":"Valuation","shape":"rectangle"},"task_key":"em_record_valuation_ground_building","instructions":{"mark":"Valuation","transcribe":"Sometimes valuations include itemized dollar values for \"ground\" and \"building\". Enter these amounts if you can find them. In the next screen, you'll enter the total valuation."}},{"id":"56b1765750617568bb960500","status":"awaiting_transcriptions","name":"Total Value","created_in_workflow":"transcribe","confidence":0.3333333333333333,"data":{"value":"$25000"},"versions":[{"data":{"value":"$25000"},"votes":1,"confidence":0.3333333333333333,"instances":[{"created":"2016-01-16T00:12:06Z","user_id":"569988683534370003960600","duration":3.084}]}],"region":{"x":65.09803056820722,"y":669.8016375523337,"width":784.087426022649,"height":133.09233402767745,"label":"Valuation","shape":"rectangle"},"task_key":"em_record_valuation_total","instructions":{"mark":"Valuation","transcribe":"Enter the valuation ***total*** (if one is given)"}},{"id":"56b1765750617568bb970500","status":"awaiting_transcriptions","name":"Valuation Date","created_in_workflow":"transcribe","confidence":0.3333333333333333,"data":{"value":""},"versions":[{"data":{"value":""},"votes":1,"confidence":0.3333333333333333,"instances":[{"created":"2015-12-06T22:39:23Z","user_id":"5647496e3562310003960400","duration":1.925}]}],"region":{"x":355.70284779248516,"y":677.7882002699532,"width":402.6026543505501,"height":56.629823521249364,"label":"Valuation","shape":"rectangle"},"task_key":"em_record_valuation","instructions":{"mark":"Valuation","transcribe":"Enter the date of the valuation (if one is given). In the next screen, you'll enter the valuation's dollar amounts."}},{"id":"56b1765750617568bb980500","status":"awaiting_transcriptions","name":"Land \u0026 Building Value","created_in_workflow":"transcribe","confidence":0.3333333333333333,"data":{"em_valuation_ground":"$20000","em_valuation_building":"$5000"},"versions":[{"data":{"em_valuation_ground":"$20000","em_valuation_building":"$5000"},"votes":1,"confidence":0.3333333333333333,"instances":[{"created":"2015-12-06T22:39:35Z","user_id":"5647496e3562310003960400","duration":11.549}]}],"region":{"x":355.70284779248516,"y":677.7882002699532,"width":402.6026543505501,"height":56.629823521249364,"label":"Valuation","shape":"rectangle"},"task_key":"em_record_valuation_ground_building","instructions":{"mark":"Valuation","transcribe":"Sometimes valuations include itemized dollar values for \"ground\" and \"building\". Enter these amounts if you can find them. In the next screen, you'll enter the total valuation."}},{"id":"56b1765750617568bb990500","status":"awaiting_transcriptions","name":"Total Value","created_in_workflow":"transcribe","confidence":0.3333333333333333,"data":{"value":"$25000"},"versions":[{"data":{"value":"$25000"},"votes":1,"confidence":0.3333333333333333,"instances":[{"created":"2015-12-06T22:39:39Z","user_id":"5647496e3562310003960400","duration":3.785}]}],"region":{"x":355.70284779248516,"y":677.7882002699532,"width":402.6026543505501,"height":56.629823521249364,"label":"Valuation","shape":"rectangle"},"task_key":"em_record_valuation_total","instructions":{"mark":"Valuation","transcribe":"Enter the valuation ***total*** (if one is given)"}},{"id":"56b1765750617568bb9a0500","status":"awaiting_transcriptions","name":"Valuation Date","created_in_workflow":"transcribe","confidence":0.3333333333333333,"data":{"value":"1879 November"},"versions":[{"data":{"value":"1879 November"},"votes":1,"confidence":0.3333333333333333,"instances":[{"created":"2015-12-06T22:39:52Z","user_id":"5647496e3562310003960400","duration":8.447}]}],"region":{"x":714.0634522144034,"y":755.654207611671,"width":125.64742179731456,"height":52.205618558651736,"label":"Valuation","shape":"rectangle"},"task_key":"em_record_valuation","instructions":{"mark":"Valuation","transcribe":"Enter the date of the valuation (if one is given). In the next screen, you'll enter the valuation's dollar amounts."}},{"id":"56b1765750617568bb9b0500","status":"awaiting_transcriptions","name":"Land \u0026 Building Value","created_in_workflow":"transcribe","confidence":0.3333333333333333,"data":{"em_valuation_ground":""},"versions":[{"data":{"em_valuation_ground":""},"votes":1,"confidence":0.3333333333333333,"instances":[{"created":"2015-12-06T22:39:54Z","user_id":"5647496e3562310003960400","duration":1.412}]}],"region":{"x":714.0634522144034,"y":755.654207611671,"width":125.64742179731456,"height":52.205618558651736,"label":"Valuation","shape":"rectangle"},"task_key":"em_record_valuation_ground_building","instructions":{"mark":"Valuation","transcribe":"Sometimes valuations include itemized dollar values for \"ground\" and \"building\". Enter these amounts if you can find them. In the next screen, you'll enter the total valuation."}},{"id":"56b1765750617568bb9c0500","status":"awaiting_transcriptions","name":"Total Value","created_in_workflow":"transcribe","confidence":0.3333333333333333,"data":{"value":"$25000"},"versions":[{"data":{"value":"$25000"},"votes":1,"confidence":0.3333333333333333,"instances":[{"created":"2015-12-06T22:39:59Z","user_id":"5647496e3562310003960400","duration":5.208}]}],"region":{"x":714.0634522144034,"y":755.654207611671,"width":125.64742179731456,"height":52.205618558651736,"label":"Valuation","shape":"rectangle"},"task_key":"em_record_valuation_total","instructions":{"mark":"Valuation","transcribe":"Enter the valuation ***total*** (if one is given)"}},{"id":"56b1765750617568bb9d0500","status":"awaiting_votes","name":"Amount Loaned","created_in_workflow":"transcribe","confidence":0.3333333333333333,"data":{"value":"$20,000"},"versions":[{"data":{"value":"$20,000"},"votes":1,"confidence":0.3333333333333333,"instances":[{"created":"2016-01-16T00:12:28Z","user_id":"569988683534370003960600","duration":6.323}]},{"data":{"value":"20000"},"votes":1,"confidence":0.3333333333333333,"instances":[{"created":"2016-01-16T02:49:11Z","user_id":"5699ab2c61663700031d0600","duration":18.494}]},{"data":{"value":"$8,000 making total loan $20,000"},"votes":1,"confidence":0.3333333333333333,"instances":[{"created":"2016-01-16T10:21:42Z","user_id":"569a15493534370003c10800","duration":56.205}]}],"region":{"x":57.8647517303599,"y":805.7872831893085,"width":907.0531662660535,"height":75.22610184173084,"label":"Amount Loaned","shape":"rectangle"},"task_key":"em_record_amount_loaned","instructions":{"mark":"Amount Loaned","transcribe":"Enter the Amount Loaned"}},{"id":"56b1765750617568bb9e0500","status":"awaiting_votes","name":"Amount Loaned","created_in_workflow":"transcribe","confidence":0.6666666666666666,"data":{"value":"$20,000"},"versions":[{"data":{"value":"$20,000"},"votes":2,"confidence":0.6666666666666666,"instances":[{"created":"2015-12-06T22:40:15Z","user_id":"5647496e3562310003960400","duration":16.455},{"created":"2015-12-07T18:27:06Z","user_id":"5665c0803538380003d10300","duration":24.254}]},{"data":{"value":"Addl 8000, making total 20000"},"votes":1,"confidence":0.3333333333333333,"instances":[{"created":"2015-12-07T18:21:23Z","user_id":"566eeeda3637340003010100","duration":12.827}]}],"region":{"x":248.637086965196,"y":822.0172820506351,"width":687.5214558909395,"height":54.860141536210335,"label":"Amount Loaned","shape":"rectangle"},"task_key":"em_record_amount_loaned","instructions":{"mark":"Amount Loaned","transcribe":"Enter the Amount Loaned"}},{"id":"56b1765750617568bb9f0500","status":"awaiting_votes","name":"Amount Loaned","created_in_workflow":"transcribe","confidence":0.6666666666666666,"data":{"value":"$12000"},"versions":[{"data":{"value":"$12000"},"votes":2,"confidence":0.6666666666666666,"instances":[{"created":"2015-12-06T22:39:44Z","user_id":"5647496e3562310003960400","duration":4.887},{"created":"2015-12-07T18:26:21Z","user_id":"5665c0803538380003d10300","duration":286.674}]},{"data":{"value":"12000"},"votes":1,"confidence":0.3333333333333333,"instances":[{"created":"2015-12-07T18:21:08Z","user_id":"566eeeda3637340003010100","duration":2.279}]}],"region":{"x":1125.51451655068,"y":718.4908859258511,"width":138.920036775904,"height":55.744982528729906,"label":"Amount Loaned","shape":"rectangle"},"task_key":"em_record_amount_loaned","instructions":{"mark":"Amount Loaned","transcribe":"Enter the Amount Loaned"}}]}]}