{"id":"56b100f87061755afb691700","meta_data":{"capture_uuid":"e3a85e30-00b1-0133-e2fe-58d385a7bbd0","page_uri":"http://digitalcollections.nypl.org/items/e3a85e30-00b1-0133-e2fe-58d385a7bbd0","book_uri":"http://digitalcollections.nypl.org/items/df712aa0-00b1-0133-fbd7-58d385a7bbd0","source_rotated":"0.923143","source_x":"0","source_y":"0","source_w":"1373.79","source_h":"985.92"},"type":"final_subject_set","search_terms_by_field":{"Record Number":["641"],"Mortgager":["Charles E. Hartshorn"],"Street Address":["No 926 2nd Avenue"],"Land \u0026 Building Dimensions":["25.5 x 100","25.5 x 56"],"Stories \u0026 Materials":["4","B.S.F. House"],"Additional Info":["house"],"Record Date":["1872 Novemb 12"],"Valuation Date":["1879 November "],"Land \u0026 Building Value":[],"Total Value":["$17,000"],"Amount Loaned":["$10,000"]},"subjects":[{"id":"56b1774750617568bbbf1500","type":"root","location":{"standard":"https://s3.amazonaws.com/scribe.nypl.org/emigrant-s4/full/e3a85e30-00b1-0133-e2fe-58d385a7bbd0.left-top.jpg","thumbnail":"https://s3.amazonaws.com/scribe.nypl.org/emigrant-s4/thumb/e3a85e30-00b1-0133-e2fe-58d385a7bbd0.left-top.jpg"},"status":"retired","width":1373,"height":985,"meta_data":{"capture_uuid":"e3a85e30-00b1-0133-e2fe-58d385a7bbd0","page_uri":"http://digitalcollections.nypl.org/items/e3a85e30-00b1-0133-e2fe-58d385a7bbd0","book_uri":"http://digitalcollections.nypl.org/items/df712aa0-00b1-0133-fbd7-58d385a7bbd0","source_rotated":"0.923143","source_x":"0","source_y":"0","source_w":"1373.79","source_h":"985.92"},"assertions":[{"id":"56b1774750617568bbc01500","status":"awaiting_votes","name":"Record Number","created_in_workflow":"transcribe","confidence":0.6666666666666666,"data":{"value":"641"},"versions":[{"data":{"value":"641"},"votes":2,"confidence":0.6666666666666666,"instances":[{"created":"2016-01-03T01:10:29Z","user_id":"568869523833320003620900","duration":1.739},{"created":"2016-01-03T06:08:36Z","user_id":"56748e5e3564620003fd0100","duration":2.922}]},{"data":{"value":"641."},"votes":1,"confidence":0.3333333333333333,"instances":[{"created":"2016-01-03T17:53:32Z","user_id":"56895b9661356400039f0300","duration":9.553}]}],"region":{"x":949.2855114157752,"y":21.72903336995627,"width":88.2741993206547,"height":70.61935845235787,"label":"Record Number","shape":"rectangle"},"task_key":"em_record_number","instructions":{"mark":"Record Number","transcribe":"Enter the record number"}},{"id":"56b1774750617568bbc11500","status":"complete","name":"Mortgager","created_in_workflow":"transcribe","confidence":1.0,"data":{"value":"Charles E. Hartshorn"},"versions":[{"data":{"value":"Charles E. Hartshorn"},"votes":3,"confidence":1.0,"instances":[{"created":"2016-01-03T01:11:01Z","user_id":"568869523833320003620900","duration":6.914},{"created":"2016-01-03T06:09:18Z","user_id":"56748e5e3564620003fd0100","duration":10.173},{"created":"2016-01-03T23:17:23Z","user_id":"5689abf161356400035e0700","duration":17.479}]}],"region":{"x":365.3177312945208,"y":533.7193821495508,"width":453.593578047672,"height":58.39677718175744,"label":"Mortgager Name","shape":"rectangle"},"task_key":"em_record_mortgager","instructions":{"mark":"Mortgager Name","transcribe":"Enter the mortgager's name"}},{"id":"56b1774750617568bbc21500","status":"awaiting_votes","name":"Street Address","created_in_workflow":"transcribe","confidence":0.3333333333333333,"data":{"value":"No 926 2nd Avenue"},"versions":[{"data":{"value":"No 926 2nd Avenue"},"votes":1,"confidence":0.3333333333333333,"instances":[{"created":"2016-01-03T01:11:09Z","user_id":"568869523833320003620900","duration":8.418}]},{"data":{"value":"No. 926,  2d Avenue"},"votes":1,"confidence":0.3333333333333333,"instances":[{"created":"2016-01-03T06:09:37Z","user_id":"56748e5e3564620003fd0100","duration":9.702}]},{"data":{"value":"No. 926 2d Avenue"},"votes":1,"confidence":0.3333333333333333,"instances":[{"created":"2016-01-03T18:37:46Z","user_id":"5689687061356400032b0400","duration":13.039}]}],"region":{"x":351.7370852451893,"y":583.9677718175747,"width":401.9871230602123,"height":46.174195911157085,"label":"Street Address","shape":"rectangle"},"task_key":"em_record_street_address","instructions":{"mark":"Street Address","transcribe":"Enter the street address"}},{"id":"56b1774750617568bbc31500","status":"awaiting_transcriptions","name":"Land \u0026 Building Dimensions","created_in_workflow":"transcribe","confidence":0.3333333333333333,"data":{"em_survey_land_dimensions":"25.5 x 100","em_survey_building_dimensions":"25.5 x 56"},"versions":[{"data":{"em_survey_land_dimensions":"25.5 x 100","em_survey_building_dimensions":"25.5 x 56"},"votes":1,"confidence":0.3333333333333333,"instances":[{"created":"2016-01-03T01:11:17Z","user_id":"568869523833320003620900","duration":7.995}]}],"region":{"x":472.6048350842396,"y":624.7097093862427,"width":437.2968027884743,"height":85.55806889420285,"label":"Dimension \u0026 Description","shape":"rectangle"},"task_key":"em_record_survey","instructions":{"mark":"Dimension \u0026 Description","transcribe":"Enter, as they appear, any land and building dimensions that were recorded. In the next screen, you'll enter the descriptive information."}},{"id":"56b1774750617568bbc41500","status":"awaiting_transcriptions","name":"Stories \u0026 Materials","created_in_workflow":"transcribe","confidence":0.3333333333333333,"data":{"em_record_stories":"4","em_record_material":"B.S.F. House"},"versions":[{"data":{"em_record_stories":"4","em_record_material":"B.S.F. House"},"votes":1,"confidence":0.3333333333333333,"instances":[{"created":"2016-01-03T01:11:25Z","user_id":"568869523833320003620900","duration":7.187}]}],"region":{"x":472.6048350842396,"y":624.7097093862427,"width":437.2968027884743,"height":85.55806889420285,"label":"Dimension \u0026 Description","shape":"rectangle"},"task_key":"em_record_survey_stories_materials","instructions":{"mark":"Dimension \u0026 Description","transcribe":"Enter, as they appear, the number of stories and the building materials."}},{"id":"56b1774750617568bbc51500","status":"awaiting_transcriptions","name":"Additional Info","created_in_workflow":"transcribe","confidence":0.3333333333333333,"data":{"value":"house"},"versions":[{"data":{"value":"house"},"votes":1,"confidence":0.3333333333333333,"instances":[{"created":"2016-01-03T01:11:26Z","user_id":"568869523833320003620900","duration":1.267}]}],"region":{"x":472.6048350842396,"y":624.7097093862427,"width":437.2968027884743,"height":85.55806889420285,"label":"Dimension \u0026 Description","shape":"rectangle"},"task_key":"em_record_survey_additional_info","instructions":{"mark":"Dimension \u0026 Description","transcribe":"Enter any additional information you find about the building's construction or significance."}},{"id":"56b1774750617568bbc61500","status":"awaiting_votes","name":"Record Date","created_in_workflow":"verify","confidence":0.6666666666666666,"data":{"value":"1872 Novemb 12"},"versions":[{"data":{"value":"1872 Novemb 12"},"votes":2,"confidence":0.6666666666666666,"instances":[{"created":"2016-01-07T20:13:36Z","user_id":"5668b33530333000032d0500","duration":8.933},{"created":"2016-01-07T20:32:12Z","user_id":"568ac34a3237350003b80500","duration":7.76}]},{"data":{"value":"1872 Novemb. 12"},"votes":1,"confidence":0.3333333333333333,"instances":[{"created":"2016-01-06T03:00:57Z","user_id":"5668bbbe3064310003db0500","duration":14.761}]}],"region":{"x":59.75319518456207,"y":92.34839182231414,"width":183.33872166597524,"height":99.13871475042546,"label":"Record Date","shape":"rectangle"},"task_key":"em_transcribed_date","instructions":{"mark":"Record Date","transcribe":"Enter the record date","verify":"Choose the best transcription or enter your own!"}},{"id":"56b1774750617568bbc71500","status":"awaiting_transcriptions","name":"Valuation Date","created_in_workflow":"transcribe","confidence":0.3333333333333333,"data":{"value":"1879 November "},"versions":[{"data":{"value":"1879 November "},"votes":1,"confidence":0.3333333333333333,"instances":[{"created":"2016-01-03T01:11:33Z","user_id":"568869523833320003620900","duration":4.012}]}],"region":{"x":52.96287215989632,"y":745.5774575066245,"width":712.9839175899037,"height":97.7806501648032,"label":"Valuation","shape":"rectangle"},"task_key":"em_record_valuation","instructions":{"mark":"Valuation","transcribe":"Enter the date of the valuation (if one is given). In the next screen, you'll enter the valuation's dollar amounts."}},{"id":"56b1774750617568bbc81500","status":"awaiting_transcriptions","name":"Land \u0026 Building Value","created_in_workflow":"transcribe","confidence":0.3333333333333333,"data":{"em_valuation_ground":""},"versions":[{"data":{"em_valuation_ground":""},"votes":1,"confidence":0.3333333333333333,"instances":[{"created":"2016-01-03T01:11:34Z","user_id":"568869523833320003620900","duration":0.983}]}],"region":{"x":52.96287215989632,"y":745.5774575066245,"width":712.9839175899037,"height":97.7806501648032,"label":"Valuation","shape":"rectangle"},"task_key":"em_record_valuation_ground_building","instructions":{"mark":"Valuation","transcribe":"Sometimes valuations include itemized dollar values for \"ground\" and \"building\". Enter these amounts if you can find them. In the next screen, you'll enter the total valuation."}},{"id":"56b1774750617568bbc91500","status":"awaiting_transcriptions","name":"Total Value","created_in_workflow":"transcribe","confidence":0.3333333333333333,"data":{"value":"$17,000"},"versions":[{"data":{"value":"$17,000"},"votes":1,"confidence":0.3333333333333333,"instances":[{"created":"2016-01-03T01:11:37Z","user_id":"568869523833320003620900","duration":2.341}]}],"region":{"x":52.96287215989632,"y":745.5774575066245,"width":712.9839175899037,"height":97.7806501648032,"label":"Valuation","shape":"rectangle"},"task_key":"em_record_valuation_total","instructions":{"mark":"Valuation","transcribe":"Enter the valuation ***total*** (if one is given)"}},{"id":"56b1774750617568bbca1500","status":"awaiting_votes","name":"Amount Loaned","created_in_workflow":"transcribe","confidence":0.6666666666666666,"data":{"value":"$10,000"},"versions":[{"data":{"value":"$10,000"},"votes":2,"confidence":0.6666666666666666,"instances":[{"created":"2016-01-03T01:11:29Z","user_id":"568869523833320003620900","duration":3.641},{"created":"2016-01-03T06:09:41Z","user_id":"56748e5e3564620003fd0100","duration":4.702}]},{"data":{"value":"$ 10.000"},"votes":1,"confidence":0.3333333333333333,"instances":[{"created":"2016-01-03T18:37:53Z","user_id":"5689687061356400032b0400","duration":7.655}]}],"region":{"x":1079.6597134893575,"y":731.9968116504018,"width":165.68388180184434,"height":73.33548762360238,"label":"Amount Loaned","shape":"rectangle"},"task_key":"em_record_amount_loaned","instructions":{"mark":"Amount Loaned","transcribe":"Enter the Amount Loaned"}}]}]}