{"id":"56b1000f7061755afb450600","meta_data":{"capture_uuid":"e0e19500-00b1-0133-57df-58d385a7bbd0","page_uri":"http://digitalcollections.nypl.org/items/e0e19500-00b1-0133-57df-58d385a7bbd0","book_uri":"http://digitalcollections.nypl.org/items/df712aa0-00b1-0133-fbd7-58d385a7bbd0","source_rotated":"1.39854","source_x":"1226.7","source_y":"972.43","source_w":"1383.3","source_h":"1096.5700000000002"},"type":"final_subject_set","search_terms_by_field":{"Record Number":["244"],"Mortgager":["R.C. Church of St. Teressa"],"Street Address":["Rutgers and Henny Streets"],"Land \u0026 Building Dimensions":["108 x 100","25 x 100"],"Stories \u0026 Materials":["Stone, brick"],"Additional Info":["Stone church"],"Record Date":["1865 May 27; 1869 July 19; 1876 Feby 19"],"Valuation Date":["1879 November"],"Land \u0026 Building Value":["$60,000"],"Total Value":[],"Amount Loaned":["$42500"]},"subjects":[{"id":"56b1765850617568bbac0500","type":"root","location":{"standard":"https://s3.amazonaws.com/scribe.nypl.org/emigrant-s4/full/e0e19500-00b1-0133-57df-58d385a7bbd0.right-bottom.jpg","thumbnail":"https://s3.amazonaws.com/scribe.nypl.org/emigrant-s4/thumb/e0e19500-00b1-0133-57df-58d385a7bbd0.right-bottom.jpg"},"status":"active","width":1383,"height":1096,"meta_data":{"capture_uuid":"e0e19500-00b1-0133-57df-58d385a7bbd0","page_uri":"http://digitalcollections.nypl.org/items/e0e19500-00b1-0133-57df-58d385a7bbd0","book_uri":"http://digitalcollections.nypl.org/items/df712aa0-00b1-0133-fbd7-58d385a7bbd0","source_rotated":"1.39854","source_x":"1226.7","source_y":"972.43","source_w":"1383.3","source_h":"1096.5700000000002"},"assertions":[{"id":"56b1765850617568bbad0500","status":"complete","name":"Record Number","created_in_workflow":"transcribe","confidence":1.0,"data":{"value":"244"},"versions":[{"data":{"value":"244"},"votes":3,"confidence":1.0,"instances":[{"created":"2015-12-05T14:41:56Z","user_id":"563f8b7a3264340003774b00","duration":5.067},{"created":"2015-12-05T21:30:46Z","user_id":"5663572c3932380003ba0600","duration":2.837},{"created":"2015-12-05T22:17:38Z","user_id":"5663627c3932380003fb0700","duration":5.662}]}],"region":{"x":886.3259128770765,"y":31.774175090596984,"width":177.26646100998096,"height":68.56532519549876,"label":"Record Number","shape":"rectangle"},"task_key":"em_record_number","instructions":{"mark":"Record Number","transcribe":"Enter the record number"}},{"id":"56b1765850617568bbae0500","status":"awaiting_votes","name":"Mortgager","created_in_workflow":"transcribe","confidence":0.6666666666666666,"data":{"value":"R.C. Church of St. Teressa"},"versions":[{"data":{"value":"R.C. Church of St. Teressa"},"votes":2,"confidence":0.6666666666666666,"instances":[{"created":"2015-12-05T14:42:24Z","user_id":"563f8b7a3264340003774b00","duration":28.057},{"created":"2015-12-05T21:31:51Z","user_id":"5663572c3932380003ba0600","duration":59.707}]},{"data":{"value":"R.B. Church of St. Jenessa"},"votes":1,"confidence":0.3333333333333333,"instances":[{"created":"2015-12-05T22:18:56Z","user_id":"5663627c3932380003fb0700","duration":51.53}]}],"region":{"x":242.4807478879942,"y":495.00820141140565,"width":643.8451649890823,"height":95.322525271791,"label":"Mortgager Name","shape":"rectangle"},"task_key":"em_record_mortgager","instructions":{"mark":"Mortgager Name","transcribe":"Enter the mortgager's name"}},{"id":"56b1765850617568bbaf0500","status":"awaiting_votes","name":"Street Address","created_in_workflow":"transcribe","confidence":0.3333333333333333,"data":{"value":"Rutgers and Henny Streets"},"versions":[{"data":{"value":"Rutgers and Henny Streets"},"votes":1,"confidence":0.3333333333333333,"instances":[{"created":"2015-12-05T07:21:49Z","user_id":"56628c6e3963630003a20c00","duration":17.24}]},{"data":{"value":"Rutgers and Henry Streets"},"votes":1,"confidence":0.3333333333333333,"instances":[{"created":"2015-12-05T14:43:02Z","user_id":"563f8b7a3264340003774b00","duration":37.329}]},{"data":{"value":"Rutuess and Tonny Street"},"votes":1,"confidence":0.3333333333333333,"instances":[{"created":"2015-12-05T22:19:32Z","user_id":"5663627c3932380003fb0700","duration":36.666}]}],"region":{"x":262.5486491344072,"y":553.5395765782948,"width":508.3868315757948,"height":68.56532519549876,"label":"Street Address","shape":"rectangle"},"task_key":"em_record_street_address","instructions":{"mark":"Street Address","transcribe":"Enter the street address"}},{"id":"56b1765850617568bbb00500","status":"awaiting_transcriptions","name":"Land \u0026 Building Dimensions","created_in_workflow":"transcribe","confidence":0.3333333333333333,"data":{"em_survey_land_dimensions":"108 x 100","em_survey_building_dimensions":"25 x 100"},"versions":[{"data":{"em_survey_land_dimensions":"108 x 100","em_survey_building_dimensions":"25 x 100"},"votes":1,"confidence":0.3333333333333333,"instances":[{"created":"2015-12-05T07:22:01Z","user_id":"56628c6e3963630003a20c00","duration":12.472}]}],"region":{"x":257.53167382280395,"y":603.7093267213427,"width":774.2865230907664,"height":85.28857524318131,"label":"Dimension \u0026 Description","shape":"rectangle"},"task_key":"em_record_survey","instructions":{"mark":"Dimension \u0026 Description","transcribe":"Enter, as they appear, any land and building dimensions that were recorded. In the next screen, you'll enter the descriptive information."}},{"id":"56b1765850617568bbb10500","status":"awaiting_transcriptions","name":"Stories \u0026 Materials","created_in_workflow":"transcribe","confidence":0.3333333333333333,"data":{"em_record_stories":"","em_record_material":"Stone, brick"},"versions":[{"data":{"em_record_stories":"","em_record_material":"Stone, brick"},"votes":1,"confidence":0.3333333333333333,"instances":[{"created":"2015-12-05T07:22:11Z","user_id":"56628c6e3963630003a20c00","duration":10.43}]}],"region":{"x":257.53167382280395,"y":603.7093267213427,"width":774.2865230907664,"height":85.28857524318131,"label":"Dimension \u0026 Description","shape":"rectangle"},"task_key":"em_record_survey_stories_materials","instructions":{"mark":"Dimension \u0026 Description","transcribe":"Enter, as they appear, the number of stories and the building materials."}},{"id":"56b1765850617568bbb20500","status":"awaiting_transcriptions","name":"Additional Info","created_in_workflow":"transcribe","confidence":0.3333333333333333,"data":{"value":"Stone church"},"versions":[{"data":{"value":"Stone church"},"votes":1,"confidence":0.3333333333333333,"instances":[{"created":"2015-12-05T07:22:17Z","user_id":"56628c6e3963630003a20c00","duration":5.286}]}],"region":{"x":257.53167382280395,"y":603.7093267213427,"width":774.2865230907664,"height":85.28857524318131,"label":"Dimension \u0026 Description","shape":"rectangle"},"task_key":"em_record_survey_additional_info","instructions":{"mark":"Dimension \u0026 Description","transcribe":"Enter any additional information you find about the building's construction or significance."}},{"id":"56b1765850617568bbb30500","status":"awaiting_transcriptions","name":"Record Date","created_in_workflow":"transcribe","confidence":0.6666666666666666,"data":{"value":"1865 May 27; 1869 July 19; 1876 Feby 19"},"versions":[{"data":{"value":"1865 May 27; 1869 July 19; 1876 Feby 19"},"votes":2,"confidence":0.6666666666666666,"instances":[{"created":"2015-12-05T14:41:51Z","user_id":"563f8b7a3264340003774b00","duration":51.73},{"created":"2015-12-05T21:30:43Z","user_id":"5663572c3932380003ba0600","duration":46.476}]}],"region":{"x":80.26521281282285,"y":21.74022506198741,"width":195.66203715252627,"height":334.46500095365246,"label":"Record Date","shape":"rectangle"},"task_key":"em_record_date","instructions":{"mark":"Record Date","transcribe":"Enter the record date"}},{"id":"56b1765850617568bbb40500","status":"awaiting_transcriptions","name":"Valuation Date","created_in_workflow":"transcribe","confidence":0.3333333333333333,"data":{"value":"1879 November"},"versions":[{"data":{"value":"1879 November"},"votes":1,"confidence":0.3333333333333333,"instances":[{"created":"2015-12-05T07:22:41Z","user_id":"56628c6e3963630003a20c00","duration":5.392}]}],"region":{"x":105.35008937083903,"y":714.082777036048,"width":724.1167699747341,"height":122.07972534808312,"label":"Valuation","shape":"rectangle"},"task_key":"em_record_valuation","instructions":{"mark":"Valuation","transcribe":"Enter the date of the valuation (if one is given). In the next screen, you'll enter the valuation's dollar amounts."}},{"id":"56b1765850617568bbb50500","status":"awaiting_transcriptions","name":"Land \u0026 Building Value","created_in_workflow":"transcribe","confidence":0.3333333333333333,"data":{"em_valuation_ground":"$60,000"},"versions":[{"data":{"em_valuation_ground":"$60,000"},"votes":1,"confidence":0.3333333333333333,"instances":[{"created":"2015-12-05T07:22:55Z","user_id":"56628c6e3963630003a20c00","duration":13.287}]}],"region":{"x":105.35008937083903,"y":714.082777036048,"width":724.1167699747341,"height":122.07972534808312,"label":"Valuation","shape":"rectangle"},"task_key":"em_record_valuation_ground_building","instructions":{"mark":"Valuation","transcribe":"Sometimes valuations include itemized dollar values for \"ground\" and \"building\". Enter these amounts if you can find them. In the next screen, you'll enter the total valuation."}},{"id":"56b1765850617568bbb60500","status":"awaiting_transcriptions","name":"Total Value","created_in_workflow":"transcribe","confidence":0.3333333333333333,"data":{"value":""},"versions":[{"data":{"value":""},"votes":1,"confidence":0.3333333333333333,"instances":[{"created":"2015-12-05T07:22:56Z","user_id":"56628c6e3963630003a20c00","duration":1.086}]}],"region":{"x":105.35008937083903,"y":714.082777036048,"width":724.1167699747341,"height":122.07972534808312,"label":"Valuation","shape":"rectangle"},"task_key":"em_record_valuation_total","instructions":{"mark":"Valuation","transcribe":"Enter the valuation ***total*** (if one is given)"}},{"id":"56b1765850617568bbb70500","status":"awaiting_votes","name":"Amount Loaned","created_in_workflow":"transcribe","confidence":0.6666666666666666,"data":{"value":"$42500"},"versions":[{"data":{"value":"$42500"},"votes":2,"confidence":0.6666666666666666,"instances":[{"created":"2015-12-05T07:22:36Z","user_id":"56628c6e3963630003a20c00","duration":4.165},{"created":"2015-12-05T22:19:54Z","user_id":"5663627c3932380003fb0700","duration":21.246}]},{"data":{"value":"$42500."},"votes":1,"confidence":0.3333333333333333,"instances":[{"created":"2015-12-05T14:44:38Z","user_id":"563f8b7a3264340003774b00","duration":10.23}]}],"region":{"x":1153.8979294959158,"y":700.7041769979019,"width":162.21553507517137,"height":93.65020026702268,"label":"Amount Loaned","shape":"rectangle"},"task_key":"em_record_amount_loaned","instructions":{"mark":"Amount Loaned","transcribe":"Enter the Amount Loaned"}}]}]}