{"id":"56b100557061755afb680b00","meta_data":{"capture_uuid":"e1a37ff0-00b1-0133-c456-58d385a7bbd0","page_uri":"http://digitalcollections.nypl.org/items/e1a37ff0-00b1-0133-c456-58d385a7bbd0","book_uri":"http://digitalcollections.nypl.org/items/df712aa0-00b1-0133-fbd7-58d385a7bbd0","source_rotated":"0.867204","source_x":"0","source_y":"0","source_w":"1373.76","source_h":"978.24"},"type":"final_subject_set","search_terms_by_field":{"Record Number":["368"],"Mortgager":["Catherine Amrhein"],"Street Address":["No 351 Madison Street"],"Land \u0026 Building Dimensions":["24 x 96","24 x 60"],"Stories \u0026 Materials":["5","Brick House"],"Record Date":["1868 October 21"],"Valuation Date":["1879. November","\"1879 November\"","1879 November"],"Total Value":["$14000","$14,000","$14,000."],"Land \u0026 Building Value":["$14,000","None Given","None Given"],"Amount Loaned":["$8,000"]},"subjects":[{"id":"56b176a050617568bb820a00","type":"root","location":{"standard":"https://s3.amazonaws.com/scribe.nypl.org/emigrant-s4/full/e1a37ff0-00b1-0133-c456-58d385a7bbd0.left-top.jpg","thumbnail":"https://s3.amazonaws.com/scribe.nypl.org/emigrant-s4/thumb/e1a37ff0-00b1-0133-c456-58d385a7bbd0.left-top.jpg"},"status":"retired","width":1373,"height":978,"meta_data":{"capture_uuid":"e1a37ff0-00b1-0133-c456-58d385a7bbd0","page_uri":"http://digitalcollections.nypl.org/items/e1a37ff0-00b1-0133-c456-58d385a7bbd0","book_uri":"http://digitalcollections.nypl.org/items/df712aa0-00b1-0133-fbd7-58d385a7bbd0","source_rotated":"0.867204","source_x":"0","source_y":"0","source_w":"1373.76","source_h":"978.24"},"assertions":[{"id":"56b176a050617568bb830a00","status":"awaiting_votes","name":"Record Number","created_in_workflow":"transcribe","confidence":0.6666666666666666,"data":{"value":"368"},"versions":[{"data":{"value":"368"},"votes":2,"confidence":0.6666666666666666,"instances":[{"created":"2015-11-20T23:36:37Z","user_id":"563f8b7a3264340003774b00","duration":5.339},{"created":"2015-11-21T00:35:49Z","user_id":"564fbbb36138360003470b00","duration":4.977}]},{"data":{"value":"\"368\""},"votes":1,"confidence":0.3333333333333333,"instances":[{"created":"2015-11-21T00:51:00Z","user_id":"564fb23e6435360003a10a00","duration":7.205}]}],"region":{"x":880.4075997315055,"y":21.772077046828123,"width":183.7019070817563,"height":40.822644462802735,"label":"Record Number","shape":"rectangle"},"task_key":"em_record_number","instructions":{"mark":"Record Number","transcribe":"Enter the record number"}},{"id":"56b176a050617568bb840a00","status":"awaiting_votes","name":"Mortgager","created_in_workflow":"transcribe","confidence":0.3333333333333333,"data":{"value":"Catherine Amrhein"},"versions":[{"data":{"value":"Catherine Amrhein"},"votes":1,"confidence":0.3333333333333333,"instances":[{"created":"2015-11-20T23:39:20Z","user_id":"563f8b7a3264340003774b00","duration":125.246}]},{"data":{"value":"Catherine Amrhim"},"votes":1,"confidence":0.3333333333333333,"instances":[{"created":"2015-11-21T00:04:34Z","user_id":"564fa9a96138360003120a00","duration":26.489}]},{"data":{"value":"Catherine Arnnhein"},"votes":1,"confidence":0.3333333333333333,"instances":[{"created":"2015-11-21T00:37:54Z","user_id":"564fbbb36138360003470b00","duration":25.919}]}],"region":{"x":228.60601830808892,"y":529.3336232010088,"width":609.6181805379763,"height":55.79094743249709,"label":"Mortgager Name","shape":"rectangle"},"task_key":"em_record_mortgager","instructions":{"mark":"Mortgager Name","transcribe":"Enter the mortgager's name"}},{"id":"56b176a050617568bb850a00","status":"awaiting_votes","name":"Street Address","created_in_workflow":"transcribe","confidence":0.3333333333333333,"data":{"value":"No 351 Madison Street"},"versions":[{"data":{"value":"No 351 Madison Street"},"votes":1,"confidence":0.3333333333333333,"instances":[{"created":"2015-11-21T00:04:53Z","user_id":"564fa9a96138360003120a00","duration":18.726}]},{"data":{"value":"351 madison "},"votes":1,"confidence":0.3333333333333333,"instances":[{"created":"2015-11-21T00:38:11Z","user_id":"564fbbb36138360003470b00","duration":16.982}]},{"data":{"value":"\"No. 351 Madison Street\""},"votes":1,"confidence":0.3333333333333333,"instances":[{"created":"2015-11-21T00:52:10Z","user_id":"564fb23e6435360003a10a00","duration":16.729}]}],"region":{"x":220.44148910445531,"y":564.7132484021045,"width":617.7827097416099,"height":46.26566372450975,"label":"Street Address","shape":"rectangle"},"task_key":"em_record_street_address","instructions":{"mark":"Street Address","transcribe":"Enter the street address"}},{"id":"56b176a050617568bb860a00","status":"awaiting_transcriptions","name":"Land \u0026 Building Dimensions","created_in_workflow":"transcribe","confidence":0.3333333333333333,"data":{"em_survey_land_dimensions":"24 x 96","em_survey_building_dimensions":"24 x 60"},"versions":[{"data":{"em_survey_land_dimensions":"24 x 96","em_survey_building_dimensions":"24 x 60"},"votes":1,"confidence":0.3333333333333333,"instances":[{"created":"2015-11-20T21:54:26Z","user_id":"564f6ddc64353600031b0500","duration":36.555}]},{"data":{"em_survey_land_dimensions":"\"24 x 96\"","em_survey_building_dimensions":"\"24 x 60\""},"votes":1,"confidence":0.3333333333333333,"instances":[{"created":"2015-11-21T00:33:37Z","user_id":"564fb23e6435360003a10a00","duration":29.776}]}],"region":{"x":210.91620503354943,"y":608.2574024957607,"width":737.5291380615695,"height":76.20226966389839,"label":"Dimension \u0026 Description","shape":"rectangle"},"task_key":"em_record_survey","instructions":{"mark":"Dimension \u0026 Description","transcribe":"Enter, as they appear, any land and building dimensions that were recorded. In the next screen, you'll enter the descriptive information."}},{"id":"56b176a050617568bb870a00","status":"awaiting_transcriptions","name":"Stories \u0026 Materials","created_in_workflow":"transcribe","confidence":0.3333333333333333,"data":{"em_record_stories":"5","em_record_material":"Brick House"},"versions":[{"data":{"em_record_stories":"5","em_record_material":"Brick House"},"votes":1,"confidence":0.3333333333333333,"instances":[{"created":"2015-11-20T21:54:48Z","user_id":"564f6ddc64353600031b0500","duration":22.21}]},{"data":{"em_record_stories":"\"5\"","em_record_material":"\"Brick\""},"votes":1,"confidence":0.3333333333333333,"instances":[{"created":"2015-11-21T00:34:08Z","user_id":"564fb23e6435360003a10a00","duration":31.742}]}],"region":{"x":210.91620503354943,"y":608.2574024957607,"width":737.5291380615695,"height":76.20226966389839,"label":"Dimension \u0026 Description","shape":"rectangle"},"task_key":"em_record_survey_stories_materials","instructions":{"mark":"Dimension \u0026 Description","transcribe":"Enter, as they appear, the number of stories and the building materials."}},{"id":"56b176a050617568bb880a00","status":"awaiting_votes","name":"Record Date","created_in_workflow":"transcribe","confidence":0.6666666666666666,"data":{"value":"1868 October 21"},"versions":[{"data":{"value":"1868 October 21"},"votes":2,"confidence":0.6666666666666666,"instances":[{"created":"2015-11-20T23:37:00Z","user_id":"563f8b7a3264340003774b00","duration":16.496},{"created":"2015-12-21T04:16:52Z","user_id":"5668bbbe3064310003db0500","duration":6.971}]},{"data":{"value":"1868 October 21."},"votes":1,"confidence":0.3333333333333333,"instances":[{"created":"2015-12-20T17:27:52Z","user_id":"5676d5516633380003c80100","duration":12.051}]}],"region":{"x":61.23316963359989,"y":76.20226966389843,"width":160.56907433812768,"height":107.49963041871386,"label":"Record Date","shape":"rectangle"},"task_key":"em_record_date","instructions":{"mark":"Record Date","transcribe":"Enter the record date"}},{"id":"56b176a050617568bb890a00","status":"awaiting_votes","name":"Valuation Date","created_in_workflow":"transcribe","confidence":0.25,"data":{"value":"1879. November"},"versions":[{"data":{"value":"1879. November"},"votes":1,"confidence":0.25,"instances":[{"created":"2016-01-25T19:30:43Z","user_id":"56a677796164350003410a00","duration":16.207}]},{"data":{"value":"1879 November"},"votes":1,"confidence":0.25,"instances":[{"created":"2016-01-25T19:33:45Z","user_id":"56a677f43464300003fe0900","duration":49.787}]},{"data":{"value":"1879 November "},"votes":1,"confidence":0.25,"instances":[{"created":"2016-01-25T19:34:27Z","user_id":"56a677446164350003350a00","duration":7.518}]},{"data":{"value":"Nalmahim"},"votes":1,"confidence":0.25,"instances":[{"created":"2016-01-25T19:35:37Z","user_id":"56a678f56164350003c90a00","duration":15.519}]}],"region":{"x":22.13543956065592,"y":723.4191904896688,"width":726.3719686739346,"height":134.34927823379564,"label":"Valuation","shape":"rectangle"},"task_key":"em_record_valuation","instructions":{"mark":"Valuation","transcribe":"Enter the date of the valuation (if one is given). In the next screen, you'll enter the valuation's dollar amounts."}},{"id":"56b176a050617568bb8a0a00","status":"awaiting_transcriptions","name":"Total Value","created_in_workflow":"transcribe","confidence":0.3333333333333333,"data":{"value":"$14000"},"versions":[{"data":{"value":"$14000"},"votes":1,"confidence":0.3333333333333333,"instances":[{"created":"2016-01-25T19:34:28Z","user_id":"56a677f43464300003fe0900","duration":9.044}]},{"data":{"value":"$14,000"},"votes":1,"confidence":0.3333333333333333,"instances":[{"created":"2016-01-25T19:34:47Z","user_id":"56a677446164350003350a00","duration":5.37}]}],"region":{"x":22.13543956065592,"y":723.4191904896688,"width":726.3719686739346,"height":134.34927823379564,"label":"Valuation","shape":"rectangle"},"task_key":"em_record_valuation_total","instructions":{"mark":"Valuation","transcribe":"Enter the valuation ***total*** (if one is given)"}},{"id":"56b176a050617568bb8b0a00","status":"awaiting_transcriptions","name":"Land \u0026 Building Value","created_in_workflow":"transcribe","confidence":0.3333333333333333,"data":{"em_valuation_ground":"$14,000"},"versions":[{"data":{"em_valuation_ground":"$14,000"},"votes":1,"confidence":0.3333333333333333,"instances":[{"created":"2016-01-25T19:35:51Z","user_id":"56a678f56164350003c90a00","duration":14.327}]}],"region":{"x":22.13543956065592,"y":723.4191904896688,"width":726.3719686739346,"height":134.34927823379564,"label":"Valuation","shape":"rectangle"},"task_key":"em_record_valuation_ground_building","instructions":{"mark":"Valuation","transcribe":"Sometimes valuations include itemized dollar values for \"ground\" and \"building\". Enter these amounts if you can find them. In the next screen, you'll enter the total valuation."}},{"id":"56b176a050617568bb8c0a00","status":"awaiting_transcriptions","name":"Total Value","created_in_workflow":"transcribe","confidence":0.3333333333333333,"data":{"value":"$14,000"},"versions":[{"data":{"value":"$14,000"},"votes":1,"confidence":0.3333333333333333,"instances":[{"created":"2015-11-20T21:58:37Z","user_id":"564f6ddc64353600031b0500","duration":11.004}]},{"data":{"value":"\"$14,000\""},"votes":1,"confidence":0.3333333333333333,"instances":[{"created":"2015-11-21T00:36:03Z","user_id":"564fb23e6435360003a10a00","duration":7.141}]}],"region":{"x":213.63771476809396,"y":763.3834514544111,"width":515.7260946961898,"height":51.708682986216786,"label":"Valuation","shape":"rectangle"},"task_key":"em_record_valuation_total","instructions":{"mark":"Valuation","transcribe":"Enter the valuation ***total*** (if one is given)"}},{"id":"56b176a050617568bb8d0a00","status":"awaiting_transcriptions","name":"Valuation Date","created_in_workflow":"transcribe","confidence":0.3333333333333333,"data":{"value":"\"1879 November\""},"versions":[{"data":{"value":"\"1879 November\""},"votes":1,"confidence":0.3333333333333333,"instances":[{"created":"2015-11-21T00:35:37Z","user_id":"564fb23e6435360003a10a00","duration":33.559}]}],"region":{"x":213.63771476809396,"y":763.3834514544111,"width":515.7260946961898,"height":51.708682986216786,"label":"Valuation","shape":"rectangle"},"task_key":"em_record_valuation","instructions":{"mark":"Valuation","transcribe":"Enter the date of the valuation (if one is given). In the next screen, you'll enter the valuation's dollar amounts."}},{"id":"56b176a050617568bb8e0a00","status":"awaiting_transcriptions","name":"Valuation Date","created_in_workflow":"transcribe","confidence":0.3333333333333333,"data":{"value":"1879 November"},"versions":[{"data":{"value":"1879 November"},"votes":1,"confidence":0.3333333333333333,"instances":[{"created":"2015-11-20T21:57:13Z","user_id":"564f6ddc64353600031b0500","duration":13.895}]}],"region":{"x":235.40979264445025,"y":677.6558980825254,"width":307.53060000353264,"height":55.79094743249709,"label":"Valuation","shape":"rectangle"},"task_key":"em_record_valuation","instructions":{"mark":"Valuation","transcribe":"Enter the date of the valuation (if one is given). In the next screen, you'll enter the valuation's dollar amounts."}},{"id":"56b176a050617568bb8f0a00","status":"awaiting_transcriptions","name":"Land \u0026 Building Value","created_in_workflow":"transcribe","confidence":0.3333333333333333,"data":{"em_valuation_ground":"None Given","em_valuation_building":"None Given"},"versions":[{"data":{"em_valuation_ground":"None Given","em_valuation_building":"None Given"},"votes":1,"confidence":0.3333333333333333,"instances":[{"created":"2015-11-20T21:57:46Z","user_id":"564f6ddc64353600031b0500","duration":33.419}]}],"region":{"x":235.40979264445025,"y":677.6558980825254,"width":307.53060000353264,"height":55.79094743249709,"label":"Valuation","shape":"rectangle"},"task_key":"em_record_valuation_ground_building","instructions":{"mark":"Valuation","transcribe":"Sometimes valuations include itemized dollar values for \"ground\" and \"building\". Enter these amounts if you can find them. In the next screen, you'll enter the total valuation."}},{"id":"56b176a050617568bb900a00","status":"awaiting_transcriptions","name":"Total Value","created_in_workflow":"transcribe","confidence":0.3333333333333333,"data":{"value":"$14,000."},"versions":[{"data":{"value":"$14,000."},"votes":1,"confidence":0.3333333333333333,"instances":[{"created":"2015-11-20T21:58:07Z","user_id":"564f6ddc64353600031b0500","duration":20.577}]}],"region":{"x":235.40979264445025,"y":677.6558980825254,"width":307.53060000353264,"height":55.79094743249709,"label":"Valuation","shape":"rectangle"},"task_key":"em_record_valuation_total","instructions":{"mark":"Valuation","transcribe":"Enter the valuation ***total*** (if one is given)"}},{"id":"56b176a050617568bb910a00","status":"awaiting_votes","name":"Amount Loaned","created_in_workflow":"transcribe","confidence":0.4,"data":{"value":"$8,000"},"versions":[{"data":{"value":"$8,000"},"votes":2,"confidence":0.4,"instances":[{"created":"2015-11-21T01:12:14Z","user_id":"564fbb416138360003440b00","duration":17.527},{"created":"2015-11-21T01:13:43Z","user_id":"564fbef16138360003ad0b00","duration":7.102}]},{"data":{"value":"8000"},"votes":1,"confidence":0.2,"instances":[{"created":"2015-11-21T00:05:10Z","user_id":"564fa9a96138360003120a00","duration":9.113}]},{"data":{"value":"\"$8,000\""},"votes":1,"confidence":0.2,"instances":[{"created":"2015-11-21T00:35:03Z","user_id":"564fb23e6435360003a10a00","duration":10.833}]},{"data":{"value":"$8ooo."},"votes":1,"confidence":0.2,"instances":[{"created":"2015-11-21T01:18:27Z","user_id":"564fc49e6138360003860c00","duration":37.277}]}],"region":{"x":227.24526344081664,"y":718.4785425453281,"width":1017.8446407196568,"height":59.8732118787774,"label":"Amount Loaned","shape":"rectangle"},"task_key":"em_record_amount_loaned","instructions":{"mark":"Amount Loaned","transcribe":"Enter the Amount Loaned"}}]}]}