{"id":"56b100ef7061755afbc71600","meta_data":{"capture_uuid":"e394a0c0-00b1-0133-224a-58d385a7bbd0","page_uri":"http://digitalcollections.nypl.org/items/e394a0c0-00b1-0133-224a-58d385a7bbd0","book_uri":"http://digitalcollections.nypl.org/items/df712aa0-00b1-0133-fbd7-58d385a7bbd0","source_rotated":"0.727349","source_x":"0","source_y":"0","source_w":"1370.61","source_h":"977.28"},"type":"final_subject_set","search_terms_by_field":{"Record Number":["156","629"],"Mortgager":["James Wright"],"Street Address":["No. 403. 10th Avenue"],"Land \u0026 Building Dimensions":["19'3 x 80","19'3 x 80"],"Stories \u0026 Materials":["4 \u0026 2","Brick"],"Additional Info":["2 houses"],"Record Date":["1879 November","1872 October 23"],"Valuation Date":["1879 November","1879 November"],"Total Value":["$8,000","$8,000"],"Land \u0026 Building Value":[],"Amount Loaned":["$1,000"]},"subjects":[{"id":"56b1773e50617568bb251500","type":"root","location":{"standard":"https://s3.amazonaws.com/scribe.nypl.org/emigrant-s4/full/e394a0c0-00b1-0133-224a-58d385a7bbd0.left-top.jpg","thumbnail":"https://s3.amazonaws.com/scribe.nypl.org/emigrant-s4/thumb/e394a0c0-00b1-0133-224a-58d385a7bbd0.left-top.jpg"},"status":"retired","width":1370,"height":977,"meta_data":{"capture_uuid":"e394a0c0-00b1-0133-224a-58d385a7bbd0","page_uri":"http://digitalcollections.nypl.org/items/e394a0c0-00b1-0133-224a-58d385a7bbd0","book_uri":"http://digitalcollections.nypl.org/items/df712aa0-00b1-0133-fbd7-58d385a7bbd0","source_rotated":"0.727349","source_x":"0","source_y":"0","source_w":"1370.61","source_h":"977.28"},"assertions":[{"id":"56b1773e50617568bb261500","status":"complete","name":"Record Number","created_in_workflow":"transcribe","confidence":1.0,"data":{"value":"156"},"versions":[{"data":{"value":"156"},"votes":3,"confidence":1.0,"instances":[{"created":"2015-12-07T18:27:31Z","user_id":"5665c0803538380003d10300","duration":6.519},{"created":"2015-12-07T19:10:09Z","user_id":"5655e5253437330003fd0100","duration":3.55},{"created":"2015-12-07T20:23:16Z","user_id":"5665e9733539360003340c00","duration":9.572}]}],"region":{"x":28.91881026254978,"y":23.66625546708534,"width":76.25793620917008,"height":54.344734776270045,"label":"Record Number","shape":"rectangle"},"task_key":"em_record_number","instructions":{"mark":"Record Number","transcribe":"Enter the record number"}},{"id":"56b1773e50617568bb271500","status":"complete","name":"Record Number","created_in_workflow":"transcribe","confidence":1.0,"data":{"value":"629"},"versions":[{"data":{"value":"629"},"votes":3,"confidence":1.0,"instances":[{"created":"2015-11-11T23:31:36Z","user_id":"5643cd743936300003e00900","duration":5.771},{"created":"2015-11-11T23:41:50Z","user_id":"5643bb8837363900036a0600","duration":15.638},{"created":"2015-11-12T02:00:11Z","user_id":"5643ef523936300003211000","duration":4.991}]}],"region":{"x":871.3850650027002,"y":24.402244175375312,"width":182.43426632739624,"height":68.55868601653063,"label":"Record Number","shape":"rectangle"},"task_key":"em_record_number","instructions":{"mark":"Record Number","transcribe":"Enter the record number"}},{"id":"56b1773e50617568bb281500","status":"complete","name":"Mortgager","created_in_workflow":"transcribe","confidence":1.0,"data":{"value":"James Wright"},"versions":[{"data":{"value":"James Wright"},"votes":3,"confidence":1.0,"instances":[{"created":"2015-11-11T23:31:59Z","user_id":"5643cd743936300003e00900","duration":3.334},{"created":"2015-11-12T02:00:47Z","user_id":"5643ef523936300003211000","duration":6.76},{"created":"2015-11-12T02:11:05Z","user_id":"5643f43c6135300003b90800","duration":25.171}]}],"region":{"x":396.1263711943881,"y":524.9968568049669,"width":345.11450381679396,"height":69.72069764392938,"label":"Mortgager Name","shape":"rectangle"},"task_key":"em_record_mortgager","instructions":{"mark":"Mortgager Name","transcribe":"Enter the mortgager's name"}},{"id":"56b1773e50617568bb291500","status":"awaiting_votes","name":"Street Address","created_in_workflow":"transcribe","confidence":0.6666666666666666,"data":{"value":"No. 403. 10th Avenue"},"versions":[{"data":{"value":"No. 403. 10th Avenue"},"votes":2,"confidence":0.6666666666666666,"instances":[{"created":"2015-11-11T23:32:06Z","user_id":"5643cd743936300003e00900","duration":7.137},{"created":"2015-11-12T02:01:01Z","user_id":"5643ef523936300003211000","duration":13.617}]},{"data":{"value":"No. 403 10th Avenue"},"votes":1,"confidence":0.3333333333333333,"instances":[{"created":"2015-11-12T02:07:07Z","user_id":"5643f3433936300003101100","duration":36.019}]}],"region":{"x":401.93637967615234,"y":572.6393335283187,"width":467.1246819338422,"height":60.42460462473878,"label":"Street Address","shape":"rectangle"},"task_key":"em_record_street_address","instructions":{"mark":"Street Address","transcribe":"Enter the street address"}},{"id":"56b1773e50617568bb2a1500","status":"awaiting_transcriptions","name":"Land \u0026 Building Dimensions","created_in_workflow":"transcribe","confidence":0.3333333333333333,"data":{"em_survey_land_dimensions":"19'3 x 80","em_survey_building_dimensions":"19'3 x 80"},"versions":[{"data":{"em_survey_land_dimensions":"19'3 x 80","em_survey_building_dimensions":"19'3 x 80"},"votes":1,"confidence":0.3333333333333333,"instances":[{"created":"2015-11-11T23:40:54Z","user_id":"563f8b7a3264340003774b00","duration":66.506}]}],"region":{"x":205.55809299252215,"y":602.8516358406881,"width":935.4113655640373,"height":113.87713948508474,"label":"Dimension \u0026 Description","shape":"rectangle"},"task_key":"em_record_survey","instructions":{"mark":"Dimension \u0026 Description","transcribe":"Enter, as they appear, any land and building dimensions that were recorded. In the next screen, you'll enter the descriptive information."}},{"id":"56b1773e50617568bb2b1500","status":"awaiting_transcriptions","name":"Stories \u0026 Materials","created_in_workflow":"transcribe","confidence":0.3333333333333333,"data":{"em_record_stories":"4 \u0026 2","em_record_material":"Brick"},"versions":[{"data":{"em_record_stories":"4 \u0026 2","em_record_material":"Brick"},"votes":1,"confidence":0.3333333333333333,"instances":[{"created":"2015-11-11T23:41:25Z","user_id":"563f8b7a3264340003774b00","duration":31.578}]}],"region":{"x":205.55809299252215,"y":602.8516358406881,"width":935.4113655640373,"height":113.87713948508474,"label":"Dimension \u0026 Description","shape":"rectangle"},"task_key":"em_record_survey_stories_materials","instructions":{"mark":"Dimension \u0026 Description","transcribe":"Enter, as they appear, the number of stories and the building materials."}},{"id":"56b1773e50617568bb2c1500","status":"awaiting_transcriptions","name":"Additional Info","created_in_workflow":"transcribe","confidence":0.3333333333333333,"data":{"value":"2 houses"},"versions":[{"data":{"value":"2 houses"},"votes":1,"confidence":0.3333333333333333,"instances":[{"created":"2015-11-11T23:41:38Z","user_id":"563f8b7a3264340003774b00","duration":13.127}]}],"region":{"x":205.55809299252215,"y":602.8516358406881,"width":935.4113655640373,"height":113.87713948508474,"label":"Dimension \u0026 Description","shape":"rectangle"},"task_key":"em_record_survey_additional_info","instructions":{"mark":"Dimension \u0026 Description","transcribe":"Enter any additional information you find about the building's construction or significance."}},{"id":"56b1773e50617568bb2d1500","status":"complete","name":"Record Date","created_in_workflow":"transcribe","confidence":1.0,"data":{"value":"1879 November"},"versions":[{"data":{"value":"1879 November"},"votes":3,"confidence":1.0,"instances":[{"created":"2015-12-07T18:31:07Z","user_id":"5665c0803538380003d10300","duration":15.624},{"created":"2015-12-07T19:10:40Z","user_id":"5655e5253437330003fd0100","duration":5.846},{"created":"2015-12-07T19:22:47Z","user_id":"566eeeda3637340003010100","duration":6.959}]}],"region":{"x":42.94325830101784,"y":729.2712795783334,"width":165.66379245440402,"height":112.19558147358987,"label":"Record Date","shape":"rectangle"},"task_key":"em_record_date","instructions":{"mark":"Record Date","transcribe":"Enter the record date"}},{"id":"56b1773e50617568bb2e1500","status":"complete","name":"Record Date","created_in_workflow":"transcribe","confidence":1.0,"data":{"value":"1872 October 23"},"versions":[{"data":{"value":"1872 October 23"},"votes":3,"confidence":1.0,"instances":[{"created":"2015-11-11T23:31:42Z","user_id":"5643cd743936300003e00900","duration":5.459},{"created":"2015-11-29T17:38:15Z","user_id":"565b2c9739616100032a0c00","duration":6.486},{"created":"2015-11-29T19:34:51Z","user_id":"565a1aa73961610003390300","duration":15.904}]}],"region":{"x":67.27989112653401,"y":73.20673252612593,"width":171.97625106022053,"height":117.36317436728126,"label":"Record Date","shape":"rectangle"},"task_key":"em_record_date","instructions":{"mark":"Record Date","transcribe":"Enter the record date"}},{"id":"56b1773e50617568bb2f1500","status":"awaiting_transcriptions","name":"Valuation Date","created_in_workflow":"transcribe","confidence":0.3333333333333333,"data":{"value":"1879 November"},"versions":[{"data":{"value":"1879 November"},"votes":1,"confidence":0.3333333333333333,"instances":[{"created":"2015-11-11T23:49:52Z","user_id":"5643bb8837363900036a0600","duration":56.831}]}],"region":{"x":232.2841320086375,"y":610.9857172324798,"width":924.9533502968618,"height":95.28495344670364,"label":"Valuation","shape":"rectangle"},"task_key":"em_record_valuation","instructions":{"mark":"Valuation","transcribe":"Enter the date of the valuation (if one is given). In the next screen, you'll enter the valuation's dollar amounts."}},{"id":"56b1773e50617568bb301500","status":"awaiting_transcriptions","name":"Total Value","created_in_workflow":"transcribe","confidence":0.3333333333333333,"data":{"value":"$8,000"},"versions":[{"data":{"value":"$8,000"},"votes":1,"confidence":0.3333333333333333,"instances":[{"created":"2015-11-11T23:51:17Z","user_id":"5643bb8837363900036a0600","duration":25.247}]}],"region":{"x":232.2841320086375,"y":610.9857172324798,"width":924.9533502968618,"height":95.28495344670364,"label":"Valuation","shape":"rectangle"},"task_key":"em_record_valuation_total","instructions":{"mark":"Valuation","transcribe":"Enter the valuation ***total*** (if one is given)"}},{"id":"56b1773e50617568bb311500","status":"awaiting_transcriptions","name":"Valuation Date","created_in_workflow":"transcribe","confidence":0.3333333333333333,"data":{"value":"1879 November"},"versions":[{"data":{"value":"1879 November"},"votes":1,"confidence":0.3333333333333333,"instances":[{"created":"2015-11-12T02:01:43Z","user_id":"5643ef523936300003211000","duration":29.351}]},{"data":{"value":"Valuation of these Premises $8,000"},"votes":1,"confidence":0.3333333333333333,"instances":[{"created":"2015-11-12T02:07:56Z","user_id":"5643f3433936300003101100","duration":21.557}]}],"region":{"x":238.09414049040168,"y":756.237170657333,"width":518.2527565733674,"height":72.04472089872706,"label":"Valuation","shape":"rectangle"},"task_key":"em_record_valuation","instructions":{"mark":"Valuation","transcribe":"Enter the date of the valuation (if one is given). In the next screen, you'll enter the valuation's dollar amounts."}},{"id":"56b1773e50617568bb321500","status":"awaiting_transcriptions","name":"Total Value","created_in_workflow":"transcribe","confidence":0.6666666666666666,"data":{"value":"$8,000"},"versions":[{"data":{"value":"$8,000"},"votes":2,"confidence":0.6666666666666666,"instances":[{"created":"2015-11-12T02:01:53Z","user_id":"5643ef523936300003211000","duration":5.413},{"created":"2015-11-12T02:08:48Z","user_id":"5643f3433936300003101100","duration":6.215}]}],"region":{"x":238.09414049040168,"y":756.237170657333,"width":518.2527565733674,"height":72.04472089872706,"label":"Valuation","shape":"rectangle"},"task_key":"em_record_valuation_total","instructions":{"mark":"Valuation","transcribe":"Enter the valuation ***total*** (if one is given)"}},{"id":"56b1773e50617568bb331500","status":"awaiting_transcriptions","name":"Land \u0026 Building Value","created_in_workflow":"transcribe","confidence":0.3333333333333333,"data":{"em_valuation_ground":""},"versions":[{"data":{"em_valuation_ground":""},"votes":1,"confidence":0.3333333333333333,"instances":[{"created":"2015-11-12T02:08:42Z","user_id":"5643f3433936300003101100","duration":45.875}]}],"region":{"x":238.09414049040168,"y":756.237170657333,"width":518.2527565733674,"height":72.04472089872706,"label":"Valuation","shape":"rectangle"},"task_key":"em_record_valuation_ground_building","instructions":{"mark":"Valuation","transcribe":"Sometimes valuations include itemized dollar values for \"ground\" and \"building\". Enter these amounts if you can find them. In the next screen, you'll enter the total valuation."}},{"id":"56b1773e50617568bb341500","status":"awaiting_transcriptions","name":"Amount Loaned","created_in_workflow":"transcribe","confidence":0.3333333333333333,"data":{"value":"$1,000"},"versions":[{"data":{"value":"$1,000"},"votes":1,"confidence":0.3333333333333333,"instances":[{"created":"2015-11-12T02:07:34Z","user_id":"5643f3433936300003101100","duration":7.35}]},{"data":{"value":"$6000"},"votes":1,"confidence":0.3333333333333333,"instances":[{"created":"2015-11-12T02:19:10Z","user_id":"5643b2713736390003c80400","duration":19.476}]}],"region":{"x":413.55639663968077,"y":717.8907869531718,"width":198.70229007633588,"height":72.04472089872706,"label":"Amount Loaned","shape":"rectangle"},"task_key":"em_record_amount_loaned","instructions":{"mark":"Amount Loaned","transcribe":"Enter the Amount Loaned"}}]}]}