{"id":"56b0fffd7061755afbf40400","meta_data":{"capture_uuid":"e0bb0870-00b1-0133-ae7d-58d385a7bbd0","page_uri":"http://digitalcollections.nypl.org/items/e0bb0870-00b1-0133-ae7d-58d385a7bbd0","book_uri":"http://digitalcollections.nypl.org/items/df712aa0-00b1-0133-fbd7-58d385a7bbd0","source_rotated":"1.2867","source_x":"0","source_y":"0","source_w":"1380.15","source_h":"994.56"},"type":"final_subject_set","search_terms_by_field":{"Valuation Date":["1879 November","1879 November"],"Total Value":["$40,000","$40,000"],"Record Number":["162"],"Mortgager":["The Washington Heights Presbyterian Church"],"Street Address":["10th Avenue and 155th Streets"],"Additional Info":["Church"],"Land \u0026 Building Dimensions":["75 x 100 and 100 x 100 being 7 lots","Church 57 x 100"],"Record Date":["1860 Sept 21 1874 Dec 4"],"Land \u0026 Building Value":[],"Amount Loaned":["$16,000"]},"subjects":[{"id":"56b1764550617568bb6e0400","type":"root","location":{"standard":"https://s3.amazonaws.com/scribe.nypl.org/emigrant-s4/full/e0bb0870-00b1-0133-ae7d-58d385a7bbd0.left-top.jpg","thumbnail":"https://s3.amazonaws.com/scribe.nypl.org/emigrant-s4/thumb/e0bb0870-00b1-0133-ae7d-58d385a7bbd0.left-top.jpg"},"status":"retired","width":1380,"height":994,"meta_data":{"capture_uuid":"e0bb0870-00b1-0133-ae7d-58d385a7bbd0","page_uri":"http://digitalcollections.nypl.org/items/e0bb0870-00b1-0133-ae7d-58d385a7bbd0","book_uri":"http://digitalcollections.nypl.org/items/df712aa0-00b1-0133-fbd7-58d385a7bbd0","source_rotated":"1.2867","source_x":"0","source_y":"0","source_w":"1380.15","source_h":"994.56"},"assertions":[{"id":"56b1764550617568bb6f0400","status":"awaiting_transcriptions","name":"Valuation Date","created_in_workflow":"transcribe","confidence":0.3333333333333333,"data":{"value":"1879 November"},"versions":[{"data":{"value":"1879 November"},"votes":1,"confidence":0.3333333333333333,"instances":[{"created":"2015-11-07T15:51:42Z","user_id":"563e1b156630330003bd1800","duration":20.786}]}],"region":{"x":560.3824604641923,"y":772.2825261211281,"width":132.29758663550035,"height":39.79728895053165,"label":"Valuation","shape":"rectangle"},"task_key":"em_record_valuation","instructions":{"mark":"Valuation","transcribe":"Enter the date of the valuation (if one is given). In the next screen, you'll enter the valuation's dollar amounts."}},{"id":"56b1764550617568bb700400","status":"awaiting_transcriptions","name":"Total Value","created_in_workflow":"transcribe","confidence":0.6666666666666666,"data":{"value":"$40,000"},"versions":[{"data":{"value":"$40,000"},"votes":2,"confidence":0.6666666666666666,"instances":[{"created":"2015-11-07T15:52:00Z","user_id":"563e1b156630330003bd1800","duration":11.31},{"created":"2015-11-09T17:09:08Z","user_id":"563ff09d32643400030da100","duration":12.662}]}],"region":{"x":560.3824604641923,"y":772.2825261211281,"width":132.29758663550035,"height":39.79728895053165,"label":"Valuation","shape":"rectangle"},"task_key":"em_record_valuation_total","instructions":{"mark":"Valuation","transcribe":"Enter the valuation ***total*** (if one is given)"}},{"id":"56b1764550617568bb710400","status":"complete","name":"Record Number","created_in_workflow":"transcribe","confidence":1.0,"data":{"value":"162"},"versions":[{"data":{"value":"162"},"votes":4,"confidence":1.0,"instances":[{"created":"2015-11-07T15:49:02Z","user_id":"563e1b156630330003bd1800","duration":7.804},{"created":"2015-11-09T17:05:26Z","user_id":"563ff09d32643400030da100","duration":5.238},{"created":"2015-11-09T17:05:45Z","user_id":"5640d0e83432660003101d00","duration":4.752},{"created":"2015-11-09T17:22:33Z","user_id":"563f5ff732643400032d0f00","duration":1074.801}]}],"region":{"x":880.9083207680873,"y":12.907228848821083,"width":175.32119204541902,"height":60.233734627831716,"label":"Record Number","shape":"rectangle"},"task_key":"em_record_number","instructions":{"mark":"Record Number","transcribe":"Enter the record number"}},{"id":"56b1764550617568bb720400","status":"complete","name":"Mortgager","created_in_workflow":"transcribe","confidence":1.0,"data":{"value":"The Washington Heights Presbyterian Church"},"versions":[{"data":{"value":"The Washington Heights Presbyterian Church"},"votes":4,"confidence":1.0,"instances":[{"created":"2015-11-07T15:49:48Z","user_id":"563e1b156630330003bd1800","duration":22.371},{"created":"2015-11-09T16:17:15Z","user_id":"563cd42165326200037d1500","duration":17.359},{"created":"2015-11-09T17:06:02Z","user_id":"5640d0e83432660003101d00","duration":17.226},{"created":"2015-11-09T17:23:06Z","user_id":"563f5ff732643400032d0f00","duration":24.298}]}],"region":{"x":410.8754316647245,"y":524.8939731853907,"width":820.6752731942009,"height":61.3093370319001,"label":"Mortgager Name","shape":"rectangle"},"task_key":"em_record_mortgager","instructions":{"mark":"Mortgager Name","transcribe":"Enter the mortgager's name"}},{"id":"56b1764550617568bb730400","status":"complete","name":"Street Address","created_in_workflow":"verify","confidence":1.0,"data":{"value":"10th Avenue and 155th Streets"},"versions":[{"data":{"value":"10th Avenue and 155th Streets"},"votes":3,"confidence":0.75,"instances":[{"created":"2015-11-23T20:18:38Z","user_id":"5647496e3562310003960400","duration":15.936},{"created":"2015-11-25T00:44:00Z","user_id":"5649188c3863370003020e00","duration":14.52},{"created":"2015-11-26T04:36:01Z","user_id":"5647496e3562310003960400","duration":12.723}]},{"data":{"value":"10th Ave. and 155th Streets"},"votes":1,"confidence":0.25,"instances":[{"created":"2015-11-17T02:14:51Z","user_id":"563f8b7a3264340003774b00","duration":14.089}]}],"region":{"x":457.12580748038715,"y":574.3716837725383,"width":457.12580748038715,"height":43.024096162736946,"label":"Street Address","shape":"rectangle"},"task_key":"em_transcribed_address","instructions":{"mark":"Street Address","transcribe":"Enter the street address","verify":"Choose the best transcription or enter your own!"}},{"id":"56b1764550617568bb740400","status":"awaiting_transcriptions","name":"Additional Info","created_in_workflow":"transcribe","confidence":1.0,"data":{"value":"Church"},"versions":[{"data":{"value":"Church"},"votes":4,"confidence":1.0,"instances":[{"created":"2015-11-07T15:51:09Z","user_id":"563e1b156630330003bd1800","duration":13.947},{"created":"2015-11-09T17:08:27Z","user_id":"563ff09d32643400030da100","duration":4.194},{"created":"2015-11-09T17:13:25Z","user_id":"5640d0e83432660003101d00","duration":4.834},{"created":"2015-11-09T17:13:29Z","user_id":"5640b2d234326600038f0b00","duration":7.091}]}],"region":{"x":236.62982975455336,"y":610.9421655108646,"width":726.0233412923785,"height":69.91415626444753,"label":"Dimension \u0026 Description","shape":"rectangle"},"task_key":"em_record_survey_additional_info","instructions":{"mark":"Dimension \u0026 Description","transcribe":"Enter any additional information you find about the building's construction or significance."}},{"id":"56b1764550617568bb750400","status":"complete","name":"Land \u0026 Building Dimensions","created_in_workflow":"verify","confidence":1.0,"data":{"em_survey_land_dimensions":"75 x 100 and 100 x 100 being 7 lots","em_survey_building_dimensions":"Church 57 x 100"},"versions":[{"data":{"em_survey_land_dimensions":"75 x 100 and 100 x 100 being 7 lots","em_survey_building_dimensions":"Church 57 x 100"},"votes":3,"confidence":1.0,"instances":[{"created":"2015-12-12T01:41:00Z","user_id":"5647496e3562310003960400","duration":19.263},{"created":"2016-01-02T12:04:44Z","user_id":"56748e5e3564620003fd0100","duration":25.775},{"created":"2016-01-28T19:34:58Z","user_id":"56980a2d3337650003270200","duration":20.395}]}],"region":{"x":236.62982975455336,"y":610.9421655108646,"width":726.0233412923785,"height":69.91415626444753,"label":"Dimension \u0026 Description","shape":"rectangle"},"task_key":"em_transcribed_survey","instructions":{"mark":"Dimension \u0026 Description","transcribe":"Enter, as they appear, any land and building dimensions that were recorded. In the next screen, you'll enter the descriptive information.","verify":"Choose the best transcription or enter your own!"}},{"id":"56b1764550617568bb760400","status":"awaiting_votes","name":"Record Date","created_in_workflow":"verify","confidence":0.3333333333333333,"data":{"value":"1860 Sept 21 1874 Dec 4"},"versions":[{"data":{"value":"1860 Sept 21 1874 Dec 4"},"votes":1,"confidence":0.3333333333333333,"instances":[{"created":"2015-11-23T20:12:17Z","user_id":"5647496e3562310003960400","duration":21.068}]}],"region":{"x":57.006277168142404,"y":66.68734905224225,"width":166.7164709634353,"height":198.98644475265831,"label":"Record Date","shape":"rectangle"},"task_key":"em_transcribed_date","instructions":{"mark":"Record Date","transcribe":"Enter the record date","verify":"Choose the best transcription or enter your own!"}},{"id":"56b1764550617568bb770400","status":"awaiting_transcriptions","name":"Valuation Date","created_in_workflow":"transcribe","confidence":0.3333333333333333,"data":{"value":"1879 November"},"versions":[{"data":{"value":"1879 November"},"votes":1,"confidence":0.3333333333333333,"instances":[{"created":"2015-12-13T16:53:18Z","user_id":"563f8b7a3264340003774b00","duration":13.973}]}],"region":{"x":76.43081389946957,"y":741.1970389443193,"width":606.0616448962596,"height":77.8052140328291,"label":"Valuation","shape":"rectangle"},"task_key":"em_record_valuation","instructions":{"mark":"Valuation","transcribe":"Enter the date of the valuation (if one is given). In the next screen, you'll enter the valuation's dollar amounts."}},{"id":"56b1764550617568bb780400","status":"awaiting_transcriptions","name":"Land \u0026 Building Value","created_in_workflow":"transcribe","confidence":0.3333333333333333,"data":{"em_valuation_ground":""},"versions":[{"data":{"em_valuation_ground":""},"votes":1,"confidence":0.3333333333333333,"instances":[{"created":"2015-12-13T16:53:20Z","user_id":"563f8b7a3264340003774b00","duration":1.851}]}],"region":{"x":76.43081389946957,"y":741.1970389443193,"width":606.0616448962596,"height":77.8052140328291,"label":"Valuation","shape":"rectangle"},"task_key":"em_record_valuation_ground_building","instructions":{"mark":"Valuation","transcribe":"Sometimes valuations include itemized dollar values for \"ground\" and \"building\". Enter these amounts if you can find them. In the next screen, you'll enter the total valuation."}},{"id":"56b1764550617568bb790400","status":"awaiting_transcriptions","name":"Total Value","created_in_workflow":"transcribe","confidence":0.3333333333333333,"data":{"value":"$40,000"},"versions":[{"data":{"value":"$40,000"},"votes":1,"confidence":0.3333333333333333,"instances":[{"created":"2015-12-13T16:53:27Z","user_id":"563f8b7a3264340003774b00","duration":7.26}]}],"region":{"x":76.43081389946957,"y":741.1970389443193,"width":606.0616448962596,"height":77.8052140328291,"label":"Valuation","shape":"rectangle"},"task_key":"em_record_valuation_total","instructions":{"mark":"Valuation","transcribe":"Enter the valuation ***total*** (if one is given)"}},{"id":"56b1764550617568bb7a0400","status":"complete","name":"Amount Loaned","created_in_workflow":"transcribe","confidence":1.0,"data":{"value":"$16,000"},"versions":[{"data":{"value":"$16,000"},"votes":3,"confidence":1.0,"instances":[{"created":"2015-11-07T15:51:22Z","user_id":"563e1b156630330003bd1800","duration":12.761},{"created":"2015-11-09T16:45:17Z","user_id":"5640f6686161650003590300","duration":5.039},{"created":"2015-11-09T17:14:32Z","user_id":"5640b2d234326600038f0b00","duration":5.67}]}],"region":{"x":415.17779220571634,"y":732.4852371705964,"width":203.2865355618663,"height":46.250903374942254,"label":"Amount Loaned","shape":"rectangle"},"task_key":"em_record_amount_loaned","instructions":{"mark":"Amount Loaned","transcribe":"Enter the Amount Loaned"}}]}]}