{"id":"56b100317061755afbc10800","meta_data":{"capture_uuid":"e14300b0-00b1-0133-1531-58d385a7bbd0","page_uri":"http://digitalcollections.nypl.org/items/e14300b0-00b1-0133-1531-58d385a7bbd0","book_uri":"http://digitalcollections.nypl.org/items/df712aa0-00b1-0133-fbd7-58d385a7bbd0","source_rotated":"1.25874","source_x":"0","source_y":"969.61","source_w":"1380.15","source_h":"1093.39"},"type":"final_subject_set","search_terms_by_field":{"Record Number":["309"],"Mortgager":["Frederick Wieners"],"Street Address":["No. 151 Eldridge Street"],"Land \u0026 Building Dimensions":["24.6 x 100","24.6 x 54"],"Stories \u0026 Materials":["5","Brick"],"Additional Info":["Tenement"],"Record Date":["1867 November 10"],"Valuation Date":[],"Land \u0026 Building Value":[],"Total Value":["$18000"],"Amount Loaned":["$9000"]},"subjects":[{"id":"56b1767b50617568bb020800","type":"root","location":{"standard":"https://s3.amazonaws.com/scribe.nypl.org/emigrant-s4/full/e14300b0-00b1-0133-1531-58d385a7bbd0.left-bottom.jpg","thumbnail":"https://s3.amazonaws.com/scribe.nypl.org/emigrant-s4/thumb/e14300b0-00b1-0133-1531-58d385a7bbd0.left-bottom.jpg"},"status":"retired","width":1380,"height":1093,"meta_data":{"capture_uuid":"e14300b0-00b1-0133-1531-58d385a7bbd0","page_uri":"http://digitalcollections.nypl.org/items/e14300b0-00b1-0133-1531-58d385a7bbd0","book_uri":"http://digitalcollections.nypl.org/items/df712aa0-00b1-0133-fbd7-58d385a7bbd0","source_rotated":"1.25874","source_x":"0","source_y":"969.61","source_w":"1380.15","source_h":"1093.39"},"assertions":[{"id":"56b1767b50617568bb030800","status":"complete","name":"Record Number","created_in_workflow":"transcribe","confidence":1.0,"data":{"value":"309"},"versions":[{"data":{"value":"309"},"votes":3,"confidence":1.0,"instances":[{"created":"2015-12-18T20:19:04Z","user_id":"5668bbbe3064310003db0500","duration":2.753},{"created":"2015-12-18T20:39:14Z","user_id":"56743ebd3530380003070700","duration":1.832},{"created":"2015-12-19T00:42:59Z","user_id":"56748e5e3564620003fd0100","duration":3.519}]}],"region":{"x":880.4053438309517,"y":45.567094732923884,"width":172.50399796736713,"height":61.84105713753956,"label":"Record Number","shape":"rectangle"},"task_key":"em_record_number","instructions":{"mark":"Record Number","transcribe":"Enter the record number"}},{"id":"56b1767b50617568bb040800","status":"complete","name":"Mortgager","created_in_workflow":"transcribe","confidence":1.0,"data":{"value":"Frederick Wieners"},"versions":[{"data":{"value":"Frederick Wieners"},"votes":3,"confidence":1.0,"instances":[{"created":"2015-12-18T20:19:32Z","user_id":"5668bbbe3064310003db0500","duration":9.833},{"created":"2015-12-18T20:39:35Z","user_id":"56743ebd3530380003070700","duration":5.506},{"created":"2015-12-19T00:43:30Z","user_id":"56748e5e3564620003fd0100","duration":13.894}]}],"region":{"x":441.00836787633756,"y":494.72845710031646,"width":413.3586366387852,"height":89.50679322538616,"label":"Mortgager Name","shape":"rectangle"},"task_key":"em_record_mortgager","instructions":{"mark":"Mortgager Name","transcribe":"Enter the mortgager's name"}},{"id":"56b1767b50617568bb050800","status":"awaiting_votes","name":"Street Address","created_in_workflow":"transcribe","confidence":0.6666666666666666,"data":{"value":"No. 151 Eldridge Street"},"versions":[{"data":{"value":"No. 151 Eldridge Street"},"votes":2,"confidence":0.6666666666666666,"instances":[{"created":"2015-12-18T20:19:42Z","user_id":"5668bbbe3064310003db0500","duration":9.93},{"created":"2015-12-18T20:39:43Z","user_id":"56743ebd3530380003070700","duration":7.078}]},{"data":{"value":"No. 151,  Eldridge Street"},"votes":1,"confidence":0.3333333333333333,"instances":[{"created":"2015-12-19T00:43:43Z","user_id":"56748e5e3564620003fd0100","duration":13.023}]}],"region":{"x":488.2028578862776,"y":567.961287921087,"width":400.33946698087067,"height":50.449283454308556,"label":"Street Address","shape":"rectangle"},"task_key":"em_record_street_address","instructions":{"mark":"Street Address","transcribe":"Enter the street address"}},{"id":"56b1767b50617568bb060800","status":"awaiting_transcriptions","name":"Land \u0026 Building Dimensions","created_in_workflow":"transcribe","confidence":0.3333333333333333,"data":{"em_survey_land_dimensions":"24.6 x 100","em_survey_building_dimensions":"24.6 x 54"},"versions":[{"data":{"em_survey_land_dimensions":"24.6 x 100","em_survey_building_dimensions":"24.6 x 54"},"votes":1,"confidence":0.3333333333333333,"instances":[{"created":"2016-01-27T22:34:04Z","user_id":"56a941dd30383700031d0000","duration":10.019}]}],"region":{"x":486.42955792162303,"y":612.9987356672625,"width":425.439448114223,"height":67.09438897850634,"label":"Dimension \u0026 Description","shape":"rectangle"},"task_key":"em_record_survey","instructions":{"mark":"Dimension \u0026 Description","transcribe":"Enter, as they appear, any land and building dimensions that were recorded. In the next screen, you'll enter the descriptive information."}},{"id":"56b1767b50617568bb070800","status":"awaiting_transcriptions","name":"Stories \u0026 Materials","created_in_workflow":"transcribe","confidence":0.3333333333333333,"data":{"em_record_stories":"5","em_record_material":"Brick"},"versions":[{"data":{"em_record_stories":"5","em_record_material":"Brick"},"votes":1,"confidence":0.3333333333333333,"instances":[{"created":"2016-01-27T22:34:06Z","user_id":"56a941dd30383700031d0000","duration":2.34}]}],"region":{"x":486.42955792162303,"y":612.9987356672625,"width":425.439448114223,"height":67.09438897850634,"label":"Dimension \u0026 Description","shape":"rectangle"},"task_key":"em_record_survey_stories_materials","instructions":{"mark":"Dimension \u0026 Description","transcribe":"Enter, as they appear, the number of stories and the building materials."}},{"id":"56b1767b50617568bb080800","status":"awaiting_transcriptions","name":"Additional Info","created_in_workflow":"transcribe","confidence":0.3333333333333333,"data":{"value":"Tenement"},"versions":[{"data":{"value":"Tenement"},"votes":1,"confidence":0.3333333333333333,"instances":[{"created":"2016-01-27T22:34:08Z","user_id":"56a941dd30383700031d0000","duration":2.022}]}],"region":{"x":486.42955792162303,"y":612.9987356672625,"width":425.439448114223,"height":67.09438897850634,"label":"Dimension \u0026 Description","shape":"rectangle"},"task_key":"em_record_survey_additional_info","instructions":{"mark":"Dimension \u0026 Description","transcribe":"Enter any additional information you find about the building's construction or significance."}},{"id":"56b1767b50617568bb090800","status":"awaiting_votes","name":"Record Date","created_in_workflow":"transcribe","confidence":0.6666666666666666,"data":{"value":"1867 November 10"},"versions":[{"data":{"value":"1867 November 10"},"votes":2,"confidence":0.6666666666666666,"instances":[{"created":"2015-12-18T20:39:24Z","user_id":"56743ebd3530380003070700","duration":4.166},{"created":"2015-12-19T03:09:08Z","user_id":"5674cd4d6139330003b80000","duration":9.297}]},{"data":{"value":"1867 Novemb 10"},"votes":1,"confidence":0.3333333333333333,"instances":[{"created":"2015-12-18T20:19:22Z","user_id":"5668bbbe3064310003db0500","duration":7.925}]}],"region":{"x":53.68807055338144,"y":94.3889819467709,"width":179.01358279632427,"height":112.29034059184814,"label":"Record Date","shape":"rectangle"},"task_key":"em_record_date","instructions":{"mark":"Record Date","transcribe":"Enter the record date"}},{"id":"56b1767b50617568bb0a0800","status":"awaiting_transcriptions","name":"Valuation Date","created_in_workflow":"transcribe","confidence":0.3333333333333333,"data":{"value":""},"versions":[{"data":{"value":""},"votes":1,"confidence":0.3333333333333333,"instances":[{"created":"2016-01-27T15:12:40Z","user_id":"563f8b7a3264340003774b00","duration":8.628}]}],"region":{"x":780.7299646816411,"y":701.4413393207482,"width":150.96238481472426,"height":51.84566421066393,"label":"Valuation","shape":"rectangle"},"task_key":"em_record_valuation","instructions":{"mark":"Valuation","transcribe":"Enter the date of the valuation (if one is given). In the next screen, you'll enter the valuation's dollar amounts."}},{"id":"56b1767b50617568bb0b0800","status":"awaiting_transcriptions","name":"Land \u0026 Building Value","created_in_workflow":"transcribe","confidence":0.3333333333333333,"data":{"em_valuation_ground":""},"versions":[{"data":{"em_valuation_ground":""},"votes":1,"confidence":0.3333333333333333,"instances":[{"created":"2016-01-27T15:12:42Z","user_id":"563f8b7a3264340003774b00","duration":1.668}]}],"region":{"x":780.7299646816411,"y":701.4413393207482,"width":150.96238481472426,"height":51.84566421066393,"label":"Valuation","shape":"rectangle"},"task_key":"em_record_valuation_ground_building","instructions":{"mark":"Valuation","transcribe":"Sometimes valuations include itemized dollar values for \"ground\" and \"building\". Enter these amounts if you can find them. In the next screen, you'll enter the total valuation."}},{"id":"56b1767b50617568bb0c0800","status":"awaiting_transcriptions","name":"Total Value","created_in_workflow":"transcribe","confidence":0.3333333333333333,"data":{"value":"$18000"},"versions":[{"data":{"value":"$18000"},"votes":1,"confidence":0.3333333333333333,"instances":[{"created":"2016-01-27T15:12:55Z","user_id":"563f8b7a3264340003774b00","duration":12.971}]}],"region":{"x":780.7299646816411,"y":701.4413393207482,"width":150.96238481472426,"height":51.84566421066393,"label":"Valuation","shape":"rectangle"},"task_key":"em_record_valuation_total","instructions":{"mark":"Valuation","transcribe":"Enter the valuation ***total*** (if one is given)"}},{"id":"56b1767b50617568bb0d0800","status":"awaiting_votes","name":"Amount Loaned","created_in_workflow":"transcribe","confidence":0.6666666666666666,"data":{"value":"$9000"},"versions":[{"data":{"value":"$9000"},"votes":2,"confidence":0.6666666666666666,"instances":[{"created":"2015-12-18T20:21:04Z","user_id":"5668bbbe3064310003db0500","duration":4.574},{"created":"2015-12-19T00:44:50Z","user_id":"56748e5e3564620003fd0100","duration":3.277}]},{"data":{"value":"$9,000"},"votes":1,"confidence":0.3333333333333333,"instances":[{"created":"2015-12-18T20:39:55Z","user_id":"56743ebd3530380003070700","duration":2.742}]}],"region":{"x":1114.7503976734126,"y":709.5447608412433,"width":161.11222451669187,"height":82.99720826353996,"label":"Amount Loaned","shape":"rectangle"},"task_key":"em_record_amount_loaned","instructions":{"mark":"Amount Loaned","transcribe":"Enter the Amount Loaned"}}]}]}