{"id":"56b1008a7061755afb560f00","meta_data":{"capture_uuid":"e2330500-00b1-0133-8df6-58d385a7bbd0","page_uri":"http://digitalcollections.nypl.org/items/e2330500-00b1-0133-8df6-58d385a7bbd0","book_uri":"http://digitalcollections.nypl.org/items/df712aa0-00b1-0133-fbd7-58d385a7bbd0","source_rotated":"0.699377","source_x":"1214.45","source_y":"958.3299999999999","source_w":"1369.55","source_h":"1080.67"},"type":"final_subject_set","search_terms_by_field":{"Record Number":["459"],"Mortgager":["Thomas Loughran"],"Street Address":["No. 715 7th Avenue"],"Land \u0026 Building Dimensions":["20 x 70","20 x 50"],"Stories \u0026 Materials":["5","B.L.K. house and story"],"Additional Info":["house \u0026 store"],"Record Date":["1879 November"],"Valuation Date":["1879 November"],"Total Value":["$16,000"],"Amount Loaned":["$8,000"]},"subjects":[{"id":"56b176d750617568bb310e00","type":"root","location":{"standard":"https://s3.amazonaws.com/scribe.nypl.org/emigrant-s4/full/e2330500-00b1-0133-8df6-58d385a7bbd0.right-bottom.jpg","thumbnail":"https://s3.amazonaws.com/scribe.nypl.org/emigrant-s4/thumb/e2330500-00b1-0133-8df6-58d385a7bbd0.right-bottom.jpg"},"status":"retired","width":1369,"height":1080,"meta_data":{"capture_uuid":"e2330500-00b1-0133-8df6-58d385a7bbd0","page_uri":"http://digitalcollections.nypl.org/items/e2330500-00b1-0133-8df6-58d385a7bbd0","book_uri":"http://digitalcollections.nypl.org/items/df712aa0-00b1-0133-fbd7-58d385a7bbd0","source_rotated":"0.699377","source_x":"1214.45","source_y":"958.3299999999999","source_w":"1369.55","source_h":"1080.67"},"assertions":[{"id":"56b176d750617568bb320e00","status":"complete","name":"Record Number","created_in_workflow":"transcribe","confidence":1.0,"data":{"value":"459"},"versions":[{"data":{"value":"459"},"votes":3,"confidence":1.0,"instances":[{"created":"2015-11-10T14:45:22Z","user_id":"5641ff3736363900039e0200","duration":7.155},{"created":"2015-11-14T23:34:17Z","user_id":"5647be1c3562310003970c00","duration":5.13},{"created":"2015-11-15T00:05:20Z","user_id":"5647b59a3562310003240c00","duration":6.286}]}],"region":{"x":893.406844026249,"y":26.668953099545572,"width":277.06080490418435,"height":85.93329332075795,"label":"Record Number","shape":"rectangle"},"task_key":"em_record_number","instructions":{"mark":"Record Number","transcribe":"Enter the record number"}},{"id":"56b176d750617568bb330e00","status":"complete","name":"Mortgager","created_in_workflow":"transcribe","confidence":1.0,"data":{"value":"Thomas Loughran"},"versions":[{"data":{"value":"Thomas Loughran"},"votes":3,"confidence":1.0,"instances":[{"created":"2015-11-10T14:45:32Z","user_id":"5641ff3736363900039e0200","duration":9.758},{"created":"2015-11-15T00:09:20Z","user_id":"5647bf843562310003b70c00","duration":12.383},{"created":"2015-11-15T01:19:29Z","user_id":"563f8b7a3264340003774b00","duration":25.361}]}],"region":{"x":440.034617819402,"y":523.0078024521995,"width":395.5894914942096,"height":54.81951470462146,"label":"Mortgager Name","shape":"rectangle"},"task_key":"em_record_mortgager","instructions":{"mark":"Mortgager Name","transcribe":"Enter the mortgager's name"}},{"id":"56b176d750617568bb340e00","status":"awaiting_votes","name":"Street Address","created_in_workflow":"verify","confidence":0.6666666666666666,"data":{"value":"No. 715 7th Avenue"},"versions":[{"data":{"value":"No. 715 7th Avenue"},"votes":2,"confidence":0.6666666666666666,"instances":[{"created":"2015-11-15T04:38:44Z","user_id":"5647496e3562310003960400","duration":14.278},{"created":"2015-11-15T06:57:46Z","user_id":"564824793666390003b80800","duration":21.789}]},{"data":{"value":"715 7th Ave"},"votes":1,"confidence":0.3333333333333333,"instances":[{"created":"2015-11-15T04:16:30Z","user_id":"5648070336663900033f0600","duration":20.28}]}],"region":{"x":487.44609245541204,"y":570.4192746291692,"width":336.32514819919714,"height":44.44825516590931,"label":"Street Address","shape":"rectangle"},"task_key":"em_transcribed_address","instructions":{"mark":"Street Address","transcribe":"Enter the street address","verify":"Choose the best transcription or enter your own!"}},{"id":"56b176d750617568bb350e00","status":"awaiting_transcriptions","name":"Land \u0026 Building Dimensions","created_in_workflow":"transcribe","confidence":0.6666666666666666,"data":{"em_survey_land_dimensions":"20 x 70","em_survey_building_dimensions":"20 x 50"},"versions":[{"data":{"em_survey_land_dimensions":"20 x 70","em_survey_building_dimensions":"20 x 50"},"votes":2,"confidence":0.6666666666666666,"instances":[{"created":"2015-11-10T14:46:02Z","user_id":"5641ff3736363900039e0200","duration":16.329},{"created":"2015-11-15T01:20:17Z","user_id":"563f8b7a3264340003774b00","duration":24.566}]}],"region":{"x":497.81735253203937,"y":614.8675297950786,"width":524.4894381608622,"height":59.26434022121238,"label":"Dimension \u0026 Description","shape":"rectangle"},"task_key":"em_record_survey","instructions":{"mark":"Dimension \u0026 Description","transcribe":"Enter, as they appear, any land and building dimensions that were recorded. In the next screen, you'll enter the descriptive information."}},{"id":"56b176d750617568bb360e00","status":"awaiting_transcriptions","name":"Stories \u0026 Materials","created_in_workflow":"transcribe","confidence":0.3333333333333333,"data":{"em_record_stories":"5","em_record_material":"B.L.K. house and story"},"versions":[{"data":{"em_record_stories":"5","em_record_material":"B.L.K. house and story"},"votes":1,"confidence":0.3333333333333333,"instances":[{"created":"2015-11-10T14:46:32Z","user_id":"5641ff3736363900039e0200","duration":30.246}]},{"data":{"em_record_stories":"5","em_record_material":"Brick, frame, stone"},"votes":1,"confidence":0.3333333333333333,"instances":[{"created":"2015-11-15T01:21:00Z","user_id":"563f8b7a3264340003774b00","duration":42.86}]}],"region":{"x":497.81735253203937,"y":614.8675297950786,"width":524.4894381608622,"height":59.26434022121238,"label":"Dimension \u0026 Description","shape":"rectangle"},"task_key":"em_record_survey_stories_materials","instructions":{"mark":"Dimension \u0026 Description","transcribe":"Enter, as they appear, the number of stories and the building materials."}},{"id":"56b176d750617568bb370e00","status":"awaiting_transcriptions","name":"Additional Info","created_in_workflow":"transcribe","confidence":0.3333333333333333,"data":{"value":"house \u0026 store"},"versions":[{"data":{"value":"house \u0026 store"},"votes":1,"confidence":0.3333333333333333,"instances":[{"created":"2015-11-15T01:21:32Z","user_id":"563f8b7a3264340003774b00","duration":31.496}]}],"region":{"x":497.81735253203937,"y":614.8675297950786,"width":524.4894381608622,"height":59.26434022121238,"label":"Dimension \u0026 Description","shape":"rectangle"},"task_key":"em_record_survey_additional_info","instructions":{"mark":"Dimension \u0026 Description","transcribe":"Enter any additional information you find about the building's construction or significance."}},{"id":"56b176d750617568bb380e00","status":"awaiting_transcriptions","name":"Record Date","created_in_workflow":"transcribe","confidence":0.6666666666666666,"data":{"value":"1879 November"},"versions":[{"data":{"value":"1879 November"},"votes":2,"confidence":0.6666666666666666,"instances":[{"created":"2015-11-10T14:47:04Z","user_id":"5641ff3736363900039e0200","duration":10.37},{"created":"2015-11-14T23:34:59Z","user_id":"5647be1c3562310003970c00","duration":5.568}]}],"region":{"x":112.5991211144569,"y":731.9146017319729,"width":177.79302988503804,"height":106.6758123981823,"label":"Record Date","shape":"rectangle"},"task_key":"em_record_date","instructions":{"mark":"Record Date","transcribe":"Enter the record date"}},{"id":"56b176d750617568bb390e00","status":"awaiting_transcriptions","name":"Valuation Date","created_in_workflow":"transcribe","confidence":0.6666666666666666,"data":{"value":"1879 November"},"versions":[{"data":{"value":"1879 November"},"votes":2,"confidence":0.6666666666666666,"instances":[{"created":"2015-11-10T14:47:41Z","user_id":"5641ff3736363900039e0200","duration":37.46},{"created":"2015-11-15T01:22:08Z","user_id":"563f8b7a3264340003774b00","duration":14.535}]}],"region":{"x":305.2082368232483,"y":754.1387293149276,"width":505.22852658998306,"height":71.1172082654548,"label":"Valuation","shape":"rectangle"},"task_key":"em_record_valuation","instructions":{"mark":"Valuation","transcribe":"Enter the date of the valuation (if one is given). In the next screen, you'll enter the valuation's dollar amounts."}},{"id":"56b176d750617568bb3a0e00","status":"awaiting_transcriptions","name":"Total Value","created_in_workflow":"transcribe","confidence":0.6666666666666666,"data":{"value":"$16,000"},"versions":[{"data":{"value":"$16,000"},"votes":2,"confidence":0.6666666666666666,"instances":[{"created":"2015-11-10T14:48:03Z","user_id":"5641ff3736363900039e0200","duration":12.257},{"created":"2015-11-15T01:22:19Z","user_id":"563f8b7a3264340003774b00","duration":8.164}]}],"region":{"x":305.2082368232483,"y":754.1387293149276,"width":505.22852658998306,"height":71.1172082654548,"label":"Valuation","shape":"rectangle"},"task_key":"em_record_valuation_total","instructions":{"mark":"Valuation","transcribe":"Enter the valuation ***total*** (if one is given)"}},{"id":"56b176d750617568bb3b0e00","status":"awaiting_votes","name":"Amount Loaned","created_in_workflow":"transcribe","confidence":0.6666666666666666,"data":{"value":"$8,000"},"versions":[{"data":{"value":"$8,000"},"votes":2,"confidence":0.6666666666666666,"instances":[{"created":"2015-11-10T14:46:53Z","user_id":"5641ff3736363900039e0200","duration":11.151},{"created":"2015-11-15T01:21:39Z","user_id":"563f8b7a3264340003774b00","duration":7.058}]},{"data":{"value":"8000"},"votes":1,"confidence":0.3333333333333333,"instances":[{"created":"2015-11-15T04:13:35Z","user_id":"5642b89c35643800037e0f00","duration":6.112}]}],"region":{"x":1155.6515631066802,"y":696.3559975992455,"width":180.7562470497885,"height":74.08042527651548,"label":"Amount Loaned","shape":"rectangle"},"task_key":"em_record_amount_loaned","instructions":{"mark":"Amount Loaned","transcribe":"Enter the Amount Loaned"}}]}]}