{"id":"56b1007e7061755afb720e00","meta_data":{"capture_uuid":"e21698a0-00b1-0133-fb9e-58d385a7bbd0","page_uri":"http://digitalcollections.nypl.org/items/e21698a0-00b1-0133-fb9e-58d385a7bbd0","book_uri":"http://digitalcollections.nypl.org/items/df712aa0-00b1-0133-fbd7-58d385a7bbd0","source_rotated":"0.755321","source_x":"0","source_y":"0","source_w":"1371.64","source_h":"975.8399999999999"},"type":"final_subject_set","search_terms_by_field":{},"subjects":[{"id":"56b176ca50617568bb5c0d00","type":"root","location":{"standard":"https://s3.amazonaws.com/scribe.nypl.org/emigrant-s4/full/e21698a0-00b1-0133-fb9e-58d385a7bbd0.left-top.jpg","thumbnail":"https://s3.amazonaws.com/scribe.nypl.org/emigrant-s4/thumb/e21698a0-00b1-0133-fb9e-58d385a7bbd0.left-top.jpg"},"status":"active","width":1371,"height":975,"meta_data":{"capture_uuid":"e21698a0-00b1-0133-fb9e-58d385a7bbd0","page_uri":"http://digitalcollections.nypl.org/items/e21698a0-00b1-0133-fb9e-58d385a7bbd0","book_uri":"http://digitalcollections.nypl.org/items/df712aa0-00b1-0133-fbd7-58d385a7bbd0","source_rotated":"0.755321","source_x":"0","source_y":"0","source_w":"1371.64","source_h":"975.8399999999999"},"assertions":[]}]}