{"id":"56b0ffd97061755afb120200","meta_data":{"capture_uuid":"e00c1560-00b1-0133-6228-58d385a7bbd0","page_uri":"http://digitalcollections.nypl.org/items/e00c1560-00b1-0133-6228-58d385a7bbd0","book_uri":"http://digitalcollections.nypl.org/items/df712aa0-00b1-0133-fbd7-58d385a7bbd0","source_rotated":"0.951112","source_x":"1219.18","source_y":"0","source_w":"1374.82","source_h":"1005.9699999999999"},"type":"final_subject_set","search_terms_by_field":{},"subjects":[{"id":"56b1761f50617568bbd20100","type":"root","location":{"standard":"https://s3.amazonaws.com/scribe.nypl.org/emigrant-s4/full/e00c1560-00b1-0133-6228-58d385a7bbd0.right-top.jpg","thumbnail":"https://s3.amazonaws.com/scribe.nypl.org/emigrant-s4/thumb/e00c1560-00b1-0133-6228-58d385a7bbd0.right-top.jpg"},"status":"active","width":1374,"height":1005,"meta_data":{"capture_uuid":"e00c1560-00b1-0133-6228-58d385a7bbd0","page_uri":"http://digitalcollections.nypl.org/items/e00c1560-00b1-0133-6228-58d385a7bbd0","book_uri":"http://digitalcollections.nypl.org/items/df712aa0-00b1-0133-fbd7-58d385a7bbd0","source_rotated":"0.951112","source_x":"1219.18","source_y":"0","source_w":"1374.82","source_h":"1005.9699999999999"},"assertions":[]}]}