{"id":"56b0ffd97061755afb1f0200","meta_data":{"capture_uuid":"e01f0ce0-00b1-0133-e1a2-58d385a7bbd0","page_uri":"http://digitalcollections.nypl.org/items/e01f0ce0-00b1-0133-e1a2-58d385a7bbd0","book_uri":"http://digitalcollections.nypl.org/items/df712aa0-00b1-0133-fbd7-58d385a7bbd0","source_rotated":"1.98553","source_x":"0","source_y":"0","source_w":"1392.87","source_h":"1005.12"},"type":"final_subject_set","search_terms_by_field":{},"subjects":[{"id":"56b1761f50617568bbd90100","type":"root","location":{"standard":"https://s3.amazonaws.com/scribe.nypl.org/emigrant-s4/full/e01f0ce0-00b1-0133-e1a2-58d385a7bbd0.left-top.jpg","thumbnail":"https://s3.amazonaws.com/scribe.nypl.org/emigrant-s4/thumb/e01f0ce0-00b1-0133-e1a2-58d385a7bbd0.left-top.jpg"},"status":"active","width":1392,"height":1005,"meta_data":{"capture_uuid":"e01f0ce0-00b1-0133-e1a2-58d385a7bbd0","page_uri":"http://digitalcollections.nypl.org/items/e01f0ce0-00b1-0133-e1a2-58d385a7bbd0","book_uri":"http://digitalcollections.nypl.org/items/df712aa0-00b1-0133-fbd7-58d385a7bbd0","source_rotated":"1.98553","source_x":"0","source_y":"0","source_w":"1392.87","source_h":"1005.12"},"assertions":[]}]}