{"id":"56b101007061755afb021800","meta_data":{"capture_uuid":"e3c5db30-00b1-0133-342c-58d385a7bbd0","page_uri":"http://digitalcollections.nypl.org/items/e3c5db30-00b1-0133-342c-58d385a7bbd0","book_uri":"http://digitalcollections.nypl.org/items/df712aa0-00b1-0133-fbd7-58d385a7bbd0","source_rotated":"1.00705","source_x":"0","source_y":"0","source_w":"1374.85","source_h":"983.04"},"type":"final_subject_set","search_terms_by_field":{"Record Number":["663","663"],"Mortgager":["Margaret Hatfield","Margaret Hatfield"],"Street Address":["No 46 E. 28th Street"],"Land \u0026 Building Dimensions":["20 x 84","20 x 84","20 x 84","20 x 84"],"Stories \u0026 Materials":["3","brick","3"],"Additional Info":[],"Record Date":["1872 December 14"],"Valuation Date":["1879 November"],"Land \u0026 Building Value":[],"Total Value":["16000"],"Amount Loaned":["$7000"]},"subjects":[{"id":"56b1774f50617568bb4c1600","type":"root","location":{"standard":"https://s3.amazonaws.com/scribe.nypl.org/emigrant-s4/full/e3c5db30-00b1-0133-342c-58d385a7bbd0.left-top.jpg","thumbnail":"https://s3.amazonaws.com/scribe.nypl.org/emigrant-s4/thumb/e3c5db30-00b1-0133-342c-58d385a7bbd0.left-top.jpg"},"status":"retired","width":1374,"height":983,"meta_data":{"capture_uuid":"e3c5db30-00b1-0133-342c-58d385a7bbd0","page_uri":"http://digitalcollections.nypl.org/items/e3c5db30-00b1-0133-342c-58d385a7bbd0","book_uri":"http://digitalcollections.nypl.org/items/df712aa0-00b1-0133-fbd7-58d385a7bbd0","source_rotated":"1.00705","source_x":"0","source_y":"0","source_w":"1374.85","source_h":"983.04"},"assertions":[{"id":"56b1774f50617568bb4d1600","status":"complete","name":"Record Number","created_in_workflow":"transcribe","confidence":1.0,"data":{"value":"663"},"versions":[{"data":{"value":"663"},"votes":3,"confidence":1.0,"instances":[{"created":"2015-11-10T02:17:54Z","user_id":"5641537261616500034e4f00","duration":2.98},{"created":"2015-11-10T02:20:57Z","user_id":"564151726161650003594d00","duration":8.0},{"created":"2015-11-10T02:20:59Z","user_id":"564149836161650003224500","duration":5.089}]}],"region":{"x":926.0739551789092,"y":15.997513667763856,"width":119.09260220808108,"height":59.54630087445436,"label":"Record Number","shape":"rectangle"},"task_key":"em_record_number","instructions":{"mark":"Record Number","transcribe":"Enter the record number"}},{"id":"56b1774f50617568bb4e1600","status":"complete","name":"Record Number","created_in_workflow":"transcribe","confidence":1.0,"data":{"value":"663"},"versions":[{"data":{"value":"663"},"votes":3,"confidence":1.0,"instances":[{"created":"2015-11-09T22:03:36Z","user_id":"5641537261616500034e4f00","duration":3.478},{"created":"2015-11-10T01:38:07Z","user_id":"564145706161650003bc3f00","duration":10.936},{"created":"2015-11-10T02:17:56Z","user_id":"5641537261616500034e4f00","duration":2.233}]}],"region":{"x":946.5152227220872,"y":20.441267464364927,"width":79.09881788447176,"height":55.99129783717349,"label":"Record Number","shape":"rectangle"},"task_key":"em_record_number","instructions":{"mark":"Record Number","transcribe":"Enter the record number"}},{"id":"56b1774f50617568bb4f1600","status":"awaiting_transcriptions","name":"Mortgager","created_in_workflow":"transcribe","confidence":0.3333333333333333,"data":{"value":"Margaret Hatfield"},"versions":[{"data":{"value":"Margaret Hatfield"},"votes":1,"confidence":0.3333333333333333,"instances":[{"created":"2015-11-08T19:43:46Z","user_id":"563f9ecb32643400035e5e00","duration":10.532}]}],"region":{"x":402.5420267501592,"y":534.7512572899204,"width":341.64662472245226,"height":72.78558779779473,"label":"Mortgager Name","shape":"rectangle"},"task_key":"em_record_mortgager","instructions":{"mark":"Mortgager Name","transcribe":"Enter the mortgager's name"}},{"id":"56b1774f50617568bb501600","status":"awaiting_votes","name":"Mortgager","created_in_workflow":"verify","confidence":0.6666666666666666,"data":{"value":"Margaret Hatfield"},"versions":[{"data":{"value":"Margaret Hatfield"},"votes":2,"confidence":0.6666666666666666,"instances":[{"created":"2015-12-17T01:08:17Z","user_id":"5647496e3562310003960400","duration":15.211},{"created":"2016-01-03T15:18:41Z","user_id":"56748e5e3564620003fd0100","duration":13.633}]}],"region":{"x":408.8210112602284,"y":527.0292002768871,"width":339.502791369306,"height":66.656306949016,"label":"Mortgager Name","shape":"rectangle"},"task_key":"em_transcribed_mortgager","instructions":{"mark":"Mortgager Name","transcribe":"Enter the mortgager's name","verify":"Choose the best transcription or enter your own!"}},{"id":"56b1774f50617568bb511600","status":"awaiting_votes","name":"Street Address","created_in_workflow":"verify","confidence":0.3333333333333333,"data":{"value":"No 46 E. 28th Street"},"versions":[{"data":{"value":"No 46 E. 28th Street"},"votes":1,"confidence":0.3333333333333333,"instances":[{"created":"2016-01-02T20:14:38Z","user_id":"56748e5e3564620003fd0100","duration":13.409}]}],"region":{"x":465.70106007602834,"y":573.2442397615382,"width":367.9428157772059,"height":47.10379024397131,"label":"Street Address","shape":"rectangle"},"task_key":"em_transcribed_address","instructions":{"mark":"Street Address","transcribe":"Enter the street address","verify":"Choose the best transcription or enter your own!"}},{"id":"56b1774f50617568bb521600","status":"awaiting_votes","name":"Land \u0026 Building Dimensions","created_in_workflow":"transcribe","confidence":0.3333333333333333,"data":{"em_survey_land_dimensions":"20 x 84","em_survey_building_dimensions":"20 x 84"},"versions":[{"data":{"em_survey_land_dimensions":"20 x 84","em_survey_building_dimensions":"20 x 84"},"votes":1,"confidence":0.3333333333333333,"instances":[{"created":"2015-11-09T22:03:53Z","user_id":"5641537261616500034e4f00","duration":4.475}]},{"data":{"em_survey_land_dimensions":"20x84","em_survey_building_dimensions":"20x84"},"votes":1,"confidence":0.3333333333333333,"instances":[{"created":"2015-11-10T01:38:40Z","user_id":"564145706161650003bc3f00","duration":11.139}]},{"data":{"em_survey_land_dimensions":"20 x 84","em_survey_building_dimensions":"20 X 84"},"votes":1,"confidence":0.3333333333333333,"instances":[{"created":"2015-11-10T02:10:21Z","user_id":"564149836161650003224500","duration":22.589}]}],"region":{"x":241.73586786381605,"y":607.9055193750265,"width":668.3405735856493,"height":78.2100668201788,"label":"Dimension \u0026 Description","shape":"rectangle"},"task_key":"em_record_survey","instructions":{"mark":"Dimension \u0026 Description","transcribe":"Enter, as they appear, any land and building dimensions that were recorded. In the next screen, you'll enter the descriptive information."}},{"id":"56b1774f50617568bb531600","status":"awaiting_votes","name":"Stories \u0026 Materials","created_in_workflow":"transcribe","confidence":0.3333333333333333,"data":{"em_record_stories":"3","em_record_material":"brick"},"versions":[{"data":{"em_record_stories":"3","em_record_material":"brick"},"votes":1,"confidence":0.3333333333333333,"instances":[{"created":"2015-11-09T22:03:56Z","user_id":"5641537261616500034e4f00","duration":3.206}]},{"data":{"em_record_stories":"3","em_record_material":"brick house"},"votes":1,"confidence":0.3333333333333333,"instances":[{"created":"2015-11-10T01:38:47Z","user_id":"564145706161650003bc3f00","duration":6.888}]},{"data":{"em_record_stories":"3","em_record_material":"Brick "},"votes":1,"confidence":0.3333333333333333,"instances":[{"created":"2015-11-10T02:10:34Z","user_id":"564149836161650003224500","duration":12.948}]}],"region":{"x":241.73586786381605,"y":607.9055193750265,"width":668.3405735856493,"height":78.2100668201788,"label":"Dimension \u0026 Description","shape":"rectangle"},"task_key":"em_record_survey_stories_materials","instructions":{"mark":"Dimension \u0026 Description","transcribe":"Enter, as they appear, the number of stories and the building materials."}},{"id":"56b1774f50617568bb541600","status":"awaiting_transcriptions","name":"Additional Info","created_in_workflow":"transcribe","confidence":0.3333333333333333,"data":{"value":""},"versions":[{"data":{"value":""},"votes":1,"confidence":0.3333333333333333,"instances":[{"created":"2015-11-09T22:03:57Z","user_id":"5641537261616500034e4f00","duration":0.832}]},{"data":{"value":"House"},"votes":1,"confidence":0.3333333333333333,"instances":[{"created":"2015-11-10T02:10:37Z","user_id":"564149836161650003224500","duration":3.172}]}],"region":{"x":241.73586786381605,"y":607.9055193750265,"width":668.3405735856493,"height":78.2100668201788,"label":"Dimension \u0026 Description","shape":"rectangle"},"task_key":"em_record_survey_additional_info","instructions":{"mark":"Dimension \u0026 Description","transcribe":"Enter any additional information you find about the building's construction or significance."}},{"id":"56b1774f50617568bb551600","status":"awaiting_transcriptions","name":"Land \u0026 Building Dimensions","created_in_workflow":"transcribe","confidence":0.3333333333333333,"data":{"em_survey_land_dimensions":"20 x 84","em_survey_building_dimensions":"20 x 84"},"versions":[{"data":{"em_survey_land_dimensions":"20 x 84","em_survey_building_dimensions":"20 x 84"},"votes":1,"confidence":0.3333333333333333,"instances":[{"created":"2015-11-09T22:04:01Z","user_id":"5641537261616500034e4f00","duration":3.993}]},{"data":{"em_survey_land_dimensions":"20x84","em_survey_building_dimensions":"20x84"},"votes":1,"confidence":0.3333333333333333,"instances":[{"created":"2015-11-10T01:38:59Z","user_id":"564145706161650003bc3f00","duration":9.419}]}],"region":{"x":247.95712320304418,"y":612.3492731716277,"width":684.3380873150933,"height":93.3188297286225,"label":"Dimension \u0026 Description","shape":"rectangle"},"task_key":"em_record_survey","instructions":{"mark":"Dimension \u0026 Description","transcribe":"Enter, as they appear, any land and building dimensions that were recorded. In the next screen, you'll enter the descriptive information."}},{"id":"56b1774f50617568bb561600","status":"awaiting_transcriptions","name":"Stories \u0026 Materials","created_in_workflow":"transcribe","confidence":0.3333333333333333,"data":{"em_record_stories":"3"},"versions":[{"data":{"em_record_stories":"3"},"votes":1,"confidence":0.3333333333333333,"instances":[{"created":"2015-11-09T22:04:03Z","user_id":"5641537261616500034e4f00","duration":1.617}]},{"data":{"em_record_stories":"3","em_record_material":"Brick house"},"votes":1,"confidence":0.3333333333333333,"instances":[{"created":"2015-11-10T01:39:07Z","user_id":"564145706161650003bc3f00","duration":8.146}]}],"region":{"x":247.95712320304418,"y":612.3492731716277,"width":684.3380873150933,"height":93.3188297286225,"label":"Dimension \u0026 Description","shape":"rectangle"},"task_key":"em_record_survey_stories_materials","instructions":{"mark":"Dimension \u0026 Description","transcribe":"Enter, as they appear, the number of stories and the building materials."}},{"id":"56b1774f50617568bb571600","status":"awaiting_transcriptions","name":"Additional Info","created_in_workflow":"transcribe","confidence":0.3333333333333333,"data":{"value":""},"versions":[{"data":{"value":""},"votes":1,"confidence":0.3333333333333333,"instances":[{"created":"2015-11-09T22:04:04Z","user_id":"5641537261616500034e4f00","duration":1.067}]}],"region":{"x":247.95712320304418,"y":612.3492731716277,"width":684.3380873150933,"height":93.3188297286225,"label":"Dimension \u0026 Description","shape":"rectangle"},"task_key":"em_record_survey_additional_info","instructions":{"mark":"Dimension \u0026 Description","transcribe":"Enter any additional information you find about the building's construction or significance."}},{"id":"56b1774f50617568bb581600","status":"complete","name":"Record Date","created_in_workflow":"verify","confidence":1.0,"data":{"value":"1872 December 14"},"versions":[{"data":{"value":"1872 December 14"},"votes":5,"confidence":0.8333333333333334,"instances":[{"created":"2015-11-10T01:23:27Z","user_id":"563f8b7a3264340003774b00","duration":7.571},{"created":"2015-11-10T01:30:27Z","user_id":"5640f4706161650003b50100","duration":6.126},{"created":"2015-11-10T01:36:48Z","user_id":"56414a306161650003c44500","duration":16.944},{"created":"2015-11-10T01:46:23Z","user_id":"56414b5d61616500033d4700","duration":5.731},{"created":"2015-11-10T02:12:17Z","user_id":"564152816161650003354e00","duration":7.884}]},{"data":{"value":"December 14, 1872"},"votes":1,"confidence":0.16666666666666666,"instances":[{"created":"2015-11-10T02:02:11Z","user_id":"56414e006161650003c94a00","duration":4.809}]}],"region":{"x":66.65196760268184,"y":74.655063782898,"width":191.08141399057791,"height":130.64636162007147,"label":"Record Date","shape":"rectangle"},"task_key":"em_transcribed_date","instructions":{"mark":"Record Date","transcribe":"Enter the record date","verify":"Choose the best transcription or enter your own!"}},{"id":"56b1774f50617568bb591600","status":"complete","name":"Valuation Date","created_in_workflow":"transcribe","confidence":1.0,"data":{"value":"1879 November"},"versions":[{"data":{"value":"1879 November"},"votes":3,"confidence":1.0,"instances":[{"created":"2015-11-09T22:04:21Z","user_id":"5641537261616500034e4f00","duration":3.572},{"created":"2015-11-10T01:40:11Z","user_id":"564145706161650003bc3f00","duration":9.855},{"created":"2015-11-10T02:11:35Z","user_id":"564149836161650003224500","duration":16.339}]}],"region":{"x":71.98447217916308,"y":725.2206196052948,"width":667.4518228229025,"height":111.0938449150268,"label":"Valuation","shape":"rectangle"},"task_key":"em_record_valuation","instructions":{"mark":"Valuation","transcribe":"Enter the date of the valuation (if one is given). In the next screen, you'll enter the valuation's dollar amounts."}},{"id":"56b1774f50617568bb5a1600","status":"awaiting_transcriptions","name":"Land \u0026 Building Value","created_in_workflow":"transcribe","confidence":0.3333333333333333,"data":{"em_valuation_ground":""},"versions":[{"data":{"em_valuation_ground":""},"votes":1,"confidence":0.3333333333333333,"instances":[{"created":"2015-11-09T22:04:25Z","user_id":"5641537261616500034e4f00","duration":4.223}]}],"region":{"x":71.98447217916308,"y":725.2206196052948,"width":667.4518228229025,"height":111.0938449150268,"label":"Valuation","shape":"rectangle"},"task_key":"em_record_valuation_ground_building","instructions":{"mark":"Valuation","transcribe":"Sometimes valuations include itemized dollar values for \"ground\" and \"building\". Enter these amounts if you can find them. In the next screen, you'll enter the total valuation."}},{"id":"56b1774f50617568bb5b1600","status":"awaiting_transcriptions","name":"Total Value","created_in_workflow":"transcribe","confidence":0.3333333333333333,"data":{"value":"16000"},"versions":[{"data":{"value":"16000"},"votes":1,"confidence":0.3333333333333333,"instances":[{"created":"2015-11-09T22:04:27Z","user_id":"5641537261616500034e4f00","duration":2.231}]},{"data":{"value":"$11,000"},"votes":1,"confidence":0.3333333333333333,"instances":[{"created":"2015-11-10T01:40:26Z","user_id":"564145706161650003bc3f00","duration":6.889}]}],"region":{"x":71.98447217916308,"y":725.2206196052948,"width":667.4518228229025,"height":111.0938449150268,"label":"Valuation","shape":"rectangle"},"task_key":"em_record_valuation_total","instructions":{"mark":"Valuation","transcribe":"Enter the valuation ***total*** (if one is given)"}},{"id":"56b1774f50617568bb5c1600","status":"awaiting_votes","name":"Amount Loaned","created_in_workflow":"verify","confidence":0.3333333333333333,"data":{"value":"$7000"},"versions":[{"data":{"value":"$7000"},"votes":1,"confidence":0.3333333333333333,"instances":[{"created":"2016-01-02T20:18:22Z","user_id":"56748e5e3564620003fd0100","duration":2.158}]}],"region":{"x":1071.8290802693966,"y":717.2218627714129,"width":164.4188911081717,"height":87.09757441338093,"label":"Amount Loaned","shape":"rectangle"},"task_key":"em_transcribed_amount_loaned","instructions":{"mark":"Amount Loaned","transcribe":"Enter the Amount Loaned","verify":"Choose the best transcription or enter your own!"}}]}]}