{"id":"56b1003b7061755afb760900","meta_data":{"capture_uuid":"e156d6a0-00b1-0133-0e80-58d385a7bbd0","page_uri":"http://digitalcollections.nypl.org/items/e156d6a0-00b1-0133-0e80-58d385a7bbd0","book_uri":"http://digitalcollections.nypl.org/items/df712aa0-00b1-0133-fbd7-58d385a7bbd0","source_rotated":"1.23077","source_x":"0","source_y":"966.32","source_w":"1380.12","source_h":"1089.68"},"type":"final_subject_set","search_terms_by_field":{"Record Number":["322"],"Mortgager":["R.C. Church of the Nbater Doloaosa, and Lady of Gonons."],"Street Address":["Pitt Street"],"Land \u0026 Building Dimensions":["75 x 100.","75 x 700."],"Stories \u0026 Materials":["Brick + Stone"],"Additional Info":["Churhc"],"Record Date":["1875 Novemb. 17","1868 Feby 13"],"Valuation Date":["1879 November"],"Land \u0026 Building Value":[],"Total Value":["$50000"],"Amount Loaned":["$25000 and 6000"]},"subjects":[{"id":"56b1768550617568bbaf0800","type":"root","location":{"standard":"https://s3.amazonaws.com/scribe.nypl.org/emigrant-s4/full/e156d6a0-00b1-0133-0e80-58d385a7bbd0.left-bottom.jpg","thumbnail":"https://s3.amazonaws.com/scribe.nypl.org/emigrant-s4/thumb/e156d6a0-00b1-0133-0e80-58d385a7bbd0.left-bottom.jpg"},"status":"retired","width":1380,"height":1089,"meta_data":{"capture_uuid":"e156d6a0-00b1-0133-0e80-58d385a7bbd0","page_uri":"http://digitalcollections.nypl.org/items/e156d6a0-00b1-0133-0e80-58d385a7bbd0","book_uri":"http://digitalcollections.nypl.org/items/df712aa0-00b1-0133-fbd7-58d385a7bbd0","source_rotated":"1.23077","source_x":"0","source_y":"966.32","source_w":"1380.12","source_h":"1089.68"},"assertions":[{"id":"56b1768550617568bbb00800","status":"complete","name":"Record Number","created_in_workflow":"transcribe","confidence":1.0,"data":{"value":"322"},"versions":[{"data":{"value":"322"},"votes":3,"confidence":1.0,"instances":[{"created":"2015-11-30T18:50:12Z","user_id":"565c944139353100032d0300","duration":3.902},{"created":"2015-11-30T22:24:07Z","user_id":"565cbf3d3663610003460400","duration":5.077},{"created":"2015-11-30T22:28:48Z","user_id":"563bfc7535326200037f3900","duration":6.007}]}],"region":{"x":936.8724976057348,"y":30.08972094666196,"width":95.74002272555697,"height":87.5337336630166,"label":"Record Number","shape":"rectangle"},"task_key":"em_record_number","instructions":{"mark":"Record Number","transcribe":"Enter the record number"}},{"id":"56b1768550617568bbb10800","status":"awaiting_votes","name":"Mortgager","created_in_workflow":"transcribe","confidence":0.25,"data":{"value":"R.C. Church of the Nbater Doloaosa, and Lady of Gonons."},"versions":[{"data":{"value":"R.C. Church of the Nbater Doloaosa, and Lady of Gonons."},"votes":1,"confidence":0.25,"instances":[{"created":"2015-11-30T18:53:40Z","user_id":"565c944139353100032d0300","duration":83.0}]},{"data":{"value":"R.C. Church of the Mater Dolorosa, Our Lady of Sorrows"},"votes":1,"confidence":0.25,"instances":[{"created":"2015-11-30T22:25:18Z","user_id":"565cbf3d3663610003460400","duration":35.1}]},{"data":{"value":"R.C. Church of the Mater Dolorosa, our Lady of Sorrows."},"votes":1,"confidence":0.25,"instances":[{"created":"2015-11-30T22:30:20Z","user_id":"563bfc7535326200037f3900","duration":73.041}]},{"data":{"value":"R.C. Church of the Mater Dolorosa, our Lady of Sorrows"},"votes":1,"confidence":0.25,"instances":[{"created":"2015-11-30T22:32:41Z","user_id":"565cc57e3663610003700400","duration":68.237}]}],"region":{"x":432.1858063810131,"y":516.9961144471919,"width":843.8799145952662,"height":61.54715648180854,"label":"Mortgager Name","shape":"rectangle"},"task_key":"em_record_mortgager","instructions":{"mark":"Mortgager Name","transcribe":"Enter the mortgager's name"}},{"id":"56b1768550617568bbb20800","status":"complete","name":"Street Address","created_in_workflow":"transcribe","confidence":1.0,"data":{"value":"Pitt Street"},"versions":[{"data":{"value":"Pitt Street"},"votes":3,"confidence":1.0,"instances":[{"created":"2015-11-30T18:53:45Z","user_id":"565c944139353100032d0300","duration":5.119},{"created":"2015-11-30T22:25:36Z","user_id":"565cbf3d3663610003460400","duration":9.864},{"created":"2015-11-30T22:32:54Z","user_id":"565cc57e3663610003700400","duration":13.492}]}],"region":{"x":454.06924014685467,"y":570.3369833980926,"width":146.34546330906562,"height":36.928293889085126,"label":"Street Address","shape":"rectangle"},"task_key":"em_record_street_address","instructions":{"mark":"Street Address","transcribe":"Enter the street address"}},{"id":"56b1768550617568bbb30800","status":"awaiting_transcriptions","name":"Land \u0026 Building Dimensions","created_in_workflow":"transcribe","confidence":0.3333333333333333,"data":{"em_survey_land_dimensions":"75 x 100.","em_survey_building_dimensions":"75 x 700."},"versions":[{"data":{"em_survey_land_dimensions":"75 x 100.","em_survey_building_dimensions":"75 x 700."},"votes":1,"confidence":0.3333333333333333,"instances":[{"created":"2015-11-30T18:53:58Z","user_id":"565c944139353100032d0300","duration":12.787}]}],"region":{"x":448.5983817053943,"y":600.4267043447545,"width":396.63723700587883,"height":87.53373366301662,"label":"Dimension \u0026 Description","shape":"rectangle"},"task_key":"em_record_survey","instructions":{"mark":"Dimension \u0026 Description","transcribe":"Enter, as they appear, any land and building dimensions that were recorded. In the next screen, you'll enter the descriptive information."}},{"id":"56b1768550617568bbb40800","status":"awaiting_transcriptions","name":"Stories \u0026 Materials","created_in_workflow":"transcribe","confidence":0.3333333333333333,"data":{"em_record_material":"Brick + Stone"},"versions":[{"data":{"em_record_material":"Brick + Stone"},"votes":1,"confidence":0.3333333333333333,"instances":[{"created":"2015-11-30T18:54:11Z","user_id":"565c944139353100032d0300","duration":13.837}]}],"region":{"x":448.5983817053943,"y":600.4267043447545,"width":396.63723700587883,"height":87.53373366301662,"label":"Dimension \u0026 Description","shape":"rectangle"},"task_key":"em_record_survey_stories_materials","instructions":{"mark":"Dimension \u0026 Description","transcribe":"Enter, as they appear, the number of stories and the building materials."}},{"id":"56b1768550617568bbb50800","status":"awaiting_transcriptions","name":"Additional Info","created_in_workflow":"transcribe","confidence":0.3333333333333333,"data":{"value":"Churhc"},"versions":[{"data":{"value":"Churhc"},"votes":1,"confidence":0.3333333333333333,"instances":[{"created":"2015-11-30T18:54:14Z","user_id":"565c944139353100032d0300","duration":2.359}]}],"region":{"x":448.5983817053943,"y":600.4267043447545,"width":396.63723700587883,"height":87.53373366301662,"label":"Dimension \u0026 Description","shape":"rectangle"},"task_key":"em_record_survey_additional_info","instructions":{"mark":"Dimension \u0026 Description","transcribe":"Enter any additional information you find about the building's construction or significance."}},{"id":"56b1768550617568bbb60800","status":"awaiting_votes","name":"Record Date","created_in_workflow":"transcribe","confidence":0.6666666666666666,"data":{"value":"1875 Novemb. 17"},"versions":[{"data":{"value":"1875 Novemb. 17"},"votes":2,"confidence":0.6666666666666666,"instances":[{"created":"2016-01-04T15:16:19Z","user_id":"5668bbbe3064310003db0500","duration":11.673},{"created":"2016-01-04T18:04:12Z","user_id":"568aafbc3237350003b90400","duration":12.339}]},{"data":{"value":"1875 Novemb 17"},"votes":1,"confidence":0.3333333333333333,"instances":[{"created":"2016-01-04T19:25:23Z","user_id":"568ac34a3237350003b80500","duration":5.837}]}],"region":{"x":38.97278165083376,"y":184.7704734683733,"width":209.31027823116244,"height":128.47321983347834,"label":"Record Date","shape":"rectangle"},"task_key":"em_record_date","instructions":{"mark":"Record Date","transcribe":"Enter the record date"}},{"id":"56b1768550617568bbb70800","status":"awaiting_votes","name":"Record Date","created_in_workflow":"transcribe","confidence":0.3333333333333333,"data":{"value":"1868 Feby 13"},"versions":[{"data":{"value":"1868 Feby 13"},"votes":1,"confidence":0.3333333333333333,"instances":[{"created":"2015-11-30T18:51:47Z","user_id":"565c944139353100032d0300","duration":11.429}]},{"data":{"value":"1868 February 13"},"votes":1,"confidence":0.3333333333333333,"instances":[{"created":"2015-11-30T22:24:23Z","user_id":"565cbf3d3663610003460400","duration":16.27}]},{"data":{"value":"1868 Ferbruary 13"},"votes":1,"confidence":0.3333333333333333,"instances":[{"created":"2015-11-30T22:29:07Z","user_id":"563bfc7535326200037f3900","duration":13.803}]}],"region":{"x":42.387142426959784,"y":73.85658777817027,"width":201.0540477236696,"height":117.62345460967857,"label":"Record Date","shape":"rectangle"},"task_key":"em_record_date","instructions":{"mark":"Record Date","transcribe":"Enter the record date"}},{"id":"56b1768550617568bbb80800","status":"awaiting_transcriptions","name":"Valuation Date","created_in_workflow":"transcribe","confidence":0.3333333333333333,"data":{"value":"1879 November"},"versions":[{"data":{"value":"1879 November"},"votes":1,"confidence":0.3333333333333333,"instances":[{"created":"2016-01-04T15:18:06Z","user_id":"5668bbbe3064310003db0500","duration":17.578}]}],"region":{"x":69.28668401534694,"y":723.2031813098049,"width":724.6466184278864,"height":93.82875605815832,"label":"Valuation","shape":"rectangle"},"task_key":"em_record_valuation","instructions":{"mark":"Valuation","transcribe":"Enter the date of the valuation (if one is given). In the next screen, you'll enter the valuation's dollar amounts."}},{"id":"56b1768550617568bbb90800","status":"awaiting_transcriptions","name":"Land \u0026 Building Value","created_in_workflow":"transcribe","confidence":0.3333333333333333,"data":{"em_valuation_ground":""},"versions":[{"data":{"em_valuation_ground":""},"votes":1,"confidence":0.3333333333333333,"instances":[{"created":"2016-01-04T15:18:07Z","user_id":"5668bbbe3064310003db0500","duration":1.398}]}],"region":{"x":69.28668401534694,"y":723.2031813098049,"width":724.6466184278864,"height":93.82875605815832,"label":"Valuation","shape":"rectangle"},"task_key":"em_record_valuation_ground_building","instructions":{"mark":"Valuation","transcribe":"Sometimes valuations include itemized dollar values for \"ground\" and \"building\". Enter these amounts if you can find them. In the next screen, you'll enter the total valuation."}},{"id":"56b1768550617568bbba0800","status":"awaiting_transcriptions","name":"Total Value","created_in_workflow":"transcribe","confidence":0.3333333333333333,"data":{"value":"$50000"},"versions":[{"data":{"value":"$50000"},"votes":1,"confidence":0.3333333333333333,"instances":[{"created":"2016-01-04T15:18:11Z","user_id":"5668bbbe3064310003db0500","duration":3.898}]}],"region":{"x":69.28668401534694,"y":723.2031813098049,"width":724.6466184278864,"height":93.82875605815832,"label":"Valuation","shape":"rectangle"},"task_key":"em_record_valuation_total","instructions":{"mark":"Valuation","transcribe":"Enter the valuation ***total*** (if one is given)"}},{"id":"56b1768550617568bbbb0800","status":"awaiting_votes","name":"Amount Loaned","created_in_workflow":"transcribe","confidence":0.3333333333333333,"data":{"value":"$25000 and 6000"},"versions":[{"data":{"value":"$25000 and 6000"},"votes":1,"confidence":0.3333333333333333,"instances":[{"created":"2016-01-04T15:17:48Z","user_id":"5668bbbe3064310003db0500","duration":12.764}]},{"data":{"value":"$25000 and 6000."},"votes":1,"confidence":0.3333333333333333,"instances":[{"created":"2016-01-04T18:06:09Z","user_id":"568aafbc3237350003b90400","duration":28.193}]},{"data":{"value":"$25000"},"votes":1,"confidence":0.3333333333333333,"instances":[{"created":"2016-01-04T20:33:00Z","user_id":"568ae6fe32373500039f0700","duration":13.707}]}],"region":{"x":412.8442441464963,"y":721.7596619858332,"width":249.72881471718006,"height":50.52317633900839,"label":"Amount Loaned","shape":"rectangle"},"task_key":"em_record_amount_loaned","instructions":{"mark":"Amount Loaned","transcribe":"Enter the Amount Loaned"}},{"id":"56b1768550617568bbbc0800","status":"awaiting_transcriptions","name":"Amount Loaned","created_in_workflow":"transcribe","confidence":0.3333333333333333,"data":{"value":""},"versions":[{"data":{"value":""},"votes":1,"confidence":0.3333333333333333,"instances":[{"created":"2015-11-30T18:54:18Z","user_id":"565c944139353100032d0300","duration":4.48}]},{"data":{"value":"$25,000 and $6,000"},"votes":1,"confidence":0.3333333333333333,"instances":[{"created":"2015-11-30T22:27:59Z","user_id":"565cbf3d3663610003460400","duration":18.572}]}],"region":{"x":428.0826625499178,"y":726.2564464853409,"width":240.71777142425742,"height":42.39915224302365,"label":"Amount Loaned","shape":"rectangle"},"task_key":"em_record_amount_loaned","instructions":{"mark":"Amount Loaned","transcribe":"Enter the Amount Loaned"}}]}]}