{"id":"56b101067061755afb731800","meta_data":{"capture_uuid":"e3cfafc0-00b1-0133-4a49-58d385a7bbd0","page_uri":"http://digitalcollections.nypl.org/items/e3cfafc0-00b1-0133-4a49-58d385a7bbd0","book_uri":"http://digitalcollections.nypl.org/items/df712aa0-00b1-0133-fbd7-58d385a7bbd0","source_rotated":"0.895174","source_x":"1218.24","source_y":"961.1499999999999","source_w":"1373.76","source_h":"1083.8500000000001"},"type":"final_subject_set","search_terms_by_field":{"Record Number":["672"],"Mortgager":["Christopher Mooney now Otto Bieves"],"Street Address":["No. 249 W. 30th Street"],"Land \u0026 Building Dimensions":["25 x 98.9","25 x 58 and 25 x 22"],"Stories \u0026 Materials":["5 \u0026 2","brick \u0026 frame"],"Additional Info":["2 houses"],"Record Date":["1873 Jany 20"],"Valuation Date":["1879 November"],"Land \u0026 Building Value":[],"Total Value":["$17000"],"Amount Loaned":["$10000"]},"subjects":[{"id":"56b1775550617568bbb61600","type":"root","location":{"standard":"https://s3.amazonaws.com/scribe.nypl.org/emigrant-s4/full/e3cfafc0-00b1-0133-4a49-58d385a7bbd0.right-bottom.jpg","thumbnail":"https://s3.amazonaws.com/scribe.nypl.org/emigrant-s4/thumb/e3cfafc0-00b1-0133-4a49-58d385a7bbd0.right-bottom.jpg"},"status":"retired","width":1373,"height":1083,"meta_data":{"capture_uuid":"e3cfafc0-00b1-0133-4a49-58d385a7bbd0","page_uri":"http://digitalcollections.nypl.org/items/e3cfafc0-00b1-0133-4a49-58d385a7bbd0","book_uri":"http://digitalcollections.nypl.org/items/df712aa0-00b1-0133-fbd7-58d385a7bbd0","source_rotated":"0.895174","source_x":"1218.24","source_y":"961.1499999999999","source_w":"1373.76","source_h":"1083.8500000000001"},"assertions":[{"id":"56b1775550617568bbb71600","status":"complete","name":"Record Number","created_in_workflow":"transcribe","confidence":1.0,"data":{"value":"672"},"versions":[{"data":{"value":"672"},"votes":3,"confidence":1.0,"instances":[{"created":"2015-12-13T05:11:26Z","user_id":"563f8b7a3264340003774b00","duration":17.093},{"created":"2015-12-13T18:07:02Z","user_id":"566dab6f3562640003610000","duration":7.414},{"created":"2015-12-13T21:32:16Z","user_id":"566de34a36613500030d0400","duration":7.064}]}],"region":{"x":906.2637410354881,"y":31.29762839641904,"width":195.95036033472513,"height":97.97518454531178,"label":"Record Number","shape":"rectangle"},"task_key":"em_record_number","instructions":{"mark":"Record Number","transcribe":"Enter the record number"}},{"id":"56b1775550617568bbb81600","status":"awaiting_votes","name":"Mortgager","created_in_workflow":"transcribe","confidence":0.3333333333333333,"data":{"value":"Christopher Mooney now Otto Bieves"},"versions":[{"data":{"value":"Christopher Mooney now Otto Bieves"},"votes":1,"confidence":0.3333333333333333,"instances":[{"created":"2015-12-13T05:13:50Z","user_id":"563f8b7a3264340003774b00","duration":54.938}]},{"data":{"value":"Chistopher Mooney now Otto Bieves"},"votes":1,"confidence":0.3333333333333333,"instances":[{"created":"2015-12-13T18:09:30Z","user_id":"566dab6f3562640003610000","duration":88.852}]},{"data":{"value":"Christopher Nooney von Vtto Bieves"},"votes":1,"confidence":0.3333333333333333,"instances":[{"created":"2015-12-13T23:52:05Z","user_id":"566dff1e3562640003880300","duration":22.028}]}],"region":{"x":400.05864350411485,"y":533.4204491911419,"width":654.5286341736305,"height":54.43065808072879,"label":"Mortgager Name","shape":"rectangle"},"task_key":"em_record_mortgager","instructions":{"mark":"Mortgager Name","transcribe":"Enter the mortgager's name"}},{"id":"56b1775550617568bbb91600","status":"awaiting_votes","name":"Street Address","created_in_workflow":"transcribe","confidence":0.3333333333333333,"data":{"value":"No. 249 W. 30th Street"},"versions":[{"data":{"value":"No. 249 W. 30th Street"},"votes":1,"confidence":0.3333333333333333,"instances":[{"created":"2015-12-13T05:14:12Z","user_id":"563f8b7a3264340003774b00","duration":22.322}]},{"data":{"value":"No. 249. W. 30th Street"},"votes":1,"confidence":0.3333333333333333,"instances":[{"created":"2015-12-13T18:11:07Z","user_id":"566dab6f3562640003610000","duration":25.604}]},{"data":{"value":"No. 249. W. 130th. Street"},"votes":1,"confidence":0.3333333333333333,"instances":[{"created":"2015-12-13T23:52:21Z","user_id":"566dff1e3562640003880300","duration":16.276}]}],"region":{"x":485.7869261505571,"y":579.6865085597614,"width":419.11604849371764,"height":44.905292916601184,"label":"Street Address","shape":"rectangle"},"task_key":"em_record_street_address","instructions":{"mark":"Street Address","transcribe":"Enter the street address"}},{"id":"56b1775550617568bbba1600","status":"awaiting_transcriptions","name":"Land \u0026 Building Dimensions","created_in_workflow":"transcribe","confidence":0.3333333333333333,"data":{"em_survey_land_dimensions":"25 x 98.9","em_survey_building_dimensions":"25 x 58 and 25 x 22"},"versions":[{"data":{"em_survey_land_dimensions":"25 x 98.9","em_survey_building_dimensions":"25 x 58 and 25 x 22"},"votes":1,"confidence":0.3333333333333333,"instances":[{"created":"2015-12-13T05:16:04Z","user_id":"563f8b7a3264340003774b00","duration":47.533}]}],"region":{"x":389.1725123744079,"y":609.6233705041622,"width":937.5680435460113,"height":88.44981938118417,"label":"Dimension \u0026 Description","shape":"rectangle"},"task_key":"em_record_survey","instructions":{"mark":"Dimension \u0026 Description","transcribe":"Enter, as they appear, any land and building dimensions that were recorded. In the next screen, you'll enter the descriptive information."}},{"id":"56b1775550617568bbbb1600","status":"awaiting_transcriptions","name":"Stories \u0026 Materials","created_in_workflow":"transcribe","confidence":0.3333333333333333,"data":{"em_record_stories":"5 \u0026 2","em_record_material":"brick \u0026 frame"},"versions":[{"data":{"em_record_stories":"5 \u0026 2","em_record_material":"brick \u0026 frame"},"votes":1,"confidence":0.3333333333333333,"instances":[{"created":"2015-12-13T05:16:38Z","user_id":"563f8b7a3264340003774b00","duration":34.25}]}],"region":{"x":389.1725123744079,"y":609.6233705041622,"width":937.5680435460113,"height":88.44981938118417,"label":"Dimension \u0026 Description","shape":"rectangle"},"task_key":"em_record_survey_stories_materials","instructions":{"mark":"Dimension \u0026 Description","transcribe":"Enter, as they appear, the number of stories and the building materials."}},{"id":"56b1775550617568bbbc1600","status":"awaiting_transcriptions","name":"Additional Info","created_in_workflow":"transcribe","confidence":0.3333333333333333,"data":{"value":"2 houses"},"versions":[{"data":{"value":"2 houses"},"votes":1,"confidence":0.3333333333333333,"instances":[{"created":"2015-12-13T05:16:46Z","user_id":"563f8b7a3264340003774b00","duration":7.961}]}],"region":{"x":389.1725123744079,"y":609.6233705041622,"width":937.5680435460113,"height":88.44981938118417,"label":"Dimension \u0026 Description","shape":"rectangle"},"task_key":"em_record_survey_additional_info","instructions":{"mark":"Dimension \u0026 Description","transcribe":"Enter any additional information you find about the building's construction or significance."}},{"id":"56b1775550617568bbbd1600","status":"complete","name":"Record Date","created_in_workflow":"transcribe","confidence":1.0,"data":{"value":"1873 Jany 20"},"versions":[{"data":{"value":"1873 Jany 20"},"votes":3,"confidence":1.0,"instances":[{"created":"2015-12-13T05:12:55Z","user_id":"563f8b7a3264340003774b00","duration":47.77},{"created":"2015-12-13T18:07:43Z","user_id":"566dab6f3562640003610000","duration":13.487},{"created":"2015-12-13T21:16:35Z","user_id":"566dd4ba3661350003300300","duration":31.92}]}],"region":{"x":93.88620548110687,"y":93.89288518925711,"width":205.4757250732187,"height":161.93120779016806,"label":"Record Date","shape":"rectangle"},"task_key":"em_record_date","instructions":{"mark":"Record Date","transcribe":"Enter the record date"}},{"id":"56b1775550617568bbbe1600","status":"awaiting_transcriptions","name":"Valuation Date","created_in_workflow":"transcribe","confidence":0.3333333333333333,"data":{"value":"1879 November"},"versions":[{"data":{"value":"1879 November"},"votes":1,"confidence":0.3333333333333333,"instances":[{"created":"2015-12-13T05:17:07Z","user_id":"563f8b7a3264340003774b00","duration":12.436}]}],"region":{"x":92.5254390898935,"y":741.6177163499294,"width":760.6684126882733,"height":102.05748390136637,"label":"Valuation","shape":"rectangle"},"task_key":"em_record_valuation","instructions":{"mark":"Valuation","transcribe":"Enter the date of the valuation (if one is given). In the next screen, you'll enter the valuation's dollar amounts."}},{"id":"56b1775550617568bbbf1600","status":"awaiting_transcriptions","name":"Land \u0026 Building Value","created_in_workflow":"transcribe","confidence":0.3333333333333333,"data":{"em_valuation_ground":""},"versions":[{"data":{"em_valuation_ground":""},"votes":1,"confidence":0.3333333333333333,"instances":[{"created":"2015-12-13T05:17:10Z","user_id":"563f8b7a3264340003774b00","duration":2.39}]}],"region":{"x":92.5254390898935,"y":741.6177163499294,"width":760.6684126882733,"height":102.05748390136637,"label":"Valuation","shape":"rectangle"},"task_key":"em_record_valuation_ground_building","instructions":{"mark":"Valuation","transcribe":"Sometimes valuations include itemized dollar values for \"ground\" and \"building\". Enter these amounts if you can find them. In the next screen, you'll enter the total valuation."}},{"id":"56b1775550617568bbc01600","status":"awaiting_transcriptions","name":"Total Value","created_in_workflow":"transcribe","confidence":0.3333333333333333,"data":{"value":"$17000"},"versions":[{"data":{"value":"$17000"},"votes":1,"confidence":0.3333333333333333,"instances":[{"created":"2015-12-13T05:17:18Z","user_id":"563f8b7a3264340003774b00","duration":7.872}]}],"region":{"x":92.5254390898935,"y":741.6177163499294,"width":760.6684126882733,"height":102.05748390136637,"label":"Valuation","shape":"rectangle"},"task_key":"em_record_valuation_total","instructions":{"mark":"Valuation","transcribe":"Enter the valuation ***total*** (if one is given)"}},{"id":"56b1775550617568bbc11600","status":"complete","name":"Amount Loaned","created_in_workflow":"transcribe","confidence":1.0,"data":{"value":"$10000"},"versions":[{"data":{"value":"$10000"},"votes":3,"confidence":1.0,"instances":[{"created":"2015-12-13T05:16:55Z","user_id":"563f8b7a3264340003774b00","duration":8.729},{"created":"2015-12-13T18:11:59Z","user_id":"566dab6f3562640003610000","duration":28.337},{"created":"2015-12-13T23:52:34Z","user_id":"566dff1e3562640003880300","duration":8.198}]}],"region":{"x":1122.6255972384138,"y":714.402387309565,"width":171.45656529288453,"height":80.28522066907487,"label":"Amount Loaned","shape":"rectangle"},"task_key":"em_record_amount_loaned","instructions":{"mark":"Amount Loaned","transcribe":"Enter the Amount Loaned"}}]}]}