{"id":"56b1008f7061755afbb90f00","meta_data":{"capture_uuid":"e245f240-00b1-0133-f85f-58d385a7bbd0","page_uri":"http://digitalcollections.nypl.org/items/e245f240-00b1-0133-f85f-58d385a7bbd0","book_uri":"http://digitalcollections.nypl.org/items/df712aa0-00b1-0133-fbd7-58d385a7bbd0","source_rotated":"0.867204","source_x":"1217.27","source_y":"0","source_w":"1372.73","source_h":"997.15"},"type":"final_subject_set","search_terms_by_field":{"Record Number":["466"],"Mortgager":["Joseph W. Donald"],"Street Address":["Nos. 543 \u0026 545 W. 29th St and 544 \u0026 546 W. 28th St."],"Land \u0026 Building Dimensions":["50 x 98.9","21x 50 and 24 x 12"],"Stories \u0026 Materials":["3 and 2","brick"],"Additional Info":["2 houses"],"Record Date":["1870 May 5"],"Total Value":["$28,000"],"Valuation Date":["1879 November"],"Land \u0026 Building Value":[],"Amount Loaned":["$12,000"]},"subjects":[{"id":"56b176dd50617568bb8d0e00","type":"root","location":{"standard":"https://s3.amazonaws.com/scribe.nypl.org/emigrant-s4/full/e245f240-00b1-0133-f85f-58d385a7bbd0.right-top.jpg","thumbnail":"https://s3.amazonaws.com/scribe.nypl.org/emigrant-s4/thumb/e245f240-00b1-0133-f85f-58d385a7bbd0.right-top.jpg"},"status":"active","width":1372,"height":997,"meta_data":{"capture_uuid":"e245f240-00b1-0133-f85f-58d385a7bbd0","page_uri":"http://digitalcollections.nypl.org/items/e245f240-00b1-0133-f85f-58d385a7bbd0","book_uri":"http://digitalcollections.nypl.org/items/df712aa0-00b1-0133-fbd7-58d385a7bbd0","source_rotated":"0.867204","source_x":"1217.27","source_y":"0","source_w":"1372.73","source_h":"997.15"},"assertions":[{"id":"56b176dd50617568bb8e0e00","status":"complete","name":"Record Number","created_in_workflow":"transcribe","confidence":1.0,"data":{"value":"466"},"versions":[{"data":{"value":"466"},"votes":3,"confidence":1.0,"instances":[{"created":"2015-12-01T23:20:24Z","user_id":"565e1b483862380003ff0600","duration":6.307},{"created":"2015-12-02T01:24:39Z","user_id":"563bfc7535326200037f3900","duration":4.608},{"created":"2015-12-02T03:24:31Z","user_id":"565e4fed3862380003f10900","duration":7.378}]}],"region":{"x":978.1878636067498,"y":25.40774561593708,"width":89.77404361525271,"height":55.89704035506157,"label":"Record Number","shape":"rectangle"},"task_key":"em_record_number","instructions":{"mark":"Record Number","transcribe":"Enter the record number"}},{"id":"56b176dd50617568bb8f0e00","status":"complete","name":"Mortgager","created_in_workflow":"transcribe","confidence":1.0,"data":{"value":"Joseph W. Donald"},"versions":[{"data":{"value":"Joseph W. Donald"},"votes":3,"confidence":1.0,"instances":[{"created":"2015-12-01T23:21:46Z","user_id":"565e1b483862380003ff0600","duration":28.617},{"created":"2015-12-02T03:25:48Z","user_id":"565e4fed3862380003f10900","duration":16.536},{"created":"2015-12-02T13:53:47Z","user_id":"565ef3956531640003330000","duration":16.611}]}],"region":{"x":499.69974142288976,"y":534.1724616988344,"width":341.6594814958075,"height":44.38882819501373,"label":"Mortgager Name","shape":"rectangle"},"task_key":"em_record_mortgager","instructions":{"mark":"Mortgager Name","transcribe":"Enter the mortgager's name"}},{"id":"56b176dd50617568bb900e00","status":"awaiting_votes","name":"Street Address","created_in_workflow":"transcribe","confidence":0.3333333333333333,"data":{"value":"Nos. 543 \u0026 545 W. 29th St and 544 \u0026 546 W. 28th St."},"versions":[{"data":{"value":"Nos. 543 \u0026 545 W. 29th St and 544 \u0026 546 W. 28th St."},"votes":1,"confidence":0.3333333333333333,"instances":[{"created":"2015-12-01T23:22:44Z","user_id":"565e1b483862380003ff0600","duration":57.482}]},{"data":{"value":"Nos. 543 \u0026 545 W. 29th St and Nos. 544 \u0026 546 W. 28th St."},"votes":1,"confidence":0.3333333333333333,"instances":[{"created":"2015-12-02T03:26:34Z","user_id":"565e4fed3862380003f10900","duration":45.229}]},{"data":{"value":"nos 543 \u0026 545 W. 29th St and Nos. 544 \u0026 546 W. 28th St."},"votes":1,"confidence":0.3333333333333333,"instances":[{"created":"2015-12-02T13:56:24Z","user_id":"565ef3956531640003330000","duration":91.386}]}],"region":{"x":490.28392894072186,"y":578.5612898938481,"width":641.6203648562998,"height":30.93766813591867,"label":"Street Address","shape":"rectangle"},"task_key":"em_record_street_address","instructions":{"mark":"Street Address","transcribe":"Enter the street address"}},{"id":"56b176dd50617568bb910e00","status":"awaiting_transcriptions","name":"Land \u0026 Building Dimensions","created_in_workflow":"transcribe","confidence":0.3333333333333333,"data":{"em_survey_land_dimensions":"50 x 98.9","em_survey_building_dimensions":"21x 50 and 24 x 12"},"versions":[{"data":{"em_survey_land_dimensions":"50 x 98.9","em_survey_building_dimensions":"21x 50 and 24 x 12"},"votes":1,"confidence":0.3333333333333333,"instances":[{"created":"2015-12-01T23:25:23Z","user_id":"565e1b483862380003ff0600","duration":158.919}]}],"region":{"x":499.69974142288976,"y":613.5343060474953,"width":723.6724450580489,"height":64.56556828365638,"label":"Dimension \u0026 Description","shape":"rectangle"},"task_key":"em_record_survey","instructions":{"mark":"Dimension \u0026 Description","transcribe":"Enter, as they appear, any land and building dimensions that were recorded. In the next screen, you'll enter the descriptive information."}},{"id":"56b176dd50617568bb920e00","status":"awaiting_transcriptions","name":"Stories \u0026 Materials","created_in_workflow":"transcribe","confidence":0.3333333333333333,"data":{"em_record_stories":"3 and 2","em_record_material":"brick"},"versions":[{"data":{"em_record_stories":"3 and 2","em_record_material":"brick"},"votes":1,"confidence":0.3333333333333333,"instances":[{"created":"2015-12-01T23:26:23Z","user_id":"565e1b483862380003ff0600","duration":60.051}]}],"region":{"x":499.69974142288976,"y":613.5343060474953,"width":723.6724450580489,"height":64.56556828365638,"label":"Dimension \u0026 Description","shape":"rectangle"},"task_key":"em_record_survey_stories_materials","instructions":{"mark":"Dimension \u0026 Description","transcribe":"Enter, as they appear, the number of stories and the building materials."}},{"id":"56b176dd50617568bb930e00","status":"awaiting_transcriptions","name":"Additional Info","created_in_workflow":"transcribe","confidence":0.3333333333333333,"data":{"value":"2 houses"},"versions":[{"data":{"value":"2 houses"},"votes":1,"confidence":0.3333333333333333,"instances":[{"created":"2015-12-01T23:27:16Z","user_id":"565e1b483862380003ff0600","duration":53.114}]}],"region":{"x":499.69974142288976,"y":613.5343060474953,"width":723.6724450580489,"height":64.56556828365638,"label":"Dimension \u0026 Description","shape":"rectangle"},"task_key":"em_record_survey_additional_info","instructions":{"mark":"Dimension \u0026 Description","transcribe":"Enter any additional information you find about the building's construction or significance."}},{"id":"56b176dd50617568bb940e00","status":"awaiting_votes","name":"Record Date","created_in_workflow":"transcribe","confidence":0.6666666666666666,"data":{"value":"1870 May 5"},"versions":[{"data":{"value":"1870 May 5"},"votes":2,"confidence":0.6666666666666666,"instances":[{"created":"2015-12-01T23:21:03Z","user_id":"565e1b483862380003ff0600","duration":13.523},{"created":"2015-12-02T03:24:37Z","user_id":"565e4fed3862380003f10900","duration":6.624}]},{"data":{"value":"1871 May 5"},"votes":1,"confidence":0.3333333333333333,"instances":[{"created":"2015-12-02T01:24:47Z","user_id":"563bfc7535326200037f3900","duration":7.624}]}],"region":{"x":124.49119446800064,"y":81.30478597099865,"width":154.14033903750942,"height":91.46788421737348,"label":"Record Date","shape":"rectangle"},"task_key":"em_record_date","instructions":{"mark":"Record Date","transcribe":"Enter the record date"}},{"id":"56b176dd50617568bb950e00","status":"awaiting_transcriptions","name":"Total Value","created_in_workflow":"transcribe","confidence":0.3333333333333333,"data":{"value":"$28,000"},"versions":[{"data":{"value":"$28,000"},"votes":1,"confidence":0.3333333333333333,"instances":[{"created":"2015-12-01T23:27:58Z","user_id":"565e1b483862380003ff0600","duration":11.257}]},{"data":{"value":"$28,000."},"votes":1,"confidence":0.3333333333333333,"instances":[{"created":"2015-12-02T03:27:48Z","user_id":"565e4fed3862380003f10900","duration":9.918}]}],"region":{"x":685.1535791867057,"y":756.6766219683849,"width":140.58951881354517,"height":55.89704615133189,"label":"Valuation","shape":"rectangle"},"task_key":"em_record_valuation_total","instructions":{"mark":"Valuation","transcribe":"Enter the valuation ***total*** (if one is given)"}},{"id":"56b176dd50617568bb960e00","status":"awaiting_transcriptions","name":"Valuation Date","created_in_workflow":"transcribe","confidence":0.3333333333333333,"data":{"value":"1879 November"},"versions":[{"data":{"value":"1879 November"},"votes":1,"confidence":0.3333333333333333,"instances":[{"created":"2015-12-02T03:27:35Z","user_id":"565e4fed3862380003f10900","duration":36.777}]}],"region":{"x":685.1535791867057,"y":756.6766219683849,"width":140.58951881354517,"height":55.89704615133189,"label":"Valuation","shape":"rectangle"},"task_key":"em_record_valuation","instructions":{"mark":"Valuation","transcribe":"Enter the date of the valuation (if one is given). In the next screen, you'll enter the valuation's dollar amounts."}},{"id":"56b176dd50617568bb970e00","status":"awaiting_transcriptions","name":"Land \u0026 Building Value","created_in_workflow":"transcribe","confidence":0.3333333333333333,"data":{"em_valuation_ground":""},"versions":[{"data":{"em_valuation_ground":""},"votes":1,"confidence":0.3333333333333333,"instances":[{"created":"2015-12-02T03:27:38Z","user_id":"565e4fed3862380003f10900","duration":3.071}]}],"region":{"x":685.1535791867057,"y":756.6766219683849,"width":140.58951881354517,"height":55.89704615133189,"label":"Valuation","shape":"rectangle"},"task_key":"em_record_valuation_ground_building","instructions":{"mark":"Valuation","transcribe":"Sometimes valuations include itemized dollar values for \"ground\" and \"building\". Enter these amounts if you can find them. In the next screen, you'll enter the total valuation."}},{"id":"56b176dd50617568bb980e00","status":"awaiting_votes","name":"Amount Loaned","created_in_workflow":"transcribe","confidence":0.6666666666666666,"data":{"value":"$12,000"},"versions":[{"data":{"value":"$12,000"},"votes":2,"confidence":0.6666666666666666,"instances":[{"created":"2015-12-01T23:27:25Z","user_id":"565e1b483862380003ff0600","duration":8.479},{"created":"2015-12-02T16:25:50Z","user_id":"565f1a213539650003350300","duration":11.295}]},{"data":{"value":"$12000"},"votes":1,"confidence":0.3333333333333333,"instances":[{"created":"2015-12-02T13:57:37Z","user_id":"565ef3956531640003330000","duration":13.898}]}],"region":{"x":1176.3663129996662,"y":726.1873240676583,"width":145.6710676863238,"height":49.1216466178372,"label":"Amount Loaned","shape":"rectangle"},"task_key":"em_record_amount_loaned","instructions":{"mark":"Amount Loaned","transcribe":"Enter the Amount Loaned"}}]}]}