{"id":"56b1002b7061755afb570800","meta_data":{"capture_uuid":"e1392fb0-00b1-0133-840e-58d385a7bbd0","page_uri":"http://digitalcollections.nypl.org/items/e1392fb0-00b1-0133-840e-58d385a7bbd0","book_uri":"http://digitalcollections.nypl.org/items/df712aa0-00b1-0133-fbd7-58d385a7bbd0","source_rotated":"1.25874","source_x":"0","source_y":"0","source_w":"1380.15","source_h":"990.7199999999999"},"type":"final_subject_set","search_terms_by_field":{"Record Number":["303"],"Mortgager":["Louisa Chamberlain"],"Street Address":["No. 227 W. 14th Street"],"Stories \u0026 Materials":["4"],"Land \u0026 Building Dimensions":["25 x 120","25 x 60"],"Additional Info":["House"],"Record Date":["1867 Novr 7"],"Valuation Date":["1879 November"],"Total Value":["$33,000"],"Land \u0026 Building Value":["$33,000","Valuation of these Premises $33,000"],"Amount Loaned":["$23,000"]},"subjects":[{"id":"56b1767550617568bb9d0700","type":"root","location":{"standard":"https://s3.amazonaws.com/scribe.nypl.org/emigrant-s4/full/e1392fb0-00b1-0133-840e-58d385a7bbd0.left-top.jpg","thumbnail":"https://s3.amazonaws.com/scribe.nypl.org/emigrant-s4/thumb/e1392fb0-00b1-0133-840e-58d385a7bbd0.left-top.jpg"},"status":"retired","width":1380,"height":990,"meta_data":{"capture_uuid":"e1392fb0-00b1-0133-840e-58d385a7bbd0","page_uri":"http://digitalcollections.nypl.org/items/e1392fb0-00b1-0133-840e-58d385a7bbd0","book_uri":"http://digitalcollections.nypl.org/items/df712aa0-00b1-0133-fbd7-58d385a7bbd0","source_rotated":"1.25874","source_x":"0","source_y":"0","source_w":"1380.15","source_h":"990.7199999999999"},"assertions":[{"id":"56b1767550617568bb9e0700","status":"complete","name":"Record Number","created_in_workflow":"transcribe","confidence":1.0,"data":{"value":"303"},"versions":[{"data":{"value":"303"},"votes":3,"confidence":1.0,"instances":[{"created":"2015-11-10T00:47:10Z","user_id":"56413bb26161650003b53900","duration":12.294},{"created":"2015-11-10T01:03:25Z","user_id":"5641425d6161650003763d00","duration":16.88},{"created":"2015-11-10T01:04:18Z","user_id":"5641429261616500038e3d00","duration":10.319}]}],"region":{"x":949.7562077310439,"y":17.852664797621898,"width":95.51175026838303,"height":47.30956171369803,"label":"Record Number","shape":"rectangle"},"task_key":"em_record_number","instructions":{"mark":"Record Number","transcribe":"Enter the record number"}},{"id":"56b1767550617568bb9f0700","status":"complete","name":"Mortgager","created_in_workflow":"transcribe","confidence":1.0,"data":{"value":"Louisa Chamberlain"},"versions":[{"data":{"value":"Louisa Chamberlain"},"votes":3,"confidence":1.0,"instances":[{"created":"2015-11-09T23:59:43Z","user_id":"563fb2f53264340003a07100","duration":32.146},{"created":"2015-11-10T00:43:07Z","user_id":"564138c461616500038e3700","duration":9.296},{"created":"2015-11-10T00:47:45Z","user_id":"56413bb26161650003b53900","duration":34.662}]}],"region":{"x":451.66689324732647,"y":519.5125456107972,"width":331.1669098090666,"height":67.84012623096328,"label":"Mortgager Name","shape":"rectangle"},"task_key":"em_record_mortgager","instructions":{"mark":"Mortgager Name","transcribe":"Enter the mortgager's name"}},{"id":"56b1767550617568bba00700","status":"awaiting_votes","name":"Street Address","created_in_workflow":"verify","confidence":0.3333333333333333,"data":{"value":"No. 227 W. 14th Street"},"versions":[{"data":{"value":"No. 227 W. 14th Street"},"votes":1,"confidence":0.3333333333333333,"instances":[{"created":"2016-01-04T15:58:38Z","user_id":"56748e5e3564620003fd0100","duration":9.439}]}],"region":{"x":423.1026314848194,"y":569.5000070441386,"width":353.4827393110253,"height":43.73902875417366,"label":"Street Address","shape":"rectangle"},"task_key":"em_transcribed_address","instructions":{"mark":"Street Address","transcribe":"Enter the street address","verify":"Choose the best transcription or enter your own!"}},{"id":"56b1767550617568bba10700","status":"awaiting_votes","name":"Stories \u0026 Materials","created_in_workflow":"transcribe","confidence":0.25,"data":{"em_record_stories":"4"},"versions":[{"data":{"em_record_stories":"4"},"votes":1,"confidence":0.25,"instances":[{"created":"2015-11-10T00:14:00Z","user_id":"56412cb56161650003b93000","duration":14.296}]},{"data":{"em_record_stories":"4","em_record_material":"Brick, stone, frame"},"votes":1,"confidence":0.25,"instances":[{"created":"2015-11-10T00:29:41Z","user_id":"563f8b7a3264340003774b00","duration":25.557}]},{"data":{"em_record_stories":"4","em_record_material":"B. L. D. house"},"votes":1,"confidence":0.25,"instances":[{"created":"2015-11-10T00:35:49Z","user_id":"5641384d6161650003613700","duration":15.048}]},{"data":{"em_record_stories":"4","em_record_material":"B.S.F."},"votes":1,"confidence":0.25,"instances":[{"created":"2016-01-04T15:58:02Z","user_id":"56748e5e3564620003fd0100","duration":5.655}]}],"region":{"x":237.4349300285233,"y":601.634803679858,"width":691.7907145607187,"height":81.22962482917966,"label":"Dimension \u0026 Description","shape":"rectangle"},"task_key":"em_record_survey_stories_materials","instructions":{"mark":"Dimension \u0026 Description","transcribe":"Enter, as they appear, the number of stories and the building materials."}},{"id":"56b1767550617568bba20700","status":"complete","name":"Land \u0026 Building Dimensions","created_in_workflow":"transcribe","confidence":1.0,"data":{"em_survey_land_dimensions":"25 x 120","em_survey_building_dimensions":"25 x 60"},"versions":[{"data":{"em_survey_land_dimensions":"25 x 120","em_survey_building_dimensions":"25 x 60"},"votes":4,"confidence":1.0,"instances":[{"created":"2015-11-10T00:13:46Z","user_id":"56412cb56161650003b93000","duration":18.959},{"created":"2015-11-10T00:29:16Z","user_id":"563f8b7a3264340003774b00","duration":42.971},{"created":"2015-11-10T00:35:34Z","user_id":"5641384d6161650003613700","duration":22.193},{"created":"2016-01-04T15:57:56Z","user_id":"56748e5e3564620003fd0100","duration":9.639}]}],"region":{"x":237.4349300285233,"y":601.634803679858,"width":691.7907145607187,"height":81.22962482917966,"label":"Dimension \u0026 Description","shape":"rectangle"},"task_key":"em_record_survey","instructions":{"mark":"Dimension \u0026 Description","transcribe":"Enter, as they appear, any land and building dimensions that were recorded. In the next screen, you'll enter the descriptive information."}},{"id":"56b1767550617568bba30700","status":"awaiting_transcriptions","name":"Additional Info","created_in_workflow":"transcribe","confidence":0.3333333333333333,"data":{"value":"House"},"versions":[{"data":{"value":"House"},"votes":1,"confidence":0.3333333333333333,"instances":[{"created":"2015-11-10T00:29:48Z","user_id":"563f8b7a3264340003774b00","duration":7.0}]},{"data":{"value":"house"},"votes":1,"confidence":0.3333333333333333,"instances":[{"created":"2016-01-04T15:58:03Z","user_id":"56748e5e3564620003fd0100","duration":1.608}]}],"region":{"x":237.4349300285233,"y":601.634803679858,"width":691.7907145607187,"height":81.22962482917966,"label":"Dimension \u0026 Description","shape":"rectangle"},"task_key":"em_record_survey_additional_info","instructions":{"mark":"Dimension \u0026 Description","transcribe":"Enter any additional information you find about the building's construction or significance."}},{"id":"56b1767550617568bba40700","status":"awaiting_votes","name":"Record Date","created_in_workflow":"verify","confidence":0.3333333333333333,"data":{"value":"1867 Novr 7"},"versions":[{"data":{"value":"1867 Novr 7"},"votes":1,"confidence":0.3333333333333333,"instances":[{"created":"2015-11-26T22:42:07Z","user_id":"5647496e3562310003960400","duration":11.419}]},{"data":{"value":"1867 November 7"},"votes":1,"confidence":0.3333333333333333,"instances":[{"created":"2015-12-04T22:03:34Z","user_id":"563bfc7535326200037f3900","duration":17.525}]},{"data":{"value":"1867 Nov. 7"},"votes":1,"confidence":0.3333333333333333,"instances":[{"created":"2015-12-06T02:14:34Z","user_id":"56638f8b3537300003050b00","duration":48.099}]}],"region":{"x":77.65359079449924,"y":58.02116059227117,"width":175.8487364754343,"height":130.32445302263986,"label":"Record Date","shape":"rectangle"},"task_key":"em_transcribed_date","instructions":{"mark":"Record Date","transcribe":"Enter the record date","verify":"Choose the best transcription or enter your own!"}},{"id":"56b1767550617568bba50700","status":"awaiting_votes","name":"Valuation Date","created_in_workflow":"verify","confidence":0.3333333333333333,"data":{"value":"1879 November"},"versions":[{"data":{"value":"1879 November"},"votes":1,"confidence":0.3333333333333333,"instances":[{"created":"2016-01-04T16:03:52Z","user_id":"56748e5e3564620003fd0100","duration":3.89}]}],"region":{"x":77.65359079449924,"y":720.3550245840436,"width":671.2601514189167,"height":104.4380890660882,"label":"Valuation","shape":"rectangle"},"task_key":"em_transcribed_valuation_date","instructions":{"mark":"Valuation","transcribe":"Enter the date of the valuation (if one is given). In the next screen, you'll enter the valuation's dollar amounts.","verify":"Choose the best transcription or enter your own!"}},{"id":"56b1767550617568bba60700","status":"awaiting_transcriptions","name":"Total Value","created_in_workflow":"transcribe","confidence":0.6666666666666666,"data":{"value":"$33,000"},"versions":[{"data":{"value":"$33,000"},"votes":2,"confidence":0.6666666666666666,"instances":[{"created":"2015-11-10T00:30:53Z","user_id":"563f8b7a3264340003774b00","duration":11.583},{"created":"2015-11-10T00:46:43Z","user_id":"564138c461616500038e3700","duration":13.869}]}],"region":{"x":77.65359079449924,"y":720.3550245840436,"width":671.2601514189167,"height":104.4380890660882,"label":"Valuation","shape":"rectangle"},"task_key":"em_record_valuation_total","instructions":{"mark":"Valuation","transcribe":"Enter the valuation ***total*** (if one is given)"}},{"id":"56b1767550617568bba70700","status":"awaiting_transcriptions","name":"Land \u0026 Building Value","created_in_workflow":"transcribe","confidence":0.3333333333333333,"data":{"em_valuation_building":"$33,000"},"versions":[{"data":{"em_valuation_building":"$33,000"},"votes":1,"confidence":0.3333333333333333,"instances":[{"created":"2015-11-10T00:37:29Z","user_id":"5641384d6161650003613700","duration":24.993}]}],"region":{"x":77.65359079449924,"y":720.3550245840436,"width":671.2601514189167,"height":104.4380890660882,"label":"Valuation","shape":"rectangle"},"task_key":"em_record_valuation_ground_building","instructions":{"mark":"Valuation","transcribe":"Sometimes valuations include itemized dollar values for \"ground\" and \"building\". Enter these amounts if you can find them. In the next screen, you'll enter the total valuation."}},{"id":"56b1767550617568bba80700","status":"awaiting_transcriptions","name":"Valuation Date","created_in_workflow":"transcribe","confidence":0.3333333333333333,"data":{"value":""},"versions":[{"data":{"value":""},"votes":1,"confidence":0.3333333333333333,"instances":[{"created":"2015-12-09T20:17:02Z","user_id":"5668884b3033300003a00100","duration":3.289}]}],"region":{"x":588.1064990289367,"y":744.0279756508224,"width":132.66676030686403,"height":91.63579847170047,"label":"Valuation","shape":"rectangle"},"task_key":"em_record_valuation","instructions":{"mark":"Valuation","transcribe":"Enter the date of the valuation (if one is given). In the next screen, you'll enter the valuation's dollar amounts."}},{"id":"56b1767550617568bba90700","status":"awaiting_transcriptions","name":"Land \u0026 Building Value","created_in_workflow":"transcribe","confidence":0.3333333333333333,"data":{"em_valuation_ground":"Valuation of these Premises $33,000"},"versions":[{"data":{"em_valuation_ground":"Valuation of these Premises $33,000"},"votes":1,"confidence":0.3333333333333333,"instances":[{"created":"2015-12-09T20:17:16Z","user_id":"5668884b3033300003a00100","duration":14.017}]}],"region":{"x":588.1064990289367,"y":744.0279756508224,"width":132.66676030686403,"height":91.63579847170047,"label":"Valuation","shape":"rectangle"},"task_key":"em_record_valuation_ground_building","instructions":{"mark":"Valuation","transcribe":"Sometimes valuations include itemized dollar values for \"ground\" and \"building\". Enter these amounts if you can find them. In the next screen, you'll enter the total valuation."}},{"id":"56b1767550617568bbaa0700","status":"awaiting_transcriptions","name":"Total Value","created_in_workflow":"transcribe","confidence":0.3333333333333333,"data":{"value":""},"versions":[{"data":{"value":""},"votes":1,"confidence":0.3333333333333333,"instances":[{"created":"2015-12-09T20:17:17Z","user_id":"5668884b3033300003a00100","duration":1.453}]}],"region":{"x":588.1064990289367,"y":744.0279756508224,"width":132.66676030686403,"height":91.63579847170047,"label":"Valuation","shape":"rectangle"},"task_key":"em_record_valuation_total","instructions":{"mark":"Valuation","transcribe":"Enter the valuation ***total*** (if one is given)"}},{"id":"56b1767550617568bbab0700","status":"complete","name":"Amount Loaned","created_in_workflow":"transcribe","confidence":1.0,"data":{"value":"$23,000"},"versions":[{"data":{"value":"$23,000"},"votes":3,"confidence":1.0,"instances":[{"created":"2015-11-10T00:31:06Z","user_id":"563f8b7a3264340003774b00","duration":13.179},{"created":"2015-11-10T00:46:49Z","user_id":"564138c461616500038e3700","duration":6.055},{"created":"2015-11-10T01:02:35Z","user_id":"56413bb26161650003b53900","duration":8.055}]}],"region":{"x":1127.390210566635,"y":721.2476578239247,"width":158.88870605394573,"height":63.376960031557815,"label":"Amount Loaned","shape":"rectangle"},"task_key":"em_record_amount_loaned","instructions":{"mark":"Amount Loaned","transcribe":"Enter the Amount Loaned"}}]}]}