{"id":"56b100f37061755afb021700","meta_data":{"capture_uuid":"e394a0c0-00b1-0133-224a-58d385a7bbd0","page_uri":"http://digitalcollections.nypl.org/items/e394a0c0-00b1-0133-224a-58d385a7bbd0","book_uri":"http://digitalcollections.nypl.org/items/df712aa0-00b1-0133-fbd7-58d385a7bbd0","source_rotated":"0.727349","source_x":"1215.39","source_y":"956.92","source_w":"1370.61","source_h":"1079.08"},"type":"final_subject_set","search_terms_by_field":{"Record Number":["635"],"Mortgager":["Frederick Currel, Son and F. Currell, Fa."],"Street Address":["No. 304 E. 59th Street"],"Stories \u0026 Materials":["5","brick"],"Land \u0026 Building Dimensions":["25 x 100.4","25 x 54"],"Additional Info":["Tenaments"],"Record Date":["1872 Nov'r 1"],"Valuation Date":["1879 November"],"Total Value":["$12000"],"Land \u0026 Building Value":["--","--"],"Amount Loaned":["$7000"]},"subjects":[{"id":"56b1774150617568bb5d1500","type":"root","location":{"standard":"https://s3.amazonaws.com/scribe.nypl.org/emigrant-s4/full/e394a0c0-00b1-0133-224a-58d385a7bbd0.right-bottom.jpg","thumbnail":"https://s3.amazonaws.com/scribe.nypl.org/emigrant-s4/thumb/e394a0c0-00b1-0133-224a-58d385a7bbd0.right-bottom.jpg"},"status":"retired","width":1370,"height":1079,"meta_data":{"capture_uuid":"e394a0c0-00b1-0133-224a-58d385a7bbd0","page_uri":"http://digitalcollections.nypl.org/items/e394a0c0-00b1-0133-224a-58d385a7bbd0","book_uri":"http://digitalcollections.nypl.org/items/df712aa0-00b1-0133-fbd7-58d385a7bbd0","source_rotated":"0.727349","source_x":"1215.39","source_y":"956.92","source_w":"1370.61","source_h":"1079.08"},"assertions":[{"id":"56b1774150617568bb5e1500","status":"complete","name":"Record Number","created_in_workflow":"transcribe","confidence":1.0,"data":{"value":"635"},"versions":[{"data":{"value":"635"},"votes":3,"confidence":1.0,"instances":[{"created":"2015-11-09T06:39:43Z","user_id":"56402bc466393400035c1b00","duration":6.861},{"created":"2015-11-09T07:38:25Z","user_id":"56404ff66639340003092800","duration":8.08},{"created":"2015-11-09T07:58:43Z","user_id":"56404e946639340003cf2700","duration":4.957}]}],"region":{"x":962.7772830504886,"y":48.13950629100988,"width":115.45801035274269,"height":56.80149890139367,"label":"Record Number","shape":"rectangle"},"task_key":"em_record_number","instructions":{"mark":"Record Number","transcribe":"Enter the record number"}},{"id":"56b1774150617568bb5f1500","status":"awaiting_transcriptions","name":"Mortgager","created_in_workflow":"transcribe","confidence":0.3333333333333333,"data":{"value":"Frederick Currel, Son and F. Currell, Fa."},"versions":[{"data":{"value":"Frederick Currel, Son and F. Currell, Fa."},"votes":1,"confidence":0.3333333333333333,"instances":[{"created":"2015-11-09T06:41:45Z","user_id":"56402bc466393400035c1b00","duration":73.214}]},{"data":{"value":"Frederick Cornell Sen. and F. Cornell Jr."},"votes":1,"confidence":0.3333333333333333,"instances":[{"created":"2015-11-09T07:45:26Z","user_id":"56404ff66639340003092800","duration":132.9}]}],"region":{"x":411.1445669207184,"y":532.1249197565769,"width":725.736065074382,"height":64.13072456608961,"label":"Mortgager Name","shape":"rectangle"},"task_key":"em_record_mortgager","instructions":{"mark":"Mortgager Name","transcribe":"Enter the mortgager's name"}},{"id":"56b1774150617568bb601500","status":"complete","name":"Street Address","created_in_workflow":"verify","confidence":1.0,"data":{"value":"No. 304 E. 59th Street"},"versions":[{"data":{"value":"No. 304 E. 59th Street"},"votes":3,"confidence":1.0,"instances":[{"created":"2015-12-08T14:36:18Z","user_id":"5647496e3562310003960400","duration":13.838},{"created":"2015-12-28T21:40:49Z","user_id":"56748e5e3564620003fd0100","duration":14.584},{"created":"2016-01-22T14:36:17Z","user_id":"56980a2d3337650003270200","duration":26.94}]}],"region":{"x":493.61457431553447,"y":583.4294994094486,"width":421.5133711290603,"height":54.969192485219764,"label":"Street Address","shape":"rectangle"},"task_key":"em_transcribed_address","instructions":{"mark":"Street Address","transcribe":"Enter the street address","verify":"Choose the best transcription or enter your own!"}},{"id":"56b1774150617568bb611500","status":"awaiting_votes","name":"Stories \u0026 Materials","created_in_workflow":"verify","confidence":0.6666666666666666,"data":{"em_record_stories":"5","em_record_material":"brick"},"versions":[{"data":{"em_record_stories":"5","em_record_material":"brick"},"votes":2,"confidence":0.6666666666666666,"instances":[{"created":"2015-12-10T16:30:14Z","user_id":"5647496e3562310003960400","duration":6.408},{"created":"2015-12-28T22:00:17Z","user_id":"56748e5e3564620003fd0100","duration":4.364}]}],"region":{"x":519.2719099494774,"y":625.5725469814504,"width":505.8160453548725,"height":89.7830143925255,"label":"Dimension \u0026 Description","shape":"rectangle"},"task_key":"em_transcribed_stories_materials","instructions":{"mark":"Dimension \u0026 Description","transcribe":"Enter, as they appear, the number of stories and the building materials.","verify":"Choose the best transcription or enter your own!"}},{"id":"56b1774150617568bb621500","status":"complete","name":"Land \u0026 Building Dimensions","created_in_workflow":"transcribe","confidence":1.0,"data":{"em_survey_land_dimensions":"25 x 100.4","em_survey_building_dimensions":"25 x 54"},"versions":[{"data":{"em_survey_land_dimensions":"25 x 100.4","em_survey_building_dimensions":"25 x 54"},"votes":3,"confidence":1.0,"instances":[{"created":"2015-11-09T07:20:05Z","user_id":"56403b566639340003e82100","duration":22.765},{"created":"2015-11-09T08:23:35Z","user_id":"564055dc6639340003c32900","duration":30.55},{"created":"2015-11-09T08:27:06Z","user_id":"564053776639340003c32800","duration":34.173}]}],"region":{"x":519.2719099494774,"y":625.5725469814504,"width":505.8160453548725,"height":89.7830143925255,"label":"Dimension \u0026 Description","shape":"rectangle"},"task_key":"em_record_survey","instructions":{"mark":"Dimension \u0026 Description","transcribe":"Enter, as they appear, any land and building dimensions that were recorded. In the next screen, you'll enter the descriptive information."}},{"id":"56b1774150617568bb631500","status":"awaiting_transcriptions","name":"Additional Info","created_in_workflow":"transcribe","confidence":0.3333333333333333,"data":{"value":"Tenaments"},"versions":[{"data":{"value":"Tenaments"},"votes":1,"confidence":0.3333333333333333,"instances":[{"created":"2015-11-09T07:20:31Z","user_id":"56403b566639340003e82100","duration":4.173}]},{"data":{"value":"tenement"},"votes":1,"confidence":0.3333333333333333,"instances":[{"created":"2015-11-09T08:24:02Z","user_id":"564055dc6639340003c32900","duration":12.19}]},{"data":{"value":"Tenements"},"votes":1,"confidence":0.3333333333333333,"instances":[{"created":"2015-11-09T08:27:39Z","user_id":"564053776639340003c32800","duration":13.948}]}],"region":{"x":519.2719099494774,"y":625.5725469814504,"width":505.8160453548725,"height":89.7830143925255,"label":"Dimension \u0026 Description","shape":"rectangle"},"task_key":"em_record_survey_additional_info","instructions":{"mark":"Dimension \u0026 Description","transcribe":"Enter any additional information you find about the building's construction or significance."}},{"id":"56b1774150617568bb641500","status":"complete","name":"Record Date","created_in_workflow":"verify","confidence":1.0,"data":{"value":"1872 Nov'r 1"},"versions":[{"data":{"value":"1872 Nov'r 1"},"votes":3,"confidence":0.75,"instances":[{"created":"2015-12-28T21:55:30Z","user_id":"56748e5e3564620003fd0100","duration":3.497},{"created":"2016-01-30T23:30:07Z","user_id":"563f8b7a3264340003774b00","duration":12.765},{"created":"2016-02-01T18:43:11Z","user_id":"56ae3e993234360003fa0100","duration":13.827}]},{"data":{"value":"1872 Nov 1"},"votes":1,"confidence":0.25,"instances":[{"created":"2016-01-22T14:47:23Z","user_id":"56980a2d3337650003270200","duration":30.42}]}],"region":{"x":86.76253783444152,"y":86.61794103066366,"width":212.58935239552608,"height":137.42298121304918,"label":"Record Date","shape":"rectangle"},"task_key":"em_transcribed_date","instructions":{"mark":"Record Date","transcribe":"Enter the record date","verify":"Choose the best transcription or enter your own!"}},{"id":"56b1774150617568bb651500","status":"awaiting_votes","name":"Valuation Date","created_in_workflow":"verify","confidence":0.3333333333333333,"data":{"value":"1879 November"},"versions":[{"data":{"value":"1879 November"},"votes":1,"confidence":0.3333333333333333,"instances":[{"created":"2015-12-28T22:02:09Z","user_id":"56748e5e3564620003fd0100","duration":4.769}]}],"region":{"x":665.8852564291504,"y":768.4924474430215,"width":150.27868014166495,"height":51.304579652871666,"label":"Valuation","shape":"rectangle"},"task_key":"em_transcribed_valuation_date","instructions":{"mark":"Valuation","transcribe":"Enter the date of the valuation (if one is given). In the next screen, you'll enter the valuation's dollar amounts.","verify":"Choose the best transcription or enter your own!"}},{"id":"56b1774150617568bb661500","status":"awaiting_votes","name":"Total Value","created_in_workflow":"verify","confidence":0.3333333333333333,"data":{"value":"$12000"},"versions":[{"data":{"value":"$12000"},"votes":1,"confidence":0.3333333333333333,"instances":[{"created":"2015-12-28T22:02:04Z","user_id":"56748e5e3564620003fd0100","duration":7.603}]}],"region":{"x":665.8852564291504,"y":768.4924474430215,"width":150.27868014166495,"height":51.304579652871666,"label":"Valuation","shape":"rectangle"},"task_key":"em_transcribed_valuation_total","instructions":{"mark":"Valuation","transcribe":"Enter the valuation ***total*** (if one is given)","verify":"Choose the best transcription or enter your own!"}},{"id":"56b1774150617568bb671500","status":"awaiting_transcriptions","name":"Land \u0026 Building Value","created_in_workflow":"transcribe","confidence":0.3333333333333333,"data":{"em_valuation_ground":"--","em_valuation_building":"--"},"versions":[{"data":{"em_valuation_ground":"--","em_valuation_building":"--"},"votes":1,"confidence":0.3333333333333333,"instances":[{"created":"2015-11-09T08:00:08Z","user_id":"56404e946639340003cf2700","duration":7.353}]},{"data":{"em_valuation_ground":""},"votes":1,"confidence":0.3333333333333333,"instances":[{"created":"2015-12-10T22:59:54Z","user_id":"5647496e3562310003960400","duration":2.429}]}],"region":{"x":665.8852564291504,"y":768.4924474430215,"width":150.27868014166495,"height":51.304579652871666,"label":"Valuation","shape":"rectangle"},"task_key":"em_record_valuation_ground_building","instructions":{"mark":"Valuation","transcribe":"Sometimes valuations include itemized dollar values for \"ground\" and \"building\". Enter these amounts if you can find them. In the next screen, you'll enter the total valuation."}},{"id":"56b1774150617568bb681500","status":"complete","name":"Amount Loaned","created_in_workflow":"verify","confidence":1.0,"data":{"value":"$7000"},"versions":[{"data":{"value":"$7000"},"votes":7,"confidence":1.0,"instances":[{"created":"2015-12-28T22:01:56Z","user_id":"56748e5e3564620003fd0100","duration":5.227},{"created":"2016-01-22T20:38:04Z","user_id":"56980a2d3337650003270200","duration":4.111},{"created":"2016-02-01T18:47:09Z","user_id":"56ae3e993234360003fa0100","duration":4.772},{"created":"2016-02-01T18:47:10Z","user_id":"56ae3e993234360003fa0100","duration":1.002},{"created":"2016-02-01T18:47:12Z","user_id":"56ae3e993234360003fa0100","duration":1.797},{"created":"2016-02-01T18:47:13Z","user_id":"56ae3e993234360003fa0100","duration":1.508},{"created":"2016-02-01T18:47:17Z","user_id":"56ae3e993234360003fa0100","duration":3.587}]}],"region":{"x":522.9372436114692,"y":735.5109319518897,"width":157.60934746564863,"height":53.13688606904577,"label":"Amount Loaned","shape":"rectangle"},"task_key":"em_transcribed_amount_loaned","instructions":{"mark":"Amount Loaned","transcribe":"Enter the Amount Loaned","verify":"Choose the best transcription or enter your own!"}}]}]}