{"id":"56b100c17061755afb601300","meta_data":{"capture_uuid":"e30c32c0-00b1-0133-3702-58d385a7bbd0","page_uri":"http://digitalcollections.nypl.org/items/e30c32c0-00b1-0133-3702-58d385a7bbd0","book_uri":"http://digitalcollections.nypl.org/items/df712aa0-00b1-0133-fbd7-58d385a7bbd0","source_rotated":"0.391664","source_x":"0","source_y":"950.81","source_w":"1364.25","source_h":"1072.19"},"type":"final_subject_set","search_terms_by_field":{"Record Number":["553"],"Mortgager":["R. C. Church of the B. V. Mary (of Mother Carmel at Astoria) L. S. "],"Street Address":["New Town Avenue and Crescent Street"],"Land \u0026 Building Dimensions":["about 4 1/2 lots"],"Stories \u0026 Materials":["Stone \u0026 Brick"],"Additional Info":["Church"],"Record Date":["1872 Feby 29"],"Total Value":["$20,000"],"Amount Loaned":["10000"]},"subjects":[{"id":"56b1770f50617568bbf51100","type":"root","location":{"standard":"https://s3.amazonaws.com/scribe.nypl.org/emigrant-s4/full/e30c32c0-00b1-0133-3702-58d385a7bbd0.left-bottom.jpg","thumbnail":"https://s3.amazonaws.com/scribe.nypl.org/emigrant-s4/thumb/e30c32c0-00b1-0133-3702-58d385a7bbd0.left-bottom.jpg"},"status":"active","width":1364,"height":1072,"meta_data":{"capture_uuid":"e30c32c0-00b1-0133-3702-58d385a7bbd0","page_uri":"http://digitalcollections.nypl.org/items/e30c32c0-00b1-0133-3702-58d385a7bbd0","book_uri":"http://digitalcollections.nypl.org/items/df712aa0-00b1-0133-fbd7-58d385a7bbd0","source_rotated":"0.391664","source_x":"0","source_y":"950.81","source_w":"1364.25","source_h":"1072.19"},"assertions":[{"id":"56b1770f50617568bbf61100","status":"awaiting_votes","name":"Record Number","created_in_workflow":"transcribe","confidence":0.6666666666666666,"data":{"value":"553"},"versions":[{"data":{"value":"553"},"votes":2,"confidence":0.6666666666666666,"instances":[{"created":"2016-01-21T21:27:54Z","user_id":"56a14d543833370003c80000","duration":5.446},{"created":"2016-01-21T21:41:18Z","user_id":"56a150ed3634350003f30000","duration":2.757}]},{"data":{"value":"552"},"votes":1,"confidence":0.3333333333333333,"instances":[{"created":"2016-01-21T02:44:34Z","user_id":"56a03c846339630003f20300","duration":13.401}]}],"region":{"x":910.9329571940027,"y":65.92313067784765,"width":100.68258926426057,"height":67.12173305380854,"label":"Record Number","shape":"rectangle"},"task_key":"em_record_number","instructions":{"mark":"Record Number","transcribe":"Enter the record number"}},{"id":"56b1770f50617568bbf71100","status":"awaiting_votes","name":"Mortgager","created_in_workflow":"transcribe","confidence":0.3333333333333333,"data":{"value":"R. C. Church of the B. V. Mary (of Mother Carmel at Astoria) L. S. "},"versions":[{"data":{"value":"R. C. Church of the B. V. Mary (of Mother Carmel at Astoria) L. S. "},"votes":1,"confidence":0.3333333333333333,"instances":[{"created":"2016-01-21T02:45:44Z","user_id":"56a03c846339630003f20300","duration":33.004}]},{"data":{"value":"R.C Church of the B.V. Mary of Mt. Carmel at Astoria L.I"},"votes":1,"confidence":0.3333333333333333,"instances":[{"created":"2016-01-21T15:29:39Z","user_id":"569f8ee13237350003750600","duration":462.073}]},{"data":{"value":"R.C. Church of the B.V. Mary of Mt. Carmel at Astoria L.I."},"votes":1,"confidence":0.3333333333333333,"instances":[{"created":"2016-01-21T19:31:01Z","user_id":"56a131583634350003100000","duration":23.095}]}],"region":{"x":317.6248418867523,"y":547.761285814116,"width":950.4915867447463,"height":58.73151642208245,"label":"Mortgager Name","shape":"rectangle"},"task_key":"em_record_mortgager","instructions":{"mark":"Mortgager Name","transcribe":"Enter the mortgager's name"}},{"id":"56b1770f50617568bbf81100","status":"awaiting_transcriptions","name":"Street Address","created_in_workflow":"transcribe","confidence":0.3333333333333333,"data":{"value":"New Town Avenue and Crescent Street"},"versions":[{"data":{"value":"New Town Avenue and Crescent Street"},"votes":1,"confidence":0.3333333333333333,"instances":[{"created":"2016-01-21T04:25:41Z","user_id":"56a056f33234330003950500","duration":18.365}]},{"data":{"value":"New Town  Avenue \u0026 Crescent St."},"votes":1,"confidence":0.3333333333333333,"instances":[{"created":"2016-01-21T15:30:46Z","user_id":"569f8ee13237350003750600","duration":52.392}]}],"region":{"x":441.08087396078616,"y":593.3081761006289,"width":406.32616381648046,"height":46.745492662473794,"label":"Street Address","shape":"rectangle"},"task_key":"em_record_street_address","instructions":{"mark":"Street Address","transcribe":"Enter the street address"}},{"id":"56b1770f50617568bbf91100","status":"awaiting_transcriptions","name":"Land \u0026 Building Dimensions","created_in_workflow":"transcribe","confidence":0.3333333333333333,"data":{"em_survey_land_dimensions":"about 4 1/2 lots","em_survey_building_dimensions":""},"versions":[{"data":{"em_survey_land_dimensions":"about 4 1/2 lots","em_survey_building_dimensions":""},"votes":1,"confidence":0.3333333333333333,"instances":[{"created":"2016-01-21T04:26:00Z","user_id":"56a056f33234330003950500","duration":18.835}]}],"region":{"x":460.25851001112153,"y":636.4578616352201,"width":379.9569142472694,"height":70.7175401816911,"label":"Dimension \u0026 Description","shape":"rectangle"},"task_key":"em_record_survey","instructions":{"mark":"Dimension \u0026 Description","transcribe":"Enter, as they appear, any land and building dimensions that were recorded. In the next screen, you'll enter the descriptive information."}},{"id":"56b1770f50617568bbfa1100","status":"awaiting_transcriptions","name":"Stories \u0026 Materials","created_in_workflow":"transcribe","confidence":0.3333333333333333,"data":{"em_record_stories":"","em_record_material":"Stone \u0026 Brick"},"versions":[{"data":{"em_record_stories":"","em_record_material":"Stone \u0026 Brick"},"votes":1,"confidence":0.3333333333333333,"instances":[{"created":"2016-01-21T04:26:06Z","user_id":"56a056f33234330003950500","duration":6.305}]}],"region":{"x":460.25851001112153,"y":636.4578616352201,"width":379.9569142472694,"height":70.7175401816911,"label":"Dimension \u0026 Description","shape":"rectangle"},"task_key":"em_record_survey_stories_materials","instructions":{"mark":"Dimension \u0026 Description","transcribe":"Enter, as they appear, the number of stories and the building materials."}},{"id":"56b1770f50617568bbfb1100","status":"awaiting_transcriptions","name":"Additional Info","created_in_workflow":"transcribe","confidence":0.3333333333333333,"data":{"value":"Church"},"versions":[{"data":{"value":"Church"},"votes":1,"confidence":0.3333333333333333,"instances":[{"created":"2016-01-21T04:26:09Z","user_id":"56a056f33234330003950500","duration":2.262}]}],"region":{"x":460.25851001112153,"y":636.4578616352201,"width":379.9569142472694,"height":70.7175401816911,"label":"Dimension \u0026 Description","shape":"rectangle"},"task_key":"em_record_survey_additional_info","instructions":{"mark":"Dimension \u0026 Description","transcribe":"Enter any additional information you find about the building's construction or significance."}},{"id":"56b1770f50617568bbfc1100","status":"awaiting_votes","name":"Record Date","created_in_workflow":"transcribe","confidence":0.6666666666666666,"data":{"value":"1872 Feby 29"},"versions":[{"data":{"value":"1872 Feby 29"},"votes":2,"confidence":0.6666666666666666,"instances":[{"created":"2016-01-21T20:27:33Z","user_id":"56980a2d3337650003270200","duration":15.614},{"created":"2016-01-21T21:28:11Z","user_id":"56a14d543833370003c80000","duration":8.899}]},{"data":{"value":"1872 Feb 29"},"votes":1,"confidence":0.3333333333333333,"instances":[{"created":"2016-01-21T02:44:40Z","user_id":"56a03c846339630003f20300","duration":5.21}]}],"region":{"x":40.74772141003549,"y":113.86722571628232,"width":189.3791559970617,"height":133.04486373165616,"label":"Record Date","shape":"rectangle"},"task_key":"em_record_date","instructions":{"mark":"Record Date","transcribe":"Enter the record date"}},{"id":"56b1770f50617568bbfd1100","status":"awaiting_transcriptions","name":"Total Value","created_in_workflow":"transcribe","confidence":0.3333333333333333,"data":{"value":"$20,000"},"versions":[{"data":{"value":"$20,000"},"votes":1,"confidence":0.3333333333333333,"instances":[{"created":"2016-01-21T04:26:29Z","user_id":"56a056f33234330003950500","duration":3.915}]}],"region":{"x":243.31150219170274,"y":788.6803633822501,"width":450.67444718288107,"height":57.53291404612162,"label":"Valuation","shape":"rectangle"},"task_key":"em_record_valuation_total","instructions":{"mark":"Valuation","transcribe":"Enter the valuation ***total*** (if one is given)"}},{"id":"56b1770f50617568bbfe1100","status":"awaiting_votes","name":"Amount Loaned","created_in_workflow":"transcribe","confidence":0.3333333333333333,"data":{"value":"10000"},"versions":[{"data":{"value":"10000"},"votes":1,"confidence":0.3333333333333333,"instances":[{"created":"2016-01-21T02:46:22Z","user_id":"56a03c846339630003f20300","duration":3.256}]},{"data":{"value":"$10,000"},"votes":1,"confidence":0.3333333333333333,"instances":[{"created":"2016-01-21T04:26:14Z","user_id":"56a056f33234330003950500","duration":5.972}]},{"data":{"value":"$10000."},"votes":1,"confidence":0.3333333333333333,"instances":[{"created":"2016-01-21T15:33:53Z","user_id":"569f8ee13237350003750600","duration":187.907}]}],"region":{"x":1061.9568410903935,"y":739.5376659678547,"width":201.36517852852126,"height":73.11474493361288,"label":"Amount Loaned","shape":"rectangle"},"task_key":"em_record_amount_loaned","instructions":{"mark":"Amount Loaned","transcribe":"Enter the Amount Loaned"}}]}]}