{"id":"56b101027061755afb291800","meta_data":{"capture_uuid":"e3c5db30-00b1-0133-342c-58d385a7bbd0","page_uri":"http://digitalcollections.nypl.org/items/e3c5db30-00b1-0133-342c-58d385a7bbd0","book_uri":"http://digitalcollections.nypl.org/items/df712aa0-00b1-0133-fbd7-58d385a7bbd0","source_rotated":"1.00705","source_x":"1219.15","source_y":"0","source_w":"1374.85","source_h":"1003.52"},"type":"final_subject_set","search_terms_by_field":{"Record Number":["667"],"Mortgager":["Christian S. Storms"],"Street Address":["No 126 E. 12th St"],"Land \u0026 Building Dimensions":["22.6 x 106.6","...54. 3 Story B.S.F. Albansz"],"Stories \u0026 Materials":["3"],"Record Date":["1879 November","1872 Decemb 30"],"Valuation Date":["$17.000."],"Total Value":["$17.000."],"Amount Loaned":["$10.000."]},"subjects":[{"id":"56b1775150617568bb711600","type":"root","location":{"standard":"https://s3.amazonaws.com/scribe.nypl.org/emigrant-s4/full/e3c5db30-00b1-0133-342c-58d385a7bbd0.right-top.jpg","thumbnail":"https://s3.amazonaws.com/scribe.nypl.org/emigrant-s4/thumb/e3c5db30-00b1-0133-342c-58d385a7bbd0.right-top.jpg"},"status":"active","width":1374,"height":1003,"meta_data":{"capture_uuid":"e3c5db30-00b1-0133-342c-58d385a7bbd0","page_uri":"http://digitalcollections.nypl.org/items/e3c5db30-00b1-0133-342c-58d385a7bbd0","book_uri":"http://digitalcollections.nypl.org/items/df712aa0-00b1-0133-fbd7-58d385a7bbd0","source_rotated":"1.00705","source_x":"1219.15","source_y":"0","source_w":"1374.85","source_h":"1003.52"},"assertions":[{"id":"56b1775150617568bb721600","status":"complete","name":"Record Number","created_in_workflow":"transcribe","confidence":1.0,"data":{"value":"667"},"versions":[{"data":{"value":"667"},"votes":3,"confidence":1.0,"instances":[{"created":"2016-01-07T01:35:49Z","user_id":"568d3d5f3565620003020000","duration":5.657},{"created":"2016-01-07T04:26:15Z","user_id":"568de79535656200036f0900","duration":3.921},{"created":"2016-01-07T12:05:32Z","user_id":"568e52df6636620003710300","duration":6.79}]}],"region":{"x":986.9626487532954,"y":34.23890911620788,"width":86.34159955445591,"height":52.10268778553373,"label":"Record Number","shape":"rectangle"},"task_key":"em_record_number","instructions":{"mark":"Record Number","transcribe":"Enter the record number"}},{"id":"56b1775150617568bb731600","status":"awaiting_votes","name":"Mortgager","created_in_workflow":"transcribe","confidence":0.6666666666666666,"data":{"value":"Christian S. Storms"},"versions":[{"data":{"value":"Christian S. Storms"},"votes":2,"confidence":0.6666666666666666,"instances":[{"created":"2016-01-07T01:36:24Z","user_id":"568d3d5f3565620003020000","duration":24.645},{"created":"2016-01-07T04:26:26Z","user_id":"568de79535656200036f0900","duration":7.179}]},{"data":{"value":"Christian S. Stound"},"votes":1,"confidence":0.3333333333333333,"instances":[{"created":"2016-01-07T12:06:02Z","user_id":"568e52df6636620003710300","duration":9.717}]}],"region":{"x":403.41252762662754,"y":535.9133600797755,"width":346.85504648600414,"height":55.07998423042136,"label":"Mortgager Name","shape":"rectangle"},"task_key":"em_record_mortgager","instructions":{"mark":"Mortgager Name","transcribe":"Enter the mortgager's name"}},{"id":"56b1775150617568bb741600","status":"awaiting_votes","name":"Street Address","created_in_workflow":"transcribe","confidence":0.3333333333333333,"data":{"value":"No 126 E. 12th St"},"versions":[{"data":{"value":"No 126 E. 12th St"},"votes":1,"confidence":0.3333333333333333,"instances":[{"created":"2016-01-07T01:36:33Z","user_id":"568d3d5f3565620003020000","duration":9.093}]},{"data":{"value":"126 East 12th Street"},"votes":1,"confidence":0.3333333333333333,"instances":[{"created":"2016-01-07T04:26:32Z","user_id":"568de79535656200036f0900","duration":5.852}]},{"data":{"value":"No 12b. E. 12th. Street"},"votes":1,"confidence":0.3333333333333333,"instances":[{"created":"2016-01-07T12:06:17Z","user_id":"568e52df6636620003710300","duration":14.419}]}],"region":{"x":495.7087202538046,"y":577.5955103082025,"width":337.92315687692246,"height":49.12539134064605,"label":"Street Address","shape":"rectangle"},"task_key":"em_record_street_address","instructions":{"mark":"Street Address","transcribe":"Enter the street address"}},{"id":"56b1775150617568bb751600","status":"awaiting_transcriptions","name":"Land \u0026 Building Dimensions","created_in_workflow":"transcribe","confidence":0.3333333333333333,"data":{"em_survey_land_dimensions":"22.6 x 106.6","em_survey_building_dimensions":"...54. 3 Story B.S.F. Albansz"},"versions":[{"data":{"em_survey_land_dimensions":"22.6 x 106.6","em_survey_building_dimensions":"...54. 3 Story B.S.F. Albansz"},"votes":1,"confidence":0.3333333333333333,"instances":[{"created":"2016-01-07T13:19:14Z","user_id":"568e655a6636620003b60300","duration":119.604}]},{"data":{"em_survey_land_dimensions":"22 x 10","em_survey_building_dimensions":"22 x 54"},"votes":1,"confidence":0.3333333333333333,"instances":[{"created":"2016-01-07T13:24:55Z","user_id":"568e66cb3565620003670b00","duration":91.626}]}],"region":{"x":509.1065546674271,"y":617.7890123141857,"width":459.992314867705,"height":80.38700401196627,"label":"Dimension \u0026 Description","shape":"rectangle"},"task_key":"em_record_survey","instructions":{"mark":"Dimension \u0026 Description","transcribe":"Enter, as they appear, any land and building dimensions that were recorded. In the next screen, you'll enter the descriptive information."}},{"id":"56b1775150617568bb761600","status":"awaiting_transcriptions","name":"Stories \u0026 Materials","created_in_workflow":"transcribe","confidence":0.6666666666666666,"data":{"em_record_stories":"3"},"versions":[{"data":{"em_record_stories":"3"},"votes":2,"confidence":0.6666666666666666,"instances":[{"created":"2016-01-07T13:19:51Z","user_id":"568e655a6636620003b60300","duration":37.898},{"created":"2016-01-07T13:25:21Z","user_id":"568e66cb3565620003670b00","duration":26.107}]}],"region":{"x":509.1065546674271,"y":617.7890123141857,"width":459.992314867705,"height":80.38700401196627,"label":"Dimension \u0026 Description","shape":"rectangle"},"task_key":"em_record_survey_stories_materials","instructions":{"mark":"Dimension \u0026 Description","transcribe":"Enter, as they appear, the number of stories and the building materials."}},{"id":"56b1775150617568bb771600","status":"complete","name":"Record Date","created_in_workflow":"transcribe","confidence":1.0,"data":{"value":"1879 November"},"versions":[{"data":{"value":"1879 November"},"votes":3,"confidence":1.0,"instances":[{"created":"2016-01-07T12:06:36Z","user_id":"568e52df6636620003710300","duration":6.77},{"created":"2016-01-07T13:27:07Z","user_id":"568e66cb3565620003670b00","duration":23.501},{"created":"2016-01-07T13:29:45Z","user_id":"568e682735656200036a0b00","duration":17.705}]}],"region":{"x":104.19422572239226,"y":727.9489807750284,"width":165.23995776801053,"height":93.78483801396067,"label":"Record Date","shape":"rectangle"},"task_key":"em_record_date","instructions":{"mark":"Record Date","transcribe":"Enter the record date"}},{"id":"56b1775150617568bb781600","status":"awaiting_votes","name":"Record Date","created_in_workflow":"transcribe","confidence":0.6666666666666666,"data":{"value":"1872 Decemb 30"},"versions":[{"data":{"value":"1872 Decemb 30"},"votes":2,"confidence":0.6666666666666666,"instances":[{"created":"2016-01-07T01:35:59Z","user_id":"568d3d5f3565620003020000","duration":10.498},{"created":"2016-01-07T12:05:42Z","user_id":"568e52df6636620003710300","duration":10.146}]},{"data":{"value":"1872 December 30"},"votes":1,"confidence":0.3333333333333333,"instances":[{"created":"2016-01-07T04:26:19Z","user_id":"568de79535656200036f0900","duration":4.339}]}],"region":{"x":114.61476359965418,"y":77.40970756707868,"width":174.1718473770922,"height":99.739430903736,"label":"Record Date","shape":"rectangle"},"task_key":"em_record_date","instructions":{"mark":"Record Date","transcribe":"Enter the record date"}},{"id":"56b1775150617568bb791600","status":"awaiting_transcriptions","name":"Valuation Date","created_in_workflow":"transcribe","confidence":0.3333333333333333,"data":{"value":"$17.000."},"versions":[{"data":{"value":"$17.000."},"votes":1,"confidence":0.3333333333333333,"instances":[{"created":"2016-01-07T12:07:00Z","user_id":"568e52df6636620003710300","duration":7.738}]},{"data":{"value":"$17,000."},"votes":1,"confidence":0.3333333333333333,"instances":[{"created":"2016-01-07T13:12:10Z","user_id":"568e633435656200035b0b00","duration":6.573}]}],"region":{"x":699.6535329945023,"y":763.6765381136802,"width":139.93293720894587,"height":59.54592889775279,"label":"Valuation","shape":"rectangle"},"task_key":"em_record_valuation","instructions":{"mark":"Valuation","transcribe":"Enter the date of the valuation (if one is given). In the next screen, you'll enter the valuation's dollar amounts."}},{"id":"56b1775150617568bb7a1600","status":"awaiting_transcriptions","name":"Total Value","created_in_workflow":"transcribe","confidence":0.3333333333333333,"data":{"value":"$17.000."},"versions":[{"data":{"value":"$17.000."},"votes":1,"confidence":0.3333333333333333,"instances":[{"created":"2016-01-07T12:07:25Z","user_id":"568e52df6636620003710300","duration":8.432}]},{"data":{"value":"$17,000."},"votes":1,"confidence":0.3333333333333333,"instances":[{"created":"2016-01-07T13:12:29Z","user_id":"568e633435656200035b0b00","duration":9.049}]}],"region":{"x":699.6535329945023,"y":763.6765381136802,"width":139.93293720894587,"height":59.54592889775279,"label":"Valuation","shape":"rectangle"},"task_key":"em_record_valuation_total","instructions":{"mark":"Valuation","transcribe":"Enter the valuation ***total*** (if one is given)"}},{"id":"56b1775150617568bb7b1600","status":"awaiting_votes","name":"Amount Loaned","created_in_workflow":"transcribe","confidence":0.3333333333333333,"data":{"value":"$10.000."},"versions":[{"data":{"value":"$10.000."},"votes":1,"confidence":0.3333333333333333,"instances":[{"created":"2016-01-07T12:06:45Z","user_id":"568e52df6636620003710300","duration":9.493}]},{"data":{"value":"$10,000."},"votes":1,"confidence":0.3333333333333333,"instances":[{"created":"2016-01-07T13:11:56Z","user_id":"568e633435656200035b0b00","duration":8.996}]},{"data":{"value":"$10000"},"votes":1,"confidence":0.3333333333333333,"instances":[{"created":"2016-01-07T13:27:34Z","user_id":"568e66cb3565620003670b00","duration":26.497}]}],"region":{"x":1170.0663857394693,"y":741.3468147770228,"width":147.37617854984705,"height":56.568632452865245,"label":"Amount Loaned","shape":"rectangle"},"task_key":"em_record_amount_loaned","instructions":{"mark":"Amount Loaned","transcribe":"Enter the Amount Loaned"}}]}]}