{"id":"56b1010e7061755afb011900","meta_data":{"capture_uuid":"e3ecf200-00b1-0133-d7a4-58d385a7bbd0","page_uri":"http://digitalcollections.nypl.org/items/e3ecf200-00b1-0133-d7a4-58d385a7bbd0","book_uri":"http://digitalcollections.nypl.org/items/df712aa0-00b1-0133-fbd7-58d385a7bbd0","source_rotated":"0.671404","source_x":"0","source_y":"0","source_w":"1370.58","source_h":"982.0799999999999"},"type":"final_subject_set","search_terms_by_field":{"Record Number":["691"],"Mortgager":["David T. Pershall"],"Street Address":["S.W corner Broome \u0026 Norfolk Sts"],"Land \u0026 Building Dimensions":["25 x 75","25 x 46 \u0026 25 x 25"],"Stories \u0026 Materials":["5 \u0026 4","brick"],"Additional Info":["2 houses"],"Record Date":["1873 July 19","1879 November"],"Valuation Date":["1879 November"],"Land \u0026 Building Value":[],"Total Value":["$15,000"],"Amount Loaned":["$6000"]},"subjects":[{"id":"56b1775d50617568bb3b1700","type":"root","location":{"standard":"https://s3.amazonaws.com/scribe.nypl.org/emigrant-s4/full/e3ecf200-00b1-0133-d7a4-58d385a7bbd0.left-top.jpg","thumbnail":"https://s3.amazonaws.com/scribe.nypl.org/emigrant-s4/thumb/e3ecf200-00b1-0133-d7a4-58d385a7bbd0.left-top.jpg"},"status":"retired","width":1370,"height":982,"meta_data":{"capture_uuid":"e3ecf200-00b1-0133-d7a4-58d385a7bbd0","page_uri":"http://digitalcollections.nypl.org/items/e3ecf200-00b1-0133-d7a4-58d385a7bbd0","book_uri":"http://digitalcollections.nypl.org/items/df712aa0-00b1-0133-fbd7-58d385a7bbd0","source_rotated":"0.671404","source_x":"0","source_y":"0","source_w":"1370.58","source_h":"982.0799999999999"},"assertions":[{"id":"56b1775d50617568bb3c1700","status":"awaiting_transcriptions","name":"Record Number","created_in_workflow":"transcribe","confidence":0.6666666666666666,"data":{"value":"691"},"versions":[{"data":{"value":"691"},"votes":2,"confidence":0.6666666666666666,"instances":[{"created":"2015-11-20T15:12:04Z","user_id":"564f325461383600030b0300","duration":4.696},{"created":"2015-11-20T19:17:34Z","user_id":"564def6d64383100038a0200","duration":43.577}]}],"region":{"x":858.4281065756138,"y":25.9550477015892,"width":214.2636755536666,"height":55.30624219469214,"label":"Record Number","shape":"rectangle"},"task_key":"em_record_number","instructions":{"mark":"Record Number","transcribe":"Enter the record number"}},{"id":"56b1775d50617568bb3d1700","status":"awaiting_votes","name":"Mortgager","created_in_workflow":"transcribe","confidence":0.6666666666666666,"data":{"value":"David T. Pershall"},"versions":[{"data":{"value":"David T. Pershall"},"votes":2,"confidence":0.6666666666666666,"instances":[{"created":"2015-11-20T14:26:24Z","user_id":"563bfc7535326200037f3900","duration":11.198},{"created":"2015-11-20T17:11:09Z","user_id":"564f325461383600030b0300","duration":5489.459}]},{"data":{"value":"David J. Pershall "},"votes":1,"confidence":0.3333333333333333,"instances":[{"created":"2015-11-20T18:16:24Z","user_id":"564f598d61383600037a0400","duration":8.655}]}],"region":{"x":397.40995220809384,"y":548.9946463117915,"width":394.2802882114602,"height":39.50445871049442,"label":"Mortgager Name","shape":"rectangle"},"task_key":"em_record_mortgager","instructions":{"mark":"Mortgager Name","transcribe":"Enter the mortgager's name"}},{"id":"56b1775d50617568bb3e1700","status":"awaiting_votes","name":"Street Address","created_in_workflow":"transcribe","confidence":0.3333333333333333,"data":{"value":"S.W corner Broome \u0026 Norfolk Sts"},"versions":[{"data":{"value":"S.W corner Broome \u0026 Norfolk Sts"},"votes":1,"confidence":0.3333333333333333,"instances":[{"created":"2015-11-20T14:26:54Z","user_id":"563bfc7535326200037f3900","duration":30.247}]},{"data":{"value":"S.W. corner Broom "},"votes":1,"confidence":0.3333333333333333,"instances":[{"created":"2015-11-20T20:10:10Z","user_id":"564f478f6435360003b00300","duration":8.37}]},{"data":{"value":"S W corner Broome and Norfolk Sts"},"votes":1,"confidence":0.3333333333333333,"instances":[{"created":"2015-11-20T20:10:42Z","user_id":"564e49d539646600031a0b00","duration":9.55}]}],"region":{"x":426.3882361969094,"y":592.0106124632188,"width":574.2969008692539,"height":31.603566968395512,"label":"Street Address","shape":"rectangle"},"task_key":"em_record_street_address","instructions":{"mark":"Street Address","transcribe":"Enter the street address"}},{"id":"56b1775d50617568bb3f1700","status":"awaiting_transcriptions","name":"Land \u0026 Building Dimensions","created_in_workflow":"transcribe","confidence":0.3333333333333333,"data":{"em_survey_land_dimensions":"25 x 75","em_survey_building_dimensions":"25 x 46 \u0026 25 x 25"},"versions":[{"data":{"em_survey_land_dimensions":"25 x 75","em_survey_building_dimensions":"25 x 46 \u0026 25 x 25"},"votes":1,"confidence":0.3333333333333333,"instances":[{"created":"2015-11-20T14:27:27Z","user_id":"563bfc7535326200037f3900","duration":32.416}]}],"region":{"x":441.3164431002388,"y":625.3699331520809,"width":817.538860411736,"height":77.25316370052235,"label":"Dimension \u0026 Description","shape":"rectangle"},"task_key":"em_record_survey","instructions":{"mark":"Dimension \u0026 Description","transcribe":"Enter, as they appear, any land and building dimensions that were recorded. In the next screen, you'll enter the descriptive information."}},{"id":"56b1775d50617568bb401700","status":"awaiting_transcriptions","name":"Stories \u0026 Materials","created_in_workflow":"transcribe","confidence":0.3333333333333333,"data":{"em_record_stories":"5 \u0026 4","em_record_material":"brick"},"versions":[{"data":{"em_record_stories":"5 \u0026 4","em_record_material":"brick"},"votes":1,"confidence":0.3333333333333333,"instances":[{"created":"2015-11-20T14:27:48Z","user_id":"563bfc7535326200037f3900","duration":20.938}]}],"region":{"x":441.3164431002388,"y":625.3699331520809,"width":817.538860411736,"height":77.25316370052235,"label":"Dimension \u0026 Description","shape":"rectangle"},"task_key":"em_record_survey_stories_materials","instructions":{"mark":"Dimension \u0026 Description","transcribe":"Enter, as they appear, the number of stories and the building materials."}},{"id":"56b1775d50617568bb411700","status":"awaiting_transcriptions","name":"Additional Info","created_in_workflow":"transcribe","confidence":0.3333333333333333,"data":{"value":"2 houses"},"versions":[{"data":{"value":"2 houses"},"votes":1,"confidence":0.3333333333333333,"instances":[{"created":"2015-11-20T14:28:03Z","user_id":"563bfc7535326200037f3900","duration":15.668}]}],"region":{"x":441.3164431002388,"y":625.3699331520809,"width":817.538860411736,"height":77.25316370052235,"label":"Dimension \u0026 Description","shape":"rectangle"},"task_key":"em_record_survey_additional_info","instructions":{"mark":"Dimension \u0026 Description","transcribe":"Enter any additional information you find about the building's construction or significance."}},{"id":"56b1775d50617568bb421700","status":"awaiting_votes","name":"Record Date","created_in_workflow":"transcribe","confidence":0.3333333333333333,"data":{"value":"1873 July 19"},"versions":[{"data":{"value":"1873 July 19"},"votes":1,"confidence":0.3333333333333333,"instances":[{"created":"2015-11-20T18:15:34Z","user_id":"564f598d61383600037a0400","duration":18.163}]},{"data":{"value":"1873 February 19"},"votes":1,"confidence":0.3333333333333333,"instances":[{"created":"2015-12-20T03:44:07Z","user_id":"56761fd66633380003080000","duration":6.963}]},{"data":{"value":"1873 Feby 19"},"votes":1,"confidence":0.3333333333333333,"instances":[{"created":"2015-12-20T03:48:43Z","user_id":"56761e5b6633380003000000","duration":14.653}]}],"region":{"x":32.107947985449215,"y":80.38341303604811,"width":197.5792090146515,"height":106.22310008821825,"label":"Record Date","shape":"rectangle"},"task_key":"em_record_date","instructions":{"mark":"Record Date","transcribe":"Enter the record date"}},{"id":"56b1775d50617568bb431700","status":"awaiting_transcriptions","name":"Record Date","created_in_workflow":"transcribe","confidence":0.3333333333333333,"data":{"value":"1879 November"},"versions":[{"data":{"value":"1879 November"},"votes":1,"confidence":0.3333333333333333,"instances":[{"created":"2015-12-19T20:20:09Z","user_id":"5668b33530333000032d0500","duration":4.358}]}],"region":{"x":36.498597074663664,"y":743.8833092835641,"width":180.01661265779362,"height":112.36829169120207,"label":"Record Date","shape":"rectangle"},"task_key":"em_record_date","instructions":{"mark":"Record Date","transcribe":"Enter the record date"}},{"id":"56b1775d50617568bb441700","status":"awaiting_transcriptions","name":"Valuation Date","created_in_workflow":"transcribe","confidence":0.3333333333333333,"data":{"value":"1879 November"},"versions":[{"data":{"value":"1879 November"},"votes":1,"confidence":0.3333333333333333,"instances":[{"created":"2016-01-02T06:23:07Z","user_id":"56875be63833320003000000","duration":6.172}]}],"region":{"x":602.739205991933,"y":771.1032833735949,"width":122.09003106446403,"height":60.4030905309316,"label":"Valuation","shape":"rectangle"},"task_key":"em_record_valuation","instructions":{"mark":"Valuation","transcribe":"Enter the date of the valuation (if one is given). In the next screen, you'll enter the valuation's dollar amounts."}},{"id":"56b1775d50617568bb451700","status":"awaiting_transcriptions","name":"Land \u0026 Building Value","created_in_workflow":"transcribe","confidence":0.3333333333333333,"data":{"em_valuation_ground":""},"versions":[{"data":{"em_valuation_ground":""},"votes":1,"confidence":0.3333333333333333,"instances":[{"created":"2016-01-02T06:23:09Z","user_id":"56875be63833320003000000","duration":2.035}]}],"region":{"x":602.739205991933,"y":771.1032833735949,"width":122.09003106446403,"height":60.4030905309316,"label":"Valuation","shape":"rectangle"},"task_key":"em_record_valuation_ground_building","instructions":{"mark":"Valuation","transcribe":"Sometimes valuations include itemized dollar values for \"ground\" and \"building\". Enter these amounts if you can find them. In the next screen, you'll enter the total valuation."}},{"id":"56b1775d50617568bb461700","status":"awaiting_transcriptions","name":"Total Value","created_in_workflow":"transcribe","confidence":0.3333333333333333,"data":{"value":"$15,000"},"versions":[{"data":{"value":"$15,000"},"votes":1,"confidence":0.3333333333333333,"instances":[{"created":"2016-01-02T06:23:12Z","user_id":"56875be63833320003000000","duration":2.453}]}],"region":{"x":602.739205991933,"y":771.1032833735949,"width":122.09003106446403,"height":60.4030905309316,"label":"Valuation","shape":"rectangle"},"task_key":"em_record_valuation_total","instructions":{"mark":"Valuation","transcribe":"Enter the valuation ***total*** (if one is given)"}},{"id":"56b1775d50617568bb471700","status":"awaiting_votes","name":"Amount Loaned","created_in_workflow":"transcribe","confidence":0.6666666666666666,"data":{"value":"$6000"},"versions":[{"data":{"value":"$6000"},"votes":2,"confidence":0.6666666666666666,"instances":[{"created":"2015-11-20T20:10:54Z","user_id":"564e49d539646600031a0b00","duration":3.159},{"created":"2015-11-20T20:54:23Z","user_id":"564f868161383600033e0700","duration":16.66}]},{"data":{"value":"$6,000"},"votes":1,"confidence":0.3333333333333333,"instances":[{"created":"2015-11-20T14:28:15Z","user_id":"563bfc7535326200037f3900","duration":7.445}]}],"region":{"x":429.0226256504381,"y":749.150570444963,"width":156.30710757603543,"height":37.748704990028045,"label":"Amount Loaned","shape":"rectangle"},"task_key":"em_record_amount_loaned","instructions":{"mark":"Amount Loaned","transcribe":"Enter the Amount Loaned"}}]}]}