{"id":"56b101257061755afbb41a00","meta_data":{"capture_uuid":"e4612920-00b1-0133-3eeb-58d385a7bbd0","page_uri":"http://digitalcollections.nypl.org/items/e4612920-00b1-0133-3eeb-58d385a7bbd0","book_uri":"http://digitalcollections.nypl.org/items/df712aa0-00b1-0133-fbd7-58d385a7bbd0","source_rotated":"0.867204","source_x":"0","source_y":"963.03","source_w":"1372.73","source_h":"1085.97"},"type":"final_subject_set","search_terms_by_field":{"Record Number":["772"],"Mortgager":["Sarah E. Connell"],"Street Address":["No. 626. 3.d Avenue"],"Land \u0026 Building Dimensions":["24.8 x 100","24.8 x 75"],"Stories \u0026 Materials":["4 story","Brick \u0026 Frame house"],"Additional Info":["none"],"Record Date":["1874 April 25"],"Valuation Date":["1879 November"],"Land \u0026 Building Value":[],"Total Value":["27000"],"Amount Loaned":["$18.000."]},"subjects":[{"id":"56b1777350617568bbd01800","type":"root","location":{"standard":"https://s3.amazonaws.com/scribe.nypl.org/emigrant-s4/full/e4612920-00b1-0133-3eeb-58d385a7bbd0.left-bottom.jpg","thumbnail":"https://s3.amazonaws.com/scribe.nypl.org/emigrant-s4/thumb/e4612920-00b1-0133-3eeb-58d385a7bbd0.left-bottom.jpg"},"status":"retired","width":1372,"height":1085,"meta_data":{"capture_uuid":"e4612920-00b1-0133-3eeb-58d385a7bbd0","page_uri":"http://digitalcollections.nypl.org/items/e4612920-00b1-0133-3eeb-58d385a7bbd0","book_uri":"http://digitalcollections.nypl.org/items/df712aa0-00b1-0133-fbd7-58d385a7bbd0","source_rotated":"0.867204","source_x":"0","source_y":"963.03","source_w":"1372.73","source_h":"1085.97"},"assertions":[{"id":"56b1777350617568bbd11800","status":"awaiting_votes","name":"Record Number","created_in_workflow":"transcribe","confidence":0.6666666666666666,"data":{"value":"772"},"versions":[{"data":{"value":"772"},"votes":2,"confidence":0.6666666666666666,"instances":[{"created":"2015-12-11T19:04:57Z","user_id":"566b1cd23832340003c10400","duration":3.12},{"created":"2015-12-11T19:16:41Z","user_id":"566b1f683832340003010500","duration":5.618}]},{"data":{"value":"772."},"votes":1,"confidence":0.3333333333333333,"instances":[{"created":"2015-12-11T18:56:22Z","user_id":"566b18ed3930640003a00000","duration":11.222}]}],"region":{"x":882.76430806554,"y":47.41306968053057,"width":186.68899076473326,"height":69.63794609327927,"label":"Record Number","shape":"rectangle"},"task_key":"em_record_number","instructions":{"mark":"Record Number","transcribe":"Enter the record number"}},{"id":"56b1777350617568bbd21800","status":"complete","name":"Mortgager","created_in_workflow":"transcribe","confidence":1.0,"data":{"value":"Sarah E. Connell"},"versions":[{"data":{"value":"Sarah E. Connell"},"votes":4,"confidence":1.0,"instances":[{"created":"2015-12-11T18:58:23Z","user_id":"566b18ed3930640003a00000","duration":22.269},{"created":"2015-12-11T20:09:48Z","user_id":"5655e5253437330003fd0100","duration":5.134},{"created":"2015-12-11T20:30:20Z","user_id":"566b32093832340003600600","duration":24.238},{"created":"2015-12-11T20:30:30Z","user_id":"566b325e3930640003850200","duration":8.652}]}],"region":{"x":330.1056290556552,"y":531.9153754784523,"width":413.3827652647665,"height":54.82136181811347,"label":"Mortgager Name","shape":"rectangle"},"task_key":"em_record_mortgager","instructions":{"mark":"Mortgager Name","transcribe":"Enter the mortgager's name"}},{"id":"56b1777350617568bbd31800","status":"awaiting_votes","name":"Street Address","created_in_workflow":"transcribe","confidence":0.5,"data":{"value":"No. 626. 3.d Avenue"},"versions":[{"data":{"value":"No. 626. 3.d Avenue"},"votes":2,"confidence":0.5,"instances":[{"created":"2015-12-11T18:59:10Z","user_id":"566b18ed3930640003a00000","duration":47.341},{"created":"2015-12-11T20:30:48Z","user_id":"566b32093832340003600600","duration":28.194}]},{"data":{"value":"No. 626 3d Avenue"},"votes":1,"confidence":0.25,"instances":[{"created":"2015-12-11T20:10:21Z","user_id":"5655e5253437330003fd0100","duration":32.997}]},{"data":{"value":"No .424 3d Avenue"},"votes":1,"confidence":0.25,"instances":[{"created":"2015-12-11T20:31:03Z","user_id":"566b325e3930640003850200","duration":32.861}]}],"region":{"x":410.11519652625515,"y":570.4384945938834,"width":385.23125078437016,"height":53.33970339059681,"label":"Street Address","shape":"rectangle"},"task_key":"em_record_street_address","instructions":{"mark":"Street Address","transcribe":"Enter the street address"}},{"id":"56b1777350617568bbd41800","status":"awaiting_transcriptions","name":"Land \u0026 Building Dimensions","created_in_workflow":"transcribe","confidence":0.3333333333333333,"data":{"em_survey_land_dimensions":"24.8 x 100","em_survey_building_dimensions":"24.8 x 75"},"versions":[{"data":{"em_survey_land_dimensions":"24.8 x 100","em_survey_building_dimensions":"24.8 x 75"},"votes":1,"confidence":0.3333333333333333,"instances":[{"created":"2015-12-14T18:33:20Z","user_id":"566efed03066300003150000","duration":35.179}]}],"region":{"x":443.5735339916381,"y":628.2821865203372,"width":467.12990417149115,"height":58.22177698698681,"label":"Dimension \u0026 Description","shape":"rectangle"},"task_key":"em_record_survey","instructions":{"mark":"Dimension \u0026 Description","transcribe":"Enter, as they appear, any land and building dimensions that were recorded. In the next screen, you'll enter the descriptive information."}},{"id":"56b1777350617568bbd51800","status":"awaiting_transcriptions","name":"Stories \u0026 Materials","created_in_workflow":"transcribe","confidence":0.3333333333333333,"data":{"em_record_stories":"4 story","em_record_material":"Brick \u0026 Frame house"},"versions":[{"data":{"em_record_stories":"4 story","em_record_material":"Brick \u0026 Frame house"},"votes":1,"confidence":0.3333333333333333,"instances":[{"created":"2015-12-14T18:34:04Z","user_id":"566efed03066300003150000","duration":43.84}]}],"region":{"x":443.5735339916381,"y":628.2821865203372,"width":467.12990417149115,"height":58.22177698698681,"label":"Dimension \u0026 Description","shape":"rectangle"},"task_key":"em_record_survey_stories_materials","instructions":{"mark":"Dimension \u0026 Description","transcribe":"Enter, as they appear, the number of stories and the building materials."}},{"id":"56b1777350617568bbd61800","status":"awaiting_transcriptions","name":"Additional Info","created_in_workflow":"transcribe","confidence":0.3333333333333333,"data":{"value":"none"},"versions":[{"data":{"value":"none"},"votes":1,"confidence":0.3333333333333333,"instances":[{"created":"2015-12-14T18:34:29Z","user_id":"566efed03066300003150000","duration":24.747}]}],"region":{"x":443.5735339916381,"y":628.2821865203372,"width":467.12990417149115,"height":58.22177698698681,"label":"Dimension \u0026 Description","shape":"rectangle"},"task_key":"em_record_survey_additional_info","instructions":{"mark":"Dimension \u0026 Description","transcribe":"Enter any additional information you find about the building's construction or significance."}},{"id":"56b1777350617568bbd71800","status":"complete","name":"Record Date","created_in_workflow":"transcribe","confidence":1.0,"data":{"value":"1874 April 25"},"versions":[{"data":{"value":"1874 April 25"},"votes":3,"confidence":1.0,"instances":[{"created":"2015-12-11T19:05:03Z","user_id":"566b1cd23832340003c10400","duration":6.138},{"created":"2015-12-11T19:16:52Z","user_id":"566b1f683832340003010500","duration":10.865},{"created":"2015-12-11T19:57:52Z","user_id":"5655e5253437330003fd0100","duration":5.667}]}],"region":{"x":48.590484251692395,"y":99.27111464361087,"width":204.46889464708877,"height":125.94096633890933,"label":"Record Date","shape":"rectangle"},"task_key":"em_record_date","instructions":{"mark":"Record Date","transcribe":"Enter the record date"}},{"id":"56b1777350617568bbd81800","status":"awaiting_transcriptions","name":"Valuation Date","created_in_workflow":"transcribe","confidence":0.3333333333333333,"data":{"value":"1879 November"},"versions":[{"data":{"value":"1879 November"},"votes":1,"confidence":0.3333333333333333,"instances":[{"created":"2015-12-11T15:20:09Z","user_id":"566adfa33666650003f20e00","duration":16.269}]}],"region":{"x":235.27947501642564,"y":764.5357508593868,"width":490.42901542164043,"height":80.00955508589527,"label":"Valuation","shape":"rectangle"},"task_key":"em_record_valuation","instructions":{"mark":"Valuation","transcribe":"Enter the date of the valuation (if one is given). In the next screen, you'll enter the valuation's dollar amounts."}},{"id":"56b1777350617568bbd91800","status":"awaiting_transcriptions","name":"Land \u0026 Building Value","created_in_workflow":"transcribe","confidence":0.3333333333333333,"data":{"em_valuation_ground":""},"versions":[{"data":{"em_valuation_ground":""},"votes":1,"confidence":0.3333333333333333,"instances":[{"created":"2015-12-11T15:20:17Z","user_id":"566adfa33666650003f20e00","duration":7.468}]}],"region":{"x":235.27947501642564,"y":764.5357508593868,"width":490.42901542164043,"height":80.00955508589527,"label":"Valuation","shape":"rectangle"},"task_key":"em_record_valuation_ground_building","instructions":{"mark":"Valuation","transcribe":"Sometimes valuations include itemized dollar values for \"ground\" and \"building\". Enter these amounts if you can find them. In the next screen, you'll enter the total valuation."}},{"id":"56b1777350617568bbda1800","status":"awaiting_transcriptions","name":"Total Value","created_in_workflow":"transcribe","confidence":0.3333333333333333,"data":{"value":"27000"},"versions":[{"data":{"value":"27000"},"votes":1,"confidence":0.3333333333333333,"instances":[{"created":"2015-12-11T15:20:19Z","user_id":"566adfa33666650003f20e00","duration":2.916}]}],"region":{"x":235.27947501642564,"y":764.5357508593868,"width":490.42901542164043,"height":80.00955508589527,"label":"Valuation","shape":"rectangle"},"task_key":"em_record_valuation_total","instructions":{"mark":"Valuation","transcribe":"Enter the valuation ***total*** (if one is given)"}},{"id":"56b1777350617568bbdb1800","status":"awaiting_votes","name":"Amount Loaned","created_in_workflow":"transcribe","confidence":0.6666666666666666,"data":{"value":"$18.000."},"versions":[{"data":{"value":"$18.000."},"votes":2,"confidence":0.6666666666666666,"instances":[{"created":"2015-12-11T19:00:16Z","user_id":"566b18ed3930640003a00000","duration":31.988},{"created":"2015-12-11T20:10:27Z","user_id":"5655e5253437330003fd0100","duration":5.854}]},{"data":{"value":"18000"},"votes":1,"confidence":0.3333333333333333,"instances":[{"created":"2015-12-11T15:19:53Z","user_id":"566adfa33666650003f20e00","duration":3.08}]}],"region":{"x":1036.8568083792882,"y":724.5309733164391,"width":222.24879852944423,"height":93.34448093354456,"label":"Amount Loaned","shape":"rectangle"},"task_key":"em_record_amount_loaned","instructions":{"mark":"Amount Loaned","transcribe":"Enter the Amount Loaned"}}]}]}