{"id":"56b100027061755afb600500","meta_data":{"capture_uuid":"e0c498b0-00b1-0133-b17d-58d385a7bbd0","page_uri":"http://digitalcollections.nypl.org/items/e0c498b0-00b1-0133-b17d-58d385a7bbd0","book_uri":"http://digitalcollections.nypl.org/items/df712aa0-00b1-0133-fbd7-58d385a7bbd0","source_rotated":"1.00705","source_x":"1220.12","source_y":"965.85","source_w":"1375.88","source_h":"1089.15"},"type":"final_subject_set","search_terms_by_field":{"Record Number":["208"],"Mortgager":["Paulist Fathers"],"Street Address":["9th Avenue 59th and 60th Streets"],"Land \u0026 Building Dimensions":["200 x400."],"Stories \u0026 Materials":[],"Additional Info":["being 32 lots  R. C. Church of St. Paul the Apostle, Convent \u0026 "],"Record Date":["1876 October 23","1863 April 24","1860 July 24","1879 November"],"Valuation Date":["1879 November"],"Land \u0026 Building Value":[],"Total Value":["$200,000.","$200,000."],"Amount Loaned":["$60,000."]},"subjects":[{"id":"56b1764b50617568bbd30400","type":"root","location":{"standard":"https://s3.amazonaws.com/scribe.nypl.org/emigrant-s4/full/e0c498b0-00b1-0133-b17d-58d385a7bbd0.right-bottom.jpg","thumbnail":"https://s3.amazonaws.com/scribe.nypl.org/emigrant-s4/thumb/e0c498b0-00b1-0133-b17d-58d385a7bbd0.right-bottom.jpg"},"status":"retired","width":1375,"height":1089,"meta_data":{"capture_uuid":"e0c498b0-00b1-0133-b17d-58d385a7bbd0","page_uri":"http://digitalcollections.nypl.org/items/e0c498b0-00b1-0133-b17d-58d385a7bbd0","book_uri":"http://digitalcollections.nypl.org/items/df712aa0-00b1-0133-fbd7-58d385a7bbd0","source_rotated":"1.00705","source_x":"1220.12","source_y":"965.85","source_w":"1375.88","source_h":"1089.15"},"assertions":[{"id":"56b1764b50617568bbd40400","status":"awaiting_votes","name":"Record Number","created_in_workflow":"transcribe","confidence":0.3333333333333333,"data":{"value":"208"},"versions":[{"data":{"value":"208"},"votes":1,"confidence":0.3333333333333333,"instances":[{"created":"2016-01-14T20:01:03Z","user_id":"5697f8cd3337650003e70000","duration":4.853}]},{"data":{"value":"208."},"votes":1,"confidence":0.3333333333333333,"instances":[{"created":"2016-01-14T20:45:16Z","user_id":"5697dcd164376500032b0700","duration":26.669}]},{"data":{"value":"206, 208"},"votes":1,"confidence":0.3333333333333333,"instances":[{"created":"2016-01-14T21:01:26Z","user_id":"568ac34a3237350003b80500","duration":3.807}]}],"region":{"x":936.1536183499074,"y":40.95726320268348,"width":153.58770301053164,"height":84.84004520555862,"label":"Record Number","shape":"rectangle"},"task_key":"em_record_number","instructions":{"mark":"Record Number","transcribe":"Enter the record number"}},{"id":"56b1764b50617568bbd50400","status":"awaiting_votes","name":"Mortgager","created_in_workflow":"transcribe","confidence":0.6666666666666666,"data":{"value":"Paulist Fathers"},"versions":[{"data":{"value":"Paulist Fathers"},"votes":2,"confidence":0.6666666666666666,"instances":[{"created":"2016-01-14T20:46:15Z","user_id":"5697dcd164376500032b0700","duration":15.522},{"created":"2016-01-14T21:01:42Z","user_id":"568ac34a3237350003b80500","duration":4.598}]},{"data":{"value":"Paulist Fathers "},"votes":1,"confidence":0.3333333333333333,"instances":[{"created":"2016-01-14T20:02:20Z","user_id":"5697f8cd3337650003e70000","duration":6.397}]}],"region":{"x":495.8688697197166,"y":522.2051058342144,"width":307.1754060210634,"height":62.898654204121044,"label":"Mortgager Name","shape":"rectangle"},"task_key":"em_record_mortgager","instructions":{"mark":"Mortgager Name","transcribe":"Enter the mortgager's name"}},{"id":"56b1764b50617568bbd60400","status":"complete","name":"Street Address","created_in_workflow":"transcribe","confidence":1.0,"data":{"value":"9th Avenue 59th and 60th Streets"},"versions":[{"data":{"value":"9th Avenue 59th and 60th Streets"},"votes":3,"confidence":1.0,"instances":[{"created":"2016-01-14T20:46:40Z","user_id":"5697dcd164376500032b0700","duration":24.831},{"created":"2016-01-14T21:02:03Z","user_id":"568ac34a3237350003b80500","duration":13.726},{"created":"2016-01-14T21:22:51Z","user_id":"566eeeda3637340003010100","duration":8.887}]}],"region":{"x":473.9277692896406,"y":557.3113314365144,"width":450.523928830893,"height":65.82417300431268,"label":"Street Address","shape":"rectangle"},"task_key":"em_record_street_address","instructions":{"mark":"Street Address","transcribe":"Enter the street address"}},{"id":"56b1764b50617568bbd70400","status":"awaiting_transcriptions","name":"Land \u0026 Building Dimensions","created_in_workflow":"transcribe","confidence":0.3333333333333333,"data":{"em_survey_land_dimensions":"200 x400.","em_survey_building_dimensions":""},"versions":[{"data":{"em_survey_land_dimensions":"200 x400.","em_survey_building_dimensions":""},"votes":1,"confidence":0.3333333333333333,"instances":[{"created":"2016-01-14T20:47:31Z","user_id":"5697dcd164376500032b0700","duration":50.341}]}],"region":{"x":441.74748865886255,"y":599.7313540392937,"width":636.2919124722027,"height":84.84004520555868,"label":"Dimension \u0026 Description","shape":"rectangle"},"task_key":"em_record_survey","instructions":{"mark":"Dimension \u0026 Description","transcribe":"Enter, as they appear, any land and building dimensions that were recorded. In the next screen, you'll enter the descriptive information."}},{"id":"56b1764b50617568bbd80400","status":"awaiting_transcriptions","name":"Stories \u0026 Materials","created_in_workflow":"transcribe","confidence":0.3333333333333333,"data":{"em_record_stories":""},"versions":[{"data":{"em_record_stories":""},"votes":1,"confidence":0.3333333333333333,"instances":[{"created":"2016-01-14T20:47:32Z","user_id":"5697dcd164376500032b0700","duration":1.819}]}],"region":{"x":441.74748865886255,"y":599.7313540392937,"width":636.2919124722027,"height":84.84004520555868,"label":"Dimension \u0026 Description","shape":"rectangle"},"task_key":"em_record_survey_stories_materials","instructions":{"mark":"Dimension \u0026 Description","transcribe":"Enter, as they appear, the number of stories and the building materials."}},{"id":"56b1764b50617568bbd90400","status":"awaiting_transcriptions","name":"Additional Info","created_in_workflow":"transcribe","confidence":0.3333333333333333,"data":{"value":"being 32 lots  R. C. Church of St. Paul the Apostle, Convent \u0026 "},"versions":[{"data":{"value":"being 32 lots  R. C. Church of St. Paul the Apostle, Convent \u0026 "},"votes":1,"confidence":0.3333333333333333,"instances":[{"created":"2016-01-14T20:54:54Z","user_id":"5697dcd164376500032b0700","duration":441.892}]}],"region":{"x":441.74748865886255,"y":599.7313540392937,"width":636.2919124722027,"height":84.84004520555868,"label":"Dimension \u0026 Description","shape":"rectangle"},"task_key":"em_record_survey_additional_info","instructions":{"mark":"Dimension \u0026 Description","transcribe":"Enter any additional information you find about the building's construction or significance."}},{"id":"56b1764b50617568bbda0400","status":"awaiting_votes","name":"Record Date","created_in_workflow":"transcribe","confidence":0.6666666666666666,"data":{"value":"1876 October 23"},"versions":[{"data":{"value":"1876 October 23"},"votes":2,"confidence":0.6666666666666666,"instances":[{"created":"2016-01-14T20:02:13Z","user_id":"5697f8cd3337650003e70000","duration":15.19},{"created":"2016-01-14T21:01:37Z","user_id":"568ac34a3237350003b80500","duration":5.893}]},{"data":{"value":"1876 October 23."},"votes":1,"confidence":0.3333333333333333,"instances":[{"created":"2016-01-14T20:46:00Z","user_id":"5697dcd164376500032b0700","duration":12.462}]}],"region":{"x":78.98796154827343,"y":235.50426341543,"width":191.6189437559967,"height":130.1855866085296,"label":"Record Date","shape":"rectangle"},"task_key":"em_record_date","instructions":{"mark":"Record Date","transcribe":"Enter the record date"}},{"id":"56b1764b50617568bbdb0400","status":"complete","name":"Record Date","created_in_workflow":"transcribe","confidence":1.0,"data":{"value":"1863 April 24"},"versions":[{"data":{"value":"1863 April 24"},"votes":3,"confidence":1.0,"instances":[{"created":"2016-01-14T20:01:58Z","user_id":"5697f8cd3337650003e70000","duration":10.0},{"created":"2016-01-14T20:45:47Z","user_id":"5697dcd164376500032b0700","duration":13.14},{"created":"2016-01-14T21:22:42Z","user_id":"566eeeda3637340003010100","duration":4.327}]}],"region":{"x":86.30166169163209,"y":134.57386480881715,"width":181.37976355529457,"height":121.40903020795457,"label":"Record Date","shape":"rectangle"},"task_key":"em_record_date","instructions":{"mark":"Record Date","transcribe":"Enter the record date"}},{"id":"56b1764b50617568bbdc0400","status":"complete","name":"Record Date","created_in_workflow":"transcribe","confidence":1.0,"data":{"value":"1860 July 24"},"versions":[{"data":{"value":"1860 July 24"},"votes":3,"confidence":1.0,"instances":[{"created":"2016-01-14T20:01:18Z","user_id":"5697f8cd3337650003e70000","duration":6.35},{"created":"2016-01-14T20:45:25Z","user_id":"5697dcd164376500032b0700","duration":9.572},{"created":"2016-01-14T21:22:38Z","user_id":"566eeeda3637340003010100","duration":6.077}]}],"region":{"x":95.07810186366247,"y":57.0476166037377,"width":188.6934636986532,"height":95.07936100622948,"label":"Record Date","shape":"rectangle"},"task_key":"em_record_date","instructions":{"mark":"Record Date","transcribe":"Enter the record date"}},{"id":"56b1764b50617568bbdd0400","status":"awaiting_votes","name":"Record Date","created_in_workflow":"transcribe","confidence":0.6666666666666666,"data":{"value":"1879 November"},"versions":[{"data":{"value":"1879 November"},"votes":2,"confidence":0.6666666666666666,"instances":[{"created":"2016-01-23T23:18:36Z","user_id":"56a3e3a239353200033f0900","duration":15.066},{"created":"2016-01-25T01:34:35Z","user_id":"56a57a086164350003a40300","duration":6.263}]},{"data":{"value":"1879 November "},"votes":1,"confidence":0.3333333333333333,"instances":[{"created":"2016-01-25T01:44:53Z","user_id":"568ae6fe32373500039f0700","duration":9.756}]}],"region":{"x":114.46977205153617,"y":737.2349511952953,"width":159.44003964321115,"height":81.76358053921945,"label":"Record Date","shape":"rectangle"},"task_key":"em_record_date","instructions":{"mark":"Record Date","transcribe":"Enter the record date"}},{"id":"56b1764b50617568bbde0400","status":"awaiting_transcriptions","name":"Record Date","created_in_workflow":"transcribe","confidence":0.3333333333333333,"data":{"value":""},"versions":[{"data":{"value":""},"votes":1,"confidence":0.3333333333333333,"instances":[{"created":"2016-01-23T23:19:02Z","user_id":"56a3e3a239353200033f0900","duration":8.612}]}],"region":{"x":727.7006937561943,"y":754.9503936454594,"width":147.17542120911799,"height":57.23450637745361,"label":"Record Date","shape":"rectangle"},"task_key":"em_record_date","instructions":{"mark":"Record Date","transcribe":"Enter the record date"}},{"id":"56b1764b50617568bbdf0400","status":"awaiting_transcriptions","name":"Valuation Date","created_in_workflow":"transcribe","confidence":0.3333333333333333,"data":{"value":"1879 November"},"versions":[{"data":{"value":"1879 November"},"votes":1,"confidence":0.3333333333333333,"instances":[{"created":"2016-01-14T20:55:14Z","user_id":"5697dcd164376500032b0700","duration":12.012}]}],"region":{"x":96.5408418923342,"y":740.1562564484942,"width":811.8207159128103,"height":81.91452640536704,"label":"Valuation","shape":"rectangle"},"task_key":"em_record_valuation","instructions":{"mark":"Valuation","transcribe":"Enter the date of the valuation (if one is given). In the next screen, you'll enter the valuation's dollar amounts."}},{"id":"56b1764b50617568bbe00400","status":"awaiting_transcriptions","name":"Land \u0026 Building Value","created_in_workflow":"transcribe","confidence":0.3333333333333333,"data":{"em_valuation_ground":""},"versions":[{"data":{"em_valuation_ground":""},"votes":1,"confidence":0.3333333333333333,"instances":[{"created":"2016-01-14T20:55:15Z","user_id":"5697dcd164376500032b0700","duration":0.854}]}],"region":{"x":96.5408418923342,"y":740.1562564484942,"width":811.8207159128103,"height":81.91452640536704,"label":"Valuation","shape":"rectangle"},"task_key":"em_record_valuation_ground_building","instructions":{"mark":"Valuation","transcribe":"Sometimes valuations include itemized dollar values for \"ground\" and \"building\". Enter these amounts if you can find them. In the next screen, you'll enter the total valuation."}},{"id":"56b1764b50617568bbe10400","status":"awaiting_transcriptions","name":"Total Value","created_in_workflow":"transcribe","confidence":0.3333333333333333,"data":{"value":"$200,000."},"versions":[{"data":{"value":"$200,000."},"votes":1,"confidence":0.3333333333333333,"instances":[{"created":"2016-01-14T20:55:25Z","user_id":"5697dcd164376500032b0700","duration":9.95}]}],"region":{"x":96.5408418923342,"y":740.1562564484942,"width":811.8207159128103,"height":81.91452640536704,"label":"Valuation","shape":"rectangle"},"task_key":"em_record_valuation_total","instructions":{"mark":"Valuation","transcribe":"Enter the valuation ***total*** (if one is given)"}},{"id":"56b1764b50617568bbe20400","status":"awaiting_transcriptions","name":"Valuation Date","created_in_workflow":"transcribe","confidence":0.3333333333333333,"data":{"value":""},"versions":[{"data":{"value":""},"votes":1,"confidence":0.3333333333333333,"instances":[{"created":"2016-01-23T23:18:40Z","user_id":"56a3e3a239353200033f0900","duration":3.714}]}],"region":{"x":716.798810703667,"y":754.9503936454594,"width":151.26362735381565,"height":49.05814832353167,"label":"Valuation","shape":"rectangle"},"task_key":"em_record_valuation","instructions":{"mark":"Valuation","transcribe":"Enter the date of the valuation (if one is given). In the next screen, you'll enter the valuation's dollar amounts."}},{"id":"56b1764b50617568bbe30400","status":"awaiting_transcriptions","name":"Land \u0026 Building Value","created_in_workflow":"transcribe","confidence":0.3333333333333333,"data":{"em_valuation_ground":""},"versions":[{"data":{"em_valuation_ground":""},"votes":1,"confidence":0.3333333333333333,"instances":[{"created":"2016-01-23T23:18:43Z","user_id":"56a3e3a239353200033f0900","duration":3.18}]}],"region":{"x":716.798810703667,"y":754.9503936454594,"width":151.26362735381565,"height":49.05814832353167,"label":"Valuation","shape":"rectangle"},"task_key":"em_record_valuation_ground_building","instructions":{"mark":"Valuation","transcribe":"Sometimes valuations include itemized dollar values for \"ground\" and \"building\". Enter these amounts if you can find them. In the next screen, you'll enter the total valuation."}},{"id":"56b1764b50617568bbe40400","status":"awaiting_transcriptions","name":"Total Value","created_in_workflow":"transcribe","confidence":0.3333333333333333,"data":{"value":"$200,000."},"versions":[{"data":{"value":"$200,000."},"votes":1,"confidence":0.3333333333333333,"instances":[{"created":"2016-01-23T23:18:53Z","user_id":"56a3e3a239353200033f0900","duration":10.056}]}],"region":{"x":716.798810703667,"y":754.9503936454594,"width":151.26362735381565,"height":49.05814832353167,"label":"Valuation","shape":"rectangle"},"task_key":"em_record_valuation_total","instructions":{"mark":"Valuation","transcribe":"Enter the valuation ***total*** (if one is given)"}},{"id":"56b1764b50617568bbe50400","status":"awaiting_votes","name":"Amount Loaned","created_in_workflow":"transcribe","confidence":0.3333333333333333,"data":{"value":"$60,000."},"versions":[{"data":{"value":"$60,000."},"votes":1,"confidence":0.3333333333333333,"instances":[{"created":"2016-01-14T20:55:02Z","user_id":"5697dcd164376500032b0700","duration":7.997}]},{"data":{"value":"60000"},"votes":1,"confidence":0.3333333333333333,"instances":[{"created":"2016-01-14T21:02:14Z","user_id":"568ac34a3237350003b80500","duration":2.581}]},{"data":{"value":"$60,000"},"votes":1,"confidence":0.3333333333333333,"instances":[{"created":"2016-01-14T21:23:06Z","user_id":"566eeeda3637340003010100","duration":4.206}]}],"region":{"x":1148.2509225073084,"y":715.2893466468649,"width":165.2896232399055,"height":59.973135403929405,"label":"Amount Loaned","shape":"rectangle"},"task_key":"em_record_amount_loaned","instructions":{"mark":"Amount Loaned","transcribe":"Enter the Amount Loaned"}}]}]}