{"id":"56b100857061755afb020f00","meta_data":{"capture_uuid":"e2299fd0-00b1-0133-8dc5-58d385a7bbd0","page_uri":"http://digitalcollections.nypl.org/items/e2299fd0-00b1-0133-8dc5-58d385a7bbd0","book_uri":"http://digitalcollections.nypl.org/items/df712aa0-00b1-0133-fbd7-58d385a7bbd0","source_rotated":"0.923143","source_x":"1219.18","source_y":"0","source_w":"1374.82","source_h":"999.5999999999999"},"type":"final_subject_set","search_terms_by_field":{"Record Number":["453"],"Mortgager":["Louis F. Duparquet"],"Street Address":["218 Greene St"],"Land \u0026 Building Dimensions":["25x100","25x3h4"],"Stories \u0026 Materials":["3","brick"],"Additional Info":["building"],"Record Date":["1871 March 18"],"Valuation Date":["1879 November","1879 November","1879 November"],"Land \u0026 Building Value":["22000","22000"],"Total Value":["$22000","22000","22000"],"Amount Loaned":["$15,000"]},"subjects":[{"id":"56b176d350617568bbe20d00","type":"root","location":{"standard":"https://s3.amazonaws.com/scribe.nypl.org/emigrant-s4/full/e2299fd0-00b1-0133-8dc5-58d385a7bbd0.right-top.jpg","thumbnail":"https://s3.amazonaws.com/scribe.nypl.org/emigrant-s4/thumb/e2299fd0-00b1-0133-8dc5-58d385a7bbd0.right-top.jpg"},"status":"retired","width":1374,"height":999,"meta_data":{"capture_uuid":"e2299fd0-00b1-0133-8dc5-58d385a7bbd0","page_uri":"http://digitalcollections.nypl.org/items/e2299fd0-00b1-0133-8dc5-58d385a7bbd0","book_uri":"http://digitalcollections.nypl.org/items/df712aa0-00b1-0133-fbd7-58d385a7bbd0","source_rotated":"0.923143","source_x":"1219.18","source_y":"0","source_w":"1374.82","source_h":"999.5999999999999"},"assertions":[{"id":"56b176d350617568bbe30d00","status":"awaiting_votes","name":"Record Number","created_in_workflow":"transcribe","confidence":0.6666666666666666,"data":{"value":"453"},"versions":[{"data":{"value":"453"},"votes":2,"confidence":0.6666666666666666,"instances":[{"created":"2015-12-04T18:24:01Z","user_id":"5661d8f23264310003f80300","duration":4.616},{"created":"2015-12-04T19:06:17Z","user_id":"5661e32f3264310003e80400","duration":5.974}]},{"data":{"value":"53"},"votes":1,"confidence":0.3333333333333333,"instances":[{"created":"2015-12-04T18:25:17Z","user_id":"5661d8e239636300034f0300","duration":5.965}]}],"region":{"x":978.2831642978007,"y":33.490957212174685,"width":106.64225513125996,"height":54.6431407146008,"label":"Record Number","shape":"rectangle"},"task_key":"em_record_number","instructions":{"mark":"Record Number","transcribe":"Enter the record number"}},{"id":"56b176d350617568bbe40d00","status":"complete","name":"Mortgager","created_in_workflow":"verify","confidence":1.0,"data":{"value":"Louis F. Duparquet"},"versions":[{"data":{"value":"Louis F. Duparquet"},"votes":3,"confidence":1.0,"instances":[{"created":"2015-12-04T20:20:25Z","user_id":"5647496e3562310003960400","duration":9.775},{"created":"2015-12-27T22:05:01Z","user_id":"56748e5e3564620003fd0100","duration":23.76},{"created":"2015-12-28T19:39:03Z","user_id":"563bfc7535326200037f3900","duration":13.209}]}],"region":{"x":465.34273052595563,"y":534.0926334362595,"width":386.0273367561308,"height":66.98191442434927,"label":"Mortgager Name","shape":"rectangle"},"task_key":"em_transcribed_mortgager","instructions":{"mark":"Mortgager Name","transcribe":"Enter the mortgager's name","verify":"Choose the best transcription or enter your own!"}},{"id":"56b176d350617568bbe50d00","status":"awaiting_votes","name":"Street Address","created_in_workflow":"transcribe","confidence":0.25,"data":{"value":"218 Greene St"},"versions":[{"data":{"value":"218 Greene St"},"votes":1,"confidence":0.25,"instances":[{"created":"2015-12-04T18:26:30Z","user_id":"5661d8e239636300034f0300","duration":24.44}]},{"data":{"value":"No. 28 Greene St."},"votes":1,"confidence":0.25,"instances":[{"created":"2015-12-04T19:10:35Z","user_id":"5661e3cb39636300031f0400","duration":35.27}]},{"data":{"value":"no. 28 Greene Street"},"votes":1,"confidence":0.25,"instances":[{"created":"2015-12-04T21:06:50Z","user_id":"564e49d539646600031a0b00","duration":6.531}]},{"data":{"value":"No. 28 Greene Street"},"votes":1,"confidence":0.25,"instances":[{"created":"2015-12-04T21:59:18Z","user_id":"566201f43264310003940600","duration":440.239}]}],"region":{"x":476.8001628954299,"y":569.3462726069696,"width":339.31626632673596,"height":55.52448169386855,"label":"Street Address","shape":"rectangle"},"task_key":"em_record_street_address","instructions":{"mark":"Street Address","transcribe":"Enter the street address"}},{"id":"56b176d350617568bbe60d00","status":"awaiting_votes","name":"Land \u0026 Building Dimensions","created_in_workflow":"transcribe","confidence":0.3333333333333333,"data":{"em_survey_land_dimensions":"25x100","em_survey_building_dimensions":"25x3h4"},"versions":[{"data":{"em_survey_land_dimensions":"25x100","em_survey_building_dimensions":"25x3h4"},"votes":1,"confidence":0.3333333333333333,"instances":[{"created":"2015-12-04T16:32:20Z","user_id":"56614d5532643100031e0000","duration":12.784}]},{"data":{"em_survey_land_dimensions":"25 x 100","em_survey_building_dimensions":"25 x 36.4"},"votes":1,"confidence":0.3333333333333333,"instances":[{"created":"2015-12-04T21:07:04Z","user_id":"564e49d539646600031a0b00","duration":13.837}]},{"data":{"em_survey_land_dimensions":"25x100","em_survey_building_dimensions":"25x31.4"},"votes":1,"confidence":0.3333333333333333,"instances":[{"created":"2015-12-04T22:06:04Z","user_id":"566201f43264310003940600","duration":406.06}]}],"region":{"x":289.07454022635255,"y":608.1252756947508,"width":706.8354431014084,"height":89.01543890604319,"label":"Dimension \u0026 Description","shape":"rectangle"},"task_key":"em_record_survey","instructions":{"mark":"Dimension \u0026 Description","transcribe":"Enter, as they appear, any land and building dimensions that were recorded. In the next screen, you'll enter the descriptive information."}},{"id":"56b176d350617568bbe70d00","status":"awaiting_votes","name":"Stories \u0026 Materials","created_in_workflow":"transcribe","confidence":0.6666666666666666,"data":{"em_record_stories":"3","em_record_material":"brick"},"versions":[{"data":{"em_record_stories":"3","em_record_material":"brick"},"votes":2,"confidence":0.6666666666666666,"instances":[{"created":"2015-12-04T21:07:07Z","user_id":"564e49d539646600031a0b00","duration":3.566},{"created":"2015-12-04T22:13:41Z","user_id":"566201f43264310003940600","duration":457.107}]},{"data":{"em_record_stories":"3","em_record_material":"stray brick building"},"votes":1,"confidence":0.3333333333333333,"instances":[{"created":"2015-12-04T16:32:34Z","user_id":"56614d5532643100031e0000","duration":14.084}]}],"region":{"x":289.07454022635255,"y":608.1252756947508,"width":706.8354431014084,"height":89.01543890604319,"label":"Dimension \u0026 Description","shape":"rectangle"},"task_key":"em_record_survey_stories_materials","instructions":{"mark":"Dimension \u0026 Description","transcribe":"Enter, as they appear, the number of stories and the building materials."}},{"id":"56b176d350617568bbe80d00","status":"awaiting_transcriptions","name":"Additional Info","created_in_workflow":"transcribe","confidence":0.3333333333333333,"data":{"value":"building"},"versions":[{"data":{"value":"building"},"votes":1,"confidence":0.3333333333333333,"instances":[{"created":"2015-12-04T21:07:09Z","user_id":"564e49d539646600031a0b00","duration":1.511}]},{"data":{"value":""},"votes":1,"confidence":0.3333333333333333,"instances":[{"created":"2015-12-04T22:20:55Z","user_id":"566201f43264310003940600","duration":434.054}]}],"region":{"x":289.07454022635255,"y":608.1252756947508,"width":706.8354431014084,"height":89.01543890604319,"label":"Dimension \u0026 Description","shape":"rectangle"},"task_key":"em_record_survey_additional_info","instructions":{"mark":"Dimension \u0026 Description","transcribe":"Enter any additional information you find about the building's construction or significance."}},{"id":"56b176d350617568bbe90d00","status":"awaiting_votes","name":"Record Date","created_in_workflow":"transcribe","confidence":0.3333333333333333,"data":{"value":"1871 March 18"},"versions":[{"data":{"value":"1871 March 18"},"votes":1,"confidence":0.3333333333333333,"instances":[{"created":"2015-12-04T18:24:41Z","user_id":"5661d8f23264310003f80300","duration":11.831}]},{"data":{"value":"1870 March 18"},"votes":1,"confidence":0.3333333333333333,"instances":[{"created":"2015-12-04T18:25:39Z","user_id":"5661d8e239636300034f0300","duration":10.251}]},{"data":{"value":"1840 March 18"},"votes":1,"confidence":0.3333333333333333,"instances":[{"created":"2015-12-04T19:07:46Z","user_id":"5661e32f3264310003e80400","duration":19.678}]}],"region":{"x":137.48389656869386,"y":84.60873400970446,"width":151.5906436576587,"height":104.87957653286283,"label":"Record Date","shape":"rectangle"},"task_key":"em_record_date","instructions":{"mark":"Record Date","transcribe":"Enter the record date"}},{"id":"56b176d350617568bbea0d00","status":"awaiting_transcriptions","name":"Valuation Date","created_in_workflow":"transcribe","confidence":0.3333333333333333,"data":{"value":"1879 November"},"versions":[{"data":{"value":"1879 November"},"votes":1,"confidence":0.3333333333333333,"instances":[{"created":"2016-01-19T21:23:10Z","user_id":"569e818a3961630003170000","duration":14.248}]}],"region":{"x":112.55106382978724,"y":729.3891156578012,"width":730.8510638297872,"height":97.93400951717979,"label":"Valuation","shape":"rectangle"},"task_key":"em_record_valuation","instructions":{"mark":"Valuation","transcribe":"Enter the date of the valuation (if one is given). In the next screen, you'll enter the valuation's dollar amounts."}},{"id":"56b176d350617568bbeb0d00","status":"awaiting_transcriptions","name":"Land \u0026 Building Value","created_in_workflow":"transcribe","confidence":0.3333333333333333,"data":{"em_valuation_ground":""},"versions":[{"data":{"em_valuation_ground":""},"votes":1,"confidence":0.3333333333333333,"instances":[{"created":"2016-01-19T21:23:11Z","user_id":"569e818a3961630003170000","duration":1.356}]}],"region":{"x":112.55106382978724,"y":729.3891156578012,"width":730.8510638297872,"height":97.93400951717979,"label":"Valuation","shape":"rectangle"},"task_key":"em_record_valuation_ground_building","instructions":{"mark":"Valuation","transcribe":"Sometimes valuations include itemized dollar values for \"ground\" and \"building\". Enter these amounts if you can find them. In the next screen, you'll enter the total valuation."}},{"id":"56b176d350617568bbec0d00","status":"awaiting_transcriptions","name":"Total Value","created_in_workflow":"transcribe","confidence":0.3333333333333333,"data":{"value":"$22000"},"versions":[{"data":{"value":"$22000"},"votes":1,"confidence":0.3333333333333333,"instances":[{"created":"2016-01-19T21:23:16Z","user_id":"569e818a3961630003170000","duration":4.844}]}],"region":{"x":112.55106382978724,"y":729.3891156578012,"width":730.8510638297872,"height":97.93400951717979,"label":"Valuation","shape":"rectangle"},"task_key":"em_record_valuation_total","instructions":{"mark":"Valuation","transcribe":"Enter the valuation ***total*** (if one is given)"}},{"id":"56b176d350617568bbed0d00","status":"awaiting_transcriptions","name":"Valuation Date","created_in_workflow":"transcribe","confidence":0.3333333333333333,"data":{"value":"1879 November"},"versions":[{"data":{"value":"1879 November"},"votes":1,"confidence":0.3333333333333333,"instances":[{"created":"2015-12-04T16:32:50Z","user_id":"56614d5532643100031e0000","duration":7.397}]}],"region":{"x":129.55182800521172,"y":747.3771504190561,"width":693.6153288289382,"height":105.76091751213062,"label":"Valuation","shape":"rectangle"},"task_key":"em_record_valuation","instructions":{"mark":"Valuation","transcribe":"Enter the date of the valuation (if one is given). In the next screen, you'll enter the valuation's dollar amounts."}},{"id":"56b176d350617568bbee0d00","status":"awaiting_transcriptions","name":"Land \u0026 Building Value","created_in_workflow":"transcribe","confidence":0.3333333333333333,"data":{"em_valuation_ground":"22000"},"versions":[{"data":{"em_valuation_ground":"22000"},"votes":1,"confidence":0.3333333333333333,"instances":[{"created":"2015-12-04T16:33:01Z","user_id":"56614d5532643100031e0000","duration":11.46}]}],"region":{"x":129.55182800521172,"y":747.3771504190561,"width":693.6153288289382,"height":105.76091751213062,"label":"Valuation","shape":"rectangle"},"task_key":"em_record_valuation_ground_building","instructions":{"mark":"Valuation","transcribe":"Sometimes valuations include itemized dollar values for \"ground\" and \"building\". Enter these amounts if you can find them. In the next screen, you'll enter the total valuation."}},{"id":"56b176d350617568bbef0d00","status":"awaiting_transcriptions","name":"Total Value","created_in_workflow":"transcribe","confidence":0.3333333333333333,"data":{"value":"22000"},"versions":[{"data":{"value":"22000"},"votes":1,"confidence":0.3333333333333333,"instances":[{"created":"2015-12-04T16:33:05Z","user_id":"56614d5532643100031e0000","duration":3.591}]}],"region":{"x":129.55182800521172,"y":747.3771504190561,"width":693.6153288289382,"height":105.76091751213062,"label":"Valuation","shape":"rectangle"},"task_key":"em_record_valuation_total","instructions":{"mark":"Valuation","transcribe":"Enter the valuation ***total*** (if one is given)"}},{"id":"56b176d350617568bbf00d00","status":"awaiting_transcriptions","name":"Valuation Date","created_in_workflow":"transcribe","confidence":0.3333333333333333,"data":{"value":"1879 November"},"versions":[{"data":{"value":"1879 November"},"votes":1,"confidence":0.3333333333333333,"instances":[{"created":"2015-12-04T16:33:13Z","user_id":"56614d5532643100031e0000","duration":7.702}]}],"region":{"x":660.1190808070171,"y":761.4786060873402,"width":139.25187033668647,"height":75.79532421702697,"label":"Valuation","shape":"rectangle"},"task_key":"em_record_valuation","instructions":{"mark":"Valuation","transcribe":"Enter the date of the valuation (if one is given). In the next screen, you'll enter the valuation's dollar amounts."}},{"id":"56b176d350617568bbf10d00","status":"awaiting_transcriptions","name":"Land \u0026 Building Value","created_in_workflow":"transcribe","confidence":0.3333333333333333,"data":{"em_valuation_ground":"22000"},"versions":[{"data":{"em_valuation_ground":"22000"},"votes":1,"confidence":0.3333333333333333,"instances":[{"created":"2015-12-04T16:33:19Z","user_id":"56614d5532643100031e0000","duration":6.311}]}],"region":{"x":660.1190808070171,"y":761.4786060873402,"width":139.25187033668647,"height":75.79532421702697,"label":"Valuation","shape":"rectangle"},"task_key":"em_record_valuation_ground_building","instructions":{"mark":"Valuation","transcribe":"Sometimes valuations include itemized dollar values for \"ground\" and \"building\". Enter these amounts if you can find them. In the next screen, you'll enter the total valuation."}},{"id":"56b176d350617568bbf20d00","status":"awaiting_transcriptions","name":"Total Value","created_in_workflow":"transcribe","confidence":0.3333333333333333,"data":{"value":"22000"},"versions":[{"data":{"value":"22000"},"votes":1,"confidence":0.3333333333333333,"instances":[{"created":"2015-12-04T16:33:24Z","user_id":"56614d5532643100031e0000","duration":4.485}]}],"region":{"x":660.1190808070171,"y":761.4786060873402,"width":139.25187033668647,"height":75.79532421702697,"label":"Valuation","shape":"rectangle"},"task_key":"em_record_valuation_total","instructions":{"mark":"Valuation","transcribe":"Enter the valuation ***total*** (if one is given)"}},{"id":"56b176d350617568bbf30d00","status":"awaiting_votes","name":"Amount Loaned","created_in_workflow":"transcribe","confidence":0.5,"data":{"value":"$15,000"},"versions":[{"data":{"value":"$15,000"},"votes":2,"confidence":0.5,"instances":[{"created":"2015-12-04T18:28:22Z","user_id":"5661d8e239636300034f0300","duration":6.283},{"created":"2015-12-04T19:11:16Z","user_id":"5661e3cb39636300031f0400","duration":15.797}]},{"data":{"value":"$15000"},"votes":1,"confidence":0.25,"instances":[{"created":"2015-12-04T21:07:20Z","user_id":"564e49d539646600031a0b00","duration":5.007}]},{"data":{"value":"15000"},"votes":1,"confidence":0.25,"instances":[{"created":"2015-12-04T22:41:34Z","user_id":"566201f43264310003940600","duration":757.556}]}],"region":{"x":1183.6356059968384,"y":730.6316718129688,"width":132.20114272470232,"height":59.04984561093954,"label":"Amount Loaned","shape":"rectangle"},"task_key":"em_record_amount_loaned","instructions":{"mark":"Amount Loaned","transcribe":"Enter the Amount Loaned"}}]}]}