{"id":"56b100587061755afbac0b00","meta_data":{"capture_uuid":"e1ad1ce0-00b1-0133-8dd4-58d385a7bbd0","page_uri":"http://digitalcollections.nypl.org/items/e1ad1ce0-00b1-0133-8dd4-58d385a7bbd0","book_uri":"http://digitalcollections.nypl.org/items/df712aa0-00b1-0133-fbd7-58d385a7bbd0","source_rotated":"0.587485","source_x":"0","source_y":"0","source_w":"1367.43","source_h":"972.48"},"type":"final_subject_set","search_terms_by_field":{"Valuation Date":["Valuation of these Premises $ paid off","1879 November "],"Land \u0026 Building Value":[],"Total Value":[],"Record Number":["373"],"Mortgager":["John W. Mitchell"],"Street Address":["Nos. 731, 738 \u0026 735 6th Street"],"Land \u0026 Building Dimensions":["42.3 1/2 x 90.10","22.5 x 45"],"Stories \u0026 Materials":["3 \u0026 basm't","bk."],"Additional Info":["houses"],"Record Date":["1868 November 21"],"Amount Loaned":["$20,000"]},"subjects":[{"id":"56b176a450617568bbc20a00","type":"root","location":{"standard":"https://s3.amazonaws.com/scribe.nypl.org/emigrant-s4/full/e1ad1ce0-00b1-0133-8dd4-58d385a7bbd0.left-top.jpg","thumbnail":"https://s3.amazonaws.com/scribe.nypl.org/emigrant-s4/thumb/e1ad1ce0-00b1-0133-8dd4-58d385a7bbd0.left-top.jpg"},"status":"retired","width":1367,"height":972,"meta_data":{"capture_uuid":"e1ad1ce0-00b1-0133-8dd4-58d385a7bbd0","page_uri":"http://digitalcollections.nypl.org/items/e1ad1ce0-00b1-0133-8dd4-58d385a7bbd0","book_uri":"http://digitalcollections.nypl.org/items/df712aa0-00b1-0133-fbd7-58d385a7bbd0","source_rotated":"0.587485","source_x":"0","source_y":"0","source_w":"1367.43","source_h":"972.48"},"assertions":[{"id":"56b176a450617568bbc30a00","status":"awaiting_transcriptions","name":"Valuation Date","created_in_workflow":"transcribe","confidence":0.3333333333333333,"data":{"value":"Valuation of these Premises $ paid off"},"versions":[{"data":{"value":"Valuation of these Premises $ paid off"},"votes":1,"confidence":0.3333333333333333,"instances":[{"created":"2015-11-25T20:33:09Z","user_id":"5655d2873437330003e50000","duration":12.35}]}],"region":{"x":269.84840165433127,"y":771.6307571074193,"width":515.02956738111,"height":54.74262989262911,"label":"Valuation","shape":"rectangle"},"task_key":"em_record_valuation","instructions":{"mark":"Valuation","transcribe":"Enter the date of the valuation (if one is given). In the next screen, you'll enter the valuation's dollar amounts."}},{"id":"56b176a450617568bbc40a00","status":"awaiting_transcriptions","name":"Land \u0026 Building Value","created_in_workflow":"transcribe","confidence":0.3333333333333333,"data":{"em_valuation_ground":""},"versions":[{"data":{"em_valuation_ground":""},"votes":1,"confidence":0.3333333333333333,"instances":[{"created":"2015-11-25T20:33:11Z","user_id":"5655d2873437330003e50000","duration":2.142}]}],"region":{"x":269.84840165433127,"y":771.6307571074193,"width":515.02956738111,"height":54.74262989262911,"label":"Valuation","shape":"rectangle"},"task_key":"em_record_valuation_ground_building","instructions":{"mark":"Valuation","transcribe":"Sometimes valuations include itemized dollar values for \"ground\" and \"building\". Enter these amounts if you can find them. In the next screen, you'll enter the total valuation."}},{"id":"56b176a450617568bbc50a00","status":"awaiting_transcriptions","name":"Total Value","created_in_workflow":"transcribe","confidence":0.3333333333333333,"data":{"value":""},"versions":[{"data":{"value":""},"votes":1,"confidence":0.3333333333333333,"instances":[{"created":"2015-11-25T20:33:12Z","user_id":"5655d2873437330003e50000","duration":0.912}]}],"region":{"x":269.84840165433127,"y":771.6307571074193,"width":515.02956738111,"height":54.74262989262911,"label":"Valuation","shape":"rectangle"},"task_key":"em_record_valuation_total","instructions":{"mark":"Valuation","transcribe":"Enter the valuation ***total*** (if one is given)"}},{"id":"56b176a450617568bbc60a00","status":"complete","name":"Record Number","created_in_workflow":"transcribe","confidence":1.0,"data":{"value":"373"},"versions":[{"data":{"value":"373"},"votes":3,"confidence":1.0,"instances":[{"created":"2015-11-25T17:02:59Z","user_id":"5655d2873437330003e50000","duration":4.064},{"created":"2015-11-25T18:46:47Z","user_id":"5655e5253437330003fd0100","duration":3.32},{"created":"2015-11-25T20:40:19Z","user_id":"565e4fed3862380003f10900","duration":6.043}]}],"region":{"x":521.4433052600459,"y":21.21291808396672,"width":498.7498971477992,"height":59.18122150554496,"label":"Record Number","shape":"rectangle"},"task_key":"em_record_number","instructions":{"mark":"Record Number","transcribe":"Enter the record number"}},{"id":"56b176a450617568bbc70a00","status":"awaiting_votes","name":"Mortgager","created_in_workflow":"transcribe","confidence":0.6666666666666666,"data":{"value":"John W. Mitchell"},"versions":[{"data":{"value":"John W. Mitchell"},"votes":2,"confidence":0.6666666666666666,"instances":[{"created":"2015-11-25T18:31:32Z","user_id":"5655d2873437330003e50000","duration":5.799},{"created":"2015-11-25T20:41:08Z","user_id":"565e4fed3862380003f10900","duration":7.366}]},{"data":{"value":"John W. Mithell"},"votes":1,"confidence":0.3333333333333333,"instances":[{"created":"2015-11-25T18:48:01Z","user_id":"5655e5253437330003fd0100","duration":5.902}]}],"region":{"x":215.08951086955804,"y":510.93752604235135,"width":663.0265695021188,"height":76.93558795720844,"label":"Mortgager Name","shape":"rectangle"},"task_key":"em_record_mortgager","instructions":{"mark":"Mortgager Name","transcribe":"Enter the mortgager's name"}},{"id":"56b176a450617568bbc80a00","status":"awaiting_votes","name":"Street Address","created_in_workflow":"transcribe","confidence":0.3333333333333333,"data":{"value":"Nos. 731, 738 \u0026 735 6th Street"},"versions":[{"data":{"value":"Nos. 731, 738 \u0026 735 6th Street"},"votes":1,"confidence":0.3333333333333333,"instances":[{"created":"2015-11-25T20:32:23Z","user_id":"5655d2873437330003e50000","duration":13.917}]},{"data":{"value":"731, 733, 735 6th Street"},"votes":1,"confidence":0.3333333333333333,"instances":[{"created":"2015-11-25T20:42:54Z","user_id":"565e4fed3862380003f10900","duration":33.998}]},{"data":{"value":"Nos. 731, 733, 735 10th Street"},"votes":1,"confidence":0.3333333333333333,"instances":[{"created":"2015-11-25T22:18:18Z","user_id":"5656341c3262660003a90d00","duration":22.374}]}],"region":{"x":221.00939095439838,"y":573.0778086231736,"width":802.1437514958668,"height":48.8245077420745,"label":"Street Address","shape":"rectangle"},"task_key":"em_record_street_address","instructions":{"mark":"Street Address","transcribe":"Enter the street address"}},{"id":"56b176a450617568bbc90a00","status":"awaiting_transcriptions","name":"Land \u0026 Building Dimensions","created_in_workflow":"transcribe","confidence":0.3333333333333333,"data":{"em_survey_land_dimensions":"42.3 1/2 x 90.10","em_survey_building_dimensions":"22.5 x 45"},"versions":[{"data":{"em_survey_land_dimensions":"42.3 1/2 x 90.10","em_survey_building_dimensions":"22.5 x 45"},"votes":1,"confidence":0.3333333333333333,"instances":[{"created":"2015-11-28T17:18:13Z","user_id":"5647496e3562310003960400","duration":29.822}]}],"region":{"x":198.35232977240895,"y":598.3763618004996,"width":864.5051376886993,"height":109.09624275920703,"label":"Dimension \u0026 Description","shape":"rectangle"},"task_key":"em_record_survey","instructions":{"mark":"Dimension \u0026 Description","transcribe":"Enter, as they appear, any land and building dimensions that were recorded. In the next screen, you'll enter the descriptive information."}},{"id":"56b176a450617568bbca0a00","status":"awaiting_transcriptions","name":"Stories \u0026 Materials","created_in_workflow":"transcribe","confidence":0.3333333333333333,"data":{"em_record_stories":"3 \u0026 basm't","em_record_material":"bk."},"versions":[{"data":{"em_record_stories":"3 \u0026 basm't","em_record_material":"bk."},"votes":1,"confidence":0.3333333333333333,"instances":[{"created":"2015-11-28T17:18:39Z","user_id":"5647496e3562310003960400","duration":26.008}]}],"region":{"x":198.35232977240895,"y":598.3763618004996,"width":864.5051376886993,"height":109.09624275920703,"label":"Dimension \u0026 Description","shape":"rectangle"},"task_key":"em_record_survey_stories_materials","instructions":{"mark":"Dimension \u0026 Description","transcribe":"Enter, as they appear, the number of stories and the building materials."}},{"id":"56b176a450617568bbcb0a00","status":"awaiting_transcriptions","name":"Additional Info","created_in_workflow":"transcribe","confidence":0.3333333333333333,"data":{"value":"houses"},"versions":[{"data":{"value":"houses"},"votes":1,"confidence":0.3333333333333333,"instances":[{"created":"2015-11-28T17:18:44Z","user_id":"5647496e3562310003960400","duration":5.398}]}],"region":{"x":198.35232977240895,"y":598.3763618004996,"width":864.5051376886993,"height":109.09624275920703,"label":"Dimension \u0026 Description","shape":"rectangle"},"task_key":"em_record_survey_additional_info","instructions":{"mark":"Dimension \u0026 Description","transcribe":"Enter any additional information you find about the building's construction or significance."}},{"id":"56b176a450617568bbcc0a00","status":"awaiting_votes","name":"Record Date","created_in_workflow":"transcribe","confidence":0.6666666666666666,"data":{"value":"1868 November 21"},"versions":[{"data":{"value":"1868 November 21"},"votes":2,"confidence":0.6666666666666666,"instances":[{"created":"2015-11-25T18:30:53Z","user_id":"5655d2873437330003e50000","duration":8.398},{"created":"2015-12-27T20:44:25Z","user_id":"568047983564660003300b00","duration":5.321}]},{"data":{"value":"1868 Novemb 21"},"votes":1,"confidence":0.3333333333333333,"instances":[{"created":"2015-12-27T17:51:21Z","user_id":"56748e5e3564620003fd0100","duration":21.71}]}],"region":{"x":40.453048366767845,"y":74.47601743895719,"width":180.55634258763052,"height":115.4033819358127,"label":"Record Date","shape":"rectangle"},"task_key":"em_record_date","instructions":{"mark":"Record Date","transcribe":"Enter the record date"}},{"id":"56b176a450617568bbcd0a00","status":"awaiting_transcriptions","name":"Valuation Date","created_in_workflow":"transcribe","confidence":0.3333333333333333,"data":{"value":"1879 November "},"versions":[{"data":{"value":"1879 November "},"votes":1,"confidence":0.3333333333333333,"instances":[{"created":"2015-11-28T17:22:32Z","user_id":"5647496e3562310003960400","duration":6.582}]}],"region":{"x":29.749033320693243,"y":727.3082850613806,"width":737.2261786026,"height":117.36110963490466,"label":"Valuation","shape":"rectangle"},"task_key":"em_record_valuation","instructions":{"mark":"Valuation","transcribe":"Enter the date of the valuation (if one is given). In the next screen, you'll enter the valuation's dollar amounts."}},{"id":"56b176a450617568bbce0a00","status":"awaiting_transcriptions","name":"Land \u0026 Building Value","created_in_workflow":"transcribe","confidence":0.3333333333333333,"data":{"em_valuation_ground":""},"versions":[{"data":{"em_valuation_ground":""},"votes":1,"confidence":0.3333333333333333,"instances":[{"created":"2015-11-28T17:22:43Z","user_id":"5647496e3562310003960400","duration":11.436}]}],"region":{"x":29.749033320693243,"y":727.3082850613806,"width":737.2261786026,"height":117.36110963490466,"label":"Valuation","shape":"rectangle"},"task_key":"em_record_valuation_ground_building","instructions":{"mark":"Valuation","transcribe":"Sometimes valuations include itemized dollar values for \"ground\" and \"building\". Enter these amounts if you can find them. In the next screen, you'll enter the total valuation."}},{"id":"56b176a450617568bbcf0a00","status":"awaiting_transcriptions","name":"Total Value","created_in_workflow":"transcribe","confidence":0.3333333333333333,"data":{"value":""},"versions":[{"data":{"value":""},"votes":1,"confidence":0.3333333333333333,"instances":[{"created":"2015-11-28T17:22:52Z","user_id":"5647496e3562310003960400","duration":8.928}]}],"region":{"x":29.749033320693243,"y":727.3082850613806,"width":737.2261786026,"height":117.36110963490466,"label":"Valuation","shape":"rectangle"},"task_key":"em_record_valuation_total","instructions":{"mark":"Valuation","transcribe":"Enter the valuation ***total*** (if one is given)"}},{"id":"56b176a450617568bbd00a00","status":"complete","name":"Amount Loaned","created_in_workflow":"transcribe","confidence":1.0,"data":{"value":"$20,000"},"versions":[{"data":{"value":"$20,000"},"votes":3,"confidence":1.0,"instances":[{"created":"2015-11-25T20:32:50Z","user_id":"5655d2873437330003e50000","duration":2.911},{"created":"2015-11-25T22:19:33Z","user_id":"5656341c3262660003a90d00","duration":6.466},{"created":"2015-11-25T22:21:46Z","user_id":"5656341c3262660003a90d00","duration":5.508}]}],"region":{"x":226.92927103923876,"y":728.7243715158992,"width":448.43091642665615,"height":56.22216043026776,"label":"Amount Loaned","shape":"rectangle"},"task_key":"em_record_amount_loaned","instructions":{"mark":"Amount Loaned","transcribe":"Enter the Amount Loaned"}}]}]}