{"id":"56b1004f7061755afbf80a00","meta_data":{"capture_uuid":"e1904fa0-00b1-0133-41e8-58d385a7bbd0","page_uri":"http://digitalcollections.nypl.org/items/e1904fa0-00b1-0133-41e8-58d385a7bbd0","book_uri":"http://digitalcollections.nypl.org/items/df712aa0-00b1-0133-fbd7-58d385a7bbd0","source_rotated":"1.34262","source_x":"0","source_y":"976.66","source_w":"1381.21","source_h":"1101.34"},"type":"final_subject_set","search_terms_by_field":{"Record Number":["359"],"Mortgager":["Michael Halpin"],"Street Address":["No. 36 Greenwich St."],"Stories \u0026 Materials":["3","Brick"],"Additional Info":["Boarding house"],"Land \u0026 Building Dimensions":["25 x about 90","25 x about 90"],"Record Date":["1868 September 21","1879 November","1868 Sept 24  !869 March 4"],"Valuation Date":["$17000"],"Land \u0026 Building Value":[],"Total Value":["$17000"],"Amount Loaned":["$10,000"]},"subjects":[{"id":"56b1769a50617568bb190a00","type":"root","location":{"standard":"https://s3.amazonaws.com/scribe.nypl.org/emigrant-s4/full/e1904fa0-00b1-0133-41e8-58d385a7bbd0.left-bottom.jpg","thumbnail":"https://s3.amazonaws.com/scribe.nypl.org/emigrant-s4/thumb/e1904fa0-00b1-0133-41e8-58d385a7bbd0.left-bottom.jpg"},"status":"retired","width":1381,"height":1101,"meta_data":{"capture_uuid":"e1904fa0-00b1-0133-41e8-58d385a7bbd0","page_uri":"http://digitalcollections.nypl.org/items/e1904fa0-00b1-0133-41e8-58d385a7bbd0","book_uri":"http://digitalcollections.nypl.org/items/df712aa0-00b1-0133-fbd7-58d385a7bbd0","source_rotated":"1.34262","source_x":"0","source_y":"976.66","source_w":"1381.21","source_h":"1101.34"},"assertions":[{"id":"56b1769a50617568bb1a0a00","status":"complete","name":"Record Number","created_in_workflow":"transcribe","confidence":1.0,"data":{"value":"359"},"versions":[{"data":{"value":"359"},"votes":3,"confidence":1.0,"instances":[{"created":"2015-12-08T17:02:35Z","user_id":"566702126432620003630200","duration":10.94},{"created":"2015-12-08T17:34:04Z","user_id":"56670fd53632630003ec0400","duration":7.048},{"created":"2015-12-08T18:58:41Z","user_id":"5661e32f3264310003e80400","duration":6.977}]}],"region":{"x":860.6003758646937,"y":22.294971420918948,"width":184.92022792022794,"height":111.47485710459472,"label":"Record Number","shape":"rectangle"},"task_key":"em_record_number","instructions":{"mark":"Record Number","transcribe":"Enter the record number"}},{"id":"56b1769a50617568bb1b0a00","status":"complete","name":"Mortgager","created_in_workflow":"verify","confidence":1.0,"data":{"value":"Michael Halpin"},"versions":[{"data":{"value":"Michael Halpin"},"votes":4,"confidence":0.8,"instances":[{"created":"2015-11-09T20:23:23Z","user_id":"563fb2f53264340003a07100","duration":9.089},{"created":"2015-11-10T01:40:16Z","user_id":"563f8b7a3264340003774b00","duration":16.588},{"created":"2015-11-10T12:36:35Z","user_id":"56413bb26161650003b53900","duration":6.127},{"created":"2015-11-10T14:59:56Z","user_id":"563eaf056630330003055300","duration":7.142}]},{"data":{"value":"Michael Malpin"},"votes":1,"confidence":0.2,"instances":[{"created":"2015-11-11T21:47:49Z","user_id":"5643b5af3936300003ff0400","duration":10.289}]}],"region":{"x":463.47553283212744,"y":527.8908361204013,"width":399.0603512098086,"height":51.846421404682246,"label":"Mortgager Name","shape":"rectangle"},"task_key":"em_transcribed_mortgager","instructions":{"mark":"Mortgager Name","transcribe":"Enter the mortgager's name","verify":"Choose the best transcription or enter your own!"}},{"id":"56b1769a50617568bb1c0a00","status":"awaiting_votes","name":"Street Address","created_in_workflow":"verify","confidence":0.6666666666666666,"data":{"value":"No. 36 Greenwich St."},"versions":[{"data":{"value":"No. 36 Greenwich St."},"votes":2,"confidence":0.6666666666666666,"instances":[{"created":"2015-11-10T15:02:21Z","user_id":"563eaf056630330003055300","duration":4.204},{"created":"2015-11-11T21:48:15Z","user_id":"5643b5af3936300003ff0400","duration":25.215}]},{"data":{"value":"No. 3h Greenwich St."},"votes":1,"confidence":0.3333333333333333,"instances":[{"created":"2015-11-10T12:36:56Z","user_id":"56413bb26161650003b53900","duration":14.656}]}],"region":{"x":507.4664376899016,"y":582.8794648829432,"width":350.3561351172729,"height":28.279866220735812,"label":"Street Address","shape":"rectangle"},"task_key":"em_transcribed_address","instructions":{"mark":"Street Address","transcribe":"Enter the street address","verify":"Choose the best transcription or enter your own!"}},{"id":"56b1769a50617568bb1d0a00","status":"contentious","name":"Stories \u0026 Materials","created_in_workflow":"verify","confidence":0.3333333333333333,"data":{"em_record_stories":"3","em_record_material":"Brick"},"versions":[{"data":{"em_record_stories":"3","em_record_material":"Brick"},"votes":7,"confidence":0.3333333333333333,"instances":[{"created":"2015-11-11T22:49:34Z","user_id":"563f8b7a3264340003774b00","duration":17.739},{"created":"2015-11-12T21:31:50Z","user_id":"564503336135300003621800","duration":3.998},{"created":"2015-11-13T03:02:25Z","user_id":"564618af6363350003da0c00","duration":35.849},{"created":"2015-11-13T12:31:27Z","user_id":"5641f4603636390003440000","duration":26.34},{"created":"2015-11-13T21:27:03Z","user_id":"564653cb6363350003c31200","duration":17.062},{"created":"2015-11-13T22:17:15Z","user_id":"564653f06363350003ca1200","duration":20.808},{"created":"2015-11-14T22:14:16Z","user_id":"5647af533562310003650b00","duration":3.837}]},{"data":{"em_record_stories":"3","em_record_material":"brick stone"},"votes":7,"confidence":0.3333333333333333,"instances":[{"created":"2015-11-13T01:31:32Z","user_id":"563f29d83264340003950200","duration":15.839},{"created":"2015-11-13T04:01:57Z","user_id":"5645588863633500036a0500","duration":23.624},{"created":"2015-11-14T03:52:43Z","user_id":"5647496e3562310003960400","duration":13.982},{"created":"2015-11-14T04:08:26Z","user_id":"5646b23061613700035a1500","duration":13.788},{"created":"2015-11-14T04:39:33Z","user_id":"5646b8143861340003380b00","duration":25.322},{"created":"2015-11-14T14:50:11Z","user_id":"5647496e3562310003960400","duration":24.625},{"created":"2015-11-15T00:27:07Z","user_id":"5647b59a3562310003240c00","duration":50.335}]},{"data":{"em_record_stories":"3","em_record_material":"brick "},"votes":5,"confidence":0.23809523809523808,"instances":[{"created":"2015-11-12T01:34:23Z","user_id":"5643e72d3936300003ac0e00","duration":30.838},{"created":"2015-11-13T21:39:52Z","user_id":"564618af6363350003da0c00","duration":36.935},{"created":"2015-11-13T22:13:04Z","user_id":"564653bc6363350003c11200","duration":2167.304},{"created":"2015-11-13T22:21:56Z","user_id":"5646571f6363350003ea1300","duration":23.615},{"created":"2015-11-15T00:18:31Z","user_id":"563bfc7535326200037f3900","duration":16.987}]},{"data":{"em_record_stories":"3","em_record_material":"brick story and boarding house"},"votes":2,"confidence":0.09523809523809523,"instances":[{"created":"2015-11-14T20:15:41Z","user_id":"564791643562310003780900","duration":29.298},{"created":"2015-11-14T20:59:06Z","user_id":"5647a01f3562310003570a00","duration":14.008}]}],"region":{"x":461.90442908720695,"y":614.3015384615385,"width":619.0148754986795,"height":89.55290969899659,"label":"Dimension \u0026 Description","shape":"rectangle"},"task_key":"em_transcribed_stories_materials","instructions":{"mark":"Dimension \u0026 Description","transcribe":"Enter, as they appear, the number of stories and the building materials.","verify":"Choose the best transcription or enter your own!"}},{"id":"56b1769a50617568bb1e0a00","status":"complete","name":"Additional Info","created_in_workflow":"transcribe","confidence":1.0,"data":{"value":"Boarding house"},"versions":[{"data":{"value":"boarding house"},"votes":3,"confidence":0.6,"instances":[{"created":"2015-11-05T20:06:09Z","user_id":"563b9e6e3532620003381500","duration":5.367},{"created":"2015-11-10T15:23:12Z","user_id":"563eaf056630330003055300","duration":9.642},{"created":"2015-11-15T07:02:44Z","user_id":"564824793666390003b80800","duration":18.317}]},{"data":{"value":"branding house"},"votes":1,"confidence":0.2,"instances":[{"created":"2015-11-05T19:38:33Z","user_id":"563b85293532620003970c00","duration":4.624}]},{"data":{"value":"Boarding house"},"votes":1,"confidence":0.2,"instances":[{"created":"2015-11-05T18:22:40Z","user_id":"563b750f35326200037a0500","duration":11.401}]}],"region":{"x":461.90442908720695,"y":614.3015384615385,"width":619.0148754986795,"height":89.55290969899659,"label":"Dimension \u0026 Description","shape":"rectangle"},"task_key":"em_record_survey_additional_info","instructions":{"mark":"Dimension \u0026 Description","transcribe":"Enter any additional information you find about the building's construction or significance."}},{"id":"56b1769a50617568bb1f0a00","status":"contentious","name":"Land \u0026 Building Dimensions","created_in_workflow":"verify","confidence":0.6190476190476191,"data":{"em_survey_land_dimensions":"25 x about 90","em_survey_building_dimensions":"25 x about 90"},"versions":[{"data":{"em_survey_land_dimensions":"25 x about 90","em_survey_building_dimensions":"25 x about 90"},"votes":13,"confidence":0.6190476190476191,"instances":[{"created":"2015-11-09T20:30:30Z","user_id":"563fb2f53264340003a07100","duration":10.845},{"created":"2015-11-11T22:31:48Z","user_id":"563f8b7a3264340003774b00","duration":22.056},{"created":"2015-11-12T04:52:24Z","user_id":"563f29d83264340003950200","duration":8.847},{"created":"2015-11-14T16:45:15Z","user_id":"564764f03861340003081300","duration":26.088},{"created":"2015-11-14T19:07:27Z","user_id":"563cbf4b65326200030e0d00","duration":49.669},{"created":"2015-11-14T20:58:10Z","user_id":"5647a01f3562310003570a00","duration":24.975},{"created":"2015-11-14T22:14:12Z","user_id":"5647af533562310003650b00","duration":22.022},{"created":"2015-11-15T00:18:54Z","user_id":"563bfc7535326200037f3900","duration":23.073},{"created":"2015-11-15T00:27:49Z","user_id":"5647b59a3562310003240c00","duration":42.6},{"created":"2015-11-15T04:17:04Z","user_id":"5648070336663900033f0600","duration":33.007},{"created":"2015-11-15T14:40:39Z","user_id":"564898fe3863370003fd0200","duration":29.298},{"created":"2015-11-15T17:09:02Z","user_id":"5648b58e3863370003790400","duration":10.925},{"created":"2015-11-15T20:43:13Z","user_id":"564618af6363350003da0c00","duration":37.822}]},{"data":{"em_survey_land_dimensions":"25 x abt 90","em_survey_building_dimensions":"25 x --"},"votes":4,"confidence":0.19047619047619047,"instances":[{"created":"2015-11-10T15:23:24Z","user_id":"563eaf056630330003055300","duration":9.64},{"created":"2015-11-14T14:51:17Z","user_id":"5647496e3562310003960400","duration":65.092},{"created":"2015-11-14T20:16:02Z","user_id":"564791643562310003780900","duration":21.517},{"created":"2015-11-15T17:17:34Z","user_id":"5647496e3562310003960400","duration":28.912}]},{"data":{"em_survey_land_dimensions":"25 x abt 90","em_survey_building_dimensions":"\" \""},"votes":3,"confidence":0.14285714285714285,"instances":[{"created":"2015-11-15T00:55:30Z","user_id":"5647cb653562310003fd0e00","duration":38.72},{"created":"2015-11-15T03:00:57Z","user_id":"5647f4333666390003770300","duration":45.3},{"created":"2015-11-15T16:04:41Z","user_id":"5648ac223666390003620c00","duration":54.196}]},{"data":{"em_survey_land_dimensions":"25 x abt 90"},"votes":1,"confidence":0.047619047619047616,"instances":[{"created":"2015-11-15T09:41:58Z","user_id":"563dea626630330003060b00","duration":20.412}]}],"region":{"x":461.90442908720695,"y":614.3015384615385,"width":619.0148754986795,"height":89.55290969899659,"label":"Dimension \u0026 Description","shape":"rectangle"},"task_key":"em_transcribed_survey","instructions":{"mark":"Dimension \u0026 Description","transcribe":"Enter, as they appear, any land and building dimensions that were recorded. In the next screen, you'll enter the descriptive information.","verify":"Choose the best transcription or enter your own!"}},{"id":"56b1769a50617568bb200a00","status":"awaiting_transcriptions","name":"Record Date","created_in_workflow":"transcribe","confidence":0.3333333333333333,"data":{"value":"1868 September 21"},"versions":[{"data":{"value":"1868 September 21"},"votes":1,"confidence":0.3333333333333333,"instances":[{"created":"2015-12-03T23:08:49Z","user_id":"5660c67a39613900037f0500","duration":19.446}]},{"data":{"value":"1868 Sept. 21;  1869 March 4"},"votes":1,"confidence":0.3333333333333333,"instances":[{"created":"2015-12-03T23:42:07Z","user_id":"563f8b7a3264340003774b00","duration":51.007}]}],"region":{"x":46.53380189058169,"y":93.07056698327605,"width":182.03508422144014,"height":94.43925179185362,"label":"Record Date","shape":"rectangle"},"task_key":"em_record_date","instructions":{"mark":"Record Date","transcribe":"Enter the record date"}},{"id":"56b1769a50617568bb210a00","status":"awaiting_transcriptions","name":"Record Date","created_in_workflow":"transcribe","confidence":0.6666666666666666,"data":{"value":"1879 November"},"versions":[{"data":{"value":"1879 November"},"votes":2,"confidence":0.6666666666666666,"instances":[{"created":"2015-12-03T23:13:10Z","user_id":"5660c67a39613900037f0500","duration":13.48},{"created":"2015-12-04T02:48:15Z","user_id":"5660fc6437366400033c0800","duration":42.962}]}],"region":{"x":54.74591095320305,"y":721.2968941203893,"width":179.2977145338997,"height":119.07557834625015,"label":"Record Date","shape":"rectangle"},"task_key":"em_record_date","instructions":{"mark":"Record Date","transcribe":"Enter the record date"}},{"id":"56b1769a50617568bb220a00","status":"awaiting_transcriptions","name":"Record Date","created_in_workflow":"transcribe","confidence":0.3333333333333333,"data":{"value":"1868 Sept 24  !869 March 4"},"versions":[{"data":{"value":"1868 Sept 24  !869 March 4"},"votes":1,"confidence":0.3333333333333333,"instances":[{"created":"2015-12-08T21:02:25Z","user_id":"566744513632630003f10500","duration":36.737}]}],"region":{"x":56.656406254057416,"y":83.93401005522428,"width":162.62488129154798,"height":247.86762344433419,"label":"Record Date","shape":"rectangle"},"task_key":"em_record_date","instructions":{"mark":"Record Date","transcribe":"Enter the record date"}},{"id":"56b1769a50617568bb230a00","status":"awaiting_transcriptions","name":"Valuation Date","created_in_workflow":"transcribe","confidence":0.3333333333333333,"data":{"value":"$17000"},"versions":[{"data":{"value":"$17000"},"votes":1,"confidence":0.3333333333333333,"instances":[{"created":"2015-12-03T23:13:24Z","user_id":"5660c67a39613900037f0500","duration":13.902}]},{"data":{"value":"1879 November"},"votes":1,"confidence":0.3333333333333333,"instances":[{"created":"2015-12-03T23:43:42Z","user_id":"563f8b7a3264340003774b00","duration":20.236}]}],"region":{"x":581.6895758047403,"y":758.2513839519842,"width":169.7169206275081,"height":86.22714294038815,"label":"Valuation","shape":"rectangle"},"task_key":"em_record_valuation","instructions":{"mark":"Valuation","transcribe":"Enter the date of the valuation (if one is given). In the next screen, you'll enter the valuation's dollar amounts."}},{"id":"56b1769a50617568bb240a00","status":"awaiting_transcriptions","name":"Land \u0026 Building Value","created_in_workflow":"transcribe","confidence":0.3333333333333333,"data":{"em_valuation_ground":""},"versions":[{"data":{"em_valuation_ground":""},"votes":1,"confidence":0.3333333333333333,"instances":[{"created":"2015-12-03T23:43:43Z","user_id":"563f8b7a3264340003774b00","duration":1.602}]}],"region":{"x":581.6895758047403,"y":758.2513839519842,"width":169.7169206275081,"height":86.22714294038815,"label":"Valuation","shape":"rectangle"},"task_key":"em_record_valuation_ground_building","instructions":{"mark":"Valuation","transcribe":"Sometimes valuations include itemized dollar values for \"ground\" and \"building\". Enter these amounts if you can find them. In the next screen, you'll enter the total valuation."}},{"id":"56b1769a50617568bb250a00","status":"awaiting_transcriptions","name":"Total Value","created_in_workflow":"transcribe","confidence":0.3333333333333333,"data":{"value":"$17000"},"versions":[{"data":{"value":"$17000"},"votes":1,"confidence":0.3333333333333333,"instances":[{"created":"2015-12-03T23:43:57Z","user_id":"563f8b7a3264340003774b00","duration":13.237}]}],"region":{"x":581.6895758047403,"y":758.2513839519842,"width":169.7169206275081,"height":86.22714294038815,"label":"Valuation","shape":"rectangle"},"task_key":"em_record_valuation_total","instructions":{"mark":"Valuation","transcribe":"Enter the valuation ***total*** (if one is given)"}},{"id":"56b1769a50617568bb260a00","status":"awaiting_votes","name":"Amount Loaned","created_in_workflow":"transcribe","confidence":0.6666666666666666,"data":{"value":"$10,000"},"versions":[{"data":{"value":"$10,000"},"votes":2,"confidence":0.6666666666666666,"instances":[{"created":"2015-12-03T23:12:56Z","user_id":"5660c67a39613900037f0500","duration":12.347},{"created":"2015-12-03T23:43:02Z","user_id":"563f8b7a3264340003774b00","duration":14.196}]},{"data":{"value":"10,000"},"votes":1,"confidence":0.3333333333333333,"instances":[{"created":"2015-12-04T02:03:16Z","user_id":"563f864f3264340003044400","duration":7.974}]}],"region":{"x":1094.9463922185753,"y":717.1908396946566,"width":184.77245390898065,"height":99.9139910261639,"label":"Amount Loaned","shape":"rectangle"},"task_key":"em_record_amount_loaned","instructions":{"mark":"Amount Loaned","transcribe":"Enter the Amount Loaned"}}]}]}