{"id":"56b0fff17061755afb090400","meta_data":{"capture_uuid":"e076f3a0-00b1-0133-816a-58d385a7bbd0","page_uri":"http://digitalcollections.nypl.org/items/e076f3a0-00b1-0133-816a-58d385a7bbd0","book_uri":"http://digitalcollections.nypl.org/items/df712aa0-00b1-0133-fbd7-58d385a7bbd0","source_rotated":"1.67811","source_x":"0","source_y":"976.66","source_w":"1387.57","source_h":"1101.34"},"type":"final_subject_set","search_terms_by_field":{"Record Number":["16"],"Mortgager":["Peter Taylor"],"Street Address":["No. 301 W. 4th St and No. 39 Bank St."],"Land \u0026 Building Dimensions":["19.6 x 75"],"Stories \u0026 Materials":["3","Brick"],"Additional Info":["one building on Bank St. and one on W. 4th"],"Record Date":["1851 Novemb. 11 and 1853 March 8"],"Valuation Date":["1879 November"],"Land \u0026 Building Value":[],"Total Value":["$10,000"],"Amount Loaned":["$7,000"]},"subjects":[{"id":"56b1763850617568bb900300","type":"root","location":{"standard":"https://s3.amazonaws.com/scribe.nypl.org/emigrant-s4/full/e076f3a0-00b1-0133-816a-58d385a7bbd0.left-bottom.jpg","thumbnail":"https://s3.amazonaws.com/scribe.nypl.org/emigrant-s4/thumb/e076f3a0-00b1-0133-816a-58d385a7bbd0.left-bottom.jpg"},"status":"retired","width":1387,"height":1101,"meta_data":{"capture_uuid":"e076f3a0-00b1-0133-816a-58d385a7bbd0","page_uri":"http://digitalcollections.nypl.org/items/e076f3a0-00b1-0133-816a-58d385a7bbd0","book_uri":"http://digitalcollections.nypl.org/items/df712aa0-00b1-0133-fbd7-58d385a7bbd0","source_rotated":"1.67811","source_x":"0","source_y":"976.66","source_w":"1387.57","source_h":"1101.34"},"assertions":[{"id":"56b1763850617568bb910300","status":"complete","name":"Record Number","created_in_workflow":"transcribe","confidence":1.0,"data":{"value":"16"},"versions":[{"data":{"value":"16"},"votes":3,"confidence":1.0,"instances":[{"created":"2015-12-19T19:57:44Z","user_id":"5675b4156139330003910500","duration":18.446},{"created":"2015-12-19T20:00:59Z","user_id":"5668b33530333000032d0500","duration":3.191},{"created":"2015-12-19T21:29:05Z","user_id":"565e09223237340003e30200","duration":6.431}]}],"region":{"x":917.6702494240155,"y":25.199463567277604,"width":89.2481022914443,"height":77.69834599910595,"label":"Record Number","shape":"rectangle"},"task_key":"em_record_number","instructions":{"mark":"Record Number","transcribe":"Enter the record number"}},{"id":"56b1763850617568bb920300","status":"complete","name":"Mortgager","created_in_workflow":"transcribe","confidence":1.0,"data":{"value":"Peter Taylor"},"versions":[{"data":{"value":"Peter Taylor"},"votes":3,"confidence":1.0,"instances":[{"created":"2015-12-19T20:01:25Z","user_id":"5668b33530333000032d0500","duration":5.193},{"created":"2015-12-19T21:30:47Z","user_id":"565e09223237340003e30200","duration":4.282},{"created":"2015-12-19T22:47:09Z","user_id":"5675dabc3262350003170600","duration":9.046}]}],"region":{"x":448.33022913842035,"y":519.7389360751006,"width":261.44444083023086,"height":56.698793026374574,"label":"Mortgager Name","shape":"rectangle"},"task_key":"em_record_mortgager","instructions":{"mark":"Mortgager Name","transcribe":"Enter the mortgager's name"}},{"id":"56b1763850617568bb930300","status":"awaiting_votes","name":"Street Address","created_in_workflow":"transcribe","confidence":0.6666666666666666,"data":{"value":"No. 301 W. 4th St and No. 39 Bank St."},"versions":[{"data":{"value":"No. 301 W. 4th St and No. 39 Bank St."},"votes":2,"confidence":0.6666666666666666,"instances":[{"created":"2015-12-19T20:01:41Z","user_id":"5668b33530333000032d0500","duration":16.221},{"created":"2015-12-19T21:30:59Z","user_id":"565e09223237340003e30200","duration":11.18}]},{"data":{"value":"301 West 4th St. and 39 Bank St."},"votes":1,"confidence":0.3333333333333333,"instances":[{"created":"2015-12-19T18:44:41Z","user_id":"5675a35c61393300035d0400","duration":11.81}]}],"region":{"x":429.43063100611454,"y":555.4381761287439,"width":529.1887477045636,"height":56.698793026374574,"label":"Street Address","shape":"rectangle"},"task_key":"em_record_street_address","instructions":{"mark":"Street Address","transcribe":"Enter the street address"}},{"id":"56b1763850617568bb940300","status":"awaiting_transcriptions","name":"Land \u0026 Building Dimensions","created_in_workflow":"transcribe","confidence":0.3333333333333333,"data":{"em_survey_land_dimensions":"19.6 x 75","em_survey_building_dimensions":""},"versions":[{"data":{"em_survey_land_dimensions":"19.6 x 75","em_survey_building_dimensions":""},"votes":1,"confidence":0.3333333333333333,"instances":[{"created":"2015-12-19T18:45:29Z","user_id":"5675a35c61393300035d0400","duration":42.278}]}],"region":{"x":229.93487294288616,"y":594.2873491282968,"width":775.9335010985567,"height":88.19812248547169,"label":"Dimension \u0026 Description","shape":"rectangle"},"task_key":"em_record_survey","instructions":{"mark":"Dimension \u0026 Description","transcribe":"Enter, as they appear, any land and building dimensions that were recorded. In the next screen, you'll enter the descriptive information."}},{"id":"56b1763850617568bb950300","status":"awaiting_transcriptions","name":"Stories \u0026 Materials","created_in_workflow":"transcribe","confidence":0.3333333333333333,"data":{"em_record_stories":"3","em_record_material":"Brick"},"versions":[{"data":{"em_record_stories":"3","em_record_material":"Brick"},"votes":1,"confidence":0.3333333333333333,"instances":[{"created":"2015-12-19T18:45:36Z","user_id":"5675a35c61393300035d0400","duration":7.067}]}],"region":{"x":229.93487294288616,"y":594.2873491282968,"width":775.9335010985567,"height":88.19812248547169,"label":"Dimension \u0026 Description","shape":"rectangle"},"task_key":"em_record_survey_stories_materials","instructions":{"mark":"Dimension \u0026 Description","transcribe":"Enter, as they appear, the number of stories and the building materials."}},{"id":"56b1763850617568bb960300","status":"awaiting_transcriptions","name":"Additional Info","created_in_workflow":"transcribe","confidence":0.3333333333333333,"data":{"value":"one building on Bank St. and one on W. 4th"},"versions":[{"data":{"value":"one building on Bank St. and one on W. 4th"},"votes":1,"confidence":0.3333333333333333,"instances":[{"created":"2015-12-19T18:46:07Z","user_id":"5675a35c61393300035d0400","duration":30.777}]}],"region":{"x":229.93487294288616,"y":594.2873491282968,"width":775.9335010985567,"height":88.19812248547169,"label":"Dimension \u0026 Description","shape":"rectangle"},"task_key":"em_record_survey_additional_info","instructions":{"mark":"Dimension \u0026 Description","transcribe":"Enter any additional information you find about the building's construction or significance."}},{"id":"56b1763850617568bb970300","status":"awaiting_votes","name":"Record Date","created_in_workflow":"transcribe","confidence":0.6666666666666666,"data":{"value":"1851 Novemb. 11 and 1853 March 8"},"versions":[{"data":{"value":"1851 Novemb. 11 and 1853 March 8"},"votes":2,"confidence":0.6666666666666666,"instances":[{"created":"2015-12-19T20:01:12Z","user_id":"5668b33530333000032d0500","duration":12.304},{"created":"2015-12-19T22:46:45Z","user_id":"5675dabc3262350003170600","duration":20.969}]},{"data":{"value":"1851. Novemb. 6 and 1853. March 8"},"votes":1,"confidence":0.3333333333333333,"instances":[{"created":"2015-12-19T21:29:25Z","user_id":"565e09223237340003e30200","duration":20.189}]}],"region":{"x":45.13880231589566,"y":37.799195350916406,"width":250.94466409006094,"height":201.59570853822083,"label":"Record Date","shape":"rectangle"},"task_key":"em_record_date","instructions":{"mark":"Record Date","transcribe":"Enter the record date"}},{"id":"56b1763850617568bb980300","status":"awaiting_transcriptions","name":"Valuation Date","created_in_workflow":"transcribe","confidence":0.3333333333333333,"data":{"value":"1879 November"},"versions":[{"data":{"value":"1879 November"},"votes":1,"confidence":0.3333333333333333,"instances":[{"created":"2015-12-19T18:47:02Z","user_id":"5675a35c61393300035d0400","duration":6.719}]}],"region":{"x":68.23831114426947,"y":741.2842199374162,"width":625.7866937141268,"height":100.79785426911042,"label":"Valuation","shape":"rectangle"},"task_key":"em_record_valuation","instructions":{"mark":"Valuation","transcribe":"Enter the date of the valuation (if one is given). In the next screen, you'll enter the valuation's dollar amounts."}},{"id":"56b1763850617568bb990300","status":"awaiting_transcriptions","name":"Land \u0026 Building Value","created_in_workflow":"transcribe","confidence":0.3333333333333333,"data":{"em_valuation_ground":""},"versions":[{"data":{"em_valuation_ground":""},"votes":1,"confidence":0.3333333333333333,"instances":[{"created":"2015-12-19T18:47:11Z","user_id":"5675a35c61393300035d0400","duration":8.431}]}],"region":{"x":68.23831114426947,"y":741.2842199374162,"width":625.7866937141268,"height":100.79785426911042,"label":"Valuation","shape":"rectangle"},"task_key":"em_record_valuation_ground_building","instructions":{"mark":"Valuation","transcribe":"Sometimes valuations include itemized dollar values for \"ground\" and \"building\". Enter these amounts if you can find them. In the next screen, you'll enter the total valuation."}},{"id":"56b1763850617568bb9a0300","status":"awaiting_transcriptions","name":"Total Value","created_in_workflow":"transcribe","confidence":0.3333333333333333,"data":{"value":"$10,000"},"versions":[{"data":{"value":"$10,000"},"votes":1,"confidence":0.3333333333333333,"instances":[{"created":"2015-12-19T18:47:15Z","user_id":"5675a35c61393300035d0400","duration":3.672}]}],"region":{"x":68.23831114426947,"y":741.2842199374162,"width":625.7866937141268,"height":100.79785426911042,"label":"Valuation","shape":"rectangle"},"task_key":"em_record_valuation_total","instructions":{"mark":"Valuation","transcribe":"Enter the valuation ***total*** (if one is given)"}},{"id":"56b1763850617568bb9b0300","status":"awaiting_votes","name":"Amount Loaned","created_in_workflow":"transcribe","confidence":0.3333333333333333,"data":{"value":"$7,000"},"versions":[{"data":{"value":"$7,000"},"votes":1,"confidence":0.3333333333333333,"instances":[{"created":"2015-12-19T18:46:52Z","user_id":"5675a35c61393300035d0400","duration":20.57}]},{"data":{"value":"$2000 and $5000"},"votes":1,"confidence":0.3333333333333333,"instances":[{"created":"2015-12-19T20:02:54Z","user_id":"5668b33530333000032d0500","duration":11.84}]},{"data":{"value":"$2000 $5000"},"votes":1,"confidence":0.3333333333333333,"instances":[{"created":"2015-12-19T21:31:52Z","user_id":"565e09223237340003e30200","duration":37.495}]}],"region":{"x":400.03125613363875,"y":695.0852033974072,"width":129.14725390409,"height":72.44845775592319,"label":"Amount Loaned","shape":"rectangle"},"task_key":"em_record_amount_loaned","instructions":{"mark":"Amount Loaned","transcribe":"Enter the Amount Loaned"}}]}]}