{"id":"56b100517061755afb270b00","meta_data":{"capture_uuid":"e199e460-00b1-0133-6f1a-58d385a7bbd0","page_uri":"http://digitalcollections.nypl.org/items/e199e460-00b1-0133-6f1a-58d385a7bbd0","book_uri":"http://digitalcollections.nypl.org/items/df712aa0-00b1-0133-fbd7-58d385a7bbd0","source_rotated":"1.03502","source_x":"0","source_y":"0","source_w":"1376.94","source_h":"991.1999999999999"},"type":"final_subject_set","search_terms_by_field":{"Record Number":["363"],"Mortgager":["St John's College and Church Brooklyn"],"Street Address":["Willoughby, Stuyvesant \u0026 Lewis Avenues to Hart Street"],"Additional Info":["College and Church","college buildings; * Church"],"Land \u0026 Building Dimensions":["750x100; 750x100"],"Stories \u0026 Materials":["stone and brick"],"Record Date":["1868 October 2; 1869 July 7; Decemb 10; 1870 August 4","1879 November several dates"],"Valuation Date":["1879 November","$95,000"],"Land \u0026 Building Value":[],"Total Value":["$95,000","$95,000"],"Amount Loaned":["$60,000"]},"subjects":[{"id":"56b1769d50617568bb450a00","type":"root","location":{"standard":"https://s3.amazonaws.com/scribe.nypl.org/emigrant-s4/full/e199e460-00b1-0133-6f1a-58d385a7bbd0.left-top.jpg","thumbnail":"https://s3.amazonaws.com/scribe.nypl.org/emigrant-s4/thumb/e199e460-00b1-0133-6f1a-58d385a7bbd0.left-top.jpg"},"status":"retired","width":1376,"height":991,"meta_data":{"capture_uuid":"e199e460-00b1-0133-6f1a-58d385a7bbd0","page_uri":"http://digitalcollections.nypl.org/items/e199e460-00b1-0133-6f1a-58d385a7bbd0","book_uri":"http://digitalcollections.nypl.org/items/df712aa0-00b1-0133-fbd7-58d385a7bbd0","source_rotated":"1.03502","source_x":"0","source_y":"0","source_w":"1376.94","source_h":"991.1999999999999"},"assertions":[{"id":"56b1769d50617568bb460a00","status":"awaiting_votes","name":"Record Number","created_in_workflow":"transcribe","confidence":0.6666666666666666,"data":{"value":"363"},"versions":[{"data":{"value":"363"},"votes":2,"confidence":0.6666666666666666,"instances":[{"created":"2015-12-02T01:33:40Z","user_id":"563bfc7535326200037f3900","duration":12.784},{"created":"2015-12-02T02:09:22Z","user_id":"565e4fed3862380003f10900","duration":65.458}]},{"data":{"value":"No 363"},"votes":1,"confidence":0.3333333333333333,"instances":[{"created":"2015-12-01T18:42:01Z","user_id":"565ddeea32373400036d0200","duration":21.345}]}],"region":{"x":948.147282112673,"y":16.72689921297003,"width":86.27558363283549,"height":49.30033452243799,"label":"Record Number","shape":"rectangle"},"task_key":"em_record_number","instructions":{"mark":"Record Number","transcribe":"Enter the record number"}},{"id":"56b1769d50617568bb470a00","status":"awaiting_votes","name":"Mortgager","created_in_workflow":"transcribe","confidence":0.3333333333333333,"data":{"value":"St John's College and Church Brooklyn"},"versions":[{"data":{"value":"St John's College and Church Brooklyn"},"votes":1,"confidence":0.3333333333333333,"instances":[{"created":"2015-12-01T18:49:03Z","user_id":"565ddeea32373400036d0200","duration":41.884}]},{"data":{"value":"St John's College and Church of Brooklyn"},"votes":1,"confidence":0.3333333333333333,"instances":[{"created":"2015-12-02T02:17:15Z","user_id":"565e4fed3862380003f10900","duration":19.022}]},{"data":{"value":"St. John's College and Church of Brooklyn"},"votes":1,"confidence":0.3333333333333333,"instances":[{"created":"2015-12-02T03:14:36Z","user_id":"564b62033863320003ba0500","duration":17.387}]}],"region":{"x":463.9475780508412,"y":533.5000485820967,"width":757.9926276313404,"height":61.62541815304746,"label":"Mortgager Name","shape":"rectangle"},"task_key":"em_record_mortgager","instructions":{"mark":"Mortgager Name","transcribe":"Enter the mortgager's name"}},{"id":"56b1769d50617568bb480a00","status":"awaiting_votes","name":"Street Address","created_in_workflow":"transcribe","confidence":0.3333333333333333,"data":{"value":"Willoughby, Stuyvesant \u0026 Lewis Avenues to Hart Street"},"versions":[{"data":{"value":"Willoughby, Stuyvesant \u0026 Lewis Avenues to Hart Street"},"votes":1,"confidence":0.3333333333333333,"instances":[{"created":"2015-12-02T02:17:45Z","user_id":"565e4fed3862380003f10900","duration":29.549}]},{"data":{"value":"Willoughby, Stuyvesant \u0026 Lewis Avenues \u0026 Hart Street"},"votes":1,"confidence":0.3333333333333333,"instances":[{"created":"2015-12-02T04:54:55Z","user_id":"563a26043732630003b30100","duration":101.287}]},{"data":{"value":"willoughby, Stuyvesant \u0026 Lewis Avenues east Street"},"votes":1,"confidence":0.3333333333333333,"instances":[{"created":"2015-12-02T05:10:28Z","user_id":"565e7c8b3539650003500100","duration":85.965}]}],"region":{"x":444.57958988836793,"y":574.8771150562857,"width":729.8210084859245,"height":50.18069763891005,"label":"Street Address","shape":"rectangle"},"task_key":"em_record_street_address","instructions":{"mark":"Street Address","transcribe":"Enter the street address"}},{"id":"56b1769d50617568bb490a00","status":"awaiting_transcriptions","name":"Additional Info","created_in_workflow":"transcribe","confidence":0.3333333333333333,"data":{"value":"College and Church"},"versions":[{"data":{"value":"College and Church"},"votes":1,"confidence":0.3333333333333333,"instances":[{"created":"2015-12-01T09:34:07Z","user_id":"565d527838623800034d0200","duration":10.413}]}],"region":{"x":251.78007136192943,"y":615.3738184140027,"width":904.1329019481841,"height":73.95050178365693,"label":"Dimension \u0026 Description","shape":"rectangle"},"task_key":"em_record_survey_additional_info","instructions":{"mark":"Dimension \u0026 Description","transcribe":"Enter any additional information you find about the building's construction or significance."}},{"id":"56b1769d50617568bb4a0a00","status":"awaiting_transcriptions","name":"Land \u0026 Building Dimensions","created_in_workflow":"transcribe","confidence":0.3333333333333333,"data":{"em_survey_land_dimensions":"750x100; 750x100","em_survey_building_dimensions":""},"versions":[{"data":{"em_survey_land_dimensions":"750x100; 750x100","em_survey_building_dimensions":""},"votes":1,"confidence":0.3333333333333333,"instances":[{"created":"2015-12-10T18:38:17Z","user_id":"5669bc0536666500035e0400","duration":25.586}]}],"region":{"x":436.38779441310527,"y":612.3245102887737,"width":720.060856742522,"height":87.28010837078284,"label":"Dimension \u0026 Description","shape":"rectangle"},"task_key":"em_record_survey","instructions":{"mark":"Dimension \u0026 Description","transcribe":"Enter, as they appear, any land and building dimensions that were recorded. In the next screen, you'll enter the descriptive information."}},{"id":"56b1769d50617568bb4b0a00","status":"awaiting_transcriptions","name":"Stories \u0026 Materials","created_in_workflow":"transcribe","confidence":0.3333333333333333,"data":{"em_record_stories":"","em_record_material":"stone and brick"},"versions":[{"data":{"em_record_stories":"","em_record_material":"stone and brick"},"votes":1,"confidence":0.3333333333333333,"instances":[{"created":"2015-12-10T18:38:23Z","user_id":"5669bc0536666500035e0400","duration":5.926}]}],"region":{"x":436.38779441310527,"y":612.3245102887737,"width":720.060856742522,"height":87.28010837078284,"label":"Dimension \u0026 Description","shape":"rectangle"},"task_key":"em_record_survey_stories_materials","instructions":{"mark":"Dimension \u0026 Description","transcribe":"Enter, as they appear, the number of stories and the building materials."}},{"id":"56b1769d50617568bb4c0a00","status":"awaiting_transcriptions","name":"Additional Info","created_in_workflow":"transcribe","confidence":0.3333333333333333,"data":{"value":"college buildings; * Church"},"versions":[{"data":{"value":"college buildings; * Church"},"votes":1,"confidence":0.3333333333333333,"instances":[{"created":"2015-12-10T18:39:00Z","user_id":"5669bc0536666500035e0400","duration":37.473}]}],"region":{"x":436.38779441310527,"y":612.3245102887737,"width":720.060856742522,"height":87.28010837078284,"label":"Dimension \u0026 Description","shape":"rectangle"},"task_key":"em_record_survey_additional_info","instructions":{"mark":"Dimension \u0026 Description","transcribe":"Enter any additional information you find about the building's construction or significance."}},{"id":"56b1769d50617568bb4d0a00","status":"awaiting_votes","name":"Record Date","created_in_workflow":"transcribe","confidence":0.3333333333333333,"data":{"value":"1868 October 2; 1869 July 7; Decemb 10; 1870 August 4"},"versions":[{"data":{"value":"1868 October 2; 1869 July 7; Decemb 10; 1870 August 4"},"votes":1,"confidence":0.3333333333333333,"instances":[{"created":"2015-12-10T18:36:35Z","user_id":"5669bc0536666500035e0400","duration":22.9}]},{"data":{"value":"\"1869 October 2\" \"1869 July 7th\" \"1870 August 4\""},"votes":1,"confidence":0.3333333333333333,"instances":[{"created":"2015-12-10T20:19:20Z","user_id":"5669d86261386600030f0700","duration":41.006}]},{"data":{"value":"1868 October 2"},"votes":1,"confidence":0.3333333333333333,"instances":[{"created":"2015-12-10T22:35:43Z","user_id":"5640f5966161650003980200","duration":137.913}]}],"region":{"x":46.35483034423919,"y":70.9150880512611,"width":201.8352401475251,"height":360.03044702947943,"label":"Record Date","shape":"rectangle"},"task_key":"em_record_date","instructions":{"mark":"Record Date","transcribe":"Enter the record date"}},{"id":"56b1769d50617568bb4e0a00","status":"awaiting_transcriptions","name":"Record Date","created_in_workflow":"transcribe","confidence":0.3333333333333333,"data":{"value":"1879 November several dates"},"versions":[{"data":{"value":"1879 November several dates"},"votes":1,"confidence":0.3333333333333333,"instances":[{"created":"2015-12-01T18:44:24Z","user_id":"565ddeea32373400036d0200","duration":116.532}]},{"data":{"value":"1869 October 2  1869 July 7, December 10  1870 August 4  1879 November"},"votes":1,"confidence":0.3333333333333333,"instances":[{"created":"2015-12-01T22:21:59Z","user_id":"565e1b483862380003ff0600","duration":151.206}]}],"region":{"x":52.818011147431285,"y":61.625418153047484,"width":191.91915542814422,"height":776.4802687283986,"label":"Record Date","shape":"rectangle"},"task_key":"em_record_date","instructions":{"mark":"Record Date","transcribe":"Enter the record date"}},{"id":"56b1769d50617568bb4f0a00","status":"awaiting_transcriptions","name":"Valuation Date","created_in_workflow":"transcribe","confidence":0.3333333333333333,"data":{"value":"1879 November"},"versions":[{"data":{"value":"1879 November"},"votes":1,"confidence":0.3333333333333333,"instances":[{"created":"2015-12-10T18:39:06Z","user_id":"5669bc0536666500035e0400","duration":6.318}]}],"region":{"x":70.90235955137062,"y":681.8758466467415,"width":677.7845564413511,"height":143.19392779581568,"label":"Valuation","shape":"rectangle"},"task_key":"em_record_valuation","instructions":{"mark":"Valuation","transcribe":"Enter the date of the valuation (if one is given). In the next screen, you'll enter the valuation's dollar amounts."}},{"id":"56b1769d50617568bb500a00","status":"awaiting_transcriptions","name":"Land \u0026 Building Value","created_in_workflow":"transcribe","confidence":0.3333333333333333,"data":{"em_valuation_ground":""},"versions":[{"data":{"em_valuation_ground":""},"votes":1,"confidence":0.3333333333333333,"instances":[{"created":"2015-12-10T18:39:09Z","user_id":"5669bc0536666500035e0400","duration":2.547}]}],"region":{"x":70.90235955137062,"y":681.8758466467415,"width":677.7845564413511,"height":143.19392779581568,"label":"Valuation","shape":"rectangle"},"task_key":"em_record_valuation_ground_building","instructions":{"mark":"Valuation","transcribe":"Sometimes valuations include itemized dollar values for \"ground\" and \"building\". Enter these amounts if you can find them. In the next screen, you'll enter the total valuation."}},{"id":"56b1769d50617568bb510a00","status":"awaiting_transcriptions","name":"Total Value","created_in_workflow":"transcribe","confidence":0.3333333333333333,"data":{"value":"$95,000"},"versions":[{"data":{"value":"$95,000"},"votes":1,"confidence":0.3333333333333333,"instances":[{"created":"2015-12-10T18:39:14Z","user_id":"5669bc0536666500035e0400","duration":5.062}]}],"region":{"x":70.90235955137062,"y":681.8758466467415,"width":677.7845564413511,"height":143.19392779581568,"label":"Valuation","shape":"rectangle"},"task_key":"em_record_valuation_total","instructions":{"mark":"Valuation","transcribe":"Enter the valuation ***total*** (if one is given)"}},{"id":"56b1769d50617568bb520a00","status":"awaiting_transcriptions","name":"Valuation Date","created_in_workflow":"transcribe","confidence":0.3333333333333333,"data":{"value":"$95,000"},"versions":[{"data":{"value":"$95,000"},"votes":1,"confidence":0.3333333333333333,"instances":[{"created":"2015-12-01T17:08:27Z","user_id":"565dcb3932373400035d0100","duration":21.38}]}],"region":{"x":249.13898206704673,"y":678.7599627999941,"width":507.089144617482,"height":149.66172980025812,"label":"Valuation","shape":"rectangle"},"task_key":"em_record_valuation","instructions":{"mark":"Valuation","transcribe":"Enter the date of the valuation (if one is given). In the next screen, you'll enter the valuation's dollar amounts."}},{"id":"56b1769d50617568bb530a00","status":"awaiting_transcriptions","name":"Total Value","created_in_workflow":"transcribe","confidence":0.3333333333333333,"data":{"value":"$95,000"},"versions":[{"data":{"value":"$95,000"},"votes":1,"confidence":0.3333333333333333,"instances":[{"created":"2015-12-01T17:08:54Z","user_id":"565dcb3932373400035d0100","duration":15.524}]}],"region":{"x":249.13898206704673,"y":678.7599627999941,"width":507.089144617482,"height":149.66172980025812,"label":"Valuation","shape":"rectangle"},"task_key":"em_record_valuation_total","instructions":{"mark":"Valuation","transcribe":"Enter the valuation ***total*** (if one is given)"}},{"id":"56b1769d50617568bb540a00","status":"awaiting_votes","name":"Amount Loaned","created_in_workflow":"transcribe","confidence":0.6666666666666666,"data":{"value":"$60,000"},"versions":[{"data":{"value":"$60,000"},"votes":2,"confidence":0.6666666666666666,"instances":[{"created":"2015-12-01T17:09:36Z","user_id":"565dcb3932373400035d0100","duration":9.707},{"created":"2015-12-02T04:57:22Z","user_id":"563a26043732630003b30100","duration":5.49}]},{"data":{"value":"$10,000"},"votes":1,"confidence":0.3333333333333333,"instances":[{"created":"2015-12-02T05:13:39Z","user_id":"565e7c8b3539650003500100","duration":33.237}]}],"region":{"x":1129.5020803612863,"y":740.3853809530418,"width":139.0973695304899,"height":43.13779270713326,"label":"Amount Loaned","shape":"rectangle"},"task_key":"em_record_amount_loaned","instructions":{"mark":"Amount Loaned","transcribe":"Enter the Amount Loaned"}}]}]}