{"id":"56b100157061755afbb90600","meta_data":{"capture_uuid":"e0f4f340-00b1-0133-63bd-58d385a7bbd0","page_uri":"http://digitalcollections.nypl.org/items/e0f4f340-00b1-0133-63bd-58d385a7bbd0","book_uri":"http://digitalcollections.nypl.org/items/df712aa0-00b1-0133-fbd7-58d385a7bbd0","source_rotated":"1.37058","source_x":"1226.7","source_y":"0","source_w":"1383.3","source_h":"1010.38"},"type":"final_subject_set","search_terms_by_field":{"Total Value":["$40000","$40,000","$40,000."],"Valuation Date":["1879 November","November 1879","1879. November"],"Record Number":["259"],"Mortgager":["Charles Fox"],"Street Address":["No. 259 Canal St near Elm St"],"Land \u0026 Building Dimensions":["25.4 x 84.6 x 87.5"],"Stories \u0026 Materials":["5","Marble front, brick store"],"Additional Info":["Marble front, brick store"],"Record Date":["1866 May 1st","1866 May 1st","1866 May 1st"],"Land \u0026 Building Value":[],"Amount Loaned":["39000"]},"subjects":[{"id":"56b1765f50617568bb190600","type":"root","location":{"standard":"https://s3.amazonaws.com/scribe.nypl.org/emigrant-s4/full/e0f4f340-00b1-0133-63bd-58d385a7bbd0.right-top.jpg","thumbnail":"https://s3.amazonaws.com/scribe.nypl.org/emigrant-s4/thumb/e0f4f340-00b1-0133-63bd-58d385a7bbd0.right-top.jpg"},"status":"retired","width":1383,"height":1010,"meta_data":{"capture_uuid":"e0f4f340-00b1-0133-63bd-58d385a7bbd0","page_uri":"http://digitalcollections.nypl.org/items/e0f4f340-00b1-0133-63bd-58d385a7bbd0","book_uri":"http://digitalcollections.nypl.org/items/df712aa0-00b1-0133-fbd7-58d385a7bbd0","source_rotated":"1.37058","source_x":"1226.7","source_y":"0","source_w":"1383.3","source_h":"1010.38"},"assertions":[{"id":"56b1765f50617568bb1a0600","status":"awaiting_transcriptions","name":"Total Value","created_in_workflow":"transcribe","confidence":0.3333333333333333,"data":{"value":"$40000"},"versions":[{"data":{"value":"$40000"},"votes":1,"confidence":0.3333333333333333,"instances":[{"created":"2015-11-20T04:27:53Z","user_id":"564e972c39646600034c1100","duration":24.351}]},{"data":{"value":"40000"},"votes":1,"confidence":0.3333333333333333,"instances":[{"created":"2015-11-20T05:30:01Z","user_id":"564eac6839646600034b1200","duration":9.116}]}],"region":{"x":729.1055383389485,"y":760.075014030909,"width":153.96163633287915,"height":59.28408142033868,"label":"Valuation","shape":"rectangle"},"task_key":"em_record_valuation_total","instructions":{"mark":"Valuation","transcribe":"Enter the valuation ***total*** (if one is given)"}},{"id":"56b1765f50617568bb1b0600","status":"awaiting_transcriptions","name":"Valuation Date","created_in_workflow":"transcribe","confidence":0.3333333333333333,"data":{"value":"1879 November"},"versions":[{"data":{"value":"1879 November"},"votes":1,"confidence":0.3333333333333333,"instances":[{"created":"2015-11-20T05:29:40Z","user_id":"564eac6839646600034b1200","duration":68.542}]}],"region":{"x":729.1055383389485,"y":760.075014030909,"width":153.96163633287915,"height":59.28408142033868,"label":"Valuation","shape":"rectangle"},"task_key":"em_record_valuation","instructions":{"mark":"Valuation","transcribe":"Enter the date of the valuation (if one is given). In the next screen, you'll enter the valuation's dollar amounts."}},{"id":"56b1765f50617568bb1c0600","status":"awaiting_votes","name":"Record Number","created_in_workflow":"transcribe","confidence":0.6666666666666666,"data":{"value":"259"},"versions":[{"data":{"value":"259"},"votes":2,"confidence":0.6666666666666666,"instances":[{"created":"2015-11-20T04:08:31Z","user_id":"5642b89c35643800037e0f00","duration":5.47},{"created":"2015-11-20T05:31:41Z","user_id":"564eac6839646600034b1200","duration":6.923}]},{"data":{"value":"No. 25g."},"votes":1,"confidence":0.3333333333333333,"instances":[{"created":"2015-11-20T05:41:49Z","user_id":"564eae576438310003981200","duration":15.565}]}],"region":{"x":905.1880994322987,"y":37.16315551722722,"width":193.7793009017273,"height":55.74473327584082,"label":"Record Number","shape":"rectangle"},"task_key":"em_record_number","instructions":{"mark":"Record Number","transcribe":"Enter the record number"}},{"id":"56b1765f50617568bb1d0600","status":"complete","name":"Mortgager","created_in_workflow":"transcribe","confidence":1.0,"data":{"value":"Charles Fox"},"versions":[{"data":{"value":"Charles Fox"},"votes":3,"confidence":1.0,"instances":[{"created":"2015-11-20T04:10:58Z","user_id":"5642b89c35643800037e0f00","duration":7.04},{"created":"2015-11-20T05:58:33Z","user_id":"564eafd83964660003691200","duration":5.789},{"created":"2015-11-20T06:38:12Z","user_id":"564eac6839646600034b1200","duration":9.16}]}],"region":{"x":484.0056919929282,"y":518.5145031689322,"width":280.49332596277407,"height":68.1324517815832,"label":"Mortgager Name","shape":"rectangle"},"task_key":"em_record_mortgager","instructions":{"mark":"Mortgager Name","transcribe":"Enter the mortgager's name"}},{"id":"56b1765f50617568bb1e0600","status":"awaiting_votes","name":"Street Address","created_in_workflow":"verify","confidence":0.6666666666666666,"data":{"value":"No. 259 Canal St near Elm St"},"versions":[{"data":{"value":"No. 259 Canal St near Elm St"},"votes":2,"confidence":0.6666666666666666,"instances":[{"created":"2015-11-20T10:54:08Z","user_id":"564efb926435360003480000","duration":18.099},{"created":"2015-11-20T12:20:26Z","user_id":"564f0efa6138360003c00000","duration":18.458}]},{"data":{"value":"No. 259 Canal St. near Elm St."},"votes":1,"confidence":0.3333333333333333,"instances":[{"created":"2015-11-20T12:31:53Z","user_id":"564e49d539646600031a0b00","duration":15.449}]}],"region":{"x":482.2360180120905,"y":566.2957031196528,"width":560.1018149351294,"height":56.62957031196527,"label":"Street Address","shape":"rectangle"},"task_key":"em_transcribed_address","instructions":{"mark":"Street Address","transcribe":"Enter the street address","verify":"Choose the best transcription or enter your own!"}},{"id":"56b1765f50617568bb1f0600","status":"awaiting_transcriptions","name":"Land \u0026 Building Dimensions","created_in_workflow":"transcribe","confidence":0.3333333333333333,"data":{"em_survey_land_dimensions":"25.4 x 84.6 x 87.5","em_survey_building_dimensions":""},"versions":[{"data":{"em_survey_land_dimensions":"25.4 x 84.6 x 87.5","em_survey_building_dimensions":""},"votes":1,"confidence":0.3333333333333333,"instances":[{"created":"2015-11-20T05:59:12Z","user_id":"564eafd83964660003691200","duration":18.031}]}],"region":{"x":475.1573220887397,"y":608.7678808536268,"width":434.4549622956533,"height":88.48370361244565,"label":"Dimension \u0026 Description","shape":"rectangle"},"task_key":"em_record_survey","instructions":{"mark":"Dimension \u0026 Description","transcribe":"Enter, as they appear, any land and building dimensions that were recorded. In the next screen, you'll enter the descriptive information."}},{"id":"56b1765f50617568bb200600","status":"awaiting_transcriptions","name":"Stories \u0026 Materials","created_in_workflow":"transcribe","confidence":0.3333333333333333,"data":{"em_record_stories":"5","em_record_material":"Marble front, brick store"},"versions":[{"data":{"em_record_stories":"5","em_record_material":"Marble front, brick store"},"votes":1,"confidence":0.3333333333333333,"instances":[{"created":"2015-11-20T05:59:30Z","user_id":"564eafd83964660003691200","duration":17.944}]}],"region":{"x":475.1573220887397,"y":608.7678808536268,"width":434.4549622956533,"height":88.48370361244565,"label":"Dimension \u0026 Description","shape":"rectangle"},"task_key":"em_record_survey_stories_materials","instructions":{"mark":"Dimension \u0026 Description","transcribe":"Enter, as they appear, the number of stories and the building materials."}},{"id":"56b1765f50617568bb210600","status":"awaiting_transcriptions","name":"Additional Info","created_in_workflow":"transcribe","confidence":0.3333333333333333,"data":{"value":"Marble front, brick store"},"versions":[{"data":{"value":"Marble front, brick store"},"votes":1,"confidence":0.3333333333333333,"instances":[{"created":"2015-11-20T05:59:33Z","user_id":"564eafd83964660003691200","duration":2.636}]}],"region":{"x":475.1573220887397,"y":608.7678808536268,"width":434.4549622956533,"height":88.48370361244565,"label":"Dimension \u0026 Description","shape":"rectangle"},"task_key":"em_record_survey_additional_info","instructions":{"mark":"Dimension \u0026 Description","transcribe":"Enter any additional information you find about the building's construction or significance."}},{"id":"56b1765f50617568bb220600","status":"awaiting_transcriptions","name":"Record Date","created_in_workflow":"transcribe","confidence":0.6666666666666666,"data":{"value":"1866 May 1st"},"versions":[{"data":{"value":"1866 May 1st"},"votes":2,"confidence":0.6666666666666666,"instances":[{"created":"2015-11-20T04:08:48Z","user_id":"5642b89c35643800037e0f00","duration":17.093},{"created":"2015-12-19T03:58:03Z","user_id":"56748e5e3564620003fd0100","duration":9.734}]}],"region":{"x":120.3376889307826,"y":101.75625915431256,"width":204.39734478675334,"height":81.40500732345014,"label":"Record Date","shape":"rectangle"},"task_key":"em_record_date","instructions":{"mark":"Record Date","transcribe":"Enter the record date"}},{"id":"56b1765f50617568bb230600","status":"awaiting_transcriptions","name":"Record Date","created_in_workflow":"transcribe","confidence":0.6666666666666666,"data":{"value":"1866 May 1st"},"versions":[{"data":{"value":"1866 May 1st"},"votes":2,"confidence":0.6666666666666666,"instances":[{"created":"2015-12-26T17:59:39Z","user_id":"567ec3d36633660003170400","duration":14.628},{"created":"2015-12-27T00:32:57Z","user_id":"56748e5e3564620003fd0100","duration":10.255}]}],"region":{"x":125.85297536497609,"y":59.31337003715143,"width":218.4467921228602,"height":122.96674275994809,"label":"Record Date","shape":"rectangle"},"task_key":"em_record_date","instructions":{"mark":"Record Date","transcribe":"Enter the record date"}},{"id":"56b1765f50617568bb240600","status":"awaiting_votes","name":"Record Date","created_in_workflow":"transcribe","confidence":0.3333333333333333,"data":{"value":"1866 May 1st"},"versions":[{"data":{"value":"1866 May 1st"},"votes":1,"confidence":0.3333333333333333,"instances":[{"created":"2016-01-15T20:05:18Z","user_id":"5699428533376500030d0a00","duration":22.736}]},{"data":{"value":"1866 May 1st."},"votes":1,"confidence":0.3333333333333333,"instances":[{"created":"2016-01-15T20:14:03Z","user_id":"569938483337650003e70800","duration":52.387}]},{"data":{"value":"1866 May 14"},"votes":1,"confidence":0.3333333333333333,"instances":[{"created":"2016-01-15T20:58:56Z","user_id":"5698436437633400033b0800","duration":5.27}]}],"region":{"x":129.90469443584004,"y":59.75080498275904,"width":209.84604485789544,"height":103.92374581083482,"label":"Record Date","shape":"rectangle"},"task_key":"em_record_date","instructions":{"mark":"Record Date","transcribe":"Enter the record date"}},{"id":"56b1765f50617568bb250600","status":"awaiting_transcriptions","name":"Valuation Date","created_in_workflow":"transcribe","confidence":0.3333333333333333,"data":{"value":"November 1879"},"versions":[{"data":{"value":"November 1879"},"votes":1,"confidence":0.3333333333333333,"instances":[{"created":"2016-01-15T20:17:39Z","user_id":"569938483337650003e70800","duration":17.029}]},{"data":{"value":"1879 November"},"votes":1,"confidence":0.3333333333333333,"instances":[{"created":"2016-01-15T23:53:48Z","user_id":"5699816561663700033e0400","duration":20.998}]}],"region":{"x":117.91349187253174,"y":737.2536863264706,"width":757.4442952489749,"height":87.93547722455259,"label":"Valuation","shape":"rectangle"},"task_key":"em_record_valuation","instructions":{"mark":"Valuation","transcribe":"Enter the date of the valuation (if one is given). In the next screen, you'll enter the valuation's dollar amounts."}},{"id":"56b1765f50617568bb260600","status":"awaiting_transcriptions","name":"Total Value","created_in_workflow":"transcribe","confidence":0.3333333333333333,"data":{"value":"$40,000"},"versions":[{"data":{"value":"$40,000"},"votes":1,"confidence":0.3333333333333333,"instances":[{"created":"2016-01-15T20:18:10Z","user_id":"569938483337650003e70800","duration":13.712}]},{"data":{"value":"$40000."},"votes":1,"confidence":0.3333333333333333,"instances":[{"created":"2016-01-15T23:54:33Z","user_id":"5699816561663700033e0400","duration":18.774}]}],"region":{"x":117.91349187253174,"y":737.2536863264706,"width":757.4442952489749,"height":87.93547722455259,"label":"Valuation","shape":"rectangle"},"task_key":"em_record_valuation_total","instructions":{"mark":"Valuation","transcribe":"Enter the valuation ***total*** (if one is given)"}},{"id":"56b1765f50617568bb270600","status":"awaiting_transcriptions","name":"Valuation Date","created_in_workflow":"transcribe","confidence":0.3333333333333333,"data":{"value":"1879. November"},"versions":[{"data":{"value":"1879. November"},"votes":1,"confidence":0.3333333333333333,"instances":[{"created":"2015-12-26T18:03:26Z","user_id":"567ec3d36633660003170400","duration":15.104}]}],"region":{"x":127.29964286247848,"y":737.8004565596884,"width":755.1604336962451,"height":89.69338883666808,"label":"Valuation","shape":"rectangle"},"task_key":"em_record_valuation","instructions":{"mark":"Valuation","transcribe":"Enter the date of the valuation (if one is given). In the next screen, you'll enter the valuation's dollar amounts."}},{"id":"56b1765f50617568bb280600","status":"awaiting_transcriptions","name":"Land \u0026 Building Value","created_in_workflow":"transcribe","confidence":0.3333333333333333,"data":{"em_valuation_ground":""},"versions":[{"data":{"em_valuation_ground":""},"votes":1,"confidence":0.3333333333333333,"instances":[{"created":"2015-12-26T18:03:32Z","user_id":"567ec3d36633660003170400","duration":5.355}]}],"region":{"x":127.29964286247848,"y":737.8004565596884,"width":755.1604336962451,"height":89.69338883666808,"label":"Valuation","shape":"rectangle"},"task_key":"em_record_valuation_ground_building","instructions":{"mark":"Valuation","transcribe":"Sometimes valuations include itemized dollar values for \"ground\" and \"building\". Enter these amounts if you can find them. In the next screen, you'll enter the total valuation."}},{"id":"56b1765f50617568bb290600","status":"awaiting_transcriptions","name":"Total Value","created_in_workflow":"transcribe","confidence":0.3333333333333333,"data":{"value":"$40,000."},"versions":[{"data":{"value":"$40,000."},"votes":1,"confidence":0.3333333333333333,"instances":[{"created":"2015-12-26T18:03:59Z","user_id":"567ec3d36633660003170400","duration":27.325}]}],"region":{"x":127.29964286247848,"y":737.8004565596884,"width":755.1604336962451,"height":89.69338883666808,"label":"Valuation","shape":"rectangle"},"task_key":"em_record_valuation_total","instructions":{"mark":"Valuation","transcribe":"Enter the valuation ***total*** (if one is given)"}},{"id":"56b1765f50617568bb2a0600","status":"awaiting_votes","name":"Amount Loaned","created_in_workflow":"transcribe","confidence":0.6666666666666666,"data":{"value":"39000"},"versions":[{"data":{"value":"39000"},"votes":2,"confidence":0.6666666666666666,"instances":[{"created":"2015-11-20T05:37:36Z","user_id":"564eafd83964660003691200","duration":6.315},{"created":"2015-11-20T06:38:46Z","user_id":"564eac6839646600034b1200","duration":8.64}]},{"data":{"value":"$39000"},"votes":1,"confidence":0.3333333333333333,"instances":[{"created":"2015-11-20T12:00:52Z","user_id":"564f075f6138360003630000","duration":5.543}]}],"region":{"x":491.08438791627896,"y":728.2208807304286,"width":155.7313103137168,"height":56.62957031196527,"label":"Amount Loaned","shape":"rectangle"},"task_key":"em_record_amount_loaned","instructions":{"mark":"Amount Loaned","transcribe":"Enter the Amount Loaned"}}]}]}