{"id":"56b100927061755afbf50f00","meta_data":{"capture_uuid":"e24f79c0-00b1-0133-00cb-58d385a7bbd0","page_uri":"http://digitalcollections.nypl.org/items/e24f79c0-00b1-0133-00cb-58d385a7bbd0","book_uri":"http://digitalcollections.nypl.org/items/df712aa0-00b1-0133-fbd7-58d385a7bbd0","source_rotated":"0.923143","source_x":"1219.18","source_y":"0","source_w":"1374.82","source_h":"1005.4799999999999"},"type":"final_subject_set","search_terms_by_field":{"Record Number":["472"],"Mortgager":["Mary N. Hoguet and others"],"Street Address":["No. 31. W. 16th Street"],"Land \u0026 Building Dimensions":["25 x 92","25 x 40"],"Stories \u0026 Materials":["3","Bric"],"Additional Info":["House"],"Record Date":["1871 June 1"],"Valuation Date":["$22,000."],"Land \u0026 Building Value":[],"Total Value":["$22,000."],"Amount Loaned":["$9,000"]},"subjects":[{"id":"56b176e050617568bbc50e00","type":"root","location":{"standard":"https://s3.amazonaws.com/scribe.nypl.org/emigrant-s4/full/e24f79c0-00b1-0133-00cb-58d385a7bbd0.right-top.jpg","thumbnail":"https://s3.amazonaws.com/scribe.nypl.org/emigrant-s4/thumb/e24f79c0-00b1-0133-00cb-58d385a7bbd0.right-top.jpg"},"status":"active","width":1374,"height":1005,"meta_data":{"capture_uuid":"e24f79c0-00b1-0133-00cb-58d385a7bbd0","page_uri":"http://digitalcollections.nypl.org/items/e24f79c0-00b1-0133-00cb-58d385a7bbd0","book_uri":"http://digitalcollections.nypl.org/items/df712aa0-00b1-0133-fbd7-58d385a7bbd0","source_rotated":"0.923143","source_x":"1219.18","source_y":"0","source_w":"1374.82","source_h":"1005.4799999999999"},"assertions":[{"id":"56b176e050617568bbc60e00","status":"complete","name":"Record Number","created_in_workflow":"transcribe","confidence":1.0,"data":{"value":"472"},"versions":[{"data":{"value":"472"},"votes":3,"confidence":1.0,"instances":[{"created":"2016-01-03T00:13:00Z","user_id":"56882a806338370003c50800","duration":7.334},{"created":"2016-01-03T03:32:50Z","user_id":"568892a865336600036d0200","duration":3.998},{"created":"2016-01-03T05:53:15Z","user_id":"56748e5e3564620003fd0100","duration":3.445}]}],"region":{"x":965.0084203596506,"y":35.372849605582005,"width":110.54014749936948,"height":46.42686510732638,"label":"Record Number","shape":"rectangle"},"task_key":"em_record_number","instructions":{"mark":"Record Number","transcribe":"Enter the record number"}},{"id":"56b176e050617568bbc70e00","status":"awaiting_votes","name":"Mortgager","created_in_workflow":"transcribe","confidence":0.3333333333333333,"data":{"value":"Mary N. Hoguet and others"},"versions":[{"data":{"value":"Mary N. Hoguet and others"},"votes":1,"confidence":0.3333333333333333,"instances":[{"created":"2016-01-03T00:13:51Z","user_id":"56882a806338370003c50800","duration":43.789}]},{"data":{"value":"Mary N. Huguet and others"},"votes":1,"confidence":0.3333333333333333,"instances":[{"created":"2016-01-03T03:33:08Z","user_id":"568892a865336600036d0200","duration":13.911}]},{"data":{"value":"Mary N Hoguet and 2 others"},"votes":1,"confidence":0.3333333333333333,"instances":[{"created":"2016-01-03T18:30:45Z","user_id":"5689687061356400032b0400","duration":13.679}]}],"region":{"x":447.68053006260124,"y":538.3305549349511,"width":424.4741663975789,"height":50.84847130802416,"label":"Mortgager Name","shape":"rectangle"},"task_key":"em_record_mortgager","instructions":{"mark":"Mortgager Name","transcribe":"Enter the mortgager's name"}},{"id":"56b176e050617568bbc80e00","status":"awaiting_votes","name":"Street Address","created_in_workflow":"transcribe","confidence":0.6666666666666666,"data":{"value":"No. 31. W. 16th Street"},"versions":[{"data":{"value":"No. 31. W. 16th Street"},"votes":2,"confidence":0.6666666666666666,"instances":[{"created":"2016-01-03T00:14:04Z","user_id":"56882a806338370003c50800","duration":13.12},{"created":"2016-01-03T18:30:58Z","user_id":"5689687061356400032b0400","duration":12.84}]},{"data":{"value":"31 West 16th Street"},"votes":1,"confidence":0.3333333333333333,"instances":[{"created":"2016-01-03T03:33:13Z","user_id":"568892a865336600036d0200","duration":4.827}]}],"region":{"x":488.5803846373681,"y":579.2304122914053,"width":375.8365014978562,"height":38.68905425610535,"label":"Street Address","shape":"rectangle"},"task_key":"em_record_street_address","instructions":{"mark":"Street Address","transcribe":"Enter the street address"}},{"id":"56b176e050617568bbc90e00","status":"awaiting_transcriptions","name":"Land \u0026 Building Dimensions","created_in_workflow":"transcribe","confidence":0.3333333333333333,"data":{"em_survey_land_dimensions":"25 x 92","em_survey_building_dimensions":"25 x 40"},"versions":[{"data":{"em_survey_land_dimensions":"25 x 92","em_survey_building_dimensions":"25 x 40"},"votes":1,"confidence":0.3333333333333333,"instances":[{"created":"2016-01-03T03:33:35Z","user_id":"568892a865336600036d0200","duration":22.614}]}],"region":{"x":485.26418021238686,"y":617.9194665475106,"width":540.5413212719168,"height":66.32409301046619,"label":"Dimension \u0026 Description","shape":"rectangle"},"task_key":"em_record_survey","instructions":{"mark":"Dimension \u0026 Description","transcribe":"Enter, as they appear, any land and building dimensions that were recorded. In the next screen, you'll enter the descriptive information."}},{"id":"56b176e050617568bbca0e00","status":"awaiting_transcriptions","name":"Stories \u0026 Materials","created_in_workflow":"transcribe","confidence":0.3333333333333333,"data":{"em_record_stories":"3","em_record_material":"Bric"},"versions":[{"data":{"em_record_stories":"3","em_record_material":"Bric"},"votes":1,"confidence":0.3333333333333333,"instances":[{"created":"2016-01-03T03:33:38Z","user_id":"568892a865336600036d0200","duration":2.704}]}],"region":{"x":485.26418021238686,"y":617.9194665475106,"width":540.5413212719168,"height":66.32409301046619,"label":"Dimension \u0026 Description","shape":"rectangle"},"task_key":"em_record_survey_stories_materials","instructions":{"mark":"Dimension \u0026 Description","transcribe":"Enter, as they appear, the number of stories and the building materials."}},{"id":"56b176e050617568bbcb0e00","status":"awaiting_transcriptions","name":"Additional Info","created_in_workflow":"transcribe","confidence":0.3333333333333333,"data":{"value":"House"},"versions":[{"data":{"value":"House"},"votes":1,"confidence":0.3333333333333333,"instances":[{"created":"2016-01-03T03:33:39Z","user_id":"568892a865336600036d0200","duration":1.374}]}],"region":{"x":485.26418021238686,"y":617.9194665475106,"width":540.5413212719168,"height":66.32409301046619,"label":"Dimension \u0026 Description","shape":"rectangle"},"task_key":"em_record_survey_additional_info","instructions":{"mark":"Dimension \u0026 Description","transcribe":"Enter any additional information you find about the building's construction or significance."}},{"id":"56b176e050617568bbcc0e00","status":"awaiting_votes","name":"Record Date","created_in_workflow":"transcribe","confidence":0.6666666666666666,"data":{"value":"1871 June 1"},"versions":[{"data":{"value":"1871 June 1"},"votes":2,"confidence":0.6666666666666666,"instances":[{"created":"2016-01-03T03:32:54Z","user_id":"568892a865336600036d0200","duration":4.144},{"created":"2016-01-03T18:29:21Z","user_id":"5689687061356400032b0400","duration":9.334}]},{"data":{"value":"1870. June 1"},"votes":1,"confidence":0.3333333333333333,"instances":[{"created":"2016-01-03T00:13:07Z","user_id":"56882a806338370003c50800","duration":6.831}]}],"region":{"x":111.6384816645179,"y":85.1159193634317,"width":159.17781239909215,"height":123.804973619537,"label":"Record Date","shape":"rectangle"},"task_key":"em_record_date","instructions":{"mark":"Record Date","transcribe":"Enter the record date"}},{"id":"56b176e050617568bbcd0e00","status":"awaiting_transcriptions","name":"Valuation Date","created_in_workflow":"transcribe","confidence":0.3333333333333333,"data":{"value":"$22,000."},"versions":[{"data":{"value":"$22,000."},"votes":1,"confidence":0.3333333333333333,"instances":[{"created":"2016-01-03T17:41:50Z","user_id":"56895b9661356400039f0300","duration":7.375}]}],"region":{"x":646.6527955614664,"y":756.0946603193153,"width":154.7562064991173,"height":69.64029766098963,"label":"Valuation","shape":"rectangle"},"task_key":"em_record_valuation","instructions":{"mark":"Valuation","transcribe":"Enter the date of the valuation (if one is given). In the next screen, you'll enter the valuation's dollar amounts."}},{"id":"56b176e050617568bbce0e00","status":"awaiting_transcriptions","name":"Land \u0026 Building Value","created_in_workflow":"transcribe","confidence":0.3333333333333333,"data":{"em_valuation_ground":""},"versions":[{"data":{"em_valuation_ground":""},"votes":1,"confidence":0.3333333333333333,"instances":[{"created":"2016-01-03T17:41:54Z","user_id":"56895b9661356400039f0300","duration":3.813}]}],"region":{"x":646.6527955614664,"y":756.0946603193153,"width":154.7562064991173,"height":69.64029766098963,"label":"Valuation","shape":"rectangle"},"task_key":"em_record_valuation_ground_building","instructions":{"mark":"Valuation","transcribe":"Sometimes valuations include itemized dollar values for \"ground\" and \"building\". Enter these amounts if you can find them. In the next screen, you'll enter the total valuation."}},{"id":"56b176e050617568bbcf0e00","status":"awaiting_transcriptions","name":"Total Value","created_in_workflow":"transcribe","confidence":0.3333333333333333,"data":{"value":"$22,000."},"versions":[{"data":{"value":"$22,000."},"votes":1,"confidence":0.3333333333333333,"instances":[{"created":"2016-01-03T17:42:03Z","user_id":"56895b9661356400039f0300","duration":8.975}]}],"region":{"x":646.6527955614664,"y":756.0946603193153,"width":154.7562064991173,"height":69.64029766098963,"label":"Valuation","shape":"rectangle"},"task_key":"em_record_valuation_total","instructions":{"mark":"Valuation","transcribe":"Enter the valuation ***total*** (if one is given)"}},{"id":"56b176e050617568bbd00e00","status":"awaiting_votes","name":"Amount Loaned","created_in_workflow":"transcribe","confidence":0.25,"data":{"value":"$9,000"},"versions":[{"data":{"value":"$9,000"},"votes":1,"confidence":0.25,"instances":[{"created":"2016-01-03T03:34:29Z","user_id":"568892a865336600036d0200","duration":3.028}]},{"data":{"value":"$9000."},"votes":1,"confidence":0.25,"instances":[{"created":"2016-01-03T17:41:43Z","user_id":"56895b9661356400039f0300","duration":9.44}]},{"data":{"value":"$9000"},"votes":1,"confidence":0.25,"instances":[{"created":"2016-01-03T21:59:17Z","user_id":"5668bbbe3064310003db0500","duration":6.97}]},{"data":{"value":"9000"},"votes":1,"confidence":0.25,"instances":[{"created":"2016-01-03T22:36:08Z","user_id":"56898b2a6135640003360500","duration":971.506}]}],"region":{"x":1162.875284383522,"y":732.8812277656522,"width":150.3346005991425,"height":53.05927440837297,"label":"Amount Loaned","shape":"rectangle"},"task_key":"em_record_amount_loaned","instructions":{"mark":"Amount Loaned","transcribe":"Enter the Amount Loaned"}}]}]}