{"id":"56b100c97061755afbff1300","meta_data":{"capture_uuid":"e32967f0-00b1-0133-7e73-58d385a7bbd0","page_uri":"http://digitalcollections.nypl.org/items/e32967f0-00b1-0133-7e73-58d385a7bbd0","book_uri":"http://digitalcollections.nypl.org/items/df712aa0-00b1-0133-fbd7-58d385a7bbd0","source_rotated":"0.811263","source_x":"1217.3","source_y":"957.86","source_w":"1372.7","source_h":"1080.14"},"type":"final_subject_set","search_terms_by_field":{"Record Number":["575"],"Mortgager":["F. and A. Schumacher"],"Street Address":["No. 437 W 37th Street"],"Land \u0026 Building Dimensions":["25 x 98.9","25 x 55"],"Stories \u0026 Materials":["5","brick"],"Additional Info":[],"Record Date":["1872 April 13","1879 November"],"Total Value":["$12,000","$12000."],"Valuation Date":["1879 November"],"Land \u0026 Building Value":[],"Amount Loaned":["$7,000"]},"subjects":[{"id":"56b1771850617568bb891200","type":"root","location":{"standard":"https://s3.amazonaws.com/scribe.nypl.org/emigrant-s4/full/e32967f0-00b1-0133-7e73-58d385a7bbd0.right-bottom.jpg","thumbnail":"https://s3.amazonaws.com/scribe.nypl.org/emigrant-s4/thumb/e32967f0-00b1-0133-7e73-58d385a7bbd0.right-bottom.jpg"},"status":"retired","width":1372,"height":1080,"meta_data":{"capture_uuid":"e32967f0-00b1-0133-7e73-58d385a7bbd0","page_uri":"http://digitalcollections.nypl.org/items/e32967f0-00b1-0133-7e73-58d385a7bbd0","book_uri":"http://digitalcollections.nypl.org/items/df712aa0-00b1-0133-fbd7-58d385a7bbd0","source_rotated":"0.811263","source_x":"1217.3","source_y":"957.86","source_w":"1372.7","source_h":"1080.14"},"assertions":[{"id":"56b1771850617568bb8a1200","status":"complete","name":"Record Number","created_in_workflow":"transcribe","confidence":1.0,"data":{"value":"575"},"versions":[{"data":{"value":"575"},"votes":3,"confidence":1.0,"instances":[{"created":"2015-11-10T03:37:37Z","user_id":"5641537261616500034e4f00","duration":4.396},{"created":"2015-11-10T04:08:09Z","user_id":"56415e826161650003845a00","duration":5.9},{"created":"2015-11-10T07:11:51Z","user_id":"564195076161650003176e00","duration":5.086}]}],"region":{"x":955.7885260288498,"y":45.260576490980284,"width":103.83308663670721,"height":65.67220902612826,"label":"Record Number","shape":"rectangle"},"task_key":"em_record_number","instructions":{"mark":"Record Number","transcribe":"Enter the record number"}},{"id":"56b1771850617568bb8b1200","status":"awaiting_votes","name":"Mortgager","created_in_workflow":"transcribe","confidence":0.6666666666666666,"data":{"value":"F. and A. Schumacher"},"versions":[{"data":{"value":"F. and A. Schumacher"},"votes":2,"confidence":0.6666666666666666,"instances":[{"created":"2015-11-10T04:08:36Z","user_id":"56415e826161650003845a00","duration":13.765},{"created":"2015-11-10T07:12:14Z","user_id":"564195076161650003176e00","duration":8.14}]},{"data":{"value":"F and A Schumacker"},"votes":1,"confidence":0.3333333333333333,"instances":[{"created":"2015-11-10T03:37:50Z","user_id":"5641537261616500034e4f00","duration":5.2}]}],"region":{"x":407.33683764008845,"y":525.3776722090261,"width":434.85651668364574,"height":69.22205816267581,"label":"Mortgager Name","shape":"rectangle"},"task_key":"em_record_mortgager","instructions":{"mark":"Mortgager Name","transcribe":"Enter the mortgager's name"}},{"id":"56b1771850617568bb8c1200","status":"awaiting_votes","name":"Street Address","created_in_workflow":"transcribe","confidence":0.3333333333333333,"data":{"value":"No. 437 W 37th Street"},"versions":[{"data":{"value":"No. 437 W 37th Street"},"votes":1,"confidence":0.3333333333333333,"instances":[{"created":"2015-11-10T03:37:59Z","user_id":"5641537261616500034e4f00","duration":7.27}]},{"data":{"value":"No 437 W. 47th Street"},"votes":1,"confidence":0.3333333333333333,"instances":[{"created":"2015-11-10T04:08:58Z","user_id":"56415e826161650003845a00","duration":11.54}]},{"data":{"value":"No. 437 W. 37th Street"},"votes":1,"confidence":0.3333333333333333,"instances":[{"created":"2015-11-10T07:12:22Z","user_id":"564195076161650003176e00","duration":8.225}]}],"region":{"x":486.32098046630165,"y":581.2877961096488,"width":341.67297739429307,"height":44.37311420684341,"label":"Street Address","shape":"rectangle"},"task_key":"em_record_street_address","instructions":{"mark":"Street Address","transcribe":"Enter the street address"}},{"id":"56b1771850617568bb8d1200","status":"awaiting_votes","name":"Land \u0026 Building Dimensions","created_in_workflow":"transcribe","confidence":0.3333333333333333,"data":{"em_survey_land_dimensions":"25 x 98.9","em_survey_building_dimensions":"25 x 55"},"versions":[{"data":{"em_survey_land_dimensions":"25 x 98.9","em_survey_building_dimensions":"25 x 55"},"votes":1,"confidence":0.3333333333333333,"instances":[{"created":"2015-11-10T03:38:15Z","user_id":"5641537261616500034e4f00","duration":9.758}]},{"data":{"em_survey_land_dimensions":"25 x 98.9","em_survey_building_dimensions":"22 x 55 and 25 x 25"},"votes":1,"confidence":0.3333333333333333,"instances":[{"created":"2015-11-10T04:10:25Z","user_id":"5640d04b34326600038d1c00","duration":65.403}]},{"data":{"em_survey_land_dimensions":"25 x 98.9","em_survey_building_dimensions":"25 x 55, 25 x 25"},"votes":1,"confidence":0.3333333333333333,"instances":[{"created":"2015-11-10T06:35:03Z","user_id":"5640d5f53432660003452200","duration":65.422}]}],"region":{"x":264.45541072974777,"y":623.8859857482184,"width":1026.7938567407714,"height":80.75906785645509,"label":"Dimension \u0026 Description","shape":"rectangle"},"task_key":"em_record_survey","instructions":{"mark":"Dimension \u0026 Description","transcribe":"Enter, as they appear, any land and building dimensions that were recorded. In the next screen, you'll enter the descriptive information."}},{"id":"56b1771850617568bb8e1200","status":"awaiting_votes","name":"Stories \u0026 Materials","created_in_workflow":"transcribe","confidence":0.3333333333333333,"data":{"em_record_stories":"5","em_record_material":"brick"},"versions":[{"data":{"em_record_stories":"5","em_record_material":"brick"},"votes":1,"confidence":0.3333333333333333,"instances":[{"created":"2015-11-10T03:38:18Z","user_id":"5641537261616500034e4f00","duration":2.185}]},{"data":{"em_record_stories":"3 and 2","em_record_material":"Brick and Brick"},"votes":1,"confidence":0.3333333333333333,"instances":[{"created":"2015-11-10T04:11:02Z","user_id":"5640d04b34326600038d1c00","duration":36.745}]},{"data":{"em_record_stories":"3, 2","em_record_material":"brick"},"votes":1,"confidence":0.3333333333333333,"instances":[{"created":"2015-11-10T06:35:18Z","user_id":"5640d5f53432660003452200","duration":14.951}]}],"region":{"x":264.45541072974777,"y":623.8859857482184,"width":1026.7938567407714,"height":80.75906785645509,"label":"Dimension \u0026 Description","shape":"rectangle"},"task_key":"em_record_survey_stories_materials","instructions":{"mark":"Dimension \u0026 Description","transcribe":"Enter, as they appear, the number of stories and the building materials."}},{"id":"56b1771850617568bb8f1200","status":"awaiting_transcriptions","name":"Additional Info","created_in_workflow":"transcribe","confidence":0.3333333333333333,"data":{"value":""},"versions":[{"data":{"value":""},"votes":1,"confidence":0.3333333333333333,"instances":[{"created":"2015-11-10T03:38:19Z","user_id":"5641537261616500034e4f00","duration":1.808}]},{"data":{"value":"House and Shop"},"votes":1,"confidence":0.3333333333333333,"instances":[{"created":"2015-11-10T04:11:21Z","user_id":"5640d04b34326600038d1c00","duration":19.14}]},{"data":{"value":"3 story brick house, 2 story brick shop in rear"},"votes":1,"confidence":0.3333333333333333,"instances":[{"created":"2015-11-10T06:35:40Z","user_id":"5640d5f53432660003452200","duration":22.981}]}],"region":{"x":264.45541072974777,"y":623.8859857482184,"width":1026.7938567407714,"height":80.75906785645509,"label":"Dimension \u0026 Description","shape":"rectangle"},"task_key":"em_record_survey_additional_info","instructions":{"mark":"Dimension \u0026 Description","transcribe":"Enter any additional information you find about the building's construction or significance."}},{"id":"56b1771850617568bb901200","status":"complete","name":"Record Date","created_in_workflow":"transcribe","confidence":1.0,"data":{"value":"1872 April 13"},"versions":[{"data":{"value":"1872 April 13"},"votes":3,"confidence":1.0,"instances":[{"created":"2015-11-10T03:37:44Z","user_id":"5641537261616500034e4f00","duration":4.954},{"created":"2015-11-10T04:08:17Z","user_id":"56415e826161650003845a00","duration":8.082},{"created":"2015-11-10T07:12:05Z","user_id":"564195076161650003176e00","duration":9.805}]}],"region":{"x":91.40026633523568,"y":100.28323810746613,"width":197.90408820500608,"height":134.00680490466712,"label":"Record Date","shape":"rectangle"},"task_key":"em_record_date","instructions":{"mark":"Record Date","transcribe":"Enter the record date"}},{"id":"56b1771850617568bb911200","status":"awaiting_transcriptions","name":"Record Date","created_in_workflow":"transcribe","confidence":0.6666666666666666,"data":{"value":"1879 November"},"versions":[{"data":{"value":"1879 November"},"votes":2,"confidence":0.6666666666666666,"instances":[{"created":"2016-01-03T00:35:23Z","user_id":"568869523833320003620900","duration":4.306},{"created":"2016-01-03T03:24:39Z","user_id":"568892a865336600036d0200","duration":4.862}]}],"region":{"x":92.28844021208623,"y":742.1394543092248,"width":185.84668871070767,"height":123.48202685145088,"label":"Record Date","shape":"rectangle"},"task_key":"em_record_date","instructions":{"mark":"Record Date","transcribe":"Enter the record date"}},{"id":"56b1771850617568bb921200","status":"awaiting_votes","name":"Total Value","created_in_workflow":"transcribe","confidence":0.6666666666666666,"data":{"value":"$12,000"},"versions":[{"data":{"value":"$12,000"},"votes":2,"confidence":0.6666666666666666,"instances":[{"created":"2015-11-10T04:12:26Z","user_id":"5640d04b34326600038d1c00","duration":8.789},{"created":"2015-11-10T07:13:50Z","user_id":"564195076161650003176e00","duration":6.225}]},{"data":{"value":"12000"},"votes":1,"confidence":0.3333333333333333,"instances":[{"created":"2015-11-10T03:38:31Z","user_id":"5641537261616500034e4f00","duration":1.928}]}],"region":{"x":110.03697419310622,"y":754.3429415163381,"width":721.5068327832734,"height":95.84592668678181,"label":"Valuation","shape":"rectangle"},"task_key":"em_record_valuation_total","instructions":{"mark":"Valuation","transcribe":"Enter the valuation ***total*** (if one is given)"}},{"id":"56b1771850617568bb931200","status":"complete","name":"Valuation Date","created_in_workflow":"transcribe","confidence":1.0,"data":{"value":"1879 November"},"versions":[{"data":{"value":"1879 November"},"votes":3,"confidence":1.0,"instances":[{"created":"2015-11-10T03:38:28Z","user_id":"5641537261616500034e4f00","duration":4.592},{"created":"2015-11-10T04:12:15Z","user_id":"5640d04b34326600038d1c00","duration":12.881},{"created":"2015-11-10T07:13:38Z","user_id":"564195076161650003176e00","duration":30.437}]}],"region":{"x":110.03697419310622,"y":754.3429415163381,"width":721.5068327832734,"height":95.84592668678181,"label":"Valuation","shape":"rectangle"},"task_key":"em_record_valuation","instructions":{"mark":"Valuation","transcribe":"Enter the date of the valuation (if one is given). In the next screen, you'll enter the valuation's dollar amounts."}},{"id":"56b1771850617568bb941200","status":"awaiting_transcriptions","name":"Land \u0026 Building Value","created_in_workflow":"transcribe","confidence":0.3333333333333333,"data":{"em_valuation_ground":""},"versions":[{"data":{"em_valuation_ground":""},"votes":1,"confidence":0.3333333333333333,"instances":[{"created":"2015-11-10T03:38:29Z","user_id":"5641537261616500034e4f00","duration":1.145}]}],"region":{"x":110.03697419310622,"y":754.3429415163381,"width":721.5068327832734,"height":95.84592668678181,"label":"Valuation","shape":"rectangle"},"task_key":"em_record_valuation_ground_building","instructions":{"mark":"Valuation","transcribe":"Sometimes valuations include itemized dollar values for \"ground\" and \"building\". Enter these amounts if you can find them. In the next screen, you'll enter the total valuation."}},{"id":"56b1771850617568bb951200","status":"awaiting_transcriptions","name":"Valuation Date","created_in_workflow":"transcribe","confidence":0.3333333333333333,"data":{"value":""},"versions":[{"data":{"value":""},"votes":1,"confidence":0.3333333333333333,"instances":[{"created":"2016-01-02T23:29:43Z","user_id":"56882a806338370003c50800","duration":4.852}]}],"region":{"x":311.81204566902954,"y":754.6123863144219,"width":513.8848036832991,"height":114.75097444781284,"label":"Valuation","shape":"rectangle"},"task_key":"em_record_valuation","instructions":{"mark":"Valuation","transcribe":"Enter the date of the valuation (if one is given). In the next screen, you'll enter the valuation's dollar amounts."}},{"id":"56b1771850617568bb961200","status":"awaiting_transcriptions","name":"Land \u0026 Building Value","created_in_workflow":"transcribe","confidence":0.3333333333333333,"data":{"em_valuation_ground":""},"versions":[{"data":{"em_valuation_ground":""},"votes":1,"confidence":0.3333333333333333,"instances":[{"created":"2016-01-02T23:29:56Z","user_id":"56882a806338370003c50800","duration":12.242}]}],"region":{"x":311.81204566902954,"y":754.6123863144219,"width":513.8848036832991,"height":114.75097444781284,"label":"Valuation","shape":"rectangle"},"task_key":"em_record_valuation_ground_building","instructions":{"mark":"Valuation","transcribe":"Sometimes valuations include itemized dollar values for \"ground\" and \"building\". Enter these amounts if you can find them. In the next screen, you'll enter the total valuation."}},{"id":"56b1771850617568bb971200","status":"awaiting_transcriptions","name":"Total Value","created_in_workflow":"transcribe","confidence":0.3333333333333333,"data":{"value":"$12000."},"versions":[{"data":{"value":"$12000."},"votes":1,"confidence":0.3333333333333333,"instances":[{"created":"2016-01-02T23:30:02Z","user_id":"56882a806338370003c50800","duration":6.604}]}],"region":{"x":311.81204566902954,"y":754.6123863144219,"width":513.8848036832991,"height":114.75097444781284,"label":"Valuation","shape":"rectangle"},"task_key":"em_record_valuation_total","instructions":{"mark":"Valuation","transcribe":"Enter the valuation ***total*** (if one is given)"}},{"id":"56b1771850617568bb981200","status":"awaiting_votes","name":"Amount Loaned","created_in_workflow":"transcribe","confidence":0.6666666666666666,"data":{"value":"$7,000"},"versions":[{"data":{"value":"$7,000"},"votes":2,"confidence":0.6666666666666666,"instances":[{"created":"2015-11-10T04:10:05Z","user_id":"56415e826161650003845a00","duration":4.422},{"created":"2015-11-10T07:13:08Z","user_id":"564195076161650003176e00","duration":5.431}]},{"data":{"value":"7000"},"votes":1,"confidence":0.3333333333333333,"instances":[{"created":"2015-11-10T03:38:23Z","user_id":"5641537261616500034e4f00","duration":3.461}]}],"region":{"x":1172.3293220917265,"y":730.3814598446427,"width":152.64351197874907,"height":78.0966810040444,"label":"Amount Loaned","shape":"rectangle"},"task_key":"em_record_amount_loaned","instructions":{"mark":"Amount Loaned","transcribe":"Enter the Amount Loaned"}}]}]}