{"id":"56b100757061755afbd00d00","meta_data":{"capture_uuid":"e1f9d880-00b1-0133-8b1e-58d385a7bbd0","page_uri":"http://digitalcollections.nypl.org/items/e1f9d880-00b1-0133-8b1e-58d385a7bbd0","book_uri":"http://digitalcollections.nypl.org/items/df712aa0-00b1-0133-fbd7-58d385a7bbd0","source_rotated":"1.03502","source_x":"0","source_y":"964.91","source_w":"1375.91","source_h":"1088.09"},"type":"final_subject_set","search_terms_by_field":{"Record Number":["422","422","422","422"],"Mortgager":["Denis Flanigan","Denis Flanigan","Denis Flanigan"],"Street Address":["W.S  2d avenue 51.1 N. 82d Street","W.S   2d Avenue   51. N. 82d Street","W. S  2d Avenue   51. 1. N. 82d Street"],"Land \u0026 Building Dimensions":["25.6 1/2 x 75","25.6 1/2 x 40","25.6 1/2 x 75","25.6 1/2 x 40","25.6 1/2 x 75.","25.6 1/2 x 40."],"Stories \u0026 Materials":["3","Brick","3","brick","3","brick"],"Additional Info":["House","house","house"],"Record Date":["1870. Nov.r 1","1870 Nov 1","1870 Nov'r 1","1879 November"],"Valuation Date":["$13,000","1879 November"],"Land \u0026 Building Value":[],"Total Value":["$13000.","$13,000","$13,000"],"Amount Loaned":["$4,000","$4000","$4,000"]},"subjects":[{"id":"56b176c350617568bbc50c00","type":"root","location":{"standard":"https://s3.amazonaws.com/scribe.nypl.org/emigrant-s4/full/e1f9d880-00b1-0133-8b1e-58d385a7bbd0.left-bottom.jpg","thumbnail":"https://s3.amazonaws.com/scribe.nypl.org/emigrant-s4/thumb/e1f9d880-00b1-0133-8b1e-58d385a7bbd0.left-bottom.jpg"},"status":"retired","width":1375,"height":1088,"meta_data":{"capture_uuid":"e1f9d880-00b1-0133-8b1e-58d385a7bbd0","page_uri":"http://digitalcollections.nypl.org/items/e1f9d880-00b1-0133-8b1e-58d385a7bbd0","book_uri":"http://digitalcollections.nypl.org/items/df712aa0-00b1-0133-fbd7-58d385a7bbd0","source_rotated":"1.03502","source_x":"0","source_y":"964.91","source_w":"1375.91","source_h":"1088.09"},"assertions":[{"id":"56b176c350617568bbc60c00","status":"complete","name":"Record Number","created_in_workflow":"transcribe","confidence":1.0,"data":{"value":"422"},"versions":[{"data":{"value":"422"},"votes":3,"confidence":1.0,"instances":[{"created":"2015-11-28T22:48:11Z","user_id":"565a2d333961610003f50400","duration":7.159},{"created":"2015-11-28T23:14:32Z","user_id":"565a34ca34663400030f0900","duration":6.169},{"created":"2015-11-28T23:29:16Z","user_id":"565a37b13961610003d20500","duration":3.508}]}],"region":{"x":523.0059226629668,"y":58.54516932946187,"width":506.1357274128394,"height":68.46406445480662,"label":"Record Number","shape":"rectangle"},"task_key":"em_record_number","instructions":{"mark":"Record Number","transcribe":"Enter the record number"}},{"id":"56b176c350617568bbc70c00","status":"complete","name":"Record Number","created_in_workflow":"transcribe","confidence":1.0,"data":{"value":"422"},"versions":[{"data":{"value":"422"},"votes":3,"confidence":1.0,"instances":[{"created":"2016-01-06T19:30:24Z","user_id":"568d52a73130650003950200","duration":5.535},{"created":"2016-01-06T20:18:16Z","user_id":"568d70473130650003fe0500","duration":2.61},{"created":"2016-01-06T20:41:20Z","user_id":"568ac34a3237350003b80500","duration":3.047}]}],"region":{"x":523.2896302066802,"y":55.872399553789855,"width":520.5672144913708,"height":70.8625555316359,"label":"Record Number","shape":"rectangle"},"task_key":"em_record_number","instructions":{"mark":"Record Number","transcribe":"Enter the record number"}},{"id":"56b176c350617568bbc80c00","status":"complete","name":"Record Number","created_in_workflow":"transcribe","confidence":1.0,"data":{"value":"422"},"versions":[{"data":{"value":"422"},"votes":3,"confidence":1.0,"instances":[{"created":"2016-01-23T22:47:30Z","user_id":"56a3e3a239353200033f0900","duration":3.841},{"created":"2016-01-24T23:33:06Z","user_id":"56a556736164350003cb0100","duration":3.514},{"created":"2016-01-25T00:57:21Z","user_id":"56a239383634350003190700","duration":2.662}]}],"region":{"x":944.3756194251735,"y":58.59719259694949,"width":100.84241823587718,"height":54.50901636925534,"label":"Record Number","shape":"rectangle"},"task_key":"em_record_number","instructions":{"mark":"Record Number","transcribe":"Enter the record number"}},{"id":"56b176c350617568bbc90c00","status":"awaiting_transcriptions","name":"Record Number","created_in_workflow":"transcribe","confidence":0.6666666666666666,"data":{"value":"422"},"versions":[{"data":{"value":"422"},"votes":2,"confidence":0.6666666666666666,"instances":[{"created":"2016-01-21T23:14:28Z","user_id":"56a14d543833370003c80000","duration":4.781},{"created":"2016-01-22T03:56:35Z","user_id":"56a1a3d83833370003a60500","duration":3.231}]}],"region":{"x":945.6993127147766,"y":68.61855670103093,"width":111.72508591065298,"height":45.74570446735396,"label":"Record Number","shape":"rectangle"},"task_key":"em_record_number","instructions":{"mark":"Record Number","transcribe":"Enter the record number"}},{"id":"56b176c350617568bbca0c00","status":"complete","name":"Mortgager","created_in_workflow":"transcribe","confidence":1.0,"data":{"value":"Denis Flanigan"},"versions":[{"data":{"value":"Denis Flanigan"},"votes":3,"confidence":1.0,"instances":[{"created":"2016-01-06T19:31:10Z","user_id":"568d52a73130650003950200","duration":12.147},{"created":"2016-01-06T20:18:36Z","user_id":"568d70473130650003fe0500","duration":4.964},{"created":"2016-01-06T20:41:39Z","user_id":"568ac34a3237350003b80500","duration":4.167}]}],"region":{"x":239.83941917472964,"y":530.106425034738,"width":590.0670258501664,"height":58.59788245885272,"label":"Mortgager Name","shape":"rectangle"},"task_key":"em_record_mortgager","instructions":{"mark":"Mortgager Name","transcribe":"Enter the mortgager's name"}},{"id":"56b176c350617568bbcb0c00","status":"complete","name":"Mortgager","created_in_workflow":"transcribe","confidence":1.0,"data":{"value":"Denis Flanigan"},"versions":[{"data":{"value":"Denis Flanigan"},"votes":3,"confidence":1.0,"instances":[{"created":"2015-11-28T20:21:13Z","user_id":"565a044939616100034b0200","duration":18.668},{"created":"2015-11-28T22:48:35Z","user_id":"565a2d333961610003f50400","duration":12.295},{"created":"2015-11-28T23:29:53Z","user_id":"565a37b13961610003d20500","duration":9.131}]}],"region":{"x":243.1426380935144,"y":537.7936205131082,"width":571.6356450780304,"height":55.06892140930097,"label":"Mortgager Name","shape":"rectangle"},"task_key":"em_record_mortgager","instructions":{"mark":"Mortgager Name","transcribe":"Enter the mortgager's name"}},{"id":"56b176c350617568bbcc0c00","status":"complete","name":"Mortgager","created_in_workflow":"transcribe","confidence":1.0,"data":{"value":"Denis Flanigan"},"versions":[{"data":{"value":"Denis Flanigan"},"votes":4,"confidence":1.0,"instances":[{"created":"2016-01-21T23:15:22Z","user_id":"56a14d543833370003c80000","duration":10.454},{"created":"2016-01-22T03:56:57Z","user_id":"56a1a3d83833370003a60500","duration":7.581},{"created":"2016-01-22T11:29:19Z","user_id":"56a20df93833370003e50500","duration":19.864},{"created":"2016-01-22T11:29:56Z","user_id":"56a2128b3833370003060600","duration":16.493}]}],"region":{"x":416.1048109965636,"y":539.2714776632303,"width":417.8694158075602,"height":51.0240549828178,"label":"Mortgager Name","shape":"rectangle"},"task_key":"em_record_mortgager","instructions":{"mark":"Mortgager Name","transcribe":"Enter the mortgager's name"}},{"id":"56b176c350617568bbcd0c00","status":"awaiting_votes","name":"Street Address","created_in_workflow":"transcribe","confidence":0.3333333333333333,"data":{"value":"W.S  2d avenue 51.1 N. 82d Street"},"versions":[{"data":{"value":"W.S  2d avenue 51.1 N. 82d Street"},"votes":1,"confidence":0.3333333333333333,"instances":[{"created":"2015-11-28T20:24:43Z","user_id":"565a044939616100034b0200","duration":209.936}]},{"data":{"value":"W.S 2d avenue 51.1 N, 82d Street"},"votes":1,"confidence":0.3333333333333333,"instances":[{"created":"2015-11-28T22:49:34Z","user_id":"565a2d333961610003f50400","duration":58.429}]},{"data":{"value":"W.S. 2d Avenue51.1. N. 82d Street"},"votes":1,"confidence":0.3333333333333333,"instances":[{"created":"2015-11-28T23:39:02Z","user_id":"565a37b13961610003d20500","duration":44.118}]}],"region":{"x":247.6085415706865,"y":575.0023511950683,"width":724.9649977942729,"height":52.092222954744216,"label":"Street Address","shape":"rectangle"},"task_key":"em_record_street_address","instructions":{"mark":"Street Address","transcribe":"Enter the street address"}},{"id":"56b176c350617568bbce0c00","status":"awaiting_votes","name":"Street Address","created_in_workflow":"transcribe","confidence":0.3333333333333333,"data":{"value":"W.S   2d Avenue   51. N. 82d Street"},"versions":[{"data":{"value":"W.S   2d Avenue   51. N. 82d Street"},"votes":1,"confidence":0.3333333333333333,"instances":[{"created":"2016-01-06T19:32:25Z","user_id":"568d52a73130650003950200","duration":74.186}]},{"data":{"value":"West of 2nd Avenue and 51.1 North of 82nd St."},"votes":1,"confidence":0.3333333333333333,"instances":[{"created":"2016-01-06T20:19:42Z","user_id":"568d70473130650003fe0500","duration":65.581}]},{"data":{"value":"W.S 2nd Avenue 51.1 N. 82nd Street"},"votes":1,"confidence":0.3333333333333333,"instances":[{"created":"2016-01-06T23:05:14Z","user_id":"568d9c1535656200034b0600","duration":14.805}]}],"region":{"x":250.7413503682662,"y":572.3514100632132,"width":712.7137517774526,"height":54.509658101258424,"label":"Street Address","shape":"rectangle"},"task_key":"em_record_street_address","instructions":{"mark":"Street Address","transcribe":"Enter the street address"}},{"id":"56b176c350617568bbcf0c00","status":"awaiting_votes","name":"Street Address","created_in_workflow":"transcribe","confidence":0.3333333333333333,"data":{"value":"W. S  2d Avenue   51. 1. N. 82d Street"},"versions":[{"data":{"value":"W. S  2d Avenue   51. 1. N. 82d Street"},"votes":1,"confidence":0.3333333333333333,"instances":[{"created":"2016-01-21T22:52:00Z","user_id":"56a14d543833370003c80000","duration":96.837}]},{"data":{"value":"West side 2nd Ave., 51.1 North of 82nd St."},"votes":1,"confidence":0.3333333333333333,"instances":[{"created":"2016-01-22T01:32:19Z","user_id":"56a184b03833370003b80400","duration":25.854}]},{"data":{"value":"W.S 2nd. Avenue 51. 1. N. 82nd. Street"},"votes":1,"confidence":0.3333333333333333,"instances":[{"created":"2016-01-22T03:58:00Z","user_id":"56a1a3d83833370003a60500","duration":62.172}]}],"region":{"x":453.053264604811,"y":581.4982817869416,"width":525.1958762886597,"height":41.347079037800654,"label":"Street Address","shape":"rectangle"},"task_key":"em_record_street_address","instructions":{"mark":"Street Address","transcribe":"Enter the street address"}},{"id":"56b176c350617568bbd00c00","status":"awaiting_transcriptions","name":"Land \u0026 Building Dimensions","created_in_workflow":"transcribe","confidence":0.3333333333333333,"data":{"em_survey_land_dimensions":"25.6 1/2 x 75","em_survey_building_dimensions":"25.6 1/2 x 40"},"versions":[{"data":{"em_survey_land_dimensions":"25.6 1/2 x 75","em_survey_building_dimensions":"25.6 1/2 x 40"},"votes":1,"confidence":0.3333333333333333,"instances":[{"created":"2016-01-06T20:20:01Z","user_id":"568d70473130650003fe0500","duration":19.501}]}],"region":{"x":243.92764337230585,"y":622.7728438068772,"width":655.4786130113856,"height":69.49981407910445,"label":"Dimension \u0026 Description","shape":"rectangle"},"task_key":"em_record_survey","instructions":{"mark":"Dimension \u0026 Description","transcribe":"Enter, as they appear, any land and building dimensions that were recorded. In the next screen, you'll enter the descriptive information."}},{"id":"56b176c350617568bbd10c00","status":"awaiting_transcriptions","name":"Stories \u0026 Materials","created_in_workflow":"transcribe","confidence":0.3333333333333333,"data":{"em_record_stories":"3","em_record_material":"Brick"},"versions":[{"data":{"em_record_stories":"3","em_record_material":"Brick"},"votes":1,"confidence":0.3333333333333333,"instances":[{"created":"2016-01-06T20:20:04Z","user_id":"568d70473130650003fe0500","duration":3.044}]}],"region":{"x":243.92764337230585,"y":622.7728438068772,"width":655.4786130113856,"height":69.49981407910445,"label":"Dimension \u0026 Description","shape":"rectangle"},"task_key":"em_record_survey_stories_materials","instructions":{"mark":"Dimension \u0026 Description","transcribe":"Enter, as they appear, the number of stories and the building materials."}},{"id":"56b176c350617568bbd20c00","status":"awaiting_transcriptions","name":"Additional Info","created_in_workflow":"transcribe","confidence":0.3333333333333333,"data":{"value":"House"},"versions":[{"data":{"value":"House"},"votes":1,"confidence":0.3333333333333333,"instances":[{"created":"2016-01-06T20:20:06Z","user_id":"568d70473130650003fe0500","duration":1.49}]}],"region":{"x":243.92764337230585,"y":622.7728438068772,"width":655.4786130113856,"height":69.49981407910445,"label":"Dimension \u0026 Description","shape":"rectangle"},"task_key":"em_record_survey_additional_info","instructions":{"mark":"Dimension \u0026 Description","transcribe":"Enter any additional information you find about the building's construction or significance."}},{"id":"56b176c350617568bbd30c00","status":"awaiting_transcriptions","name":"Land \u0026 Building Dimensions","created_in_workflow":"transcribe","confidence":0.3333333333333333,"data":{"em_survey_land_dimensions":"25.6 1/2 x 75","em_survey_building_dimensions":"25.6 1/2 x 40"},"versions":[{"data":{"em_survey_land_dimensions":"25.6 1/2 x 75","em_survey_building_dimensions":"25.6 1/2 x 40"},"votes":1,"confidence":0.3333333333333333,"instances":[{"created":"2015-11-28T20:26:07Z","user_id":"565a044939616100034b0200","duration":84.07}]}],"region":{"x":250.5858105554679,"y":607.4483348262087,"width":632.6696592660493,"height":93.76595589772558,"label":"Dimension \u0026 Description","shape":"rectangle"},"task_key":"em_record_survey","instructions":{"mark":"Dimension \u0026 Description","transcribe":"Enter, as they appear, any land and building dimensions that were recorded. In the next screen, you'll enter the descriptive information."}},{"id":"56b176c350617568bbd40c00","status":"awaiting_transcriptions","name":"Stories \u0026 Materials","created_in_workflow":"transcribe","confidence":0.3333333333333333,"data":{"em_record_stories":"3","em_record_material":"brick"},"versions":[{"data":{"em_record_stories":"3","em_record_material":"brick"},"votes":1,"confidence":0.3333333333333333,"instances":[{"created":"2015-11-28T20:26:18Z","user_id":"565a044939616100034b0200","duration":10.959}]}],"region":{"x":250.5858105554679,"y":607.4483348262087,"width":632.6696592660493,"height":93.76595589772558,"label":"Dimension \u0026 Description","shape":"rectangle"},"task_key":"em_record_survey_stories_materials","instructions":{"mark":"Dimension \u0026 Description","transcribe":"Enter, as they appear, the number of stories and the building materials."}},{"id":"56b176c350617568bbd50c00","status":"awaiting_transcriptions","name":"Additional Info","created_in_workflow":"transcribe","confidence":0.3333333333333333,"data":{"value":"house"},"versions":[{"data":{"value":"house"},"votes":1,"confidence":0.3333333333333333,"instances":[{"created":"2015-11-28T20:26:25Z","user_id":"565a044939616100034b0200","duration":6.465}]}],"region":{"x":250.5858105554679,"y":607.4483348262087,"width":632.6696592660493,"height":93.76595589772558,"label":"Dimension \u0026 Description","shape":"rectangle"},"task_key":"em_record_survey_additional_info","instructions":{"mark":"Dimension \u0026 Description","transcribe":"Enter any additional information you find about the building's construction or significance."}},{"id":"56b176c350617568bbd60c00","status":"awaiting_transcriptions","name":"Land \u0026 Building Dimensions","created_in_workflow":"transcribe","confidence":0.3333333333333333,"data":{"em_survey_land_dimensions":"25.6 1/2 x 75.","em_survey_building_dimensions":"25.6 1/2 x 40."},"versions":[{"data":{"em_survey_land_dimensions":"25.6 1/2 x 75.","em_survey_building_dimensions":"25.6 1/2 x 40."},"votes":1,"confidence":0.3333333333333333,"instances":[{"created":"2016-01-21T22:52:50Z","user_id":"56a14d543833370003c80000","duration":33.188}]}],"region":{"x":450.414089347079,"y":633.4020618556701,"width":462.73539518900344,"height":59.82130584192441,"label":"Dimension \u0026 Description","shape":"rectangle"},"task_key":"em_record_survey","instructions":{"mark":"Dimension \u0026 Description","transcribe":"Enter, as they appear, any land and building dimensions that were recorded. In the next screen, you'll enter the descriptive information."}},{"id":"56b176c350617568bbd70c00","status":"awaiting_transcriptions","name":"Stories \u0026 Materials","created_in_workflow":"transcribe","confidence":0.3333333333333333,"data":{"em_record_stories":"3","em_record_material":"brick"},"versions":[{"data":{"em_record_stories":"3","em_record_material":"brick"},"votes":1,"confidence":0.3333333333333333,"instances":[{"created":"2016-01-21T22:52:53Z","user_id":"56a14d543833370003c80000","duration":2.905}]}],"region":{"x":450.414089347079,"y":633.4020618556701,"width":462.73539518900344,"height":59.82130584192441,"label":"Dimension \u0026 Description","shape":"rectangle"},"task_key":"em_record_survey_stories_materials","instructions":{"mark":"Dimension \u0026 Description","transcribe":"Enter, as they appear, the number of stories and the building materials."}},{"id":"56b176c350617568bbd80c00","status":"awaiting_transcriptions","name":"Additional Info","created_in_workflow":"transcribe","confidence":0.3333333333333333,"data":{"value":"house"},"versions":[{"data":{"value":"house"},"votes":1,"confidence":0.3333333333333333,"instances":[{"created":"2016-01-21T22:52:55Z","user_id":"56a14d543833370003c80000","duration":2.136}]}],"region":{"x":450.414089347079,"y":633.4020618556701,"width":462.73539518900344,"height":59.82130584192441,"label":"Dimension \u0026 Description","shape":"rectangle"},"task_key":"em_record_survey_additional_info","instructions":{"mark":"Dimension \u0026 Description","transcribe":"Enter any additional information you find about the building's construction or significance."}},{"id":"56b176c350617568bbd90c00","status":"awaiting_votes","name":"Record Date","created_in_workflow":"transcribe","confidence":0.3333333333333333,"data":{"value":"1870. Nov.r 1"},"versions":[{"data":{"value":"1870. Nov.r 1"},"votes":1,"confidence":0.3333333333333333,"instances":[{"created":"2016-01-06T19:30:42Z","user_id":"568d52a73130650003950200","duration":17.914}]},{"data":{"value":"1870 November 1"},"votes":1,"confidence":0.3333333333333333,"instances":[{"created":"2016-01-06T20:18:31Z","user_id":"568d70473130650003fe0500","duration":3.884}]},{"data":{"value":"1870 Nov 1"},"votes":1,"confidence":0.3333333333333333,"instances":[{"created":"2016-01-06T20:41:31Z","user_id":"568ac34a3237350003b80500","duration":5.118}]}],"region":{"x":54.50658888460814,"y":89.94093586707635,"width":177.1563818949691,"height":128.09769653795723,"label":"Record Date","shape":"rectangle"},"task_key":"em_record_date","instructions":{"mark":"Record Date","transcribe":"Enter the record date"}},{"id":"56b176c350617568bbda0c00","status":"awaiting_votes","name":"Record Date","created_in_workflow":"transcribe","confidence":0.6666666666666666,"data":{"value":"1870 Nov 1"},"versions":[{"data":{"value":"1870 Nov 1"},"votes":2,"confidence":0.6666666666666666,"instances":[{"created":"2016-01-22T11:20:27Z","user_id":"56a20df93833370003e50500","duration":17.526},{"created":"2016-01-22T11:29:39Z","user_id":"56a2128b3833370003060600","duration":24.245}]},{"data":{"value":"1870. Nov.r 1"},"votes":1,"confidence":0.3333333333333333,"instances":[{"created":"2016-01-21T23:14:38Z","user_id":"56a14d543833370003c80000","duration":10.409}]}],"region":{"x":65.97422680412372,"y":103.80756013745705,"width":178.58419243986253,"height":102.9278350515464,"label":"Record Date","shape":"rectangle"},"task_key":"em_record_date","instructions":{"mark":"Record Date","transcribe":"Enter the record date"}},{"id":"56b176c450617568bbdb0c00","status":"awaiting_votes","name":"Record Date","created_in_workflow":"transcribe","confidence":0.3333333333333333,"data":{"value":"1870 Nov'r 1"},"versions":[{"data":{"value":"1870 Nov'r 1"},"votes":1,"confidence":0.3333333333333333,"instances":[{"created":"2015-11-28T16:12:27Z","user_id":"5647496e3562310003960400","duration":11.782}]},{"data":{"value":"1870 November 1"},"votes":1,"confidence":0.3333333333333333,"instances":[{"created":"2015-11-28T22:48:23Z","user_id":"565a2d333961610003f50400","duration":12.127}]},{"data":{"value":"1870 Nov 1"},"votes":1,"confidence":0.3333333333333333,"instances":[{"created":"2015-11-28T23:15:33Z","user_id":"565a34ca34663400030f0900","duration":60.953}]}],"region":{"x":65.99513349902057,"y":97.2422492387004,"width":168.21569764014959,"height":139.90482736417005,"label":"Record Date","shape":"rectangle"},"task_key":"em_record_date","instructions":{"mark":"Record Date","transcribe":"Enter the record date"}},{"id":"56b176c450617568bbdc0c00","status":"complete","name":"Record Date","created_in_workflow":"transcribe","confidence":1.0,"data":{"value":"1879 November"},"versions":[{"data":{"value":"1879 November"},"votes":3,"confidence":1.0,"instances":[{"created":"2016-01-23T22:49:08Z","user_id":"56a3e3a239353200033f0900","duration":6.65},{"created":"2016-01-24T23:34:25Z","user_id":"56a556736164350003cb0100","duration":7.784},{"created":"2016-01-25T00:58:07Z","user_id":"56a239383634350003190700","duration":13.453}]}],"region":{"x":77.67591674925669,"y":731.7835447572529,"width":151.26362735381565,"height":87.21442619080858,"label":"Record Date","shape":"rectangle"},"task_key":"em_record_date","instructions":{"mark":"Record Date","transcribe":"Enter the record date"}},{"id":"56b176c450617568bbdd0c00","status":"awaiting_transcriptions","name":"Valuation Date","created_in_workflow":"transcribe","confidence":0.3333333333333333,"data":{"value":""},"versions":[{"data":{"value":""},"votes":1,"confidence":0.3333333333333333,"instances":[{"created":"2016-01-21T22:53:04Z","user_id":"56a14d543833370003c80000","duration":2.534}]}],"region":{"x":285.90549828178695,"y":768.8797250859106,"width":475.05154639175254,"height":58.941580756013764,"label":"Valuation","shape":"rectangle"},"task_key":"em_record_valuation","instructions":{"mark":"Valuation","transcribe":"Enter the date of the valuation (if one is given). In the next screen, you'll enter the valuation's dollar amounts."}},{"id":"56b176c450617568bbde0c00","status":"awaiting_transcriptions","name":"Land \u0026 Building Value","created_in_workflow":"transcribe","confidence":0.3333333333333333,"data":{"em_valuation_ground":""},"versions":[{"data":{"em_valuation_ground":""},"votes":1,"confidence":0.3333333333333333,"instances":[{"created":"2016-01-21T22:53:05Z","user_id":"56a14d543833370003c80000","duration":1.228}]}],"region":{"x":285.90549828178695,"y":768.8797250859106,"width":475.05154639175254,"height":58.941580756013764,"label":"Valuation","shape":"rectangle"},"task_key":"em_record_valuation_ground_building","instructions":{"mark":"Valuation","transcribe":"Sometimes valuations include itemized dollar values for \"ground\" and \"building\". Enter these amounts if you can find them. In the next screen, you'll enter the total valuation."}},{"id":"56b176c450617568bbdf0c00","status":"awaiting_transcriptions","name":"Total Value","created_in_workflow":"transcribe","confidence":0.3333333333333333,"data":{"value":"$13000."},"versions":[{"data":{"value":"$13000."},"votes":1,"confidence":0.3333333333333333,"instances":[{"created":"2016-01-21T22:53:11Z","user_id":"56a14d543833370003c80000","duration":6.007}]}],"region":{"x":285.90549828178695,"y":768.8797250859106,"width":475.05154639175254,"height":58.941580756013764,"label":"Valuation","shape":"rectangle"},"task_key":"em_record_valuation_total","instructions":{"mark":"Valuation","transcribe":"Enter the valuation ***total*** (if one is given)"}},{"id":"56b176c450617568bbe00c00","status":"awaiting_transcriptions","name":"Valuation Date","created_in_workflow":"transcribe","confidence":0.6666666666666666,"data":{"value":"$13,000"},"versions":[{"data":{"value":"$13,000"},"votes":2,"confidence":0.6666666666666666,"instances":[{"created":"2015-11-28T20:30:22Z","user_id":"565a044939616100034b0200","duration":14.827},{"created":"2015-11-28T22:51:59Z","user_id":"565a2d333961610003f50400","duration":12.455}]}],"region":{"x":287.8016728652355,"y":763.7249582696275,"width":458.4994236563369,"height":69.95241368208508,"label":"Valuation","shape":"rectangle"},"task_key":"em_record_valuation","instructions":{"mark":"Valuation","transcribe":"Enter the date of the valuation (if one is given). In the next screen, you'll enter the valuation's dollar amounts."}},{"id":"56b176c450617568bbe10c00","status":"awaiting_transcriptions","name":"Total Value","created_in_workflow":"transcribe","confidence":0.3333333333333333,"data":{"value":"$13,000"},"versions":[{"data":{"value":"$13,000"},"votes":1,"confidence":0.3333333333333333,"instances":[{"created":"2015-11-28T22:52:15Z","user_id":"565a2d333961610003f50400","duration":10.914}]}],"region":{"x":287.8016728652355,"y":763.7249582696275,"width":458.4994236563369,"height":69.95241368208508,"label":"Valuation","shape":"rectangle"},"task_key":"em_record_valuation_total","instructions":{"mark":"Valuation","transcribe":"Enter the valuation ***total*** (if one is given)"}},{"id":"56b176c450617568bbe20c00","status":"awaiting_transcriptions","name":"Valuation Date","created_in_workflow":"transcribe","confidence":0.3333333333333333,"data":{"value":"1879 November"},"versions":[{"data":{"value":"1879 November"},"votes":1,"confidence":0.3333333333333333,"instances":[{"created":"2016-01-06T20:20:18Z","user_id":"568d70473130650003fe0500","duration":5.565}]}],"region":{"x":292.98633374322037,"y":759.0469890600232,"width":460.6065929269197,"height":64.04884826897853,"label":"Valuation","shape":"rectangle"},"task_key":"em_record_valuation","instructions":{"mark":"Valuation","transcribe":"Enter the date of the valuation (if one is given). In the next screen, you'll enter the valuation's dollar amounts."}},{"id":"56b176c450617568bbe30c00","status":"awaiting_transcriptions","name":"Land \u0026 Building Value","created_in_workflow":"transcribe","confidence":0.3333333333333333,"data":{"em_valuation_ground":""},"versions":[{"data":{"em_valuation_ground":""},"votes":1,"confidence":0.3333333333333333,"instances":[{"created":"2016-01-06T20:20:19Z","user_id":"568d70473130650003fe0500","duration":1.523}]}],"region":{"x":292.98633374322037,"y":759.0469890600232,"width":460.6065929269197,"height":64.04884826897853,"label":"Valuation","shape":"rectangle"},"task_key":"em_record_valuation_ground_building","instructions":{"mark":"Valuation","transcribe":"Sometimes valuations include itemized dollar values for \"ground\" and \"building\". Enter these amounts if you can find them. In the next screen, you'll enter the total valuation."}},{"id":"56b176c450617568bbe40c00","status":"awaiting_transcriptions","name":"Total Value","created_in_workflow":"transcribe","confidence":0.3333333333333333,"data":{"value":"$13,000"},"versions":[{"data":{"value":"$13,000"},"votes":1,"confidence":0.3333333333333333,"instances":[{"created":"2016-01-06T20:20:22Z","user_id":"568d70473130650003fe0500","duration":2.368}]}],"region":{"x":292.98633374322037,"y":759.0469890600232,"width":460.6065929269197,"height":64.04884826897853,"label":"Valuation","shape":"rectangle"},"task_key":"em_record_valuation_total","instructions":{"mark":"Valuation","transcribe":"Enter the valuation ***total*** (if one is given)"}},{"id":"56b176c450617568bbe50c00","status":"awaiting_votes","name":"Amount Loaned","created_in_workflow":"transcribe","confidence":0.6666666666666666,"data":{"value":"$4,000"},"versions":[{"data":{"value":"$4,000"},"votes":2,"confidence":0.6666666666666666,"instances":[{"created":"2015-11-28T20:27:48Z","user_id":"565a044939616100034b0200","duration":11.049},{"created":"2015-11-28T22:50:50Z","user_id":"565a2d333961610003f50400","duration":13.624}]},{"data":{"value":"4000"},"votes":1,"confidence":0.3333333333333333,"instances":[{"created":"2015-11-28T23:40:15Z","user_id":"565a37b13961610003d20500","duration":4.505}]}],"region":{"x":256.5403485250307,"y":733.9579737240591,"width":1025.6691652571953,"height":53.58057218202259,"label":"Amount Loaned","shape":"rectangle"},"task_key":"em_record_amount_loaned","instructions":{"mark":"Amount Loaned","transcribe":"Enter the Amount Loaned"}},{"id":"56b176c450617568bbe60c00","status":"awaiting_votes","name":"Amount Loaned","created_in_workflow":"transcribe","confidence":0.6666666666666666,"data":{"value":"$4000"},"versions":[{"data":{"value":"$4000"},"votes":2,"confidence":0.6666666666666666,"instances":[{"created":"2016-01-22T01:32:24Z","user_id":"56a184b03833370003b80400","duration":2.822},{"created":"2016-01-22T03:58:55Z","user_id":"56a1a3d83833370003a60500","duration":6.243}]},{"data":{"value":"$4000."},"votes":1,"confidence":0.3333333333333333,"instances":[{"created":"2016-01-21T22:53:02Z","user_id":"56a14d543833370003c80000","duration":6.621}]}],"region":{"x":1148.0360824742268,"y":728.4123711340206,"width":123.16151202749143,"height":59.82130584192441,"label":"Amount Loaned","shape":"rectangle"},"task_key":"em_record_amount_loaned","instructions":{"mark":"Amount Loaned","transcribe":"Enter the Amount Loaned"}},{"id":"56b176c450617568bbe70c00","status":"awaiting_votes","name":"Amount Loaned","created_in_workflow":"transcribe","confidence":0.6666666666666666,"data":{"value":"$4,000"},"versions":[{"data":{"value":"$4,000"},"votes":2,"confidence":0.6666666666666666,"instances":[{"created":"2016-01-06T20:20:12Z","user_id":"568d70473130650003fe0500","duration":2.702},{"created":"2016-01-06T23:05:36Z","user_id":"568d9c1535656200034b0600","duration":3.773}]},{"data":{"value":"4000"},"votes":1,"confidence":0.3333333333333333,"instances":[{"created":"2016-01-07T00:10:33Z","user_id":"565eac823237340003160800","duration":8.462}]}],"region":{"x":1151.5134152342246,"y":735.8803843669883,"width":117.19576033051794,"height":54.509658101258424,"label":"Amount Loaned","shape":"rectangle"},"task_key":"em_record_amount_loaned","instructions":{"mark":"Amount Loaned","transcribe":"Enter the Amount Loaned"}}]}]}