{"id":"56b100d47061755afbcd1400","meta_data":{"capture_uuid":"e3504280-00b1-0133-f731-58d385a7bbd0","page_uri":"http://digitalcollections.nypl.org/items/e3504280-00b1-0133-f731-58d385a7bbd0","book_uri":"http://digitalcollections.nypl.org/items/df712aa0-00b1-0133-fbd7-58d385a7bbd0","source_rotated":"0.923143","source_x":"0","source_y":"0","source_w":"1373.79","source_h":"981.12"},"type":"final_subject_set","search_terms_by_field":{"Valuation Date":["$16000.","1879 November","1879 November"],"Record Number":["592 \u0026 593","592/593","593"],"Mortgager":["Michael Falihee"],"Street Address":["Nos: 786 \u0026 788 3d Avenue"],"Land \u0026 Building Dimensions":["20.5 x 100 each","20.5 x 50 each"],"Stories \u0026 Materials":["3","brick"],"Additional Info":["2 homes"],"Record Date":["1872 May 30"],"Land \u0026 Building Value":[],"Total Value":["$30,000","30000"],"Amount Loaned":["8000 on each  16000","$8,000 on each"]},"subjects":[{"id":"56b1772350617568bb4a1300","type":"root","location":{"standard":"https://s3.amazonaws.com/scribe.nypl.org/emigrant-s4/full/e3504280-00b1-0133-f731-58d385a7bbd0.left-top.jpg","thumbnail":"https://s3.amazonaws.com/scribe.nypl.org/emigrant-s4/thumb/e3504280-00b1-0133-f731-58d385a7bbd0.left-top.jpg"},"status":"retired","width":1373,"height":981,"meta_data":{"capture_uuid":"e3504280-00b1-0133-f731-58d385a7bbd0","page_uri":"http://digitalcollections.nypl.org/items/e3504280-00b1-0133-f731-58d385a7bbd0","book_uri":"http://digitalcollections.nypl.org/items/df712aa0-00b1-0133-fbd7-58d385a7bbd0","source_rotated":"0.923143","source_x":"0","source_y":"0","source_w":"1373.79","source_h":"981.12"},"assertions":[{"id":"56b1772350617568bb4b1300","status":"awaiting_transcriptions","name":"Valuation Date","created_in_workflow":"transcribe","confidence":0.3333333333333333,"data":{"value":"$16000."},"versions":[{"data":{"value":"$16000."},"votes":1,"confidence":0.3333333333333333,"instances":[{"created":"2015-11-15T04:18:03Z","user_id":"5647496e3562310003960400","duration":9.062}]}],"region":{"x":1055.2374201209893,"y":729.4909204936309,"width":188.36850754069928,"height":70.01412423464546,"label":"Valuation","shape":"rectangle"},"task_key":"em_record_valuation","instructions":{"mark":"Valuation","transcribe":"Enter the date of the valuation (if one is given). In the next screen, you'll enter the valuation's dollar amounts."}},{"id":"56b1772350617568bb4c1300","status":"awaiting_votes","name":"Record Number","created_in_workflow":"transcribe","confidence":0.6666666666666666,"data":{"value":"592 \u0026 593"},"versions":[{"data":{"value":"592 \u0026 593"},"votes":2,"confidence":0.6666666666666666,"instances":[{"created":"2015-12-11T00:26:34Z","user_id":"5669fcc26138660003e00900","duration":18.42},{"created":"2015-12-11T15:03:19Z","user_id":"566adfa33666650003f20e00","duration":16.831}]},{"data":{"value":"594 \u0026 593"},"votes":1,"confidence":0.3333333333333333,"instances":[{"created":"2015-12-11T15:43:33Z","user_id":"566ad47a36666500036b0e00","duration":150.362}]}],"region":{"x":522.5287121006864,"y":20.411365655952665,"width":579.6828007499183,"height":74.84167407182643,"label":"Record Number","shape":"rectangle"},"task_key":"em_record_number","instructions":{"mark":"Record Number","transcribe":"Enter the record number"}},{"id":"56b1772350617568bb4d1300","status":"complete","name":"Record Number","created_in_workflow":"verify","confidence":1.0,"data":{"value":"592/593"},"versions":[{"data":{"value":"592/593"},"votes":6,"confidence":0.8571428571428571,"instances":[{"created":"2015-11-08T03:51:22Z","user_id":"563e09116630330003dc1000","duration":11.443},{"created":"2015-11-08T20:34:46Z","user_id":"563f831832643400038c3d00","duration":33.143},{"created":"2015-11-08T21:28:47Z","user_id":"563f7c4e3264340003313300","duration":21.765},{"created":"2015-11-08T21:59:40Z","user_id":"563fb44b3264340003697200","duration":26.114},{"created":"2015-11-09T00:25:16Z","user_id":"563f73723264340003902500","duration":19.185},{"created":"2015-11-09T01:15:17Z","user_id":"563fee823264340003919f00","duration":61.039}]},{"data":{"value":"592 \u0026 593"},"votes":1,"confidence":0.14285714285714285,"instances":[{"created":"2015-12-27T22:47:58Z","user_id":"56748e5e3564620003fd0100","duration":10.292}]}],"region":{"x":919.7605804111246,"y":28.22304841929384,"width":102.93349455864563,"height":78.02842798275356,"label":"Record Number","shape":"rectangle"},"task_key":"em_transcribed_record_number","instructions":{"mark":"Record Number","transcribe":"Enter the record number","verify":"Choose the best transcription or enter your own!"}},{"id":"56b1772350617568bb4e1300","status":"complete","name":"Record Number","created_in_workflow":"transcribe","confidence":1.0,"data":{"value":"593"},"versions":[{"data":{"value":"593"},"votes":3,"confidence":1.0,"instances":[{"created":"2015-11-05T13:46:57Z","user_id":"563b54cb3532620003040100","duration":22.005},{"created":"2015-11-05T16:00:48Z","user_id":"563b7bdb3532620003180900","duration":6.328},{"created":"2015-11-05T16:02:24Z","user_id":"563b7a6935326200038f0800","duration":9.562}]}],"region":{"x":1012.73276904474,"y":29.88322773807583,"width":94.63240628778726,"height":63.08681411371565,"label":"Record Number","shape":"rectangle"},"task_key":"em_record_number","instructions":{"mark":"Record Number","transcribe":"Enter the record number"}},{"id":"56b1772350617568bb4f1300","status":"complete","name":"Mortgager","created_in_workflow":"verify","confidence":1.0,"data":{"value":"Michael Falihee"},"versions":[{"data":{"value":"Michael Falihee"},"votes":7,"confidence":1.0,"instances":[{"created":"2015-11-06T15:28:30Z","user_id":"563cb8ab6532620003060900","duration":17.486},{"created":"2015-11-06T21:03:27Z","user_id":"563d0c2865326200033c2800","duration":23.074},{"created":"2015-11-07T11:54:39Z","user_id":"563dbc0d66303300031c0000","duration":7.876},{"created":"2015-11-08T00:36:02Z","user_id":"563e935f6630330003464900","duration":8.126},{"created":"2015-11-08T03:47:34Z","user_id":"563e09116630330003dc1000","duration":16.327},{"created":"2015-11-08T15:38:02Z","user_id":"563f67493264340003dc1600","duration":13.073},{"created":"2015-11-29T04:08:31Z","user_id":"5647496e3562310003960400","duration":20.756}]}],"region":{"x":353.62636033857314,"y":526.2768440538911,"width":461.540507859734,"height":73.04789002640757,"label":"Mortgager Name","shape":"rectangle"},"task_key":"em_transcribed_mortgager","instructions":{"mark":"Mortgager Name","transcribe":"Enter the mortgager's name","verify":"Choose the best transcription or enter your own!"}},{"id":"56b1772350617568bb501300","status":"contentious","name":"Street Address","created_in_workflow":"verify","confidence":0.47619047619047616,"data":{"value":"Nos: 786 \u0026 788 3d Avenue"},"versions":[{"data":{"value":"Nos: 786 \u0026 788 3d Avenue"},"votes":10,"confidence":0.47619047619047616,"instances":[{"created":"2015-11-26T03:20:18Z","user_id":"5647496e3562310003960400","duration":26.942},{"created":"2015-11-30T21:19:58Z","user_id":"565cb0463935310003800400","duration":44.088},{"created":"2015-12-01T02:37:07Z","user_id":"563bfc7535326200037f3900","duration":23.857},{"created":"2015-12-03T03:25:44Z","user_id":"565fb2f06531640003650700","duration":30.291},{"created":"2015-12-03T17:24:38Z","user_id":"566078d03736640003960100","duration":51.936},{"created":"2015-12-03T17:49:02Z","user_id":"56607fab3961390003800100","duration":30.469},{"created":"2015-12-03T22:14:01Z","user_id":"565e4fed3862380003f10900","duration":66.735},{"created":"2015-12-04T18:32:30Z","user_id":"5660c5113961390003710500","duration":27.335},{"created":"2015-12-04T21:27:47Z","user_id":"5662027f32643100039a0600","duration":32.637},{"created":"2015-12-04T21:47:47Z","user_id":"564b62033863320003ba0500","duration":27.119}]},{"data":{"value":"Nos 786 to 788 3rd Avenue"},"votes":7,"confidence":0.3333333333333333,"instances":[{"created":"2015-11-06T15:28:42Z","user_id":"563cb8ab6532620003060900","duration":12.295},{"created":"2015-11-06T21:03:45Z","user_id":"563d0c2865326200033c2800","duration":17.714},{"created":"2015-11-22T05:00:58Z","user_id":"5649188c3863370003020e00","duration":9.843},{"created":"2015-12-03T18:23:00Z","user_id":"564e49d539646600031a0b00","duration":13.321},{"created":"2015-12-04T13:27:18Z","user_id":"566192b33264310003880000","duration":56.173},{"created":"2015-12-04T19:19:42Z","user_id":"563cbf4b65326200030e0d00","duration":269.676},{"created":"2015-12-05T00:12:34Z","user_id":"56622aa83264310003110900","duration":15.229}]},{"data":{"value":"786 \u0026 788 3rd Avenue"},"votes":4,"confidence":0.19047619047619047,"instances":[{"created":"2015-11-07T11:55:13Z","user_id":"563dbc0d66303300031c0000","duration":14.08},{"created":"2015-11-17T00:17:28Z","user_id":"563f8b7a3264340003774b00","duration":13.631},{"created":"2015-12-04T21:44:24Z","user_id":"5662091f3264310003380700","duration":24.915},{"created":"2015-12-05T07:05:21Z","user_id":"56628c6e3963630003a20c00","duration":28.06}]}],"region":{"x":332.0435308343412,"y":572.761864979787,"width":708.912938331318,"height":73.04789002640757,"label":"Street Address","shape":"rectangle"},"task_key":"em_transcribed_address","instructions":{"mark":"Street Address","transcribe":"Enter the street address","verify":"Choose the best transcription or enter your own!"}},{"id":"56b1772350617568bb511300","status":"awaiting_transcriptions","name":"Land \u0026 Building Dimensions","created_in_workflow":"transcribe","confidence":0.3333333333333333,"data":{"em_survey_land_dimensions":"20.5 x 100 each","em_survey_building_dimensions":"20.5 x 50 each"},"versions":[{"data":{"em_survey_land_dimensions":"20.5 x 100 each","em_survey_building_dimensions":"20.5 x 50 each"},"votes":1,"confidence":0.3333333333333333,"instances":[{"created":"2015-12-11T15:05:30Z","user_id":"566adfa33666650003f20e00","duration":27.47}]}],"region":{"x":240.85185821516276,"y":620.5055159409609,"width":755.2205502727809,"height":76.20243178222324,"label":"Dimension \u0026 Description","shape":"rectangle"},"task_key":"em_record_survey","instructions":{"mark":"Dimension \u0026 Description","transcribe":"Enter, as they appear, any land and building dimensions that were recorded. In the next screen, you'll enter the descriptive information."}},{"id":"56b1772350617568bb521300","status":"awaiting_transcriptions","name":"Stories \u0026 Materials","created_in_workflow":"transcribe","confidence":0.3333333333333333,"data":{"em_record_stories":"3","em_record_material":"brick"},"versions":[{"data":{"em_record_stories":"3","em_record_material":"brick"},"votes":1,"confidence":0.3333333333333333,"instances":[{"created":"2015-12-11T15:05:53Z","user_id":"566adfa33666650003f20e00","duration":22.423}]}],"region":{"x":240.85185821516276,"y":620.5055159409609,"width":755.2205502727809,"height":76.20243178222324,"label":"Dimension \u0026 Description","shape":"rectangle"},"task_key":"em_record_survey_stories_materials","instructions":{"mark":"Dimension \u0026 Description","transcribe":"Enter, as they appear, the number of stories and the building materials."}},{"id":"56b1772350617568bb531300","status":"awaiting_transcriptions","name":"Additional Info","created_in_workflow":"transcribe","confidence":0.3333333333333333,"data":{"value":"2 homes"},"versions":[{"data":{"value":"2 homes"},"votes":1,"confidence":0.3333333333333333,"instances":[{"created":"2015-12-11T15:05:57Z","user_id":"566adfa33666650003f20e00","duration":4.271}]}],"region":{"x":240.85185821516276,"y":620.5055159409609,"width":755.2205502727809,"height":76.20243178222324,"label":"Dimension \u0026 Description","shape":"rectangle"},"task_key":"em_record_survey_additional_info","instructions":{"mark":"Dimension \u0026 Description","transcribe":"Enter any additional information you find about the building's construction or significance."}},{"id":"56b1772350617568bb541300","status":"complete","name":"Record Date","created_in_workflow":"verify","confidence":1.0,"data":{"value":"1872 May 30"},"versions":[{"data":{"value":"1872 May 30"},"votes":6,"confidence":0.8571428571428571,"instances":[{"created":"2015-11-06T17:43:26Z","user_id":"563ce5b16532620003451a00","duration":10.273},{"created":"2015-11-06T17:49:09Z","user_id":"563ce6266532620003951a00","duration":4.735},{"created":"2015-11-06T18:08:17Z","user_id":"563cec036532620003491d00","duration":13.449},{"created":"2015-11-06T19:05:38Z","user_id":"563cf1dd6532620003741f00","duration":12.18},{"created":"2015-11-06T19:05:53Z","user_id":"563bb3e03532620003db1d00","duration":11.516},{"created":"2015-11-15T22:28:14Z","user_id":"563f8b7a3264340003774b00","duration":6.259}]},{"data":{"value":"1872 May 20"},"votes":1,"confidence":0.14285714285714285,"instances":[{"created":"2015-11-06T19:19:55Z","user_id":"563bfc7535326200037f3900","duration":10.947}]}],"region":{"x":71.38935912938331,"y":74.70806934518957,"width":224.12938331318017,"height":132.81434550255926,"label":"Record Date","shape":"rectangle"},"task_key":"em_transcribed_date","instructions":{"mark":"Record Date","transcribe":"Enter the record date","verify":"Choose the best transcription or enter your own!"}},{"id":"56b1772350617568bb551300","status":"awaiting_transcriptions","name":"Land \u0026 Building Value","created_in_workflow":"transcribe","confidence":0.3333333333333333,"data":{"em_valuation_ground":""},"versions":[{"data":{"em_valuation_ground":""},"votes":1,"confidence":0.3333333333333333,"instances":[{"created":"2015-11-05T15:59:29Z","user_id":"563b76c43532620003550600","duration":26.071}]},{"data":{"em_valuation_ground":"20.000","em_valuation_building":"10.000"},"votes":1,"confidence":0.3333333333333333,"instances":[{"created":"2015-11-05T16:30:05Z","user_id":"563b7a6935326200038f0800","duration":101.556}]}],"region":{"x":49.80652962515114,"y":748.7408727706778,"width":750.4183796856106,"height":94.63022117057346,"label":"Valuation","shape":"rectangle"},"task_key":"em_record_valuation_ground_building","instructions":{"mark":"Valuation","transcribe":"Sometimes valuations include itemized dollar values for \"ground\" and \"building\". Enter these amounts if you can find them. In the next screen, you'll enter the total valuation."}},{"id":"56b1772350617568bb561300","status":"complete","name":"Valuation Date","created_in_workflow":"verify","confidence":1.0,"data":{"value":"1879 November"},"versions":[{"data":{"value":"1879 November"},"votes":3,"confidence":0.75,"instances":[{"created":"2015-11-06T15:29:08Z","user_id":"563cb8ab6532620003060900","duration":6.622},{"created":"2015-11-15T23:08:35Z","user_id":"563f8b7a3264340003774b00","duration":14.044},{"created":"2015-11-18T01:53:29Z","user_id":"5647496e3562310003960400","duration":9.107}]},{"data":{"value":"1879 November "},"votes":1,"confidence":0.25,"instances":[{"created":"2015-11-06T21:04:45Z","user_id":"563d0c2865326200033c2800","duration":7.171}]}],"region":{"x":49.80652962515114,"y":748.7408727706778,"width":750.4183796856106,"height":94.63022117057346,"label":"Valuation","shape":"rectangle"},"task_key":"em_transcribed_valuation_date","instructions":{"mark":"Valuation","transcribe":"Enter the date of the valuation (if one is given). In the next screen, you'll enter the valuation's dollar amounts.","verify":"Choose the best transcription or enter your own!"}},{"id":"56b1772350617568bb571300","status":"complete","name":"Total Value","created_in_workflow":"verify","confidence":1.0,"data":{"value":"$30,000"},"versions":[{"data":{"value":"$30,000"},"votes":6,"confidence":0.8571428571428571,"instances":[{"created":"2015-11-06T15:29:01Z","user_id":"563cb8ab6532620003060900","duration":8.322},{"created":"2015-11-07T11:55:37Z","user_id":"563dbc0d66303300031c0000","duration":8.654},{"created":"2015-11-08T00:36:46Z","user_id":"563e935f6630330003464900","duration":9.44},{"created":"2015-11-08T03:48:08Z","user_id":"563e09116630330003dc1000","duration":21.741},{"created":"2015-11-08T17:29:21Z","user_id":"563f7fdf3264340003683800","duration":12.119},{"created":"2015-11-30T02:52:56Z","user_id":"5647496e3562310003960400","duration":11.588}]},{"data":{"value":"30.000"},"votes":1,"confidence":0.14285714285714285,"instances":[{"created":"2015-11-06T21:04:38Z","user_id":"563d0c2865326200033c2800","duration":14.508}]}],"region":{"x":49.80652962515114,"y":748.7408727706778,"width":750.4183796856106,"height":94.63022117057346,"label":"Valuation","shape":"rectangle"},"task_key":"em_transcribed_valuation_total","instructions":{"mark":"Valuation","transcribe":"Enter the valuation ***total*** (if one is given)","verify":"Choose the best transcription or enter your own!"}},{"id":"56b1772350617568bb581300","status":"awaiting_transcriptions","name":"Valuation Date","created_in_workflow":"transcribe","confidence":0.3333333333333333,"data":{"value":"1879 November"},"versions":[{"data":{"value":"1879 November"},"votes":1,"confidence":0.3333333333333333,"instances":[{"created":"2015-12-11T15:06:41Z","user_id":"566adfa33666650003f20e00","duration":17.264}]}],"region":{"x":251.73792020107675,"y":760.663560111836,"width":533.4170373097841,"height":63.955612388651616,"label":"Valuation","shape":"rectangle"},"task_key":"em_record_valuation","instructions":{"mark":"Valuation","transcribe":"Enter the date of the valuation (if one is given). In the next screen, you'll enter the valuation's dollar amounts."}},{"id":"56b1772350617568bb591300","status":"awaiting_transcriptions","name":"Land \u0026 Building Value","created_in_workflow":"transcribe","confidence":0.3333333333333333,"data":{"em_valuation_ground":""},"versions":[{"data":{"em_valuation_ground":""},"votes":1,"confidence":0.3333333333333333,"instances":[{"created":"2015-12-11T15:06:45Z","user_id":"566adfa33666650003f20e00","duration":4.255}]}],"region":{"x":251.73792020107675,"y":760.663560111836,"width":533.4170373097841,"height":63.955612388651616,"label":"Valuation","shape":"rectangle"},"task_key":"em_record_valuation_ground_building","instructions":{"mark":"Valuation","transcribe":"Sometimes valuations include itemized dollar values for \"ground\" and \"building\". Enter these amounts if you can find them. In the next screen, you'll enter the total valuation."}},{"id":"56b1772350617568bb5a1300","status":"awaiting_transcriptions","name":"Total Value","created_in_workflow":"transcribe","confidence":0.3333333333333333,"data":{"value":"30000"},"versions":[{"data":{"value":"30000"},"votes":1,"confidence":0.3333333333333333,"instances":[{"created":"2015-12-11T15:06:48Z","user_id":"566adfa33666650003f20e00","duration":2.542}]}],"region":{"x":251.73792020107675,"y":760.663560111836,"width":533.4170373097841,"height":63.955612388651616,"label":"Valuation","shape":"rectangle"},"task_key":"em_record_valuation_total","instructions":{"mark":"Valuation","transcribe":"Enter the valuation ***total*** (if one is given)"}},{"id":"56b1772350617568bb5b1300","status":"awaiting_transcriptions","name":"Amount Loaned","created_in_workflow":"transcribe","confidence":0.3333333333333333,"data":{"value":"8000 on each  16000"},"versions":[{"data":{"value":"8000 on each  16000"},"votes":1,"confidence":0.3333333333333333,"instances":[{"created":"2015-12-11T15:06:24Z","user_id":"566adfa33666650003f20e00","duration":26.459}]},{"data":{"value":"16000"},"votes":1,"confidence":0.3333333333333333,"instances":[{"created":"2015-12-11T15:52:15Z","user_id":"566ad47a36666500036b0e00","duration":68.104}]}],"region":{"x":235.40882722220582,"y":730.7268904831054,"width":978.3848209840172,"height":57.151823836667404,"label":"Amount Loaned","shape":"rectangle"},"task_key":"em_record_amount_loaned","instructions":{"mark":"Amount Loaned","transcribe":"Enter the Amount Loaned"}},{"id":"56b1772350617568bb5c1300","status":"awaiting_votes","name":"Amount Loaned","created_in_workflow":"verify","confidence":0.5294117647058824,"data":{"value":"$8,000 on each"},"versions":[{"data":{"value":"$8,000 on each"},"votes":9,"confidence":0.5294117647058824,"instances":[{"created":"2015-11-06T15:28:53Z","user_id":"563cb8ab6532620003060900","duration":10.455},{"created":"2015-11-06T21:04:24Z","user_id":"563d0c2865326200033c2800","duration":38.855},{"created":"2015-11-08T00:36:30Z","user_id":"563e935f6630330003464900","duration":18.209},{"created":"2015-12-10T19:11:38Z","user_id":"5640f5966161650003980200","duration":8.741},{"created":"2015-12-14T22:29:16Z","user_id":"566eeeda3637340003010100","duration":14.495},{"created":"2015-12-16T01:57:30Z","user_id":"5670c42639383000031d0600","duration":35.258},{"created":"2015-12-16T05:11:11Z","user_id":"5670f0eb3063380003830600","duration":28.775},{"created":"2015-12-17T19:17:04Z","user_id":"5668b33530333000032d0500","duration":35.897},{"created":"2015-12-18T04:35:59Z","user_id":"567382fd35303800033a0100","duration":14.239}]},{"data":{"value":"$8000 on each,  $16000"},"votes":5,"confidence":0.29411764705882354,"instances":[{"created":"2015-12-05T13:24:12Z","user_id":"563f8b7a3264340003774b00","duration":19.547},{"created":"2015-12-10T04:47:25Z","user_id":"5668bbbe3064310003db0500","duration":19.186},{"created":"2015-12-14T01:18:58Z","user_id":"566e167135626400037f0400","duration":42.165},{"created":"2015-12-16T00:09:32Z","user_id":"5670a0323938300003820400","duration":14.332},{"created":"2015-12-17T21:12:15Z","user_id":"5668bbbe3064310003db0500","duration":10.823}]},{"data":{"value":"$8000 in cash"},"votes":3,"confidence":0.17647058823529413,"instances":[{"created":"2015-11-07T11:55:29Z","user_id":"563dbc0d66303300031c0000","duration":15.717},{"created":"2015-11-08T03:47:46Z","user_id":"563e09116630330003dc1000","duration":7.527},{"created":"2015-12-18T04:59:43Z","user_id":"567391f26239370003ba0b00","duration":15.201}]}],"region":{"x":396.7920193470377,"y":722.178003670166,"width":415.0544135429262,"height":74.70806934518964,"label":"Amount Loaned","shape":"rectangle"},"task_key":"em_transcribed_amount_loaned","instructions":{"mark":"Amount Loaned","transcribe":"Enter the Amount Loaned","verify":"Choose the best transcription or enter your own!"}}]}]}