{"id":"56b1012d7061755afb531b00","meta_data":{"capture_uuid":"e426f7e0-00b1-0133-4d50-58d385a7bbd0","page_uri":"http://digitalcollections.nypl.org/items/e426f7e0-00b1-0133-4d50-58d385a7bbd0","book_uri":"http://digitalcollections.nypl.org/items/df712aa0-00b1-0133-fbd7-58d385a7bbd0","source_rotated":"0.531537","source_x":"1211.63","source_y":"955.9799999999999","source_w":"1366.37","source_h":"1078.02"},"type":"final_subject_set","search_terms_by_field":{"Record Number":["735"],"Mortgager":["Francis Vettel"],"Street Address":["Nv 285  Avenue A"],"Land \u0026 Building Dimensions":["23 x 94","23 x 94 x 45.5"],"Stories \u0026 Materials":["5","brick"],"Record Date":["1873 Sept 5"],"Valuation Date":["1879 November"],"Land \u0026 Building Value":["$14,000"],"Total Value":["$ 14000."],"Amount Loaned":["8000"]},"subjects":[{"id":"56b1777b50617568bb641900","type":"root","location":{"standard":"https://s3.amazonaws.com/scribe.nypl.org/emigrant-s4/full/e426f7e0-00b1-0133-4d50-58d385a7bbd0.right-bottom.jpg","thumbnail":"https://s3.amazonaws.com/scribe.nypl.org/emigrant-s4/thumb/e426f7e0-00b1-0133-4d50-58d385a7bbd0.right-bottom.jpg"},"status":"active","width":1366,"height":1078,"meta_data":{"capture_uuid":"e426f7e0-00b1-0133-4d50-58d385a7bbd0","page_uri":"http://digitalcollections.nypl.org/items/e426f7e0-00b1-0133-4d50-58d385a7bbd0","book_uri":"http://digitalcollections.nypl.org/items/df712aa0-00b1-0133-fbd7-58d385a7bbd0","source_rotated":"0.531537","source_x":"1211.63","source_y":"955.9799999999999","source_w":"1366.37","source_h":"1078.02"},"assertions":[{"id":"56b1777b50617568bb651900","status":"complete","name":"Record Number","created_in_workflow":"transcribe","confidence":1.0,"data":{"value":"735"},"versions":[{"data":{"value":"735"},"votes":3,"confidence":1.0,"instances":[{"created":"2016-01-07T01:30:51Z","user_id":"568d3d5f3565620003020000","duration":5.077},{"created":"2016-01-07T04:22:28Z","user_id":"568de79535656200036f0900","duration":3.218},{"created":"2016-01-07T07:40:44Z","user_id":"568e12e16636620003160300","duration":10.031}]}],"region":{"x":978.0561244892364,"y":50.551854537055775,"width":108.79500710610603,"height":62.6403414915691,"label":"Record Number","shape":"rectangle"},"task_key":"em_record_number","instructions":{"mark":"Record Number","transcribe":"Enter the record number"}},{"id":"56b1777b50617568bb661900","status":"complete","name":"Mortgager","created_in_workflow":"transcribe","confidence":1.0,"data":{"value":"Francis Vettel"},"versions":[{"data":{"value":"Francis Vettel"},"votes":3,"confidence":1.0,"instances":[{"created":"2016-01-07T01:31:09Z","user_id":"568d3d5f3565620003020000","duration":8.98},{"created":"2016-01-07T04:22:40Z","user_id":"568de79535656200036f0900","duration":5.672},{"created":"2016-01-07T07:44:20Z","user_id":"568e12e16636620003160300","duration":11.714}]}],"region":{"x":441.7736652187339,"y":538.4871461555938,"width":291.21895841533427,"height":56.04662133456182,"label":"Mortgager Name","shape":"rectangle"},"task_key":"em_record_mortgager","instructions":{"mark":"Mortgager Name","transcribe":"Enter the mortgager's name"}},{"id":"56b1777b50617568bb671900","status":"awaiting_votes","name":"Street Address","created_in_workflow":"transcribe","confidence":0.3333333333333333,"data":{"value":"Nv 285  Avenue A"},"versions":[{"data":{"value":"Nv 285  Avenue A"},"votes":1,"confidence":0.3333333333333333,"instances":[{"created":"2016-01-07T01:31:30Z","user_id":"568d3d5f3565620003020000","duration":20.634}]},{"data":{"value":"285 Avenue A"},"votes":1,"confidence":0.3333333333333333,"instances":[{"created":"2016-01-07T04:22:44Z","user_id":"568de79535656200036f0900","duration":4.29}]},{"data":{"value":"No. 285. Avenue A"},"votes":1,"confidence":0.3333333333333333,"instances":[{"created":"2016-01-07T07:32:59Z","user_id":"568e12e16636620003160300","duration":31.328}]}],"region":{"x":511.00685155898304,"y":576.950513738136,"width":385.7277524671033,"height":45.05708773954959,"label":"Street Address","shape":"rectangle"},"task_key":"em_record_street_address","instructions":{"mark":"Street Address","transcribe":"Enter the street address"}},{"id":"56b1777b50617568bb681900","status":"awaiting_transcriptions","name":"Land \u0026 Building Dimensions","created_in_workflow":"transcribe","confidence":0.3333333333333333,"data":{"em_survey_land_dimensions":"23 x 94","em_survey_building_dimensions":"23 x 94 x 45.5"},"versions":[{"data":{"em_survey_land_dimensions":"23 x 94","em_survey_building_dimensions":"23 x 94 x 45.5"},"votes":1,"confidence":0.3333333333333333,"instances":[{"created":"2016-01-07T07:33:21Z","user_id":"568e12e16636620003160300","duration":21.207}]},{"data":{"em_survey_land_dimensions":"23 x 94","em_survey_building_dimensions":"\"  \" 45. 5 Story brick Fony"},"votes":1,"confidence":0.3333333333333333,"instances":[{"created":"2016-01-07T12:03:09Z","user_id":"568e52df6636620003710300","duration":48.124}]}],"region":{"x":508.80897262754655,"y":626.4034149156911,"width":475.84078865599923,"height":81.32254860308967,"label":"Dimension \u0026 Description","shape":"rectangle"},"task_key":"em_record_survey","instructions":{"mark":"Dimension \u0026 Description","transcribe":"Enter, as they appear, any land and building dimensions that were recorded. In the next screen, you'll enter the descriptive information."}},{"id":"56b1777b50617568bb691900","status":"awaiting_transcriptions","name":"Stories \u0026 Materials","created_in_workflow":"transcribe","confidence":0.3333333333333333,"data":{"em_record_stories":"5","em_record_material":"brick"},"versions":[{"data":{"em_record_stories":"5","em_record_material":"brick"},"votes":1,"confidence":0.3333333333333333,"instances":[{"created":"2016-01-07T07:33:37Z","user_id":"568e12e16636620003160300","duration":16.411}]}],"region":{"x":508.80897262754655,"y":626.4034149156911,"width":475.84078865599923,"height":81.32254860308967,"label":"Dimension \u0026 Description","shape":"rectangle"},"task_key":"em_record_survey_stories_materials","instructions":{"mark":"Dimension \u0026 Description","transcribe":"Enter, as they appear, the number of stories and the building materials."}},{"id":"56b1777b50617568bb6a1900","status":"awaiting_votes","name":"Record Date","created_in_workflow":"transcribe","confidence":0.3333333333333333,"data":{"value":"1873 Sept 5"},"versions":[{"data":{"value":"1873 Sept 5"},"votes":1,"confidence":0.3333333333333333,"instances":[{"created":"2016-01-07T01:31:00Z","user_id":"568d3d5f3565620003020000","duration":9.906}]},{"data":{"value":"1873 September 5"},"votes":1,"confidence":0.3333333333333333,"instances":[{"created":"2016-01-07T04:22:34Z","user_id":"568de79535656200036f0900","duration":6.35}]},{"data":{"value":"September 5 1873"},"votes":1,"confidence":0.3333333333333333,"instances":[{"created":"2016-01-07T07:42:33Z","user_id":"568e12e16636620003160300","duration":16.03}]}],"region":{"x":106.59712817466958,"y":104.40056915261518,"width":189.01758810353783,"height":126.37963634263944,"label":"Record Date","shape":"rectangle"},"task_key":"em_record_date","instructions":{"mark":"Record Date","transcribe":"Enter the record date"}},{"id":"56b1777b50617568bb6b1900","status":"awaiting_transcriptions","name":"Valuation Date","created_in_workflow":"transcribe","confidence":0.6666666666666666,"data":{"value":"1879 November"},"versions":[{"data":{"value":"1879 November"},"votes":2,"confidence":0.6666666666666666,"instances":[{"created":"2016-01-07T11:39:46Z","user_id":"568e4d2666366200034c0300","duration":59.073},{"created":"2016-01-07T12:04:18Z","user_id":"568e52df6636620003710300","duration":12.643}]}],"region":{"x":121.98228069472496,"y":752.7830512583305,"width":737.3883814969411,"height":95.60894227660556,"label":"Valuation","shape":"rectangle"},"task_key":"em_record_valuation","instructions":{"mark":"Valuation","transcribe":"Enter the date of the valuation (if one is given). In the next screen, you'll enter the valuation's dollar amounts."}},{"id":"56b1777b50617568bb6c1900","status":"awaiting_transcriptions","name":"Land \u0026 Building Value","created_in_workflow":"transcribe","confidence":0.3333333333333333,"data":{"em_valuation_ground":"$14,000"},"versions":[{"data":{"em_valuation_ground":"$14,000"},"votes":1,"confidence":0.3333333333333333,"instances":[{"created":"2016-01-07T11:39:56Z","user_id":"568e4d2666366200034c0300","duration":9.82}]},{"data":{"em_valuation_ground":"$14000."},"votes":1,"confidence":0.3333333333333333,"instances":[{"created":"2016-01-07T12:04:33Z","user_id":"568e52df6636620003710300","duration":14.637}]}],"region":{"x":121.98228069472496,"y":752.7830512583305,"width":737.3883814969411,"height":95.60894227660556,"label":"Valuation","shape":"rectangle"},"task_key":"em_record_valuation_ground_building","instructions":{"mark":"Valuation","transcribe":"Sometimes valuations include itemized dollar values for \"ground\" and \"building\". Enter these amounts if you can find them. In the next screen, you'll enter the total valuation."}},{"id":"56b1777b50617568bb6d1900","status":"awaiting_transcriptions","name":"Total Value","created_in_workflow":"transcribe","confidence":0.3333333333333333,"data":{"value":"$ 14000."},"versions":[{"data":{"value":"$ 14000."},"votes":1,"confidence":0.3333333333333333,"instances":[{"created":"2016-01-07T12:04:45Z","user_id":"568e52df6636620003710300","duration":12.604}]}],"region":{"x":121.98228069472496,"y":752.7830512583305,"width":737.3883814969411,"height":95.60894227660556,"label":"Valuation","shape":"rectangle"},"task_key":"em_record_valuation_total","instructions":{"mark":"Valuation","transcribe":"Enter the valuation ***total*** (if one is given)"}},{"id":"56b1777b50617568bb6e1900","status":"awaiting_votes","name":"Amount Loaned","created_in_workflow":"transcribe","confidence":0.3333333333333333,"data":{"value":"8000"},"versions":[{"data":{"value":"8000"},"votes":1,"confidence":0.3333333333333333,"instances":[{"created":"2016-01-07T01:31:46Z","user_id":"568d3d5f3565620003020000","duration":4.095}]},{"data":{"value":"8,000."},"votes":1,"confidence":0.3333333333333333,"instances":[{"created":"2016-01-07T11:38:22Z","user_id":"568e4d2666366200034c0300","duration":16.475}]},{"data":{"value":"$ 8000."},"votes":1,"confidence":0.3333333333333333,"instances":[{"created":"2016-01-07T12:04:06Z","user_id":"568e52df6636620003710300","duration":7.265}]}],"region":{"x":1134.105528621227,"y":711.0228235972844,"width":173.63243558348222,"height":81.32254860308979,"label":"Amount Loaned","shape":"rectangle"},"task_key":"em_record_amount_loaned","instructions":{"mark":"Amount Loaned","transcribe":"Enter the Amount Loaned"}}]}]}