{"id":"56b100be7061755afb341300","meta_data":{"capture_uuid":"e302a9b0-00b1-0133-7495-58d385a7bbd0","page_uri":"http://digitalcollections.nypl.org/items/e302a9b0-00b1-0133-7495-58d385a7bbd0","book_uri":"http://digitalcollections.nypl.org/items/df712aa0-00b1-0133-fbd7-58d385a7bbd0","source_rotated":"0.615458","source_x":"1214.48","source_y":"954.57","source_w":"1369.52","source_h":"1076.43"},"type":"final_subject_set","search_terms_by_field":{"Record Date":["551","1872 Feby 23"],"Record Number":["551"],"Mortgager":["William Ewald"],"Street Address":["No. 597 9th Avenue"],"Land \u0026 Building Dimensions":["20 x 62","20 x 50"],"Stories \u0026 Materials":["4","Brick"],"Additional Info":["House"],"Valuation Date":["Valuation of these premises $15,000"],"Total Value":["$15,000"],"Land \u0026 Building Value":[],"Amount Loaned":["5000"]},"subjects":[{"id":"56b1770d50617568bbcb1100","type":"root","location":{"standard":"https://s3.amazonaws.com/scribe.nypl.org/emigrant-s4/full/e302a9b0-00b1-0133-7495-58d385a7bbd0.right-bottom.jpg","thumbnail":"https://s3.amazonaws.com/scribe.nypl.org/emigrant-s4/thumb/e302a9b0-00b1-0133-7495-58d385a7bbd0.right-bottom.jpg"},"status":"retired","width":1369,"height":1076,"meta_data":{"capture_uuid":"e302a9b0-00b1-0133-7495-58d385a7bbd0","page_uri":"http://digitalcollections.nypl.org/items/e302a9b0-00b1-0133-7495-58d385a7bbd0","book_uri":"http://digitalcollections.nypl.org/items/df712aa0-00b1-0133-fbd7-58d385a7bbd0","source_rotated":"0.615458","source_x":"1214.48","source_y":"954.57","source_w":"1369.52","source_h":"1076.43"},"assertions":[{"id":"56b1770d50617568bbcc1100","status":"awaiting_transcriptions","name":"Record Date","created_in_workflow":"transcribe","confidence":0.3333333333333333,"data":{"value":"551"},"versions":[{"data":{"value":"551"},"votes":1,"confidence":0.3333333333333333,"instances":[{"created":"2015-11-18T12:15:24Z","user_id":"564c67e46531660003430100","duration":2.444}]}],"region":{"x":967.0509209100758,"y":54.87777920428711,"width":84.54279523293599,"height":47.46186309559967,"label":"Record Date","shape":"rectangle"},"task_key":"em_record_date","instructions":{"mark":"Record Date","transcribe":"Enter the record date"}},{"id":"56b1770d50617568bbcd1100","status":"complete","name":"Record Number","created_in_workflow":"transcribe","confidence":1.0,"data":{"value":"551"},"versions":[{"data":{"value":"551"},"votes":3,"confidence":1.0,"instances":[{"created":"2015-11-18T12:12:04Z","user_id":"564c63c83463650003f60000","duration":5.772},{"created":"2015-11-18T12:15:26Z","user_id":"564c67e46531660003430100","duration":2.708},{"created":"2015-11-18T12:21:15Z","user_id":"564c68d234636500036e0100","duration":4.959}]}],"region":{"x":971.5005417118094,"y":56.3609624260246,"width":78.60996749729145,"height":51.91141276081213,"label":"Record Number","shape":"rectangle"},"task_key":"em_record_number","instructions":{"mark":"Record Number","transcribe":"Enter the record number"}},{"id":"56b1770d50617568bbce1100","status":"complete","name":"Mortgager","created_in_workflow":"transcribe","confidence":1.0,"data":{"value":"William Ewald"},"versions":[{"data":{"value":"William Ewald"},"votes":3,"confidence":1.0,"instances":[{"created":"2015-11-18T05:32:06Z","user_id":"5647496e3562310003960400","duration":5.935},{"created":"2015-11-18T12:12:39Z","user_id":"564c63c83463650003f60000","duration":6.622},{"created":"2015-11-18T12:21:29Z","user_id":"564c66213463650003210100","duration":17.642}]}],"region":{"x":443.4788732394366,"y":542.8450591559211,"width":353.00325027085586,"height":56.36096242602457,"label":"Mortgager Name","shape":"rectangle"},"task_key":"em_record_mortgager","instructions":{"mark":"Mortgager Name","transcribe":"Enter the mortgager's name"}},{"id":"56b1770d50617568bbcf1100","status":"awaiting_votes","name":"Street Address","created_in_workflow":"transcribe","confidence":0.6666666666666666,"data":{"value":"No. 597 9th Avenue"},"versions":[{"data":{"value":"No. 597 9th Avenue"},"votes":2,"confidence":0.6666666666666666,"instances":[{"created":"2015-11-18T12:29:03Z","user_id":"564c68d234636500036e0100","duration":19.052},{"created":"2015-11-18T13:09:54Z","user_id":"564c749d3463650003c40200","duration":28.624}]},{"data":{"value":"597 9th Avenue"},"votes":1,"confidence":0.3333333333333333,"instances":[{"created":"2015-11-18T13:08:01Z","user_id":"564c66213463650003210100","duration":21.289}]}],"region":{"x":495.3911159263272,"y":591.7901054732583,"width":366.3521126760563,"height":40.04594698691221,"label":"Street Address","shape":"rectangle"},"task_key":"em_record_street_address","instructions":{"mark":"Street Address","transcribe":"Enter the street address"}},{"id":"56b1770d50617568bbd01100","status":"awaiting_transcriptions","name":"Land \u0026 Building Dimensions","created_in_workflow":"transcribe","confidence":0.3333333333333333,"data":{"em_survey_land_dimensions":"20 x 62","em_survey_building_dimensions":"20 x 50"},"versions":[{"data":{"em_survey_land_dimensions":"20 x 62","em_survey_building_dimensions":"20 x 50"},"votes":1,"confidence":0.3333333333333333,"instances":[{"created":"2015-11-18T12:28:37Z","user_id":"564c66213463650003210100","duration":52.671}]}],"region":{"x":513.1895991332613,"y":631.8360524601707,"width":529.5048754062839,"height":80.09189397382443,"label":"Dimension \u0026 Description","shape":"rectangle"},"task_key":"em_record_survey","instructions":{"mark":"Dimension \u0026 Description","transcribe":"Enter, as they appear, any land and building dimensions that were recorded. In the next screen, you'll enter the descriptive information."}},{"id":"56b1770d50617568bbd11100","status":"awaiting_transcriptions","name":"Stories \u0026 Materials","created_in_workflow":"transcribe","confidence":0.3333333333333333,"data":{"em_record_stories":"4","em_record_material":"Brick"},"versions":[{"data":{"em_record_stories":"4","em_record_material":"Brick"},"votes":1,"confidence":0.3333333333333333,"instances":[{"created":"2015-11-18T12:29:12Z","user_id":"564c66213463650003210100","duration":35.115}]}],"region":{"x":513.1895991332613,"y":631.8360524601707,"width":529.5048754062839,"height":80.09189397382443,"label":"Dimension \u0026 Description","shape":"rectangle"},"task_key":"em_record_survey_stories_materials","instructions":{"mark":"Dimension \u0026 Description","transcribe":"Enter, as they appear, the number of stories and the building materials."}},{"id":"56b1770d50617568bbd21100","status":"awaiting_transcriptions","name":"Additional Info","created_in_workflow":"transcribe","confidence":0.3333333333333333,"data":{"value":"House"},"versions":[{"data":{"value":"House"},"votes":1,"confidence":0.3333333333333333,"instances":[{"created":"2015-11-18T12:29:22Z","user_id":"564c66213463650003210100","duration":9.435}]}],"region":{"x":513.1895991332613,"y":631.8360524601707,"width":529.5048754062839,"height":80.09189397382443,"label":"Dimension \u0026 Description","shape":"rectangle"},"task_key":"em_record_survey_additional_info","instructions":{"mark":"Dimension \u0026 Description","transcribe":"Enter any additional information you find about the building's construction or significance."}},{"id":"56b1770d50617568bbd31100","status":"awaiting_votes","name":"Record Date","created_in_workflow":"transcribe","confidence":0.6666666666666666,"data":{"value":"1872 Feby 23"},"versions":[{"data":{"value":"1872 Feby 23"},"votes":2,"confidence":0.6666666666666666,"instances":[{"created":"2015-11-18T12:21:59Z","user_id":"564c68d234636500036e0100","duration":43.675},{"created":"2015-11-18T13:07:31Z","user_id":"564c77df6531660003d30200","duration":17.806}]},{"data":{"value":"1872 February 23"},"votes":1,"confidence":0.3333333333333333,"instances":[{"created":"2015-11-18T12:15:37Z","user_id":"564c67e46531660003430100","duration":10.836}]}],"region":{"x":94.92524377031418,"y":102.33964229988678,"width":183.91765980498377,"height":145.35195573027397,"label":"Record Date","shape":"rectangle"},"task_key":"em_record_date","instructions":{"mark":"Record Date","transcribe":"Enter the record date"}},{"id":"56b1770d50617568bbd41100","status":"awaiting_transcriptions","name":"Valuation Date","created_in_workflow":"transcribe","confidence":0.3333333333333333,"data":{"value":"Valuation of these premises $15,000"},"versions":[{"data":{"value":"Valuation of these premises $15,000"},"votes":1,"confidence":0.3333333333333333,"instances":[{"created":"2015-11-25T18:35:28Z","user_id":"5655d2873437330003e50000","duration":13.787}]},{"data":{"value":"1879 November"},"votes":1,"confidence":0.3333333333333333,"instances":[{"created":"2015-11-25T21:45:52Z","user_id":"56562ab134373300031f0d00","duration":32.87}]}],"region":{"x":292.98736094530653,"y":784.3047024506257,"width":516.8990011346958,"height":61.41374505323001,"label":"Valuation","shape":"rectangle"},"task_key":"em_record_valuation","instructions":{"mark":"Valuation","transcribe":"Enter the date of the valuation (if one is given). In the next screen, you'll enter the valuation's dollar amounts."}},{"id":"56b1770d50617568bbd51100","status":"awaiting_transcriptions","name":"Total Value","created_in_workflow":"transcribe","confidence":0.3333333333333333,"data":{"value":"$15,000"},"versions":[{"data":{"value":"$15,000"},"votes":1,"confidence":0.3333333333333333,"instances":[{"created":"2015-11-25T18:35:35Z","user_id":"5655d2873437330003e50000","duration":5.265}]},{"data":{"value":"15000"},"votes":1,"confidence":0.3333333333333333,"instances":[{"created":"2015-11-25T21:46:20Z","user_id":"56562ab134373300031f0d00","duration":11.058}]}],"region":{"x":292.98736094530653,"y":784.3047024506257,"width":516.8990011346958,"height":61.41374505323001,"label":"Valuation","shape":"rectangle"},"task_key":"em_record_valuation_total","instructions":{"mark":"Valuation","transcribe":"Enter the valuation ***total*** (if one is given)"}},{"id":"56b1770d50617568bbd61100","status":"awaiting_transcriptions","name":"Land \u0026 Building Value","created_in_workflow":"transcribe","confidence":0.3333333333333333,"data":{"em_valuation_ground":""},"versions":[{"data":{"em_valuation_ground":""},"votes":1,"confidence":0.3333333333333333,"instances":[{"created":"2015-11-25T21:46:09Z","user_id":"56562ab134373300031f0d00","duration":17.435}]}],"region":{"x":292.98736094530653,"y":784.3047024506257,"width":516.8990011346958,"height":61.41374505323001,"label":"Valuation","shape":"rectangle"},"task_key":"em_record_valuation_ground_building","instructions":{"mark":"Valuation","transcribe":"Sometimes valuations include itemized dollar values for \"ground\" and \"building\". Enter these amounts if you can find them. In the next screen, you'll enter the total valuation."}},{"id":"56b1770d50617568bbd71100","status":"awaiting_votes","name":"Amount Loaned","created_in_workflow":"transcribe","confidence":0.3333333333333333,"data":{"value":"5000"},"versions":[{"data":{"value":"5000"},"votes":1,"confidence":0.3333333333333333,"instances":[{"created":"2015-11-18T12:51:28Z","user_id":"564c675865316600033b0100","duration":7.267}]},{"data":{"value":"$5000"},"votes":1,"confidence":0.3333333333333333,"instances":[{"created":"2015-11-18T12:58:45Z","user_id":"564c68d234636500036e0100","duration":9.381}]},{"data":{"value":"$5,000"},"votes":1,"confidence":0.3333333333333333,"instances":[{"created":"2015-11-18T13:44:16Z","user_id":"563bfc7535326200037f3900","duration":15.652}]}],"region":{"x":1161.3510292524377,"y":732.6925115383198,"width":167.60238353196087,"height":56.360962426024685,"label":"Amount Loaned","shape":"rectangle"},"task_key":"em_record_amount_loaned","instructions":{"mark":"Amount Loaned","transcribe":"Enter the Amount Loaned"}}]}]}