{"id":"56b1010b7061755afbc91800","meta_data":{"capture_uuid":"e3e33970-00b1-0133-5e72-58d385a7bbd0","page_uri":"http://digitalcollections.nypl.org/items/e3e33970-00b1-0133-5e72-58d385a7bbd0","book_uri":"http://digitalcollections.nypl.org/items/df712aa0-00b1-0133-fbd7-58d385a7bbd0","source_rotated":"0.811263","source_x":"0","source_y":"0","source_w":"1372.7","source_h":"984.0"},"type":"final_subject_set","search_terms_by_field":{"Record Number":["678"],"Mortgager":["Maltby G. Lane"],"Street Address":["No. 58 Warren Street"],"Land \u0026 Building Dimensions":["21.2 x 76.9","21.2 x 75"],"Stories \u0026 Materials":["5","Brick"],"Additional Info":["Warehouse"],"Record Date":["1873 Feby 1st"],"Valuation Date":["1879 November"],"Land \u0026 Building Value":[],"Total Value":["$32,000"],"Amount Loaned":["$15000"]},"subjects":[{"id":"56b1775a50617568bb071700","type":"root","location":{"standard":"https://s3.amazonaws.com/scribe.nypl.org/emigrant-s4/full/e3e33970-00b1-0133-5e72-58d385a7bbd0.left-top.jpg","thumbnail":"https://s3.amazonaws.com/scribe.nypl.org/emigrant-s4/thumb/e3e33970-00b1-0133-5e72-58d385a7bbd0.left-top.jpg"},"status":"retired","width":1372,"height":984,"meta_data":{"capture_uuid":"e3e33970-00b1-0133-5e72-58d385a7bbd0","page_uri":"http://digitalcollections.nypl.org/items/e3e33970-00b1-0133-5e72-58d385a7bbd0","book_uri":"http://digitalcollections.nypl.org/items/df712aa0-00b1-0133-fbd7-58d385a7bbd0","source_rotated":"0.811263","source_x":"0","source_y":"0","source_w":"1372.7","source_h":"984.0"},"assertions":[{"id":"56b1775a50617568bb081700","status":"complete","name":"Record Number","created_in_workflow":"transcribe","confidence":1.0,"data":{"value":"678"},"versions":[{"data":{"value":"678"},"votes":3,"confidence":1.0,"instances":[{"created":"2016-01-03T01:10:27Z","user_id":"568869523833320003620900","duration":2.339},{"created":"2016-01-03T06:08:33Z","user_id":"56748e5e3564620003fd0100","duration":4.441},{"created":"2016-01-03T17:54:10Z","user_id":"56895cc96135640003be0300","duration":5.715}]}],"region":{"x":925.5272932581757,"y":18.999331968537874,"width":107.21051652915514,"height":67.85475703049241,"label":"Record Number","shape":"rectangle"},"task_key":"em_record_number","instructions":{"mark":"Record Number","transcribe":"Enter the record number"}},{"id":"56b1775a50617568bb091700","status":"complete","name":"Mortgager","created_in_workflow":"transcribe","confidence":1.0,"data":{"value":"Maltby G. Lane"},"versions":[{"data":{"value":"Maltby G. Lane"},"votes":3,"confidence":1.0,"instances":[{"created":"2016-01-03T06:09:08Z","user_id":"56748e5e3564620003fd0100","duration":16.32},{"created":"2016-01-03T18:37:19Z","user_id":"5689687061356400032b0400","duration":8.902},{"created":"2016-01-03T22:01:50Z","user_id":"5668bbbe3064310003db0500","duration":26.76}]}],"region":{"x":340.61928535860784,"y":533.3383902596703,"width":348.77345250623887,"height":58.35509104622349,"label":"Mortgager Name","shape":"rectangle"},"task_key":"em_record_mortgager","instructions":{"mark":"Mortgager Name","transcribe":"Enter the mortgager's name"}},{"id":"56b1775a50617568bb0a1700","status":"complete","name":"Street Address","created_in_workflow":"transcribe","confidence":1.0,"data":{"value":"No. 58 Warren Street"},"versions":[{"data":{"value":"No. 58 Warren Street"},"votes":3,"confidence":1.0,"instances":[{"created":"2016-01-03T06:09:27Z","user_id":"56748e5e3564620003fd0100","duration":8.878},{"created":"2016-01-03T18:37:33Z","user_id":"5689687061356400032b0400","duration":7.304},{"created":"2016-01-03T22:02:00Z","user_id":"5668bbbe3064310003db0500","duration":10.514}]}],"region":{"x":458.68656305527236,"y":582.1938153216248,"width":341.98797677654545,"height":43.427044499515205,"label":"Street Address","shape":"rectangle"},"task_key":"em_record_street_address","instructions":{"mark":"Street Address","transcribe":"Enter the street address"}},{"id":"56b1775a50617568bb0b1700","status":"awaiting_transcriptions","name":"Land \u0026 Building Dimensions","created_in_workflow":"transcribe","confidence":0.3333333333333333,"data":{"em_survey_land_dimensions":"21.2 x 76.9","em_survey_building_dimensions":"21.2 x 75"},"versions":[{"data":{"em_survey_land_dimensions":"21.2 x 76.9","em_survey_building_dimensions":"21.2 x 75"},"votes":1,"confidence":0.3333333333333333,"instances":[{"created":"2016-01-03T04:14:45Z","user_id":"568892a865336600036d0200","duration":10.832}]}],"region":{"x":430.18756499056025,"y":613.4070035556514,"width":579.4796273158131,"height":108.56761124878778,"label":"Dimension \u0026 Description","shape":"rectangle"},"task_key":"em_record_survey","instructions":{"mark":"Dimension \u0026 Description","transcribe":"Enter, as they appear, any land and building dimensions that were recorded. In the next screen, you'll enter the descriptive information."}},{"id":"56b1775a50617568bb0c1700","status":"awaiting_transcriptions","name":"Stories \u0026 Materials","created_in_workflow":"transcribe","confidence":0.3333333333333333,"data":{"em_record_stories":"5","em_record_material":"Brick"},"versions":[{"data":{"em_record_stories":"5","em_record_material":"Brick"},"votes":1,"confidence":0.3333333333333333,"instances":[{"created":"2016-01-03T04:14:48Z","user_id":"568892a865336600036d0200","duration":3.607}]}],"region":{"x":430.18756499056025,"y":613.4070035556514,"width":579.4796273158131,"height":108.56761124878778,"label":"Dimension \u0026 Description","shape":"rectangle"},"task_key":"em_record_survey_stories_materials","instructions":{"mark":"Dimension \u0026 Description","transcribe":"Enter, as they appear, the number of stories and the building materials."}},{"id":"56b1775a50617568bb0d1700","status":"awaiting_transcriptions","name":"Additional Info","created_in_workflow":"transcribe","confidence":0.3333333333333333,"data":{"value":"Warehouse"},"versions":[{"data":{"value":"Warehouse"},"votes":1,"confidence":0.3333333333333333,"instances":[{"created":"2016-01-03T04:14:51Z","user_id":"568892a865336600036d0200","duration":2.635}]}],"region":{"x":430.18756499056025,"y":613.4070035556514,"width":579.4796273158131,"height":108.56761124878778,"label":"Dimension \u0026 Description","shape":"rectangle"},"task_key":"em_record_survey_additional_info","instructions":{"mark":"Dimension \u0026 Description","transcribe":"Enter any additional information you find about the building's construction or significance."}},{"id":"56b1775a50617568bb0e1700","status":"awaiting_votes","name":"Record Date","created_in_workflow":"transcribe","confidence":0.6666666666666666,"data":{"value":"1873 Feby 1st"},"versions":[{"data":{"value":"1873 Feby 1st"},"votes":2,"confidence":0.6666666666666666,"instances":[{"created":"2016-01-03T06:08:44Z","user_id":"56748e5e3564620003fd0100","duration":8.79},{"created":"2016-01-03T18:36:53Z","user_id":"5689687061356400032b0400","duration":11.303}]},{"data":{"value":"1873 Feb'y 1st"},"votes":1,"confidence":0.3333333333333333,"instances":[{"created":"2016-01-03T01:10:37Z","user_id":"568869523833320003620900","duration":7.853}]}],"region":{"x":43.415448398038535,"y":84.13989871781058,"width":208.9926524745556,"height":111.28180153000756,"label":"Record Date","shape":"rectangle"},"task_key":"em_record_date","instructions":{"mark":"Record Date","transcribe":"Enter the record date"}},{"id":"56b1775a50617568bb0f1700","status":"awaiting_transcriptions","name":"Valuation Date","created_in_workflow":"transcribe","confidence":0.3333333333333333,"data":{"value":"1879 November"},"versions":[{"data":{"value":"1879 November"},"votes":1,"confidence":0.3333333333333333,"instances":[{"created":"2016-01-03T04:14:56Z","user_id":"568892a865336600036d0200","duration":5.366}]}],"region":{"x":37.98706781428385,"y":740.9739467729771,"width":749.1165205581473,"height":107.21051610817801,"label":"Valuation","shape":"rectangle"},"task_key":"em_record_valuation","instructions":{"mark":"Valuation","transcribe":"Enter the date of the valuation (if one is given). In the next screen, you'll enter the valuation's dollar amounts."}},{"id":"56b1775a50617568bb101700","status":"awaiting_transcriptions","name":"Land \u0026 Building Value","created_in_workflow":"transcribe","confidence":0.3333333333333333,"data":{"em_valuation_ground":""},"versions":[{"data":{"em_valuation_ground":""},"votes":1,"confidence":0.3333333333333333,"instances":[{"created":"2016-01-03T04:14:57Z","user_id":"568892a865336600036d0200","duration":0.964}]}],"region":{"x":37.98706781428385,"y":740.9739467729771,"width":749.1165205581473,"height":107.21051610817801,"label":"Valuation","shape":"rectangle"},"task_key":"em_record_valuation_ground_building","instructions":{"mark":"Valuation","transcribe":"Sometimes valuations include itemized dollar values for \"ground\" and \"building\". Enter these amounts if you can find them. In the next screen, you'll enter the total valuation."}},{"id":"56b1775a50617568bb111700","status":"awaiting_transcriptions","name":"Total Value","created_in_workflow":"transcribe","confidence":0.3333333333333333,"data":{"value":"$32,000"},"versions":[{"data":{"value":"$32,000"},"votes":1,"confidence":0.3333333333333333,"instances":[{"created":"2016-01-03T04:15:00Z","user_id":"568892a865336600036d0200","duration":2.564}]}],"region":{"x":37.98706781428385,"y":740.9739467729771,"width":749.1165205581473,"height":107.21051610817801,"label":"Valuation","shape":"rectangle"},"task_key":"em_record_valuation_total","instructions":{"mark":"Valuation","transcribe":"Enter the valuation ***total*** (if one is given)"}},{"id":"56b1775a50617568bb121700","status":"awaiting_votes","name":"Amount Loaned","created_in_workflow":"transcribe","confidence":0.6666666666666666,"data":{"value":"$15000"},"versions":[{"data":{"value":"$15000"},"votes":2,"confidence":0.6666666666666666,"instances":[{"created":"2016-01-03T22:02:29Z","user_id":"5668bbbe3064310003db0500","duration":5.697},{"created":"2016-01-03T22:14:00Z","user_id":"563f8b7a3264340003774b00","duration":15.027}]},{"data":{"value":"$ 15000."},"votes":1,"confidence":0.3333333333333333,"instances":[{"created":"2016-01-03T18:37:59Z","user_id":"5689687061356400032b0400","duration":5.599}]}],"region":{"x":1046.3087612467175,"y":735.5455662105377,"width":168.27979809639555,"height":59.71218618683338,"label":"Amount Loaned","shape":"rectangle"},"task_key":"em_record_amount_loaned","instructions":{"mark":"Amount Loaned","transcribe":"Enter the Amount Loaned"}}]}]}