{"id":"56b100a47061755afb3d1100","meta_data":{"capture_uuid":"e2890640-00b1-0133-c25f-58d385a7bbd0","page_uri":"http://digitalcollections.nypl.org/items/e2890640-00b1-0133-c25f-58d385a7bbd0","book_uri":"http://digitalcollections.nypl.org/items/df712aa0-00b1-0133-fbd7-58d385a7bbd0","source_rotated":"0.867204","source_x":"0","source_y":"964.4399999999999","source_w":"1372.73","source_h":"1087.56"},"type":"final_subject_set","search_terms_by_field":{"Record Number":["499"],"Mortgager":["Arthur Brown"],"Street Address":["185 Union Str. Brooklyn"],"Land \u0026 Building Dimensions":["19 x 80","19 x 40"],"Stories \u0026 Materials":["3"],"Additional Info":[],"Record Date":["1871 Octob. 4"],"Valuation Date":["1879 November"],"Land \u0026 Building Value":["$11000"],"Total Value":[],"Amount Loaned":["$4,000"]},"subjects":[{"id":"56b176f250617568bbf60f00","type":"root","location":{"standard":"https://s3.amazonaws.com/scribe.nypl.org/emigrant-s4/full/e2890640-00b1-0133-c25f-58d385a7bbd0.left-bottom.jpg","thumbnail":"https://s3.amazonaws.com/scribe.nypl.org/emigrant-s4/thumb/e2890640-00b1-0133-c25f-58d385a7bbd0.left-bottom.jpg"},"status":"retired","width":1372,"height":1087,"meta_data":{"capture_uuid":"e2890640-00b1-0133-c25f-58d385a7bbd0","page_uri":"http://digitalcollections.nypl.org/items/e2890640-00b1-0133-c25f-58d385a7bbd0","book_uri":"http://digitalcollections.nypl.org/items/df712aa0-00b1-0133-fbd7-58d385a7bbd0","source_rotated":"0.867204","source_x":"0","source_y":"964.4399999999999","source_w":"1372.73","source_h":"1087.56"},"assertions":[{"id":"56b176f250617568bbf70f00","status":"complete","name":"Record Number","created_in_workflow":"transcribe","confidence":1.0,"data":{"value":"499"},"versions":[{"data":{"value":"499"},"votes":3,"confidence":1.0,"instances":[{"created":"2015-11-16T20:52:12Z","user_id":"564a394a6532380003720a00","duration":4.062},{"created":"2015-11-16T21:50:13Z","user_id":"564618af6363350003da0c00","duration":2.899},{"created":"2015-11-16T23:02:25Z","user_id":"5647496e3562310003960400","duration":2.574}]}],"region":{"x":928.7218017807332,"y":61.19035984441274,"width":126.46008219140947,"height":72.068646038975,"label":"Record Number","shape":"rectangle"},"task_key":"em_record_number","instructions":{"mark":"Record Number","transcribe":"Enter the record number"}},{"id":"56b176f250617568bbf80f00","status":"complete","name":"Mortgager","created_in_workflow":"transcribe","confidence":1.0,"data":{"value":"Arthur Brown"},"versions":[{"data":{"value":"Arthur Brown"},"votes":3,"confidence":1.0,"instances":[{"created":"2015-11-16T20:53:04Z","user_id":"564a394a6532380003720a00","duration":7.407},{"created":"2015-11-16T21:51:35Z","user_id":"564618af6363350003da0c00","duration":6.022},{"created":"2015-11-16T23:30:08Z","user_id":"564a639231643900032e1a00","duration":16.796}]}],"region":{"x":436.47933131524644,"y":542.5545239537929,"width":360.34324495401654,"height":53.031645198491105,"label":"Mortgager Name","shape":"rectangle"},"task_key":"em_record_mortgager","instructions":{"mark":"Mortgager Name","transcribe":"Enter the mortgager's name"}},{"id":"56b176f250617568bbf90f00","status":"awaiting_votes","name":"Street Address","created_in_workflow":"transcribe","confidence":0.25,"data":{"value":"185 Union Str. Brooklyn"},"versions":[{"data":{"value":"185 Union Str. Brooklyn"},"votes":1,"confidence":0.25,"instances":[{"created":"2015-11-16T20:53:32Z","user_id":"564a394a6532380003720a00","duration":12.451}]},{"data":{"value":"No. 185 Union St. Brooklyn"},"votes":1,"confidence":0.25,"instances":[{"created":"2015-11-16T22:00:19Z","user_id":"5649f5b33164390003d40b00","duration":9.125}]},{"data":{"value":"no. 185.Union St. Brooklyn"},"votes":1,"confidence":0.25,"instances":[{"created":"2015-11-16T23:42:09Z","user_id":"564a61a13164390003ca1900","duration":103.751}]},{"data":{"value":"185 Union Street, Brooklyn"},"votes":1,"confidence":0.25,"instances":[{"created":"2015-11-16T23:44:09Z","user_id":"564a639231643900032e1a00","duration":32.06}]}],"region":{"x":445.99783212535255,"y":592.8665976036434,"width":458.2478247151078,"height":40.793573229608455,"label":"Street Address","shape":"rectangle"},"task_key":"em_record_street_address","instructions":{"mark":"Street Address","transcribe":"Enter the street address"}},{"id":"56b176f250617568bbfa0f00","status":"awaiting_transcriptions","name":"Land \u0026 Building Dimensions","created_in_workflow":"transcribe","confidence":0.3333333333333333,"data":{"em_survey_land_dimensions":"19 x 80","em_survey_building_dimensions":"19 x 40"},"versions":[{"data":{"em_survey_land_dimensions":"19 x 80","em_survey_building_dimensions":"19 x 40"},"votes":1,"confidence":0.3333333333333333,"instances":[{"created":"2015-11-16T21:09:58Z","user_id":"5649f5b33164390003d40b00","duration":9.282}]}],"region":{"x":436.47933131524644,"y":626.8612419616505,"width":533.0360453659415,"height":73.42843181329522,"label":"Dimension \u0026 Description","shape":"rectangle"},"task_key":"em_record_survey","instructions":{"mark":"Dimension \u0026 Description","transcribe":"Enter, as they appear, any land and building dimensions that were recorded. In the next screen, you'll enter the descriptive information."}},{"id":"56b176f250617568bbfb0f00","status":"awaiting_transcriptions","name":"Stories \u0026 Materials","created_in_workflow":"transcribe","confidence":0.3333333333333333,"data":{"em_record_stories":"3","em_record_material":""},"versions":[{"data":{"em_record_stories":"3","em_record_material":""},"votes":1,"confidence":0.3333333333333333,"instances":[{"created":"2015-11-16T21:10:02Z","user_id":"5649f5b33164390003d40b00","duration":3.872}]}],"region":{"x":436.47933131524644,"y":626.8612419616505,"width":533.0360453659415,"height":73.42843181329522,"label":"Dimension \u0026 Description","shape":"rectangle"},"task_key":"em_record_survey_stories_materials","instructions":{"mark":"Dimension \u0026 Description","transcribe":"Enter, as they appear, the number of stories and the building materials."}},{"id":"56b176f250617568bbfc0f00","status":"awaiting_transcriptions","name":"Additional Info","created_in_workflow":"transcribe","confidence":0.3333333333333333,"data":{"value":""},"versions":[{"data":{"value":""},"votes":1,"confidence":0.3333333333333333,"instances":[{"created":"2015-11-16T21:10:03Z","user_id":"5649f5b33164390003d40b00","duration":0.815}]}],"region":{"x":436.47933131524644,"y":626.8612419616505,"width":533.0360453659415,"height":73.42843181329522,"label":"Dimension \u0026 Description","shape":"rectangle"},"task_key":"em_record_survey_additional_info","instructions":{"mark":"Dimension \u0026 Description","transcribe":"Enter any additional information you find about the building's construction or significance."}},{"id":"56b176f250617568bbfd0f00","status":"awaiting_votes","name":"Record Date","created_in_workflow":"transcribe","confidence":0.6666666666666666,"data":{"value":"1871 Octob. 4"},"versions":[{"data":{"value":"1871 Octob. 4"},"votes":2,"confidence":0.6666666666666666,"instances":[{"created":"2015-11-16T20:52:30Z","user_id":"564a394a6532380003720a00","duration":10.235},{"created":"2015-11-16T21:37:03Z","user_id":"564a49b73164390003541400","duration":171.71}]},{"data":{"value":"1871 Oct 4"},"votes":1,"confidence":0.3333333333333333,"instances":[{"created":"2015-11-16T21:50:22Z","user_id":"564618af6363350003da0c00","duration":8.435}]}],"region":{"x":55.739298911002535,"y":103.34371884834151,"width":209.40701782233413,"height":149.57643517523115,"label":"Record Date","shape":"rectangle"},"task_key":"em_record_date","instructions":{"mark":"Record Date","transcribe":"Enter the record date"}},{"id":"56b176f250617568bbfe0f00","status":"awaiting_transcriptions","name":"Valuation Date","created_in_workflow":"transcribe","confidence":0.3333333333333333,"data":{"value":"1879 November"},"versions":[{"data":{"value":"1879 November"},"votes":1,"confidence":0.3333333333333333,"instances":[{"created":"2015-11-25T17:42:18Z","user_id":"564f478f6435360003b00300","duration":7.244}]}],"region":{"x":61.47703830042854,"y":746.2928841287998,"width":686.0107436429656,"height":75.95549547675989,"label":"Valuation","shape":"rectangle"},"task_key":"em_record_valuation","instructions":{"mark":"Valuation","transcribe":"Enter the date of the valuation (if one is given). In the next screen, you'll enter the valuation's dollar amounts."}},{"id":"56b176f250617568bbff0f00","status":"awaiting_transcriptions","name":"Land \u0026 Building Value","created_in_workflow":"transcribe","confidence":0.3333333333333333,"data":{"em_valuation_ground":"$11000"},"versions":[{"data":{"em_valuation_ground":"$11000"},"votes":1,"confidence":0.3333333333333333,"instances":[{"created":"2015-11-25T17:42:26Z","user_id":"564f478f6435360003b00300","duration":7.726}]}],"region":{"x":61.47703830042854,"y":746.2928841287998,"width":686.0107436429656,"height":75.95549547675989,"label":"Valuation","shape":"rectangle"},"task_key":"em_record_valuation_ground_building","instructions":{"mark":"Valuation","transcribe":"Sometimes valuations include itemized dollar values for \"ground\" and \"building\". Enter these amounts if you can find them. In the next screen, you'll enter the total valuation."}},{"id":"56b176f250617568bb001000","status":"awaiting_transcriptions","name":"Total Value","created_in_workflow":"transcribe","confidence":0.3333333333333333,"data":{"value":""},"versions":[{"data":{"value":""},"votes":1,"confidence":0.3333333333333333,"instances":[{"created":"2015-11-25T17:42:26Z","user_id":"564f478f6435360003b00300","duration":0.464}]}],"region":{"x":61.47703830042854,"y":746.2928841287998,"width":686.0107436429656,"height":75.95549547675989,"label":"Valuation","shape":"rectangle"},"task_key":"em_record_valuation_total","instructions":{"mark":"Valuation","transcribe":"Enter the valuation ***total*** (if one is given)"}},{"id":"56b176f250617568bb011000","status":"awaiting_votes","name":"Amount Loaned","created_in_workflow":"transcribe","confidence":0.5,"data":{"value":"$4,000"},"versions":[{"data":{"value":"$4,000"},"votes":2,"confidence":0.5,"instances":[{"created":"2015-11-17T00:25:30Z","user_id":"564a734431643900036d1c00","duration":8.846},{"created":"2015-11-17T00:26:30Z","user_id":"564a733465323800038d1400","duration":56.421}]},{"data":{"value":"4000"},"votes":1,"confidence":0.25,"instances":[{"created":"2015-11-17T00:19:11Z","user_id":"564a734431643900036d1c00","duration":12.186}]},{"data":{"value":"$6000"},"votes":1,"confidence":0.25,"instances":[{"created":"2015-11-16T23:43:49Z","user_id":"564a61a13164390003ca1900","duration":8.197}]}],"region":{"x":1093.2558872125671,"y":735.6441039072731,"width":184.9308728820613,"height":65.26971716737364,"label":"Amount Loaned","shape":"rectangle"},"task_key":"em_record_amount_loaned","instructions":{"mark":"Amount Loaned","transcribe":"Enter the Amount Loaned"}}]}]}