{"id":"56b101227061755afb871a00","meta_data":{"capture_uuid":"e457a0e0-00b1-0133-04c6-58d385a7bbd0","page_uri":"http://digitalcollections.nypl.org/items/e457a0e0-00b1-0133-04c6-58d385a7bbd0","book_uri":"http://digitalcollections.nypl.org/items/df712aa0-00b1-0133-fbd7-58d385a7bbd0","source_rotated":"0.783292","source_x":"0","source_y":"962.56","source_w":"1371.67","source_h":"1085.44"},"type":"final_subject_set","search_terms_by_field":{"Record Number":["767"],"Mortgager":["Patrick Colligan"],"Street Address":["529 West 29th Street"],"Record Date":["1874 March 6"],"Amount Loaned":["$5500"]},"subjects":[{"id":"56b1777150617568bba71800","type":"root","location":{"standard":"https://s3.amazonaws.com/scribe.nypl.org/emigrant-s4/full/e457a0e0-00b1-0133-04c6-58d385a7bbd0.left-bottom.jpg","thumbnail":"https://s3.amazonaws.com/scribe.nypl.org/emigrant-s4/thumb/e457a0e0-00b1-0133-04c6-58d385a7bbd0.left-bottom.jpg"},"status":"active","width":1371,"height":1085,"meta_data":{"capture_uuid":"e457a0e0-00b1-0133-04c6-58d385a7bbd0","page_uri":"http://digitalcollections.nypl.org/items/e457a0e0-00b1-0133-04c6-58d385a7bbd0","book_uri":"http://digitalcollections.nypl.org/items/df712aa0-00b1-0133-fbd7-58d385a7bbd0","source_rotated":"0.783292","source_x":"0","source_y":"962.56","source_w":"1371.67","source_h":"1085.44"},"assertions":[{"id":"56b1777150617568bba81800","status":"awaiting_transcriptions","name":"Record Number","created_in_workflow":"transcribe","confidence":0.6666666666666666,"data":{"value":"767"},"versions":[{"data":{"value":"767"},"votes":2,"confidence":0.6666666666666666,"instances":[{"created":"2016-01-22T01:52:21Z","user_id":"56a184b03833370003b80400","duration":5.12},{"created":"2016-01-22T20:43:06Z","user_id":"56968eef6133640003bd0100","duration":5.142}]}],"region":{"x":898.1924654748656,"y":62.251440768409815,"width":149.69989955820654,"height":85.96627534685163,"label":"Record Number","shape":"rectangle"},"task_key":"em_record_number","instructions":{"mark":"Record Number","transcribe":"Enter the record number"}},{"id":"56b1777150617568bba91800","status":"complete","name":"Mortgager","created_in_workflow":"transcribe","confidence":1.0,"data":{"value":"Patrick Colligan"},"versions":[{"data":{"value":"Patrick Colligan"},"votes":3,"confidence":1.0,"instances":[{"created":"2016-01-22T01:52:30Z","user_id":"56a184b03833370003b80400","duration":4.834},{"created":"2016-01-22T20:43:19Z","user_id":"56968eef6133640003bd0100","duration":7.391},{"created":"2016-01-22T21:55:38Z","user_id":"56a2a3473264660003320200","duration":11.586}]}],"region":{"x":366.0908422927255,"y":517.2798292422625,"width":415.00962253760235,"height":94.85933831376735,"label":"Mortgager Name","shape":"rectangle"},"task_key":"em_record_mortgager","instructions":{"mark":"Mortgager Name","transcribe":"Enter the mortgager's name"}},{"id":"56b1777150617568bbaa1800","status":"awaiting_votes","name":"Street Address","created_in_workflow":"transcribe","confidence":0.3333333333333333,"data":{"value":"529 West 29th Street"},"versions":[{"data":{"value":"529 West 29th Street"},"votes":1,"confidence":0.3333333333333333,"instances":[{"created":"2016-01-22T01:52:47Z","user_id":"56a184b03833370003b80400","duration":5.729}]},{"data":{"value":"No. 529 W 29th Street"},"votes":1,"confidence":0.3333333333333333,"instances":[{"created":"2016-01-22T20:43:49Z","user_id":"56968eef6133640003bd0100","duration":29.6}]},{"data":{"value":"Nl. 529 W 29th street"},"votes":1,"confidence":0.3333333333333333,"instances":[{"created":"2016-01-22T21:56:29Z","user_id":"56a2a3473264660003320200","duration":37.451}]}],"region":{"x":339.411652272451,"y":570.6382070437567,"width":498.01154704512277,"height":66.69797225186767,"label":"Street Address","shape":"rectangle"},"task_key":"em_record_street_address","instructions":{"mark":"Street Address","transcribe":"Enter the street address"}},{"id":"56b1777150617568bbab1800","status":"complete","name":"Record Date","created_in_workflow":"transcribe","confidence":1.0,"data":{"value":"1874 March 6"},"versions":[{"data":{"value":"1874 March 6"},"votes":3,"confidence":1.0,"instances":[{"created":"2016-01-22T01:52:26Z","user_id":"56a184b03833370003b80400","duration":4.411},{"created":"2016-01-22T20:43:12Z","user_id":"56968eef6133640003bd0100","duration":5.974},{"created":"2016-01-22T21:55:26Z","user_id":"56a2a3473264660003320200","duration":14.421}]}],"region":{"x":41.49403037938651,"y":96.34151547491996,"width":185.27215291857246,"height":168.96819637139805,"label":"Record Date","shape":"rectangle"},"task_key":"em_record_date","instructions":{"mark":"Record Date","transcribe":"Enter the record date"}},{"id":"56b1777150617568bbac1800","status":"awaiting_votes","name":"Amount Loaned","created_in_workflow":"transcribe","confidence":0.3333333333333333,"data":{"value":"$5500"},"versions":[{"data":{"value":"$5500"},"votes":1,"confidence":0.3333333333333333,"instances":[{"created":"2016-01-22T01:53:04Z","user_id":"56a184b03833370003b80400","duration":3.074}]},{"data":{"value":"$5,500"},"votes":1,"confidence":0.3333333333333333,"instances":[{"created":"2016-01-22T19:07:27Z","user_id":"569a88c06635320003890000","duration":8.627}]},{"data":{"value":"5500"},"votes":1,"confidence":0.3333333333333333,"instances":[{"created":"2016-01-22T20:44:19Z","user_id":"56968eef6133640003bd0100","duration":5.926}]}],"region":{"x":1073.089377829998,"y":715.8915688367128,"width":191.20086181196666,"height":106.71675560298831,"label":"Amount Loaned","shape":"rectangle"},"task_key":"em_record_amount_loaned","instructions":{"mark":"Amount Loaned","transcribe":"Enter the Amount Loaned"}}]}]}