{"id":"56b0ffe47061755afb0a0300","meta_data":{"capture_uuid":"e08a7c20-00b1-0133-ad8b-58d385a7bbd0","page_uri":"http://digitalcollections.nypl.org/items/e08a7c20-00b1-0133-ad8b-58d385a7bbd0","book_uri":"http://digitalcollections.nypl.org/items/df712aa0-00b1-0133-fbd7-58d385a7bbd0","source_rotated":"1.34262","source_x":"0","source_y":"0","source_w":"1381.21","source_h":"990.7199999999999"},"type":"final_subject_set","search_terms_by_field":{"Record Number":["77"],"Mortgager":["Herman H. Seidemann"],"Street Address":["N.W corner of 11th avenue \u0026 43d Street"],"Land \u0026 Building Dimensions":["25'5 x 100","30 x 25"],"Stories \u0026 Materials":["4 and 1.3","brick and brick"],"Additional Info":["corner house on 43d St."],"Record Date":["1854 March 10; 1855 January 2; 1861 May 13; 1874 October 5; 1876 August 25; 1884 March 24","1879 November"],"Valuation Date":["1879 November"],"Land \u0026 Building Value":[],"Total Value":["18000"],"Amount Loaned":["8000"]},"subjects":[{"id":"56b1762b50617568bbaa0200","type":"root","location":{"standard":"https://s3.amazonaws.com/scribe.nypl.org/emigrant-s4/full/e08a7c20-00b1-0133-ad8b-58d385a7bbd0.left-top.jpg","thumbnail":"https://s3.amazonaws.com/scribe.nypl.org/emigrant-s4/thumb/e08a7c20-00b1-0133-ad8b-58d385a7bbd0.left-top.jpg"},"status":"retired","width":1381,"height":990,"meta_data":{"capture_uuid":"e08a7c20-00b1-0133-ad8b-58d385a7bbd0","page_uri":"http://digitalcollections.nypl.org/items/e08a7c20-00b1-0133-ad8b-58d385a7bbd0","book_uri":"http://digitalcollections.nypl.org/items/df712aa0-00b1-0133-fbd7-58d385a7bbd0","source_rotated":"1.34262","source_x":"0","source_y":"0","source_w":"1381.21","source_h":"990.7199999999999"},"assertions":[{"id":"56b1762b50617568bbab0200","status":"complete","name":"Record Number","created_in_workflow":"transcribe","confidence":1.0,"data":{"value":"77"},"versions":[{"data":{"value":"77"},"votes":3,"confidence":1.0,"instances":[{"created":"2015-11-15T02:41:39Z","user_id":"563f8b7a3264340003774b00","duration":20.043},{"created":"2015-11-15T16:48:56Z","user_id":"5648b58e3863370003790400","duration":4.045},{"created":"2015-11-15T18:46:52Z","user_id":"5648d16b38633700037e0600","duration":6.329}]}],"region":{"x":952.8984078000437,"y":9.206960438841865,"width":78.25916639996831,"height":50.63828241363025,"label":"Record Number","shape":"rectangle"},"task_key":"em_record_number","instructions":{"mark":"Record Number","transcribe":"Enter the record number"}},{"id":"56b1762b50617568bbac0200","status":"awaiting_votes","name":"Mortgager","created_in_workflow":"transcribe","confidence":0.6666666666666666,"data":{"value":"Herman H. Seidemann"},"versions":[{"data":{"value":"Herman H. Seidemann"},"votes":2,"confidence":0.6666666666666666,"instances":[{"created":"2015-11-15T16:49:26Z","user_id":"5648b58e3863370003790400","duration":14.937},{"created":"2015-11-15T19:15:53Z","user_id":"5648d9a53863370003230700","duration":22.907}]},{"data":{"value":"Herman H. Geidermann"},"votes":1,"confidence":0.3333333333333333,"instances":[{"created":"2015-11-15T02:43:27Z","user_id":"563f8b7a3264340003774b00","duration":54.223}]}],"region":{"x":428.10164488260835,"y":520.1932647945653,"width":423.52019463512323,"height":52.94002252334076,"label":"Mortgager Name","shape":"rectangle"},"task_key":"em_record_mortgager","instructions":{"mark":"Mortgager Name","transcribe":"Enter the mortgager's name"}},{"id":"56b1762b50617568bbad0200","status":"awaiting_votes","name":"Street Address","created_in_workflow":"transcribe","confidence":0.3333333333333333,"data":{"value":"N.W corner of 11th avenue \u0026 43d Street"},"versions":[{"data":{"value":"N.W corner of 11th avenue \u0026 43d Street"},"votes":1,"confidence":0.3333333333333333,"instances":[{"created":"2015-11-15T04:01:28Z","user_id":"5647496e3562310003960400","duration":53.149}]},{"data":{"value":"N. W. corner of 11th Avenue \u0026 43rd Street"},"votes":1,"confidence":0.3333333333333333,"instances":[{"created":"2015-11-15T16:49:46Z","user_id":"5648b58e3863370003790400","duration":20.074}]},{"data":{"value":"N.W. corner of 11th Ave \u0026 43rd St"},"votes":1,"confidence":0.3333333333333333,"instances":[{"created":"2015-11-15T18:54:53Z","user_id":"563f8b7a3264340003774b00","duration":35.042}]}],"region":{"x":444.21382620024895,"y":557.0211065499328,"width":577.7367872468257,"height":46.034802194209306,"label":"Street Address","shape":"rectangle"},"task_key":"em_record_street_address","instructions":{"mark":"Street Address","transcribe":"Enter the street address"}},{"id":"56b1762b50617568bbae0200","status":"awaiting_transcriptions","name":"Land \u0026 Building Dimensions","created_in_workflow":"transcribe","confidence":0.3333333333333333,"data":{"em_survey_land_dimensions":"25'5 x 100","em_survey_building_dimensions":"30 x 25"},"versions":[{"data":{"em_survey_land_dimensions":"25'5 x 100","em_survey_building_dimensions":"30 x 25"},"votes":1,"confidence":0.3333333333333333,"instances":[{"created":"2015-11-15T04:04:00Z","user_id":"5647496e3562310003960400","duration":68.688}]}],"region":{"x":439.61034582378016,"y":603.0559087441421,"width":856.247350023184,"height":87.46612416899768,"label":"Dimension \u0026 Description","shape":"rectangle"},"task_key":"em_record_survey","instructions":{"mark":"Dimension \u0026 Description","transcribe":"Enter, as they appear, any land and building dimensions that were recorded. In the next screen, you'll enter the descriptive information."}},{"id":"56b1762b50617568bbaf0200","status":"awaiting_transcriptions","name":"Stories \u0026 Materials","created_in_workflow":"transcribe","confidence":0.3333333333333333,"data":{"em_record_stories":"4 and 1.3","em_record_material":"brick and brick"},"versions":[{"data":{"em_record_stories":"4 and 1.3","em_record_material":"brick and brick"},"votes":1,"confidence":0.3333333333333333,"instances":[{"created":"2015-11-15T04:04:30Z","user_id":"5647496e3562310003960400","duration":29.867}]}],"region":{"x":439.61034582378016,"y":603.0559087441421,"width":856.247350023184,"height":87.46612416899768,"label":"Dimension \u0026 Description","shape":"rectangle"},"task_key":"em_record_survey_stories_materials","instructions":{"mark":"Dimension \u0026 Description","transcribe":"Enter, as they appear, the number of stories and the building materials."}},{"id":"56b1762b50617568bbb00200","status":"awaiting_transcriptions","name":"Additional Info","created_in_workflow":"transcribe","confidence":0.3333333333333333,"data":{"value":"corner house on 43d St."},"versions":[{"data":{"value":"corner house on 43d St."},"votes":1,"confidence":0.3333333333333333,"instances":[{"created":"2015-11-15T04:05:00Z","user_id":"5647496e3562310003960400","duration":30.185}]}],"region":{"x":439.61034582378016,"y":603.0559087441421,"width":856.247350023184,"height":87.46612416899768,"label":"Dimension \u0026 Description","shape":"rectangle"},"task_key":"em_record_survey_additional_info","instructions":{"mark":"Dimension \u0026 Description","transcribe":"Enter any additional information you find about the building's construction or significance."}},{"id":"56b1762b50617568bbb10200","status":"awaiting_votes","name":"Record Date","created_in_workflow":"transcribe","confidence":0.3333333333333333,"data":{"value":"1854 March 10; 1855 January 2; 1861 May 13; 1874 October 5; 1876 August 25; 1884 March 24"},"versions":[{"data":{"value":"1854 March 10; 1855 January 2; 1861 May 13; 1874 October 5; 1876 August 25; 1884 March 24"},"votes":1,"confidence":0.3333333333333333,"instances":[{"created":"2015-11-15T02:41:19Z","user_id":"563f8b7a3264340003774b00","duration":133.777}]},{"data":{"value":"1854 March 10; 1855 January 2; 1861 May 13; 1874 October 5; 1876 Aug. 25; 1884 March 24"},"votes":1,"confidence":0.3333333333333333,"instances":[{"created":"2015-12-09T21:05:00Z","user_id":"566890083064310003a80200","duration":195.95}]},{"data":{"value":"1854. March 10. 1855 January 2 1861. May 13 1874 October 5 1876 Aug. 25. 1884 March 24"},"votes":1,"confidence":0.3333333333333333,"instances":[{"created":"2015-12-09T21:35:30Z","user_id":"566895273033300003ff0200","duration":53.076}]}],"region":{"x":59.82321476510994,"y":6.905220329131402,"width":184.1392150587492,"height":439.63236095469904,"label":"Record Date","shape":"rectangle"},"task_key":"em_record_date","instructions":{"mark":"Record Date","transcribe":"Enter the record date"}},{"id":"56b1762b50617568bbb20200","status":"complete","name":"Record Date","created_in_workflow":"transcribe","confidence":1.0,"data":{"value":"1879 November"},"versions":[{"data":{"value":"1879 November"},"votes":3,"confidence":1.0,"instances":[{"created":"2015-11-15T08:30:49Z","user_id":"564832fd3863370003270000","duration":15.787},{"created":"2015-12-09T22:44:08Z","user_id":"5668b33530333000032d0500","duration":5.34},{"created":"2015-12-10T15:08:07Z","user_id":"56698f7130333000032e0b00","duration":4.989}]}],"region":{"x":69.03017551804736,"y":692.8237730228502,"width":165.7252935528743,"height":140.40614669233844,"label":"Record Date","shape":"rectangle"},"task_key":"em_record_date","instructions":{"mark":"Record Date","transcribe":"Enter the record date"}},{"id":"56b1762b50617568bbb30200","status":"awaiting_transcriptions","name":"Valuation Date","created_in_workflow":"transcribe","confidence":0.3333333333333333,"data":{"value":"1879 November"},"versions":[{"data":{"value":"1879 November"},"votes":1,"confidence":0.3333333333333333,"instances":[{"created":"2015-11-15T09:10:51Z","user_id":"564845423863370003d20000","duration":7.326}]}],"region":{"x":363.6529196120461,"y":741.16031532677,"width":412.0114936939514,"height":75.95742362044541,"label":"Valuation","shape":"rectangle"},"task_key":"em_record_valuation","instructions":{"mark":"Valuation","transcribe":"Enter the date of the valuation (if one is given). In the next screen, you'll enter the valuation's dollar amounts."}},{"id":"56b1762b50617568bbb40200","status":"awaiting_transcriptions","name":"Land \u0026 Building Value","created_in_workflow":"transcribe","confidence":0.3333333333333333,"data":{"em_valuation_ground":""},"versions":[{"data":{"em_valuation_ground":""},"votes":1,"confidence":0.3333333333333333,"instances":[{"created":"2015-11-15T09:10:53Z","user_id":"564845423863370003d20000","duration":2.105}]}],"region":{"x":363.6529196120461,"y":741.16031532677,"width":412.0114936939514,"height":75.95742362044541,"label":"Valuation","shape":"rectangle"},"task_key":"em_record_valuation_ground_building","instructions":{"mark":"Valuation","transcribe":"Sometimes valuations include itemized dollar values for \"ground\" and \"building\". Enter these amounts if you can find them. In the next screen, you'll enter the total valuation."}},{"id":"56b1762b50617568bbb50200","status":"awaiting_transcriptions","name":"Total Value","created_in_workflow":"transcribe","confidence":0.3333333333333333,"data":{"value":"18000"},"versions":[{"data":{"value":"18000"},"votes":1,"confidence":0.3333333333333333,"instances":[{"created":"2015-11-15T09:10:55Z","user_id":"564845423863370003d20000","duration":2.595}]}],"region":{"x":363.6529196120461,"y":741.16031532677,"width":412.0114936939514,"height":75.95742362044541,"label":"Valuation","shape":"rectangle"},"task_key":"em_record_valuation_total","instructions":{"mark":"Valuation","transcribe":"Enter the valuation ***total*** (if one is given)"}},{"id":"56b1762b50617568bbb60200","status":"awaiting_votes","name":"Amount Loaned","created_in_workflow":"transcribe","confidence":0.6666666666666666,"data":{"value":"8000"},"versions":[{"data":{"value":"8000"},"votes":2,"confidence":0.6666666666666666,"instances":[{"created":"2015-11-15T08:30:54Z","user_id":"564832fd3863370003270000","duration":5.042},{"created":"2015-11-15T09:10:43Z","user_id":"564845423863370003d20000","duration":4.121}]},{"data":{"value":"$8000."},"votes":1,"confidence":0.3333333333333333,"instances":[{"created":"2015-11-15T15:30:21Z","user_id":"5647496e3562310003960400","duration":5.234}]}],"region":{"x":1093.30455928234,"y":722.7463944490863,"width":138.10441129406195,"height":69.05220329131396,"label":"Amount Loaned","shape":"rectangle"},"task_key":"em_record_amount_loaned","instructions":{"mark":"Amount Loaned","transcribe":"Enter the Amount Loaned"}}]}]}