{"id":"56b1009b7061755afba01000","meta_data":{"capture_uuid":"e26c07b0-00b1-0133-c7b2-58d385a7bbd0","page_uri":"http://digitalcollections.nypl.org/items/e26c07b0-00b1-0133-c7b2-58d385a7bbd0","book_uri":"http://digitalcollections.nypl.org/items/df712aa0-00b1-0133-fbd7-58d385a7bbd0","source_rotated":"0.783292","source_x":"1217.3","source_y":"0","source_w":"1372.7","source_h":"1002.54"},"type":"final_subject_set","search_terms_by_field":{"Record Number":["487."],"Mortgager":["Engelbert Breid"],"Street Address":["125th St. or Manhattan St."],"Land \u0026 Building Dimensions":["25 x 99.10 x 100 and 50 x 100 in all 3 lots","25 x 40","25 x 94.10 x 100 and 50 x 100","25 x 40."],"Stories \u0026 Materials":["3","frame"],"Additional Info":["house and store or saloon"],"Record Date":["1879 November","1871 Aug 15."],"Valuation Date":["$8000."],"Land \u0026 Building Value":[],"Total Value":["$8000."],"Amount Loaned":["$5000."]},"subjects":[{"id":"56b176e950617568bb640f00","type":"root","location":{"standard":"https://s3.amazonaws.com/scribe.nypl.org/emigrant-s4/full/e26c07b0-00b1-0133-c7b2-58d385a7bbd0.right-top.jpg","thumbnail":"https://s3.amazonaws.com/scribe.nypl.org/emigrant-s4/thumb/e26c07b0-00b1-0133-c7b2-58d385a7bbd0.right-top.jpg"},"status":"active","width":1372,"height":1002,"meta_data":{"capture_uuid":"e26c07b0-00b1-0133-c7b2-58d385a7bbd0","page_uri":"http://digitalcollections.nypl.org/items/e26c07b0-00b1-0133-c7b2-58d385a7bbd0","book_uri":"http://digitalcollections.nypl.org/items/df712aa0-00b1-0133-fbd7-58d385a7bbd0","source_rotated":"0.783292","source_x":"1217.3","source_y":"0","source_w":"1372.7","source_h":"1002.54"},"assertions":[{"id":"56b176e950617568bb650f00","status":"awaiting_votes","name":"Record Number","created_in_workflow":"transcribe","confidence":0.6666666666666666,"data":{"value":"487."},"versions":[{"data":{"value":"487."},"votes":2,"confidence":0.6666666666666666,"instances":[{"created":"2016-01-01T17:46:13Z","user_id":"5686b3c83734300003f60100","duration":8.142},{"created":"2016-01-01T23:25:25Z","user_id":"568709bc38656300030f0500","duration":6.069}]},{"data":{"value":"487"},"votes":1,"confidence":0.3333333333333333,"instances":[{"created":"2016-01-02T00:28:36Z","user_id":"5686f0173865630003250400","duration":526.344}]}],"region":{"x":972.0934446833575,"y":22.559339921327833,"width":98.44075515986503,"height":65.62717068022643,"label":"Record Number","shape":"rectangle"},"task_key":"em_record_number","instructions":{"mark":"Record Number","transcribe":"Enter the record number"}},{"id":"56b176e950617568bb660f00","status":"awaiting_votes","name":"Mortgager","created_in_workflow":"transcribe","confidence":0.6666666666666666,"data":{"value":"Engelbert Breid"},"versions":[{"data":{"value":"Engelbert Breid"},"votes":2,"confidence":0.6666666666666666,"instances":[{"created":"2016-01-01T17:47:04Z","user_id":"5686b3c83734300003f60100","duration":17.142},{"created":"2016-01-01T23:26:02Z","user_id":"568709bc38656300030f0500","duration":16.34}]},{"data":{"value":"Englebert Breid"},"votes":1,"confidence":0.3333333333333333,"instances":[{"created":"2016-01-01T23:36:10Z","user_id":"56748e5e3564620003fd0100","duration":15.804}]}],"region":{"x":481.9405179498633,"y":531.1699126930827,"width":330.18669959871363,"height":51.27122709392688,"label":"Mortgager Name","shape":"rectangle"},"task_key":"em_record_mortgager","instructions":{"mark":"Mortgager Name","transcribe":"Enter the mortgager's name"}},{"id":"56b176e950617568bb670f00","status":"awaiting_votes","name":"Street Address","created_in_workflow":"transcribe","confidence":0.6666666666666666,"data":{"value":"125th St. or Manhattan St."},"versions":[{"data":{"value":"125th St. or Manhattan St."},"votes":2,"confidence":0.6666666666666666,"instances":[{"created":"2016-01-01T17:33:37Z","user_id":"5686b3c83734300003f60100","duration":45.924},{"created":"2016-01-01T23:26:35Z","user_id":"568709bc38656300030f0500","duration":18.592}]},{"data":{"value":"125th Street on Manhattan Avenue"},"votes":1,"confidence":0.3333333333333333,"instances":[{"created":"2016-01-01T04:44:01Z","user_id":"5685fbbb6236660003f30200","duration":9.373}]}],"region":{"x":513.040738600314,"y":585.400783674405,"width":386.456062316782,"height":36.58754885574194,"label":"Street Address","shape":"rectangle"},"task_key":"em_record_street_address","instructions":{"mark":"Street Address","transcribe":"Enter the street address"}},{"id":"56b176e950617568bb680f00","status":"awaiting_transcriptions","name":"Land \u0026 Building Dimensions","created_in_workflow":"transcribe","confidence":0.3333333333333333,"data":{"em_survey_land_dimensions":"25 x 99.10 x 100 and 50 x 100 in all 3 lots","em_survey_building_dimensions":"25 x 40"},"versions":[{"data":{"em_survey_land_dimensions":"25 x 99.10 x 100 and 50 x 100 in all 3 lots","em_survey_building_dimensions":"25 x 40"},"votes":1,"confidence":0.3333333333333333,"instances":[{"created":"2016-01-01T04:44:28Z","user_id":"5685fbbb6236660003f30200","duration":26.54}]}],"region":{"x":503.6695734609406,"y":623.6052352702663,"width":555.58874722613,"height":57.59151520741955,"label":"Dimension \u0026 Description","shape":"rectangle"},"task_key":"em_record_survey","instructions":{"mark":"Dimension \u0026 Description","transcribe":"Enter, as they appear, any land and building dimensions that were recorded. In the next screen, you'll enter the descriptive information."}},{"id":"56b176e950617568bb690f00","status":"awaiting_transcriptions","name":"Stories \u0026 Materials","created_in_workflow":"transcribe","confidence":0.3333333333333333,"data":{"em_record_stories":"3","em_record_material":"frame"},"versions":[{"data":{"em_record_stories":"3","em_record_material":"frame"},"votes":1,"confidence":0.3333333333333333,"instances":[{"created":"2016-01-01T04:44:31Z","user_id":"5685fbbb6236660003f30200","duration":3.357}]}],"region":{"x":503.6695734609406,"y":623.6052352702663,"width":555.58874722613,"height":57.59151520741955,"label":"Dimension \u0026 Description","shape":"rectangle"},"task_key":"em_record_survey_stories_materials","instructions":{"mark":"Dimension \u0026 Description","transcribe":"Enter, as they appear, the number of stories and the building materials."}},{"id":"56b176e950617568bb6a0f00","status":"awaiting_transcriptions","name":"Additional Info","created_in_workflow":"transcribe","confidence":0.3333333333333333,"data":{"value":"house and store or saloon"},"versions":[{"data":{"value":"house and store or saloon"},"votes":1,"confidence":0.3333333333333333,"instances":[{"created":"2016-01-01T04:44:37Z","user_id":"5685fbbb6236660003f30200","duration":6.066}]}],"region":{"x":503.6695734609406,"y":623.6052352702663,"width":555.58874722613,"height":57.59151520741955,"label":"Dimension \u0026 Description","shape":"rectangle"},"task_key":"em_record_survey_additional_info","instructions":{"mark":"Dimension \u0026 Description","transcribe":"Enter any additional information you find about the building's construction or significance."}},{"id":"56b176e950617568bb6b0f00","status":"awaiting_transcriptions","name":"Land \u0026 Building Dimensions","created_in_workflow":"transcribe","confidence":0.3333333333333333,"data":{"em_survey_land_dimensions":"25 x 94.10 x 100 and 50 x 100","em_survey_building_dimensions":"25 x 40."},"versions":[{"data":{"em_survey_land_dimensions":"25 x 94.10 x 100 and 50 x 100","em_survey_building_dimensions":"25 x 40."},"votes":1,"confidence":0.3333333333333333,"instances":[{"created":"2016-01-01T17:34:36Z","user_id":"5686b3c83734300003f60100","duration":58.919}]}],"region":{"x":517.2205185152364,"y":623.6052352702663,"width":477.67081316392887,"height":27.101889509373905,"label":"Dimension \u0026 Description","shape":"rectangle"},"task_key":"em_record_survey","instructions":{"mark":"Dimension \u0026 Description","transcribe":"Enter, as they appear, any land and building dimensions that were recorded. In the next screen, you'll enter the descriptive information."}},{"id":"56b176e950617568bb6c0f00","status":"complete","name":"Record Date","created_in_workflow":"transcribe","confidence":1.0,"data":{"value":"1879 November"},"versions":[{"data":{"value":"1879 November"},"votes":4,"confidence":1.0,"instances":[{"created":"2016-01-01T17:35:34Z","user_id":"5686b3c83734300003f60100","duration":12.215},{"created":"2016-01-01T23:27:19Z","user_id":"568709bc38656300030f0500","duration":10.875},{"created":"2016-01-02T01:49:21Z","user_id":"56872af83734300003e40400","duration":14.499},{"created":"2016-01-02T03:26:35Z","user_id":"5686f0173865630003250400","duration":963.168}]}],"region":{"x":125.94029487023273,"y":740.7439148398688,"width":171.08068131048515,"height":84.69340471679334,"label":"Record Date","shape":"rectangle"},"task_key":"em_record_date","instructions":{"mark":"Record Date","transcribe":"Enter the record date"}},{"id":"56b176e950617568bb6d0f00","status":"awaiting_votes","name":"Record Date","created_in_workflow":"transcribe","confidence":0.6666666666666666,"data":{"value":"1871 Aug 15."},"versions":[{"data":{"value":"1871 Aug 15."},"votes":2,"confidence":0.6666666666666666,"instances":[{"created":"2016-01-01T17:46:40Z","user_id":"5686b3c83734300003f60100","duration":10.379},{"created":"2016-01-01T23:25:36Z","user_id":"568709bc38656300030f0500","duration":11.731}]},{"data":{"value":"1871 Aug 15"},"votes":1,"confidence":0.3333333333333333,"instances":[{"created":"2016-01-02T00:44:07Z","user_id":"5686f0173865630003250400","duration":435.688}]}],"region":{"x":127.14362956118339,"y":73.83056701525473,"width":151.76283087145845,"height":112.79669960663915,"label":"Record Date","shape":"rectangle"},"task_key":"em_record_date","instructions":{"mark":"Record Date","transcribe":"Enter the record date"}},{"id":"56b176e950617568bb6e0f00","status":"awaiting_transcriptions","name":"Valuation Date","created_in_workflow":"transcribe","confidence":0.3333333333333333,"data":{"value":"$8000."},"versions":[{"data":{"value":"$8000."},"votes":1,"confidence":0.3333333333333333,"instances":[{"created":"2016-01-01T17:35:41Z","user_id":"5686b3c83734300003f60100","duration":7.709}]}],"region":{"x":673.0660079532993,"y":759.3764894636064,"width":108.40756043436693,"height":62.6731194904271,"label":"Valuation","shape":"rectangle"},"task_key":"em_record_valuation","instructions":{"mark":"Valuation","transcribe":"Enter the date of the valuation (if one is given). In the next screen, you'll enter the valuation's dollar amounts."}},{"id":"56b176e950617568bb6f0f00","status":"awaiting_transcriptions","name":"Land \u0026 Building Value","created_in_workflow":"transcribe","confidence":0.3333333333333333,"data":{"em_valuation_ground":""},"versions":[{"data":{"em_valuation_ground":""},"votes":1,"confidence":0.3333333333333333,"instances":[{"created":"2016-01-01T17:35:48Z","user_id":"5686b3c83734300003f60100","duration":6.298}]}],"region":{"x":673.0660079532993,"y":759.3764894636064,"width":108.40756043436693,"height":62.6731194904271,"label":"Valuation","shape":"rectangle"},"task_key":"em_record_valuation_ground_building","instructions":{"mark":"Valuation","transcribe":"Sometimes valuations include itemized dollar values for \"ground\" and \"building\". Enter these amounts if you can find them. In the next screen, you'll enter the total valuation."}},{"id":"56b176e950617568bb700f00","status":"awaiting_transcriptions","name":"Total Value","created_in_workflow":"transcribe","confidence":0.3333333333333333,"data":{"value":"$8000."},"versions":[{"data":{"value":"$8000."},"votes":1,"confidence":0.3333333333333333,"instances":[{"created":"2016-01-01T17:35:55Z","user_id":"5686b3c83734300003f60100","duration":7.772}]}],"region":{"x":673.0660079532993,"y":759.3764894636064,"width":108.40756043436693,"height":62.6731194904271,"label":"Valuation","shape":"rectangle"},"task_key":"em_record_valuation_total","instructions":{"mark":"Valuation","transcribe":"Enter the valuation ***total*** (if one is given)"}},{"id":"56b176e950617568bb710f00","status":"awaiting_votes","name":"Amount Loaned","created_in_workflow":"transcribe","confidence":0.5,"data":{"value":"$5000."},"versions":[{"data":{"value":"$5000."},"votes":2,"confidence":0.5,"instances":[{"created":"2016-01-01T17:35:21Z","user_id":"5686b3c83734300003f60100","duration":6.653},{"created":"2016-01-01T23:27:08Z","user_id":"568709bc38656300030f0500","duration":6.908}]},{"data":{"value":"$5,000"},"votes":1,"confidence":0.25,"instances":[{"created":"2016-01-02T01:48:58Z","user_id":"56872af83734300003e40400","duration":9.663}]},{"data":{"value":"5000"},"votes":1,"confidence":0.25,"instances":[{"created":"2016-01-02T03:00:42Z","user_id":"5686f0173865630003250400","duration":1087.321}]}],"region":{"x":1173.8870406713543,"y":719.4858664782789,"width":141.77676583559855,"height":61.7414929941076,"label":"Amount Loaned","shape":"rectangle"},"task_key":"em_record_amount_loaned","instructions":{"mark":"Amount Loaned","transcribe":"Enter the Amount Loaned"}}]}]}