{"id":"56b100677061755afbc40c00","meta_data":{"capture_uuid":"e1d36920-00b1-0133-4b92-58d385a7bbd0","page_uri":"http://digitalcollections.nypl.org/items/e1d36920-00b1-0133-4b92-58d385a7bbd0","book_uri":"http://digitalcollections.nypl.org/items/df712aa0-00b1-0133-fbd7-58d385a7bbd0","source_rotated":"0.671404","source_x":"0","source_y":"0","source_w":"1369.55","source_h":"974.4"},"type":"final_subject_set","search_terms_by_field":{"Total Value":["$24000","$24000","$24000"],"Valuation Date":["1879 november","1879 November","1879  November"],"Land \u0026 Building Value":[],"Record Number":["400"],"Mortgager":["Society for the protection of the destitute N.I. Children"],"Street Address":["No. 81 6th Avenue"],"Land \u0026 Building Dimensions":["22 x 80.7","22 x 64"],"Stories \u0026 Materials":["3","brick stone and dwellling"],"Additional Info":[],"Record Date":["1869 Decemb 4"],"Amount Loaned":["$10000"]},"subjects":[{"id":"56b176b450617568bbca0b00","type":"root","location":{"standard":"https://s3.amazonaws.com/scribe.nypl.org/emigrant-s4/full/e1d36920-00b1-0133-4b92-58d385a7bbd0.left-top.jpg","thumbnail":"https://s3.amazonaws.com/scribe.nypl.org/emigrant-s4/thumb/e1d36920-00b1-0133-4b92-58d385a7bbd0.left-top.jpg"},"status":"retired","width":1369,"height":974,"meta_data":{"capture_uuid":"e1d36920-00b1-0133-4b92-58d385a7bbd0","page_uri":"http://digitalcollections.nypl.org/items/e1d36920-00b1-0133-4b92-58d385a7bbd0","book_uri":"http://digitalcollections.nypl.org/items/df712aa0-00b1-0133-fbd7-58d385a7bbd0","source_rotated":"0.671404","source_x":"0","source_y":"0","source_w":"1369.55","source_h":"974.4"},"assertions":[{"id":"56b176b450617568bbcb0b00","status":"awaiting_votes","name":"Total Value","created_in_workflow":"transcribe","confidence":0.6666666666666666,"data":{"value":"$24000"},"versions":[{"data":{"value":"$24000"},"votes":2,"confidence":0.6666666666666666,"instances":[{"created":"2015-11-10T18:24:07Z","user_id":"5640e9953432660003d83400","duration":9.236},{"created":"2015-11-10T18:31:38Z","user_id":"564235c336363900031f1400","duration":4.318}]},{"data":{"value":"24000"},"votes":1,"confidence":0.3333333333333333,"instances":[{"created":"2015-11-10T01:50:19Z","user_id":"5641537261616500034e4f00","duration":1.868}]}],"region":{"x":274.1469547383276,"y":761.1457797636612,"width":463.3442069229982,"height":75.32627970043143,"label":"Valuation","shape":"rectangle"},"task_key":"em_record_valuation_total","instructions":{"mark":"Valuation","transcribe":"Enter the valuation ***total*** (if one is given)"}},{"id":"56b176b450617568bbcc0b00","status":"awaiting_transcriptions","name":"Valuation Date","created_in_workflow":"transcribe","confidence":0.3333333333333333,"data":{"value":"1879 november"},"versions":[{"data":{"value":"1879 november"},"votes":1,"confidence":0.3333333333333333,"instances":[{"created":"2015-11-10T01:50:16Z","user_id":"5641537261616500034e4f00","duration":5.179}]},{"data":{"value":"1879 November"},"votes":1,"confidence":0.3333333333333333,"instances":[{"created":"2015-11-10T18:23:43Z","user_id":"5640e9953432660003d83400","duration":12.048}]}],"region":{"x":274.1469547383276,"y":761.1457797636612,"width":463.3442069229982,"height":75.32627970043143,"label":"Valuation","shape":"rectangle"},"task_key":"em_record_valuation","instructions":{"mark":"Valuation","transcribe":"Enter the date of the valuation (if one is given). In the next screen, you'll enter the valuation's dollar amounts."}},{"id":"56b176b450617568bbcd0b00","status":"awaiting_transcriptions","name":"Land \u0026 Building Value","created_in_workflow":"transcribe","confidence":0.6666666666666666,"data":{"em_valuation_ground":""},"versions":[{"data":{"em_valuation_ground":""},"votes":2,"confidence":0.6666666666666666,"instances":[{"created":"2015-11-10T01:50:17Z","user_id":"5641537261616500034e4f00","duration":1.405},{"created":"2015-11-10T18:31:34Z","user_id":"564235c336363900031f1400","duration":11.063}]}],"region":{"x":274.1469547383276,"y":761.1457797636612,"width":463.3442069229982,"height":75.32627970043143,"label":"Valuation","shape":"rectangle"},"task_key":"em_record_valuation_ground_building","instructions":{"mark":"Valuation","transcribe":"Sometimes valuations include itemized dollar values for \"ground\" and \"building\". Enter these amounts if you can find them. In the next screen, you'll enter the total valuation."}},{"id":"56b176b450617568bbce0b00","status":"awaiting_votes","name":"Record Number","created_in_workflow":"transcribe","confidence":0.6666666666666666,"data":{"value":"400"},"versions":[{"data":{"value":"400"},"votes":2,"confidence":0.6666666666666666,"instances":[{"created":"2015-11-10T17:42:02Z","user_id":"564207273636390003070600","duration":5.624},{"created":"2015-11-10T17:43:10Z","user_id":"5640e9953432660003d83400","duration":15.873}]},{"data":{"value":"411"},"votes":1,"confidence":0.3333333333333333,"instances":[{"created":"2015-11-10T01:49:23Z","user_id":"5641537261616500034e4f00","duration":1.738}]}],"region":{"x":931.0621819448468,"y":19.26951341173826,"width":94.59579271773873,"height":57.80854023521478,"label":"Record Number","shape":"rectangle"},"task_key":"em_record_number","instructions":{"mark":"Record Number","transcribe":"Enter the record number"}},{"id":"56b176b450617568bbcf0b00","status":"awaiting_votes","name":"Mortgager","created_in_workflow":"transcribe","confidence":0.25,"data":{"value":"Society for the protection of the destitute N.I. Children"},"versions":[{"data":{"value":"Society for the protection of the destitute N.I. Children"},"votes":1,"confidence":0.25,"instances":[{"created":"2015-11-10T01:49:44Z","user_id":"5641537261616500034e4f00","duration":13.546}]},{"data":{"value":"Society for the Protection of Destitute Children"},"votes":1,"confidence":0.25,"instances":[{"created":"2015-11-10T17:57:49Z","user_id":"5640e9953432660003d83400","duration":867.815}]},{"data":{"value":"Society for the protection of destitute R. C. Children"},"votes":1,"confidence":0.25,"instances":[{"created":"2015-11-10T18:28:19Z","user_id":"564235c336363900031f1400","duration":21.652}]},{"data":{"value":"Society for the Protection of Destitute R.B. Children"},"votes":1,"confidence":0.25,"instances":[{"created":"2015-11-10T18:28:37Z","user_id":"564235cb3636390003241400","duration":34.803}]}],"region":{"x":426.5512874502401,"y":529.0357318495413,"width":766.4010984076058,"height":56.0567662886931,"label":"Mortgager Name","shape":"rectangle"},"task_key":"em_record_mortgager","instructions":{"mark":"Mortgager Name","transcribe":"Enter the mortgager's name"}},{"id":"56b176b450617568bbd00b00","status":"awaiting_votes","name":"Street Address","created_in_workflow":"transcribe","confidence":0.5,"data":{"value":"No. 81 6th Avenue"},"versions":[{"data":{"value":"No. 81 6th Avenue"},"votes":2,"confidence":0.5,"instances":[{"created":"2015-11-10T18:28:27Z","user_id":"564235c336363900031f1400","duration":7.775},{"created":"2015-11-10T18:28:51Z","user_id":"564235cb3636390003241400","duration":13.828}]},{"data":{"value":"No 81 6th Avenue"},"votes":1,"confidence":0.25,"instances":[{"created":"2015-11-10T17:58:02Z","user_id":"5640e9953432660003d83400","duration":12.92}]},{"data":{"value":"No. 81 6th avenue"},"votes":1,"confidence":0.25,"instances":[{"created":"2015-11-10T01:49:49Z","user_id":"5641537261616500034e4f00","duration":4.778}]}],"region":{"x":402.9023392708054,"y":573.7059674858436,"width":287.29092603165105,"height":39.41491379673732,"label":"Street Address","shape":"rectangle"},"task_key":"em_record_street_address","instructions":{"mark":"Street Address","transcribe":"Enter the street address"}},{"id":"56b176b450617568bbd10b00","status":"awaiting_votes","name":"Land \u0026 Building Dimensions","created_in_workflow":"transcribe","confidence":0.5,"data":{"em_survey_land_dimensions":"22 x 80.7","em_survey_building_dimensions":"22 x 64"},"versions":[{"data":{"em_survey_land_dimensions":"22 x 80.7","em_survey_building_dimensions":"22 x 64"},"votes":2,"confidence":0.5,"instances":[{"created":"2015-11-10T18:18:28Z","user_id":"5640e9953432660003d83400","duration":22.145},{"created":"2015-11-10T18:29:14Z","user_id":"564235c336363900031f1400","duration":13.141}]},{"data":{"em_survey_land_dimensions":"22 x 80","em_survey_building_dimensions":"22 x 64"},"votes":1,"confidence":0.25,"instances":[{"created":"2015-11-10T01:49:55Z","user_id":"5641537261616500034e4f00","duration":5.611}]},{"data":{"em_survey_land_dimensions":"22 x 80","em_survey_building_dimensions":"22 x 80"},"votes":1,"confidence":0.25,"instances":[{"created":"2015-11-10T18:29:49Z","user_id":"564235cb3636390003241400","duration":13.447}]}],"region":{"x":455.45555744732695,"y":617.5003161488851,"width":561.4435475191717,"height":77.0780536469531,"label":"Dimension \u0026 Description","shape":"rectangle"},"task_key":"em_record_survey","instructions":{"mark":"Dimension \u0026 Description","transcribe":"Enter, as they appear, any land and building dimensions that were recorded. In the next screen, you'll enter the descriptive information."}},{"id":"56b176b450617568bbd20b00","status":"awaiting_votes","name":"Stories \u0026 Materials","created_in_workflow":"transcribe","confidence":0.25,"data":{"em_record_stories":"3","em_record_material":"brick stone and dwellling"},"versions":[{"data":{"em_record_stories":"3","em_record_material":"brick stone and dwellling"},"votes":1,"confidence":0.25,"instances":[{"created":"2015-11-10T01:50:01Z","user_id":"5641537261616500034e4f00","duration":6.417}]},{"data":{"em_record_stories":"3","em_record_material":"Brick"},"votes":1,"confidence":0.25,"instances":[{"created":"2015-11-10T18:18:45Z","user_id":"5640e9953432660003d83400","duration":16.775}]},{"data":{"em_record_stories":"3","em_record_material":"brick"},"votes":1,"confidence":0.25,"instances":[{"created":"2015-11-10T18:29:20Z","user_id":"564235c336363900031f1400","duration":5.897}]},{"data":{"em_record_material":"BR"},"votes":1,"confidence":0.25,"instances":[{"created":"2015-11-10T18:29:53Z","user_id":"564235cb3636390003241400","duration":4.064}]}],"region":{"x":455.45555744732695,"y":617.5003161488851,"width":561.4435475191717,"height":77.0780536469531,"label":"Dimension \u0026 Description","shape":"rectangle"},"task_key":"em_record_survey_stories_materials","instructions":{"mark":"Dimension \u0026 Description","transcribe":"Enter, as they appear, the number of stories and the building materials."}},{"id":"56b176b450617568bbd30b00","status":"awaiting_transcriptions","name":"Additional Info","created_in_workflow":"transcribe","confidence":0.3333333333333333,"data":{"value":""},"versions":[{"data":{"value":""},"votes":1,"confidence":0.3333333333333333,"instances":[{"created":"2015-11-10T01:50:02Z","user_id":"5641537261616500034e4f00","duration":1.086}]},{"data":{"value":"Society for the Protection of Destitute Children"},"votes":1,"confidence":0.3333333333333333,"instances":[{"created":"2015-11-10T18:19:13Z","user_id":"5640e9953432660003d83400","duration":28.454}]},{"data":{"value":"3 story brick shop and dwelling"},"votes":1,"confidence":0.3333333333333333,"instances":[{"created":"2015-11-10T18:29:28Z","user_id":"564235c336363900031f1400","duration":7.509}]}],"region":{"x":455.45555744732695,"y":617.5003161488851,"width":561.4435475191717,"height":77.0780536469531,"label":"Dimension \u0026 Description","shape":"rectangle"},"task_key":"em_record_survey_additional_info","instructions":{"mark":"Dimension \u0026 Description","transcribe":"Enter any additional information you find about the building's construction or significance."}},{"id":"56b176b450617568bbd40b00","status":"complete","name":"Record Date","created_in_workflow":"verify","confidence":1.0,"data":{"value":"1869 Decemb 4"},"versions":[{"data":{"value":"1869 Decemb 4"},"votes":3,"confidence":1.0,"instances":[{"created":"2015-11-28T23:06:21Z","user_id":"5647496e3562310003960400","duration":8.088},{"created":"2015-12-05T14:11:45Z","user_id":"563f8b7a3264340003774b00","duration":12.007},{"created":"2015-12-10T21:28:38Z","user_id":"5668bbbe3064310003db0500","duration":7.609}]}],"region":{"x":49.04400354889374,"y":77.95394062021386,"width":177.80505483056453,"height":115.61708047042957,"label":"Record Date","shape":"rectangle"},"task_key":"em_transcribed_date","instructions":{"mark":"Record Date","transcribe":"Enter the record date","verify":"Choose the best transcription or enter your own!"}},{"id":"56b176b450617568bbd50b00","status":"awaiting_transcriptions","name":"Valuation Date","created_in_workflow":"transcribe","confidence":0.3333333333333333,"data":{"value":"1879 November"},"versions":[{"data":{"value":"1879 November"},"votes":1,"confidence":0.3333333333333333,"instances":[{"created":"2015-12-14T22:50:04Z","user_id":"566eeeda3637340003010100","duration":9.192}]}],"region":{"x":32.55198248285649,"y":731.321507084866,"width":712.3261943175613,"height":112.61537122086065,"label":"Valuation","shape":"rectangle"},"task_key":"em_record_valuation","instructions":{"mark":"Valuation","transcribe":"Enter the date of the valuation (if one is given). In the next screen, you'll enter the valuation's dollar amounts."}},{"id":"56b176b450617568bbd60b00","status":"awaiting_transcriptions","name":"Land \u0026 Building Value","created_in_workflow":"transcribe","confidence":0.3333333333333333,"data":{"em_valuation_ground":"","em_valuation_building":""},"versions":[{"data":{"em_valuation_ground":"","em_valuation_building":""},"votes":1,"confidence":0.3333333333333333,"instances":[{"created":"2015-12-14T22:50:12Z","user_id":"566eeeda3637340003010100","duration":8.356}]}],"region":{"x":32.55198248285649,"y":731.321507084866,"width":712.3261943175613,"height":112.61537122086065,"label":"Valuation","shape":"rectangle"},"task_key":"em_record_valuation_ground_building","instructions":{"mark":"Valuation","transcribe":"Sometimes valuations include itemized dollar values for \"ground\" and \"building\". Enter these amounts if you can find them. In the next screen, you'll enter the total valuation."}},{"id":"56b176b450617568bbd70b00","status":"awaiting_transcriptions","name":"Total Value","created_in_workflow":"transcribe","confidence":0.3333333333333333,"data":{"value":"$24000"},"versions":[{"data":{"value":"$24000"},"votes":1,"confidence":0.3333333333333333,"instances":[{"created":"2015-12-14T22:50:16Z","user_id":"566eeeda3637340003010100","duration":3.981}]}],"region":{"x":32.55198248285649,"y":731.321507084866,"width":712.3261943175613,"height":112.61537122086065,"label":"Valuation","shape":"rectangle"},"task_key":"em_record_valuation_total","instructions":{"mark":"Valuation","transcribe":"Enter the valuation ***total*** (if one is given)"}},{"id":"56b176b450617568bbd80b00","status":"awaiting_transcriptions","name":"Valuation Date","created_in_workflow":"transcribe","confidence":0.3333333333333333,"data":{"value":"1879  November"},"versions":[{"data":{"value":"1879  November"},"votes":1,"confidence":0.3333333333333333,"instances":[{"created":"2015-12-19T20:08:21Z","user_id":"5668b33530333000032d0500","duration":5.103}]}],"region":{"x":56.97459485945859,"y":743.5328123979714,"width":705.5421353240608,"height":86.83594889319374,"label":"Valuation","shape":"rectangle"},"task_key":"em_record_valuation","instructions":{"mark":"Valuation","transcribe":"Enter the date of the valuation (if one is given). In the next screen, you'll enter the valuation's dollar amounts."}},{"id":"56b176b450617568bbd90b00","status":"awaiting_transcriptions","name":"Land \u0026 Building Value","created_in_workflow":"transcribe","confidence":0.3333333333333333,"data":{"em_valuation_ground":""},"versions":[{"data":{"em_valuation_ground":""},"votes":1,"confidence":0.3333333333333333,"instances":[{"created":"2015-12-19T20:08:23Z","user_id":"5668b33530333000032d0500","duration":1.41}]}],"region":{"x":56.97459485945859,"y":743.5328123979714,"width":705.5421353240608,"height":86.83594889319374,"label":"Valuation","shape":"rectangle"},"task_key":"em_record_valuation_ground_building","instructions":{"mark":"Valuation","transcribe":"Sometimes valuations include itemized dollar values for \"ground\" and \"building\". Enter these amounts if you can find them. In the next screen, you'll enter the total valuation."}},{"id":"56b176b450617568bbda0b00","status":"awaiting_transcriptions","name":"Total Value","created_in_workflow":"transcribe","confidence":0.3333333333333333,"data":{"value":"$24000"},"versions":[{"data":{"value":"$24000"},"votes":1,"confidence":0.3333333333333333,"instances":[{"created":"2015-12-19T20:08:28Z","user_id":"5668b33530333000032d0500","duration":4.815}]}],"region":{"x":56.97459485945859,"y":743.5328123979714,"width":705.5421353240608,"height":86.83594889319374,"label":"Valuation","shape":"rectangle"},"task_key":"em_record_valuation_total","instructions":{"mark":"Valuation","transcribe":"Enter the valuation ***total*** (if one is given)"}},{"id":"56b176b450617568bbdb0b00","status":"awaiting_votes","name":"Amount Loaned","created_in_workflow":"transcribe","confidence":0.3333333333333333,"data":{"value":"$10000"},"versions":[{"data":{"value":"$10000"},"votes":1,"confidence":0.3333333333333333,"instances":[{"created":"2015-12-14T22:50:20Z","user_id":"566eeeda3637340003010100","duration":3.271}]},{"data":{"value":"$10,000"},"votes":1,"confidence":0.3333333333333333,"instances":[{"created":"2015-12-15T18:16:07Z","user_id":"567057143938300003110000","duration":7.924}]},{"data":{"value":"$ 19.000"},"votes":1,"confidence":0.3333333333333333,"instances":[{"created":"2015-12-15T18:53:27Z","user_id":"567060cc3938300003710000","duration":19.827}]}],"region":{"x":1069.1561966897457,"y":734.0351304877784,"width":198.09452261021715,"height":52.915656356789896,"label":"Amount Loaned","shape":"rectangle"},"task_key":"em_record_amount_loaned","instructions":{"mark":"Amount Loaned","transcribe":"Enter the Amount Loaned"}}]}]}