{"id":"56b0ffe37061755afbe50200","meta_data":{"capture_uuid":"e04ebd40-00b1-0133-b08f-58d385a7bbd0","page_uri":"http://digitalcollections.nypl.org/items/e04ebd40-00b1-0133-b08f-58d385a7bbd0","book_uri":"http://digitalcollections.nypl.org/items/df712aa0-00b1-0133-fbd7-58d385a7bbd0","source_rotated":"0","source_x":"0","source_y":"944.2299999999999","source_w":"1355.77","source_h":"1064.77"},"type":"final_subject_set","search_terms_by_field":{"Record Number":["1334 to 1337. 1342 to 1345","1479.1480.1481.","1322","1194","1020","1370","1278","1458","1374","1127","994","1449","1482"],"Mortgager":["Walsh, Michael , E","Wigger J. R. \u0026 W. M.","White Samuel","Wood, Joseph S.R.","Weldon, Ellen","Wilmerding, Caroline M. ","Wright, Sephen J.","Wickersham, John B.","Woods, Wm. J.","Woodruff, Franklin","Waldron, Walter B.","Woolf, Daniel","Wildberger, Caroline"]},"subjects":[{"id":"56b1762a50617568bb8a0200","type":"root","location":{"standard":"https://s3.amazonaws.com/scribe.nypl.org/emigrant-s4/full/e04ebd40-00b1-0133-b08f-58d385a7bbd0.left-bottom.jpg","thumbnail":"https://s3.amazonaws.com/scribe.nypl.org/emigrant-s4/thumb/e04ebd40-00b1-0133-b08f-58d385a7bbd0.left-bottom.jpg"},"status":"active","width":1355,"height":1064,"meta_data":{"capture_uuid":"e04ebd40-00b1-0133-b08f-58d385a7bbd0","page_uri":"http://digitalcollections.nypl.org/items/e04ebd40-00b1-0133-b08f-58d385a7bbd0","book_uri":"http://digitalcollections.nypl.org/items/df712aa0-00b1-0133-fbd7-58d385a7bbd0","source_rotated":"0","source_x":"0","source_y":"944.2299999999999","source_w":"1355.77","source_h":"1064.77"},"assertions":[{"id":"56b1762a50617568bb8b0200","status":"awaiting_votes","name":"Record Number","created_in_workflow":"transcribe","confidence":0.6666666666666666,"data":{"value":"1334 to 1337. 1342 to 1345"},"versions":[{"data":{"value":"1334 to 1337. 1342 to 1345"},"votes":2,"confidence":0.6666666666666666,"instances":[{"created":"2015-12-10T22:38:27Z","user_id":"5669fcc26138660003e00900","duration":37.695},{"created":"2015-12-10T23:36:13Z","user_id":"566a0b216138660003b80b00","duration":14.695}]},{"data":{"value":"1334, 1337, 1342, 1345"},"votes":1,"confidence":0.3333333333333333,"instances":[{"created":"2015-12-10T22:44:25Z","user_id":"5640f5966161650003980200","duration":9.446}]}],"region":{"x":452.55907835792635,"y":251.12808882402825,"width":311.5599914924732,"height":60.43189303252015,"label":"Record Number","shape":"rectangle"},"task_key":"em_record_number","instructions":{"mark":"Record Number","transcribe":"Enter the record number"}},{"id":"56b1762a50617568bb8c0200","status":"awaiting_transcriptions","name":"Record Number","created_in_workflow":"transcribe","confidence":0.3333333333333333,"data":{"value":"1479.1480.1481."},"versions":[{"data":{"value":"1479.1480.1481."},"votes":1,"confidence":0.3333333333333333,"instances":[{"created":"2015-12-10T20:31:29Z","user_id":"5669d86261386600030f0700","duration":16.572}]},{"data":{"value":"1479. 1480. 1481."},"votes":1,"confidence":0.3333333333333333,"instances":[{"created":"2015-12-10T22:43:34Z","user_id":"5669fcc26138660003e00900","duration":28.224}]}],"region":{"x":527.7632142354199,"y":577.4603111996372,"width":224.2694766346682,"height":67.1465478139113,"label":"Record Number","shape":"rectangle"},"task_key":"em_record_number","instructions":{"mark":"Record Number","transcribe":"Enter the record number"}},{"id":"56b1762a50617568bb8d0200","status":"complete","name":"Record Number","created_in_workflow":"transcribe","confidence":1.0,"data":{"value":"1322"},"versions":[{"data":{"value":"1322"},"votes":3,"confidence":1.0,"instances":[{"created":"2015-12-10T22:37:49Z","user_id":"5669fcc26138660003e00900","duration":18.689},{"created":"2015-12-10T22:44:15Z","user_id":"5640f5966161650003980200","duration":1.743},{"created":"2015-12-10T23:35:58Z","user_id":"566a0b216138660003b80b00","duration":2.375}]}],"region":{"x":529.1061452332323,"y":189.35326483522985,"width":110.12034182061552,"height":59.088962076241955,"label":"Record Number","shape":"rectangle"},"task_key":"em_record_number","instructions":{"mark":"Record Number","transcribe":"Enter the record number"}},{"id":"56b1762a50617568bb8e0200","status":"awaiting_transcriptions","name":"Record Number","created_in_workflow":"transcribe","confidence":0.6666666666666666,"data":{"value":"1194"},"versions":[{"data":{"value":"1194"},"votes":2,"confidence":0.6666666666666666,"instances":[{"created":"2015-12-10T22:44:11Z","user_id":"5640f5966161650003980200","duration":2.031},{"created":"2015-12-11T01:59:08Z","user_id":"566a2a4761386600038b0d00","duration":4.281}]}],"region":{"x":530.4490762310446,"y":104.74861458970163,"width":115.49206581186513,"height":42.97379060090323,"label":"Record Number","shape":"rectangle"},"task_key":"em_record_number","instructions":{"mark":"Record Number","transcribe":"Enter the record number"}},{"id":"56b1762a50617568bb8f0200","status":"awaiting_transcriptions","name":"Record Number","created_in_workflow":"transcribe","confidence":0.6666666666666666,"data":{"value":"1020"},"versions":[{"data":{"value":"1020"},"votes":2,"confidence":0.6666666666666666,"instances":[{"created":"2015-12-10T22:44:06Z","user_id":"5640f5966161650003980200","duration":2.919},{"created":"2015-12-11T01:58:59Z","user_id":"566a2a4761386600038b0d00","duration":5.898}]}],"region":{"x":533.1349382266694,"y":44.31672155718146,"width":110.12034182061552,"height":26.858619125564523,"label":"Record Number","shape":"rectangle"},"task_key":"em_record_number","instructions":{"mark":"Record Number","transcribe":"Enter the record number"}},{"id":"56b1762a50617568bb900200","status":"awaiting_transcriptions","name":"Record Number","created_in_workflow":"transcribe","confidence":0.6666666666666666,"data":{"value":"1370"},"versions":[{"data":{"value":"1370"},"votes":2,"confidence":0.6666666666666666,"instances":[{"created":"2015-12-10T20:31:03Z","user_id":"5669d86261386600030f0700","duration":6.816},{"created":"2015-12-11T04:21:06Z","user_id":"566a4e143666650003dd0d00","duration":4.168}]}],"region":{"x":534.4778692244818,"y":319.6175675942178,"width":112.80620381624033,"height":56.40310016368545,"label":"Record Number","shape":"rectangle"},"task_key":"em_record_number","instructions":{"mark":"Record Number","transcribe":"Enter the record number"}},{"id":"56b1762a50617568bb910200","status":"complete","name":"Record Number","created_in_workflow":"transcribe","confidence":1.0,"data":{"value":"1278"},"versions":[{"data":{"value":"1278"},"votes":3,"confidence":1.0,"instances":[{"created":"2015-12-10T22:44:14Z","user_id":"5640f5966161650003980200","duration":2.087},{"created":"2015-12-10T23:35:56Z","user_id":"566a0b216138660003b80b00","duration":2.416},{"created":"2015-12-11T01:59:12Z","user_id":"566a2a4761386600038b0d00","duration":4.335}]}],"region":{"x":538.5066622179189,"y":141.0077504092137,"width":118.17792780748987,"height":41.630859644625005,"label":"Record Number","shape":"rectangle"},"task_key":"em_record_number","instructions":{"mark":"Record Number","transcribe":"Enter the record number"}},{"id":"56b1762a50617568bb920200","status":"awaiting_transcriptions","name":"Record Number","created_in_workflow":"transcribe","confidence":0.6666666666666666,"data":{"value":"1458"},"versions":[{"data":{"value":"1458"},"votes":2,"confidence":0.6666666666666666,"instances":[{"created":"2015-12-10T20:31:13Z","user_id":"5669d86261386600030f0700","duration":3.987},{"created":"2015-12-11T04:21:36Z","user_id":"566a4e143666650003dd0d00","duration":3.36}]}],"region":{"x":541.1925242135437,"y":517.028418167117,"width":114.14913481405276,"height":63.11775494507664,"label":"Record Number","shape":"rectangle"},"task_key":"em_record_number","instructions":{"mark":"Record Number","transcribe":"Enter the record number"}},{"id":"56b1762a50617568bb930200","status":"awaiting_transcriptions","name":"Record Number","created_in_workflow":"transcribe","confidence":0.6666666666666666,"data":{"value":"1374"},"versions":[{"data":{"value":"1374"},"votes":2,"confidence":0.6666666666666666,"instances":[{"created":"2015-12-10T20:31:06Z","user_id":"5669d86261386600030f0700","duration":2.942},{"created":"2015-12-11T04:21:11Z","user_id":"566a4e143666650003dd0d00","duration":4.712}]}],"region":{"x":542.5354552113561,"y":385.4211844518509,"width":108.77741082280318,"height":63.117754945076626,"label":"Record Number","shape":"rectangle"},"task_key":"em_record_number","instructions":{"mark":"Record Number","transcribe":"Enter the record number"}},{"id":"56b1762a50617568bb940200","status":"complete","name":"Record Number","created_in_workflow":"transcribe","confidence":1.0,"data":{"value":"1127"},"versions":[{"data":{"value":"1127"},"votes":3,"confidence":1.0,"instances":[{"created":"2015-12-10T22:44:09Z","user_id":"5640f5966161650003980200","duration":3.847},{"created":"2015-12-11T01:59:04Z","user_id":"566a2a4761386600038b0d00","duration":4.753},{"created":"2015-12-11T04:20:56Z","user_id":"566a4e143666650003dd0d00","duration":7.871}]}],"region":{"x":551.9359721960428,"y":77.8899954641371,"width":94.00516984686696,"height":32.23034295067744,"label":"Record Number","shape":"rectangle"},"task_key":"em_record_number","instructions":{"mark":"Record Number","transcribe":"Enter the record number"}},{"id":"56b1762a50617568bb950200","status":"complete","name":"Record Number","created_in_workflow":"transcribe","confidence":1.0,"data":{"value":"994"},"versions":[{"data":{"value":"994"},"votes":3,"confidence":1.0,"instances":[{"created":"2015-12-10T22:44:03Z","user_id":"5640f5966161650003980200","duration":4.16},{"created":"2015-12-10T23:35:41Z","user_id":"566a0b216138660003b80b00","duration":8.348},{"created":"2015-12-11T01:58:58Z","user_id":"566a2a4761386600038b0d00","duration":21.026}]}],"region":{"x":553.2789031938552,"y":6.714654781391128,"width":99.37689383811649,"height":38.94499773206855,"label":"Record Number","shape":"rectangle"},"task_key":"em_record_number","instructions":{"mark":"Record Number","transcribe":"Enter the record number"}},{"id":"56b1762a50617568bb960200","status":"awaiting_transcriptions","name":"Record Number","created_in_workflow":"transcribe","confidence":0.6666666666666666,"data":{"value":"1449"},"versions":[{"data":{"value":"1449"},"votes":2,"confidence":0.6666666666666666,"instances":[{"created":"2015-12-10T20:31:09Z","user_id":"5669d86261386600030f0700","duration":2.72},{"created":"2015-12-11T04:21:14Z","user_id":"566a4e143666650003dd0d00","duration":3.529}]}],"region":{"x":558.6506271851048,"y":459.2823870471533,"width":110.12034182061552,"height":53.71723825112906,"label":"Record Number","shape":"rectangle"},"task_key":"em_record_number","instructions":{"mark":"Record Number","transcribe":"Enter the record number"}},{"id":"56b1762a50617568bb970200","status":"awaiting_votes","name":"Record Number","created_in_workflow":"transcribe","confidence":0.6666666666666666,"data":{"value":"1482"},"versions":[{"data":{"value":"1482"},"votes":2,"confidence":0.6666666666666666,"instances":[{"created":"2015-12-10T20:31:52Z","user_id":"5669d86261386600030f0700","duration":4.051},{"created":"2015-12-11T04:21:39Z","user_id":"566a4e143666650003dd0d00","duration":2.904}]},{"data":{"value":"1482."},"votes":1,"confidence":0.3333333333333333,"instances":[{"created":"2015-12-10T22:44:39Z","user_id":"5669fcc26138660003e00900","duration":10.812}]}],"region":{"x":562.6794201785419,"y":637.8922042321574,"width":136.97896177686323,"height":76.54706450785886,"label":"Record Number","shape":"rectangle"},"task_key":"em_record_number","instructions":{"mark":"Record Number","transcribe":"Enter the record number"}},{"id":"56b1762a50617568bb980200","status":"awaiting_transcriptions","name":"Mortgager","created_in_workflow":"transcribe","confidence":0.3333333333333333,"data":{"value":"Walsh, Michael , E"},"versions":[{"data":{"value":"Walsh, Michael , E"},"votes":1,"confidence":0.3333333333333333,"instances":[{"created":"2015-11-24T05:48:07Z","user_id":"5653f5cc6138330003e40e00","duration":66.965}]},{"data":{"value":"Michael Walsh"},"votes":1,"confidence":0.3333333333333333,"instances":[{"created":"2015-11-24T07:47:05Z","user_id":"56540f563131380003990f00","duration":10.615}]}],"region":{"x":156.91223615925333,"y":105.76470738010667,"width":335.49951195236395,"height":49.41465836611543,"label":"Mortgager Name","shape":"rectangle"},"task_key":"em_record_mortgager","instructions":{"mark":"Mortgager Name","transcribe":"Enter the mortgager's name"}},{"id":"56b1762a50617568bb990200","status":"awaiting_transcriptions","name":"Mortgager","created_in_workflow":"transcribe","confidence":0.3333333333333333,"data":{"value":"Wigger J. R. \u0026 W. M."},"versions":[{"data":{"value":"Wigger J. R. \u0026 W. M."},"votes":1,"confidence":0.3333333333333333,"instances":[{"created":"2015-12-10T23:35:32Z","user_id":"566a0b216138660003b80b00","duration":18.42}]},{"data":{"value":"Williams Ans; Wigger J.B.N.W.M."},"votes":1,"confidence":0.3333333333333333,"instances":[{"created":"2015-12-11T01:58:33Z","user_id":"566a2a4761386600038b0d00","duration":279.615}]}],"region":{"x":157.11425883920168,"y":1.3429309562782263,"width":365.27723140496863,"height":55.06016920740726,"label":"Mortgager Name","shape":"rectangle"},"task_key":"em_record_mortgager","instructions":{"mark":"Mortgager Name","transcribe":"Enter the mortgager's name"}},{"id":"56b1762a50617568bb9a0200","status":"awaiting_votes","name":"Mortgager","created_in_workflow":"transcribe","confidence":0.6666666666666666,"data":{"value":"White Samuel"},"versions":[{"data":{"value":"White Samuel"},"votes":2,"confidence":0.6666666666666666,"instances":[{"created":"2015-11-24T05:48:16Z","user_id":"5653f5cc6138330003e40e00","duration":8.976},{"created":"2015-11-24T15:18:14Z","user_id":"564d46703463650003401900","duration":8.806}]},{"data":{"value":"Samuel White"},"votes":1,"confidence":0.3333333333333333,"instances":[{"created":"2015-11-24T07:47:30Z","user_id":"56540f563131380003990f00","duration":4.962}]}],"region":{"x":159.51300756973677,"y":143.04243211243937,"width":293.8871693846289,"height":40.7454200562706,"label":"Mortgager Name","shape":"rectangle"},"task_key":"em_record_mortgager","instructions":{"mark":"Mortgager Name","transcribe":"Enter the mortgager's name"}},{"id":"56b1762a50617568bb9b0200","status":"awaiting_transcriptions","name":"Mortgager","created_in_workflow":"transcribe","confidence":0.3333333333333333,"data":{"value":"Wood, Joseph S.R."},"versions":[{"data":{"value":"Wood, Joseph S.R."},"votes":1,"confidence":0.3333333333333333,"instances":[{"created":"2015-11-24T04:18:25Z","user_id":"5653dcce3131380003920c00","duration":17.038}]},{"data":{"value":"Wood Jos: S. R."},"votes":1,"confidence":0.3333333333333333,"instances":[{"created":"2015-11-24T05:46:49Z","user_id":"5653f5cc6138330003e40e00","duration":21.097}]}],"region":{"x":166.4483979976926,"y":45.946963042177494,"width":276.5486933147393,"height":41.612343887255086,"label":"Mortgager Name","shape":"rectangle"},"task_key":"em_record_mortgager","instructions":{"mark":"Mortgager Name","transcribe":"Enter the mortgager's name"}},{"id":"56b1762a50617568bb9c0200","status":"awaiting_transcriptions","name":"Mortgager","created_in_workflow":"transcribe","confidence":0.6666666666666666,"data":{"value":"Weldon, Ellen"},"versions":[{"data":{"value":"Weldon, Ellen"},"votes":2,"confidence":0.6666666666666666,"instances":[{"created":"2015-11-24T04:18:38Z","user_id":"5653dcce3131380003920c00","duration":5.47},{"created":"2015-11-24T05:47:00Z","user_id":"5653f5cc6138330003e40e00","duration":10.85}]}],"region":{"x":170.78301701516503,"y":78.89006861958778,"width":235.80327455049868,"height":39.01157239430164,"label":"Mortgager Name","shape":"rectangle"},"task_key":"em_record_mortgager","instructions":{"mark":"Mortgager Name","transcribe":"Enter the mortgager's name"}},{"id":"56b1762a50617568bb9d0200","status":"awaiting_transcriptions","name":"Mortgager","created_in_workflow":"transcribe","confidence":0.3333333333333333,"data":{"value":"Wilmerding, Caroline M. "},"versions":[{"data":{"value":"Wilmerding, Caroline M. "},"votes":1,"confidence":0.3333333333333333,"instances":[{"created":"2015-11-24T07:22:23Z","user_id":"56540f563131380003990f00","duration":8.015}]},{"data":{"value":"Wilmerding, Caroline M."},"votes":1,"confidence":0.3333333333333333,"instances":[{"created":"2015-11-24T15:18:56Z","user_id":"564d46703463650003401900","duration":24.214}]}],"region":{"x":184.6537978710767,"y":384.91418095710964,"width":353.70491182574807,"height":63.285439661867066,"label":"Mortgager Name","shape":"rectangle"},"task_key":"em_record_mortgager","instructions":{"mark":"Mortgager Name","transcribe":"Enter the mortgager's name"}},{"id":"56b1762a50617568bb9e0200","status":"awaiting_transcriptions","name":"Mortgager","created_in_workflow":"transcribe","confidence":0.3333333333333333,"data":{"value":"Wright, Sephen J."},"versions":[{"data":{"value":"Wright, Sephen J."},"votes":1,"confidence":0.3333333333333333,"instances":[{"created":"2015-11-24T05:48:47Z","user_id":"5653f5cc6138330003e40e00","duration":18.121}]},{"data":{"value":"Sophen J. Wright"},"votes":1,"confidence":0.3333333333333333,"instances":[{"created":"2015-11-24T07:47:49Z","user_id":"56540f563131380003990f00","duration":12.127}]}],"region":{"x":185.5207216745712,"y":259.21022546435984,"width":280.88331233221163,"height":75.42237329564983,"label":"Mortgager Name","shape":"rectangle"},"task_key":"em_record_mortgager","instructions":{"mark":"Mortgager Name","transcribe":"Enter the mortgager's name"}},{"id":"56b1762a50617568bb9f0200","status":"awaiting_transcriptions","name":"Mortgager","created_in_workflow":"transcribe","confidence":0.3333333333333333,"data":{"value":"Wickersham, John B."},"versions":[{"data":{"value":"Wickersham, John B."},"votes":1,"confidence":0.3333333333333333,"instances":[{"created":"2015-11-24T05:49:11Z","user_id":"5653f5cc6138330003e40e00","duration":24.211}]},{"data":{"value":"Wickersham, John B. "},"votes":1,"confidence":0.3333333333333333,"instances":[{"created":"2015-11-24T07:22:15Z","user_id":"56540f563131380003990f00","duration":10.121}]}],"region":{"x":186.38764547806568,"y":324.22951278819585,"width":330.29796913139705,"height":57.21697284497577,"label":"Mortgager Name","shape":"rectangle"},"task_key":"em_record_mortgager","instructions":{"mark":"Mortgager Name","transcribe":"Enter the mortgager's name"}},{"id":"56b1762a50617568bba00200","status":"awaiting_transcriptions","name":"Mortgager","created_in_workflow":"transcribe","confidence":0.3333333333333333,"data":{"value":"Woods, Wm. J."},"versions":[{"data":{"value":"Woods, Wm. J."},"votes":1,"confidence":0.3333333333333333,"instances":[{"created":"2015-11-24T05:48:29Z","user_id":"5653f5cc6138330003e40e00","duration":13.022}]},{"data":{"value":"William J. Woods"},"votes":1,"confidence":0.3333333333333333,"instances":[{"created":"2015-11-24T07:47:37Z","user_id":"56540f563131380003990f00","duration":6.443}]}],"region":{"x":188.12149308505462,"y":196.79170963347718,"width":256.6094458343662,"height":65.01928732383607,"label":"Mortgager Name","shape":"rectangle"},"task_key":"em_record_mortgager","instructions":{"mark":"Mortgager Name","transcribe":"Enter the mortgager's name"}},{"id":"56b1762a50617568bba10200","status":"awaiting_transcriptions","name":"Mortgager","created_in_workflow":"transcribe","confidence":0.6666666666666666,"data":{"value":"Woodruff, Franklin"},"versions":[{"data":{"value":"Woodruff, Franklin"},"votes":2,"confidence":0.6666666666666666,"instances":[{"created":"2015-11-24T04:16:56Z","user_id":"5653dcce3131380003920c00","duration":16.213},{"created":"2015-11-24T07:22:29Z","user_id":"56540f563131380003990f00","duration":5.991}]}],"region":{"x":190.72226449553807,"y":462.9373257457129,"width":337.23335955935295,"height":54.616201352022244,"label":"Mortgager Name","shape":"rectangle"},"task_key":"em_record_mortgager","instructions":{"mark":"Mortgager Name","transcribe":"Enter the mortgager's name"}},{"id":"56b1762a50617568bba20200","status":"awaiting_transcriptions","name":"Mortgager","created_in_workflow":"transcribe","confidence":0.3333333333333333,"data":{"value":"Waldron, Walter B."},"versions":[{"data":{"value":"Waldron, Walter B."},"votes":1,"confidence":0.3333333333333333,"instances":[{"created":"2015-11-24T04:17:39Z","user_id":"5653dcce3131380003920c00","duration":12.062}]},{"data":{"value":"Waldron, Walter B. "},"votes":1,"confidence":0.3333333333333333,"instances":[{"created":"2015-11-24T07:22:54Z","user_id":"56540f563131380003990f00","duration":9.381}]}],"region":{"x":200.25842633397738,"y":587.7743574074782,"width":323.3625787034413,"height":55.483125183006756,"label":"Mortgager Name","shape":"rectangle"},"task_key":"em_record_mortgager","instructions":{"mark":"Mortgager Name","transcribe":"Enter the mortgager's name"}},{"id":"56b1762a50617568bba30200","status":"awaiting_transcriptions","name":"Mortgager","created_in_workflow":"transcribe","confidence":0.6666666666666666,"data":{"value":"Woolf, Daniel"},"versions":[{"data":{"value":"Woolf, Daniel"},"votes":2,"confidence":0.6666666666666666,"instances":[{"created":"2015-11-24T04:17:05Z","user_id":"5653dcce3131380003920c00","duration":9.175},{"created":"2015-11-24T07:22:38Z","user_id":"56540f563131380003990f00","duration":8.312}]}],"region":{"x":206.32689295843872,"y":527.9566130695489,"width":195.0578557862581,"height":52.015429859068945,"label":"Mortgager Name","shape":"rectangle"},"task_key":"em_record_mortgager","instructions":{"mark":"Mortgager Name","transcribe":"Enter the mortgager's name"}},{"id":"56b1762a50617568bba40200","status":"awaiting_transcriptions","name":"Mortgager","created_in_workflow":"transcribe","confidence":0.6666666666666666,"data":{"value":"Wildberger, Caroline"},"versions":[{"data":{"value":"Wildberger, Caroline"},"votes":2,"confidence":0.6666666666666666,"instances":[{"created":"2015-11-24T04:18:02Z","user_id":"5653dcce3131380003920c00","duration":11.331},{"created":"2015-11-24T06:54:21Z","user_id":"5653f5cc6138330003e40e00","duration":17.973}]}],"region":{"x":222.79844522483384,"y":646.7251779144228,"width":318.1610358824744,"height":60.68466816891373,"label":"Mortgager Name","shape":"rectangle"},"task_key":"em_record_mortgager","instructions":{"mark":"Mortgager Name","transcribe":"Enter the mortgager's name"}}]}]}