{"id":"56b0ffe77061755afb440300","meta_data":{"capture_uuid":"e0944720-00b1-0133-1a6b-58d385a7bbd0","page_uri":"http://digitalcollections.nypl.org/items/e0944720-00b1-0133-1a6b-58d385a7bbd0","book_uri":"http://digitalcollections.nypl.org/items/df712aa0-00b1-0133-fbd7-58d385a7bbd0","source_rotated":"1.25874","source_x":"0","source_y":"0","source_w":"1381.18","source_h":"992.16"},"type":"final_subject_set","search_terms_by_field":{"Valuation Date":["1879 November","1879 November"],"Record Number":["87"],"Mortgager":["Mary O'Connor"],"Street Address":["No. 9 Frankfort Street "],"Additional Info":["home"],"Land \u0026 Building Dimensions":["as per diagram"],"Stories \u0026 Materials":["3","brick"],"Record Date":["1855 January 22"],"Total Value":["$12,000"],"Amount Loaned":["$2000"]},"subjects":[{"id":"56b1762e50617568bbe00200","type":"root","location":{"standard":"https://s3.amazonaws.com/scribe.nypl.org/emigrant-s4/full/e0944720-00b1-0133-1a6b-58d385a7bbd0.left-top.jpg","thumbnail":"https://s3.amazonaws.com/scribe.nypl.org/emigrant-s4/thumb/e0944720-00b1-0133-1a6b-58d385a7bbd0.left-top.jpg"},"status":"retired","width":1381,"height":992,"meta_data":{"capture_uuid":"e0944720-00b1-0133-1a6b-58d385a7bbd0","page_uri":"http://digitalcollections.nypl.org/items/e0944720-00b1-0133-1a6b-58d385a7bbd0","book_uri":"http://digitalcollections.nypl.org/items/df712aa0-00b1-0133-fbd7-58d385a7bbd0","source_rotated":"1.25874","source_x":"0","source_y":"0","source_w":"1381.18","source_h":"992.16"},"assertions":[{"id":"56b1762e50617568bbe10200","status":"awaiting_transcriptions","name":"Valuation Date","created_in_workflow":"transcribe","confidence":0.3333333333333333,"data":{"value":"1879 November"},"versions":[{"data":{"value":"1879 November"},"votes":1,"confidence":0.3333333333333333,"instances":[{"created":"2015-11-09T03:29:34Z","user_id":"563f7dc232643400032b3500","duration":11.205}]}],"region":{"x":246.64682220434432,"y":608.8434034729472,"width":532.1794046661304,"height":84.43813624807296,"label":"Valuation","shape":"rectangle"},"task_key":"em_record_valuation","instructions":{"mark":"Valuation","transcribe":"Enter the date of the valuation (if one is given). In the next screen, you'll enter the valuation's dollar amounts."}},{"id":"56b1762e50617568bbe20200","status":"complete","name":"Record Number","created_in_workflow":"transcribe","confidence":1.0,"data":{"value":"87"},"versions":[{"data":{"value":"87"},"votes":3,"confidence":1.0,"instances":[{"created":"2015-11-09T03:48:35Z","user_id":"564015e66639340003000700","duration":6.87},{"created":"2015-11-09T03:50:32Z","user_id":"564016cc6639340003a70700","duration":6.675},{"created":"2015-11-09T03:56:57Z","user_id":"5640195c6639340003c70900","duration":34.586}]}],"region":{"x":933.2582461786002,"y":17.776449736436415,"width":84.43765084473046,"height":53.32934920930924,"label":"Record Number","shape":"rectangle"},"task_key":"em_record_number","instructions":{"mark":"Record Number","transcribe":"Enter the record number"}},{"id":"56b1762e50617568bbe30200","status":"complete","name":"Mortgager","created_in_workflow":"verify","confidence":1.0,"data":{"value":"Mary O'Connor"},"versions":[{"data":{"value":"Mary O'Connor"},"votes":3,"confidence":1.0,"instances":[{"created":"2015-12-07T20:00:47Z","user_id":"5647496e3562310003960400","duration":9.719},{"created":"2015-12-28T18:15:08Z","user_id":"56748e5e3564620003fd0100","duration":7.145},{"created":"2016-01-18T05:35:18Z","user_id":"569c5d413639390003dc0500","duration":8.921}]}],"region":{"x":425.521319388576,"y":523.294239116347,"width":304.4199517296863,"height":52.218321100781964,"label":"Mortgager Name","shape":"rectangle"},"task_key":"em_transcribed_mortgager","instructions":{"mark":"Mortgager Name","transcribe":"Enter the mortgager's name","verify":"Choose the best transcription or enter your own!"}},{"id":"56b1762e50617568bbe40200","status":"awaiting_votes","name":"Street Address","created_in_workflow":"verify","confidence":0.6666666666666666,"data":{"value":"No. 9 Frankfort Street "},"versions":[{"data":{"value":"No. 9 Frankfort Street "},"votes":2,"confidence":0.6666666666666666,"instances":[{"created":"2015-12-07T20:05:04Z","user_id":"5647496e3562310003960400","duration":34.098},{"created":"2015-12-27T23:56:16Z","user_id":"56748e5e3564620003fd0100","duration":68.827}]}],"region":{"x":431.07642799678194,"y":577.7346164341835,"width":355.52695092518104,"height":37.77495568992731,"label":"Street Address","shape":"rectangle"},"task_key":"em_transcribed_address","instructions":{"mark":"Street Address","transcribe":"Enter the street address","verify":"Choose the best transcription or enter your own!"}},{"id":"56b1762e50617568bbe50200","status":"awaiting_transcriptions","name":"Additional Info","created_in_workflow":"transcribe","confidence":0.5,"data":{"value":"home"},"versions":[{"data":{"value":"home"},"votes":2,"confidence":0.5,"instances":[{"created":"2015-11-09T03:29:22Z","user_id":"563f7dc232643400032b3500","duration":0.936},{"created":"2015-11-09T04:23:59Z","user_id":"56401ad766393400037f0b00","duration":10.424}]},{"data":{"value":"Home"},"votes":1,"confidence":0.25,"instances":[{"created":"2015-11-09T04:11:23Z","user_id":"56401a486639340003aa0a00","duration":7.367}]},{"data":{"value":"diagram shows home is asymmetrical"},"votes":1,"confidence":0.25,"instances":[{"created":"2015-11-09T04:19:12Z","user_id":"56401ac966393400036c0b00","duration":41.346}]}],"region":{"x":249.97988736926789,"y":603.2882629303108,"width":497.7377312952534,"height":77.77196759690935,"label":"Dimension \u0026 Description","shape":"rectangle"},"task_key":"em_record_survey_additional_info","instructions":{"mark":"Dimension \u0026 Description","transcribe":"Enter any additional information you find about the building's construction or significance."}},{"id":"56b1762e50617568bbe60200","status":"complete","name":"Land \u0026 Building Dimensions","created_in_workflow":"verify","confidence":1.0,"data":{"em_survey_land_dimensions":"as per diagram"},"versions":[{"data":{"em_survey_land_dimensions":"as per diagram"},"votes":3,"confidence":1.0,"instances":[{"created":"2015-12-07T20:50:33Z","user_id":"5647496e3562310003960400","duration":25.728},{"created":"2015-12-28T18:09:28Z","user_id":"56748e5e3564620003fd0100","duration":16.366},{"created":"2016-01-18T21:55:34Z","user_id":"56980a2d3337650003270200","duration":34.968}]}],"region":{"x":249.97988736926789,"y":603.2882629303108,"width":497.7377312952534,"height":77.77196759690935,"label":"Dimension \u0026 Description","shape":"rectangle"},"task_key":"em_transcribed_survey","instructions":{"mark":"Dimension \u0026 Description","transcribe":"Enter, as they appear, any land and building dimensions that were recorded. In the next screen, you'll enter the descriptive information.","verify":"Choose the best transcription or enter your own!"}},{"id":"56b1762e50617568bbe70200","status":"complete","name":"Stories \u0026 Materials","created_in_workflow":"verify","confidence":1.0,"data":{"em_record_stories":"3","em_record_material":"brick"},"versions":[{"data":{"em_record_stories":"3","em_record_material":"brick"},"votes":3,"confidence":1.0,"instances":[{"created":"2015-12-07T20:39:09Z","user_id":"5647496e3562310003960400","duration":17.123},{"created":"2015-12-28T00:08:40Z","user_id":"56748e5e3564620003fd0100","duration":9.303},{"created":"2016-01-18T21:56:04Z","user_id":"56980a2d3337650003270200","duration":29.768}]}],"region":{"x":249.97988736926789,"y":603.2882629303108,"width":497.7377312952534,"height":77.77196759690935,"label":"Dimension \u0026 Description","shape":"rectangle"},"task_key":"em_transcribed_stories_materials","instructions":{"mark":"Dimension \u0026 Description","transcribe":"Enter, as they appear, the number of stories and the building materials.","verify":"Choose the best transcription or enter your own!"}},{"id":"56b1762e50617568bbe80200","status":"complete","name":"Record Date","created_in_workflow":"verify","confidence":1.0,"data":{"value":"1855 January 22"},"versions":[{"data":{"value":"1855 January 22"},"votes":7,"confidence":0.875,"instances":[{"created":"2015-11-09T03:51:43Z","user_id":"564013406639340003770400","duration":11.476},{"created":"2015-11-09T04:05:09Z","user_id":"563e09116630330003dc1000","duration":13.73},{"created":"2015-11-09T04:07:05Z","user_id":"56401be86639340003110d00","duration":9.152},{"created":"2015-11-09T04:10:21Z","user_id":"56404ff66639340003092800","duration":14.128},{"created":"2015-11-09T04:12:38Z","user_id":"56401d366639340003060e00","duration":19.42},{"created":"2015-11-09T04:13:00Z","user_id":"56401a486639340003aa0a00","duration":14.41},{"created":"2015-12-07T20:38:47Z","user_id":"5647496e3562310003960400","duration":10.158}]},{"data":{"value":"1885 January 22"},"votes":1,"confidence":0.125,"instances":[{"created":"2015-11-09T04:02:31Z","user_id":"56401ad766393400037f0b00","duration":22.354}]}],"region":{"x":75.54947707160096,"y":31.108787038763726,"width":178.8744971842317,"height":135.54542924032768,"label":"Record Date","shape":"rectangle"},"task_key":"em_transcribed_date","instructions":{"mark":"Record Date","transcribe":"Enter the record date","verify":"Choose the best transcription or enter your own!"}},{"id":"56b1762e50617568bbe90200","status":"awaiting_transcriptions","name":"Total Value","created_in_workflow":"transcribe","confidence":0.3333333333333333,"data":{"value":"$12,000"},"versions":[{"data":{"value":"$12,000"},"votes":1,"confidence":0.3333333333333333,"instances":[{"created":"2015-11-09T03:54:37Z","user_id":"564016cc6639340003a70700","duration":5.823}]},{"data":{"value":"12000"},"votes":1,"confidence":0.3333333333333333,"instances":[{"created":"2015-11-09T04:01:28Z","user_id":"5640197a6639340003e00900","duration":5.716}]}],"region":{"x":258.86806114239744,"y":796.6071538140568,"width":421.07723250201127,"height":58.884489751945694,"label":"Valuation","shape":"rectangle"},"task_key":"em_record_valuation_total","instructions":{"mark":"Valuation","transcribe":"Enter the valuation ***total*** (if one is given)"}},{"id":"56b1762e50617568bbea0200","status":"complete","name":"Valuation Date","created_in_workflow":"verify","confidence":1.0,"data":{"value":"1879 November"},"versions":[{"data":{"value":"1879 November"},"votes":3,"confidence":1.0,"instances":[{"created":"2015-12-07T20:11:01Z","user_id":"5647496e3562310003960400","duration":5.355},{"created":"2015-12-28T18:16:08Z","user_id":"56748e5e3564620003fd0100","duration":20.599},{"created":"2016-01-18T19:54:34Z","user_id":"56980a2d3337650003270200","duration":15.782}]}],"region":{"x":258.86806114239744,"y":796.6071538140568,"width":421.07723250201127,"height":58.884489751945694,"label":"Valuation","shape":"rectangle"},"task_key":"em_transcribed_valuation_date","instructions":{"mark":"Valuation","transcribe":"Enter the date of the valuation (if one is given). In the next screen, you'll enter the valuation's dollar amounts.","verify":"Choose the best transcription or enter your own!"}},{"id":"56b1762e50617568bbeb0200","status":"complete","name":"Amount Loaned","created_in_workflow":"verify","confidence":1.0,"data":{"value":"$2000"},"versions":[{"data":{"value":"$2000"},"votes":3,"confidence":1.0,"instances":[{"created":"2015-12-27T23:56:36Z","user_id":"56748e5e3564620003fd0100","duration":2.855},{"created":"2016-01-18T14:40:23Z","user_id":"56980a2d3337650003270200","duration":439.15},{"created":"2016-01-30T23:09:33Z","user_id":"563f8b7a3264340003774b00","duration":6.367}]}],"region":{"x":1076.5800482703137,"y":731.0564954109476,"width":126.65647626709574,"height":46.66318055814554,"label":"Amount Loaned","shape":"rectangle"},"task_key":"em_transcribed_amount_loaned","instructions":{"mark":"Amount Loaned","transcribe":"Enter the Amount Loaned","verify":"Choose the best transcription or enter your own!"}}]}]}