{"id":"56b1005c7061755afbee0b00","meta_data":{"capture_uuid":"e1ad1ce0-00b1-0133-8dd4-58d385a7bbd0","page_uri":"http://digitalcollections.nypl.org/items/e1ad1ce0-00b1-0133-8dd4-58d385a7bbd0","book_uri":"http://digitalcollections.nypl.org/items/df712aa0-00b1-0133-fbd7-58d385a7bbd0","source_rotated":"0.587485","source_x":"1212.57","source_y":"952.22","source_w":"1367.43","source_h":"1073.78"},"type":"final_subject_set","search_terms_by_field":{"Record Number":["380"],"Mortgager":["\"John O'Meallia\"  \"Trustees of St.Patick's Cathedral\""],"Street Address":["\"39 Mott St\" \"S. W. corner of 7th Avenue \u0026 25th St. No 226 7th Avenue\" \"Mulberry, Mott and Prince St\""],"Land \u0026 Building Dimensions":["\"100 x 100\""],"Stories \u0026 Materials":["\"2\"  \"5\"","\"Br\"  \"Brick \u0026 stone\"  \"Frame Edifice with Slate roof and brick basement.\""],"Additional Info":["\"Church\""],"Record Date":["\"1867 May 11\"  \"1867 July 30\"  \"1875 December 31\"","\"1867 May 11\"  \"1867 July 30\"  \"1875 December 31\"","1879 November"],"Total Value":["$80,000"],"Land \u0026 Building Value":["80000"],"Valuation Date":["$80,000"],"Amount Loaned":["60000","$4,500\"  \"$50,000 and $30,000\""]},"subjects":[{"id":"56b176a850617568bb010b00","type":"root","location":{"standard":"https://s3.amazonaws.com/scribe.nypl.org/emigrant-s4/full/e1ad1ce0-00b1-0133-8dd4-58d385a7bbd0.right-bottom.jpg","thumbnail":"https://s3.amazonaws.com/scribe.nypl.org/emigrant-s4/thumb/e1ad1ce0-00b1-0133-8dd4-58d385a7bbd0.right-bottom.jpg"},"status":"retired","width":1367,"height":1073,"meta_data":{"capture_uuid":"e1ad1ce0-00b1-0133-8dd4-58d385a7bbd0","page_uri":"http://digitalcollections.nypl.org/items/e1ad1ce0-00b1-0133-8dd4-58d385a7bbd0","book_uri":"http://digitalcollections.nypl.org/items/df712aa0-00b1-0133-fbd7-58d385a7bbd0","source_rotated":"0.587485","source_x":"1212.57","source_y":"952.22","source_w":"1367.43","source_h":"1073.78"},"assertions":[{"id":"56b176a850617568bb020b00","status":"awaiting_votes","name":"Record Number","created_in_workflow":"transcribe","confidence":0.6666666666666666,"data":{"value":"380"},"versions":[{"data":{"value":"380"},"votes":2,"confidence":0.6666666666666666,"instances":[{"created":"2015-12-04T21:30:36Z","user_id":"566204e43264310003b40600","duration":2.207},{"created":"2015-12-04T21:31:57Z","user_id":"5662018639636300039c0500","duration":7.012}]},{"data":{"value":"\"287\"  \"289\""},"votes":1,"confidence":0.3333333333333333,"instances":[{"created":"2015-11-23T05:30:07Z","user_id":"5652a23636323100036a0600","duration":53.998}]}],"region":{"x":968.1829975588619,"y":42.85549810234596,"width":96.20622445928893,"height":63.845946152474596,"label":"Record Number","shape":"rectangle"},"task_key":"em_record_number","instructions":{"mark":"Record Number","transcribe":"Enter the record number"}},{"id":"56b176a850617568bb030b00","status":"awaiting_votes","name":"Mortgager","created_in_workflow":"transcribe","confidence":0.3333333333333333,"data":{"value":"\"John O'Meallia\"  \"Trustees of St.Patick's Cathedral\""},"versions":[{"data":{"value":"\"John O'Meallia\"  \"Trustees of St.Patick's Cathedral\""},"votes":1,"confidence":0.3333333333333333,"instances":[{"created":"2015-11-23T05:34:52Z","user_id":"5652a23636323100036a0600","duration":138.453}]},{"data":{"value":"R. C. Orphan Asylum of St. Vincent de Paul"},"votes":1,"confidence":0.3333333333333333,"instances":[{"created":"2015-12-04T20:11:00Z","user_id":"5661e32f3264310003e80400","duration":18.458}]},{"data":{"value":"R.C. Orphan Asylum of St. Vincent de Paul"},"votes":1,"confidence":0.3333333333333333,"instances":[{"created":"2015-12-04T21:31:39Z","user_id":"566204e43264310003b40600","duration":19.085}]}],"region":{"x":442.54717119492807,"y":516.0151812323288,"width":792.3894487283262,"height":69.0935581650067,"label":"Mortgager Name","shape":"rectangle"},"task_key":"em_record_mortgager","instructions":{"mark":"Mortgager Name","transcribe":"Enter the mortgager's name"}},{"id":"56b176a850617568bb040b00","status":"awaiting_votes","name":"Street Address","created_in_workflow":"transcribe","confidence":0.3333333333333333,"data":{"value":"\"39 Mott St\" \"S. W. corner of 7th Avenue \u0026 25th St. No 226 7th Avenue\" \"Mulberry, Mott and Prince St\""},"versions":[{"data":{"value":"\"39 Mott St\" \"S. W. corner of 7th Avenue \u0026 25th St. No 226 7th Avenue\" \"Mulberry, Mott and Prince St\""},"votes":1,"confidence":0.3333333333333333,"instances":[{"created":"2015-11-23T05:37:53Z","user_id":"5652a23636323100036a0600","duration":181.137}]},{"data":{"value":"W. 39th Street"},"votes":1,"confidence":0.3333333333333333,"instances":[{"created":"2015-12-04T20:11:09Z","user_id":"5661e32f3264310003e80400","duration":8.641}]},{"data":{"value":"W 39th Street"},"votes":1,"confidence":0.3333333333333333,"instances":[{"created":"2015-12-04T21:31:43Z","user_id":"566204e43264310003b40600","duration":4.399}]}],"region":{"x":503.76931403265746,"y":570.2405053618279,"width":267.6282244049313,"height":55.09992613158761,"label":"Street Address","shape":"rectangle"},"task_key":"em_record_street_address","instructions":{"mark":"Street Address","transcribe":"Enter the street address"}},{"id":"56b176a850617568bb050b00","status":"awaiting_transcriptions","name":"Land \u0026 Building Dimensions","created_in_workflow":"transcribe","confidence":0.3333333333333333,"data":{"em_survey_land_dimensions":"\"100 x 100\""},"versions":[{"data":{"em_survey_land_dimensions":"\"100 x 100\""},"votes":1,"confidence":0.3333333333333333,"instances":[{"created":"2015-11-23T05:38:22Z","user_id":"5652a23636323100036a0600","duration":28.52}]}],"region":{"x":510.76613035696937,"y":611.3467994599964,"width":571.1151324719613,"height":83.0871901984259,"label":"Dimension \u0026 Description","shape":"rectangle"},"task_key":"em_record_survey","instructions":{"mark":"Dimension \u0026 Description","transcribe":"Enter, as they appear, any land and building dimensions that were recorded. In the next screen, you'll enter the descriptive information."}},{"id":"56b176a850617568bb060b00","status":"awaiting_transcriptions","name":"Stories \u0026 Materials","created_in_workflow":"transcribe","confidence":0.3333333333333333,"data":{"em_record_stories":"\"2\"  \"5\"","em_record_material":"\"Br\"  \"Brick \u0026 stone\"  \"Frame Edifice with Slate roof and brick basement.\""},"versions":[{"data":{"em_record_stories":"\"2\"  \"5\"","em_record_material":"\"Br\"  \"Brick \u0026 stone\"  \"Frame Edifice with Slate roof and brick basement.\""},"votes":1,"confidence":0.3333333333333333,"instances":[{"created":"2015-11-23T05:40:48Z","user_id":"5652a23636323100036a0600","duration":146.352}]}],"region":{"x":510.76613035696937,"y":611.3467994599964,"width":571.1151324719613,"height":83.0871901984259,"label":"Dimension \u0026 Description","shape":"rectangle"},"task_key":"em_record_survey_stories_materials","instructions":{"mark":"Dimension \u0026 Description","transcribe":"Enter, as they appear, the number of stories and the building materials."}},{"id":"56b176a850617568bb070b00","status":"awaiting_transcriptions","name":"Additional Info","created_in_workflow":"transcribe","confidence":0.3333333333333333,"data":{"value":"\"Church\""},"versions":[{"data":{"value":"\"Church\""},"votes":1,"confidence":0.3333333333333333,"instances":[{"created":"2015-11-23T05:41:06Z","user_id":"5652a23636323100036a0600","duration":18.243}]}],"region":{"x":510.76613035696937,"y":611.3467994599964,"width":571.1151324719613,"height":83.0871901984259,"label":"Dimension \u0026 Description","shape":"rectangle"},"task_key":"em_record_survey_additional_info","instructions":{"mark":"Dimension \u0026 Description","transcribe":"Enter any additional information you find about the building's construction or significance."}},{"id":"56b176a850617568bb080b00","status":"awaiting_votes","name":"Record Date","created_in_workflow":"transcribe","confidence":0.3333333333333333,"data":{"value":"\"1867 May 11\"  \"1867 July 30\"  \"1875 December 31\""},"versions":[{"data":{"value":"\"1867 May 11\"  \"1867 July 30\"  \"1875 December 31\""},"votes":1,"confidence":0.3333333333333333,"instances":[{"created":"2015-11-23T05:31:25Z","user_id":"5652a23636323100036a0600","duration":78.759}]},{"data":{"value":"1869 January 30"},"votes":1,"confidence":0.3333333333333333,"instances":[{"created":"2015-12-04T21:30:41Z","user_id":"566204e43264310003b40600","duration":4.47}]},{"data":{"value":"1869 Jany 30"},"votes":1,"confidence":0.3333333333333333,"instances":[{"created":"2015-12-04T21:46:24Z","user_id":"564b62033863320003ba0500","duration":7.007}]}],"region":{"x":105.82538558741645,"y":103.20303624646579,"width":197.660061161812,"height":101.4538322422884,"label":"Record Date","shape":"rectangle"},"task_key":"em_record_date","instructions":{"mark":"Record Date","transcribe":"Enter the record date"}},{"id":"56b176a850617568bb090b00","status":"awaiting_votes","name":"Record Date","created_in_workflow":"transcribe","confidence":0.3333333333333333,"data":{"value":"\"1867 May 11\"  \"1867 July 30\"  \"1875 December 31\""},"versions":[{"data":{"value":"\"1867 May 11\"  \"1867 July 30\"  \"1875 December 31\""},"votes":1,"confidence":0.3333333333333333,"instances":[{"created":"2015-11-23T05:32:34Z","user_id":"5652a23636323100036a0600","duration":68.119}]},{"data":{"value":"1874 November 21"},"votes":1,"confidence":0.3333333333333333,"instances":[{"created":"2015-12-04T21:31:20Z","user_id":"566204e43264310003b40600","duration":7.689}]},{"data":{"value":"1874 Nov.r 21"},"votes":1,"confidence":0.3333333333333333,"instances":[{"created":"2015-12-05T00:11:25Z","user_id":"56622b923264310003180900","duration":27.109}]}],"region":{"x":109.3237937495724,"y":207.28067449502026,"width":193.28705095911704,"height":123.31888229450573,"label":"Record Date","shape":"rectangle"},"task_key":"em_record_date","instructions":{"mark":"Record Date","transcribe":"Enter the record date"}},{"id":"56b176a850617568bb0a0b00","status":"complete","name":"Record Date","created_in_workflow":"transcribe","confidence":1.0,"data":{"value":"1879 November"},"versions":[{"data":{"value":"1879 November"},"votes":3,"confidence":1.0,"instances":[{"created":"2015-12-04T21:31:57Z","user_id":"566204e43264310003b40600","duration":4.094},{"created":"2015-12-04T21:34:31Z","user_id":"5662018639636300039c0500","duration":8.675},{"created":"2015-12-05T00:12:01Z","user_id":"56622b923264310003180900","duration":16.31}]}],"region":{"x":112.82220191172837,"y":739.9132937670344,"width":192.4124489185781,"height":93.5824142234901,"label":"Record Date","shape":"rectangle"},"task_key":"em_record_date","instructions":{"mark":"Record Date","transcribe":"Enter the record date"}},{"id":"56b176a850617568bb0b0b00","status":"awaiting_votes","name":"Total Value","created_in_workflow":"transcribe","confidence":0.6666666666666666,"data":{"value":"$80,000"},"versions":[{"data":{"value":"$80,000"},"votes":2,"confidence":0.6666666666666666,"instances":[{"created":"2015-12-04T21:32:06Z","user_id":"566204e43264310003b40600","duration":4.645},{"created":"2015-12-04T21:35:04Z","user_id":"5662018639636300039c0500","duration":16.441}]},{"data":{"value":"80000"},"votes":1,"confidence":0.3333333333333333,"instances":[{"created":"2015-12-04T20:12:12Z","user_id":"5661e32f3264310003e80400","duration":8.546}]}],"region":{"x":669.0690996945268,"y":769.6497618380499,"width":151.30615301324553,"height":52.476120125321586,"label":"Valuation","shape":"rectangle"},"task_key":"em_record_valuation_total","instructions":{"mark":"Valuation","transcribe":"Enter the valuation ***total*** (if one is given)"}},{"id":"56b176a850617568bb0c0b00","status":"awaiting_transcriptions","name":"Land \u0026 Building Value","created_in_workflow":"transcribe","confidence":0.3333333333333333,"data":{"em_valuation_building":"80000"},"versions":[{"data":{"em_valuation_building":"80000"},"votes":1,"confidence":0.3333333333333333,"instances":[{"created":"2015-12-04T20:12:03Z","user_id":"5661e32f3264310003e80400","duration":15.8}]},{"data":{"em_valuation_ground":""},"votes":1,"confidence":0.3333333333333333,"instances":[{"created":"2015-12-04T21:32:01Z","user_id":"566204e43264310003b40600","duration":1.713}]}],"region":{"x":669.0690996945268,"y":769.6497618380499,"width":151.30615301324553,"height":52.476120125321586,"label":"Valuation","shape":"rectangle"},"task_key":"em_record_valuation_ground_building","instructions":{"mark":"Valuation","transcribe":"Sometimes valuations include itemized dollar values for \"ground\" and \"building\". Enter these amounts if you can find them. In the next screen, you'll enter the total valuation."}},{"id":"56b176a850617568bb0d0b00","status":"awaiting_transcriptions","name":"Valuation Date","created_in_workflow":"transcribe","confidence":0.3333333333333333,"data":{"value":"$80,000"},"versions":[{"data":{"value":"$80,000"},"votes":1,"confidence":0.3333333333333333,"instances":[{"created":"2015-12-04T21:31:59Z","user_id":"566204e43264310003b40600","duration":2.63}]},{"data":{"value":"$80000"},"votes":1,"confidence":0.3333333333333333,"instances":[{"created":"2015-12-04T21:34:41Z","user_id":"5662018639636300039c0500","duration":10.2}]}],"region":{"x":669.0690996945268,"y":769.6497618380499,"width":151.30615301324553,"height":52.476120125321586,"label":"Valuation","shape":"rectangle"},"task_key":"em_record_valuation","instructions":{"mark":"Valuation","transcribe":"Enter the date of the valuation (if one is given). In the next screen, you'll enter the valuation's dollar amounts."}},{"id":"56b176a850617568bb0e0b00","status":"awaiting_votes","name":"Amount Loaned","created_in_workflow":"transcribe","confidence":0.3333333333333333,"data":{"value":"60000"},"versions":[{"data":{"value":"60000"},"votes":1,"confidence":0.3333333333333333,"instances":[{"created":"2015-12-04T20:11:41Z","user_id":"5661e32f3264310003e80400","duration":24.597}]},{"data":{"value":"$60,000 paid on account $5,700"},"votes":1,"confidence":0.3333333333333333,"instances":[{"created":"2015-12-04T20:33:34Z","user_id":"5661ef1f3264310003b70500","duration":14.891}]},{"data":{"value":"$60000"},"votes":1,"confidence":0.3333333333333333,"instances":[{"created":"2015-12-04T21:34:22Z","user_id":"5662018639636300039c0500","duration":16.166}]}],"region":{"x":491.5248854651116,"y":732.0418757482361,"width":527.3850304450118,"height":46.35390611070079,"label":"Amount Loaned","shape":"rectangle"},"task_key":"em_record_amount_loaned","instructions":{"mark":"Amount Loaned","transcribe":"Enter the Amount Loaned"}},{"id":"56b176a850617568bb0f0b00","status":"awaiting_votes","name":"Amount Loaned","created_in_workflow":"transcribe","confidence":0.3333333333333333,"data":{"value":"$4,500\"  \"$50,000 and $30,000\""},"versions":[{"data":{"value":"$4,500\"  \"$50,000 and $30,000\""},"votes":1,"confidence":0.3333333333333333,"instances":[{"created":"2015-11-23T05:42:26Z","user_id":"5652a23636323100036a0600","duration":79.93}]},{"data":{"value":"54300"},"votes":1,"confidence":0.3333333333333333,"instances":[{"created":"2015-12-04T20:11:17Z","user_id":"5661e32f3264310003e80400","duration":8.228}]},{"data":{"value":"$54,300 and $53,300"},"votes":1,"confidence":0.3333333333333333,"instances":[{"created":"2015-12-04T20:33:19Z","user_id":"5661ef1f3264310003b70500","duration":24.169}]}],"region":{"x":1234.936619923254,"y":709.30222369393,"width":123.31888771599779,"height":97.95542423393363,"label":"Amount Loaned","shape":"rectangle"},"task_key":"em_record_amount_loaned","instructions":{"mark":"Amount Loaned","transcribe":"Enter the Amount Loaned"}}]}]}