{"id":"56b0ffca7061755afbcd0000","meta_data":{"capture_uuid":"dfa22a80-00b1-0133-72f5-58d385a7bbd0","page_uri":"http://digitalcollections.nypl.org/items/dfa22a80-00b1-0133-72f5-58d385a7bbd0","book_uri":"http://digitalcollections.nypl.org/items/df712aa0-00b1-0133-fbd7-58d385a7bbd0","source_rotated":"0.979081","source_x":"1219.15","source_y":"967.2599999999999","source_w":"1374.85","source_h":"1090.74"},"type":"final_subject_set","search_terms_by_field":{},"subjects":[{"id":"56b1761050617568bbb80000","type":"root","location":{"standard":"https://s3.amazonaws.com/scribe.nypl.org/emigrant-s4/full/dfa22a80-00b1-0133-72f5-58d385a7bbd0.right-bottom.jpg","thumbnail":"https://s3.amazonaws.com/scribe.nypl.org/emigrant-s4/thumb/dfa22a80-00b1-0133-72f5-58d385a7bbd0.right-bottom.jpg"},"status":"bad","width":1374,"height":1090,"meta_data":{"capture_uuid":"dfa22a80-00b1-0133-72f5-58d385a7bbd0","page_uri":"http://digitalcollections.nypl.org/items/dfa22a80-00b1-0133-72f5-58d385a7bbd0","book_uri":"http://digitalcollections.nypl.org/items/df712aa0-00b1-0133-fbd7-58d385a7bbd0","source_rotated":"0.979081","source_x":"1219.15","source_y":"967.2599999999999","source_w":"1374.85","source_h":"1090.74"},"assertions":[]}]}