{"id":"56b100f37061755afb0f1700","meta_data":{"capture_uuid":"e39e6440-00b1-0133-c89d-58d385a7bbd0","page_uri":"http://digitalcollections.nypl.org/items/e39e6440-00b1-0133-c89d-58d385a7bbd0","book_uri":"http://digitalcollections.nypl.org/items/df712aa0-00b1-0133-fbd7-58d385a7bbd0","source_rotated":"0.811263","source_x":"0","source_y":"0","source_w":"1372.7","source_h":"977.76"},"type":"final_subject_set","search_terms_by_field":{"Mortgager":["Frederick Correll Jr. nom A. Kriclsheimer","Frederick Correll Jr. now A. Krielsheimer","Frederick Correll  Jr.  now  A. Krielsheimer","Frederick Conell Jr. now A. Krielsheimer","Frederick Correll Jr. now A. Krielsheimer"],"Street Address":["No. 306 E 59th Street  No 306","No. 306 E 59th Street No 306","2.d avenue","No. 306 E 59th Street No 306.","59.th street","58th Street","1.st avenue"],"Land \u0026 Building Dimensions":["25 x 100.4","25 x 54","25 x 100.4","25 x 54","25 x 100.4","\" \" 54.","25X 100.4","25 X 54"],"Stories \u0026 Materials":["5","Brick","5","brick","5 story","brick tenement","5","brick tenement"],"Additional Info":["Tenement","tenement","tenement"],"Amount Loaned":["1879 November","$7,000","$7000","1879 November ","$7,000","$7000."],"Record Number":["636","636","636"],"Record Date":["1872","1872 November 1","1879 November"],"Valuation Date":["1879 November"],"Total Value":["$12,000","$12000"],"Land \u0026 Building Value":[]},"subjects":[{"id":"56b1774450617568bb691500","type":"root","location":{"standard":"https://s3.amazonaws.com/scribe.nypl.org/emigrant-s4/full/e39e6440-00b1-0133-c89d-58d385a7bbd0.left-top.jpg","thumbnail":"https://s3.amazonaws.com/scribe.nypl.org/emigrant-s4/thumb/e39e6440-00b1-0133-c89d-58d385a7bbd0.left-top.jpg"},"status":"retired","width":1372,"height":977,"meta_data":{"capture_uuid":"e39e6440-00b1-0133-c89d-58d385a7bbd0","page_uri":"http://digitalcollections.nypl.org/items/e39e6440-00b1-0133-c89d-58d385a7bbd0","book_uri":"http://digitalcollections.nypl.org/items/df712aa0-00b1-0133-fbd7-58d385a7bbd0","source_rotated":"0.811263","source_x":"0","source_y":"0","source_w":"1372.7","source_h":"977.76"},"assertions":[{"id":"56b1774450617568bb6a1500","status":"awaiting_transcriptions","name":"Mortgager","created_in_workflow":"transcribe","confidence":0.3333333333333333,"data":{"value":"Frederick Correll Jr. nom A. Kriclsheimer"},"versions":[{"data":{"value":"Frederick Correll Jr. nom A. Kriclsheimer"},"votes":1,"confidence":0.3333333333333333,"instances":[{"created":"2015-11-06T00:06:23Z","user_id":"563be9b23532620003cb3400","duration":69.504}]}],"region":{"x":228.43492606013618,"y":512.6360473208073,"width":807.7077016215086,"height":85.66597077244263,"label":"Mortgager Name","shape":"rectangle"},"task_key":"em_record_mortgager","instructions":{"mark":"Mortgager Name","transcribe":"Enter the mortgager's name"}},{"id":"56b1774450617568bb6b1500","status":"awaiting_transcriptions","name":"Street Address","created_in_workflow":"transcribe","confidence":0.3333333333333333,"data":{"value":"No. 306 E 59th Street  No 306"},"versions":[{"data":{"value":"No. 306 E 59th Street  No 306"},"votes":1,"confidence":0.3333333333333333,"instances":[{"created":"2015-12-07T13:05:23Z","user_id":"5647496e3562310003960400","duration":29.945}]},{"data":{"value":"No 306 E. 59th Street No 306"},"votes":1,"confidence":0.3333333333333333,"instances":[{"created":"2015-12-07T18:30:40Z","user_id":"566eeeda3637340003010100","duration":14.118}]}],"region":{"x":237.95336698833577,"y":576.545581071677,"width":745.1579469504826,"height":48.95198329853872,"label":"Street Address","shape":"rectangle"},"task_key":"em_record_street_address","instructions":{"mark":"Street Address","transcribe":"Enter the street address"}},{"id":"56b1774450617568bb6c1500","status":"awaiting_transcriptions","name":"Land \u0026 Building Dimensions","created_in_workflow":"transcribe","confidence":0.6666666666666666,"data":{"em_survey_land_dimensions":"25 x 100.4","em_survey_building_dimensions":"25 x 54"},"versions":[{"data":{"em_survey_land_dimensions":"25 x 100.4","em_survey_building_dimensions":"25 x 54"},"votes":2,"confidence":0.6666666666666666,"instances":[{"created":"2015-11-05T23:43:49Z","user_id":"563be2643532620003ef3300","duration":21.533},{"created":"2015-11-06T00:11:34Z","user_id":"563be9b23532620003cb3400","duration":32.49}]}],"region":{"x":263.83158519199236,"y":621.4182324286709,"width":489.47736919457856,"height":39.47599164926932,"label":"Dimension \u0026 Description","shape":"rectangle"},"task_key":"em_record_survey","instructions":{"mark":"Dimension \u0026 Description","transcribe":"Enter, as they appear, any land and building dimensions that were recorded. In the next screen, you'll enter the descriptive information."}},{"id":"56b1774450617568bb6d1500","status":"awaiting_transcriptions","name":"Stories \u0026 Materials","created_in_workflow":"transcribe","confidence":0.3333333333333333,"data":{"em_record_stories":"5","em_record_material":"Brick"},"versions":[{"data":{"em_record_stories":"5","em_record_material":"Brick"},"votes":1,"confidence":0.3333333333333333,"instances":[{"created":"2015-11-05T23:43:54Z","user_id":"563be2643532620003ef3300","duration":5.49}]},{"data":{"em_record_stories":"5","em_record_material":"brick"},"votes":1,"confidence":0.3333333333333333,"instances":[{"created":"2015-11-06T00:11:46Z","user_id":"563be9b23532620003cb3400","duration":12.31}]}],"region":{"x":263.83158519199236,"y":621.4182324286709,"width":489.47736919457856,"height":39.47599164926932,"label":"Dimension \u0026 Description","shape":"rectangle"},"task_key":"em_record_survey_stories_materials","instructions":{"mark":"Dimension \u0026 Description","transcribe":"Enter, as they appear, the number of stories and the building materials."}},{"id":"56b1774450617568bb6e1500","status":"awaiting_transcriptions","name":"Additional Info","created_in_workflow":"transcribe","confidence":0.3333333333333333,"data":{"value":"Tenement"},"versions":[{"data":{"value":"Tenement"},"votes":1,"confidence":0.3333333333333333,"instances":[{"created":"2015-11-05T23:43:58Z","user_id":"563be2643532620003ef3300","duration":3.498}]},{"data":{"value":"5 story brick tenement"},"votes":1,"confidence":0.3333333333333333,"instances":[{"created":"2015-11-06T00:11:56Z","user_id":"563be9b23532620003cb3400","duration":9.459}]}],"region":{"x":263.83158519199236,"y":621.4182324286709,"width":489.47736919457856,"height":39.47599164926932,"label":"Dimension \u0026 Description","shape":"rectangle"},"task_key":"em_record_survey_additional_info","instructions":{"mark":"Dimension \u0026 Description","transcribe":"Enter any additional information you find about the building's construction or significance."}},{"id":"56b1774450617568bb6f1500","status":"awaiting_transcriptions","name":"Amount Loaned","created_in_workflow":"transcribe","confidence":0.3333333333333333,"data":{"value":"1879 November"},"versions":[{"data":{"value":"1879 November"},"votes":1,"confidence":0.3333333333333333,"instances":[{"created":"2015-12-28T04:32:04Z","user_id":"5680b67965623900037f0000","duration":4.634}]}],"region":{"x":59.82953419226958,"y":745.1579679888657,"width":59.82953419226958,"height":44.87265135699374,"label":"Amount Loaned","shape":"rectangle"},"task_key":"em_record_amount_loaned","instructions":{"mark":"Amount Loaned","transcribe":"Enter the Amount Loaned"}},{"id":"56b1774450617568bb701500","status":"awaiting_votes","name":"Amount Loaned","created_in_workflow":"verify","confidence":0.6,"data":{"value":"$7,000"},"versions":[{"data":{"value":"$7,000"},"votes":3,"confidence":0.6,"instances":[{"created":"2015-11-12T03:53:48Z","user_id":"563f8b7a3264340003774b00","duration":5.526},{"created":"2015-11-15T20:49:16Z","user_id":"564618af6363350003da0c00","duration":10.45},{"created":"2015-11-17T17:02:59Z","user_id":"564b504e38633200039b0400","duration":8.023}]},{"data":{"value":"$7000."},"votes":2,"confidence":0.4,"instances":[{"created":"2015-11-16T03:46:37Z","user_id":"5649188c3863370003020e00","duration":12.901},{"created":"2015-11-16T21:33:38Z","user_id":"564a394a6532380003720a00","duration":13.038}]}],"region":{"x":224.35559423376495,"y":745.1579679888656,"width":983.1189701554724,"height":81.5866388308977,"label":"Amount Loaned","shape":"rectangle"},"task_key":"em_transcribed_amount_loaned","instructions":{"mark":"Amount Loaned","transcribe":"Enter the Amount Loaned","verify":"Choose the best transcription or enter your own!"}},{"id":"56b1774450617568bb711500","status":"awaiting_transcriptions","name":"Amount Loaned","created_in_workflow":"transcribe","confidence":0.3333333333333333,"data":{"value":"$7000"},"versions":[{"data":{"value":"$7000"},"votes":1,"confidence":0.3333333333333333,"instances":[{"created":"2015-12-07T13:06:49Z","user_id":"5647496e3562310003960400","duration":9.919}]},{"data":{"value":"$7,000"},"votes":1,"confidence":0.3333333333333333,"instances":[{"created":"2015-12-07T18:45:18Z","user_id":"5665cb5c3538380003fe0300","duration":3.449}]}],"region":{"x":233.87403516196454,"y":731.5601948503828,"width":980.3994156045584,"height":63.909533750869855,"label":"Amount Loaned","shape":"rectangle"},"task_key":"em_record_amount_loaned","instructions":{"mark":"Amount Loaned","transcribe":"Enter the Amount Loaned"}},{"id":"56b1774450617568bb721500","status":"awaiting_votes","name":"Record Number","created_in_workflow":"transcribe","confidence":0.6666666666666666,"data":{"value":"636"},"versions":[{"data":{"value":"636"},"votes":2,"confidence":0.6666666666666666,"instances":[{"created":"2015-12-07T18:33:20Z","user_id":"5647496e3562310003960400","duration":5.063},{"created":"2015-12-07T18:44:21Z","user_id":"5665cb5c3538380003fe0300","duration":4.984}]},{"data":{"value":"646"},"votes":1,"confidence":0.3333333333333333,"instances":[{"created":"2015-12-07T18:30:08Z","user_id":"566eeeda3637340003010100","duration":2.792}]}],"region":{"x":526.2261493852378,"y":23.116214335421017,"width":528.9533601528061,"height":54.3910925539318,"label":"Record Number","shape":"rectangle"},"task_key":"em_record_number","instructions":{"mark":"Record Number","transcribe":"Enter the record number"}},{"id":"56b1774450617568bb731500","status":"awaiting_transcriptions","name":"Record Number","created_in_workflow":"transcribe","confidence":0.6666666666666666,"data":{"value":"636"},"versions":[{"data":{"value":"636"},"votes":2,"confidence":0.6666666666666666,"instances":[{"created":"2016-01-14T04:32:50Z","user_id":"567ac7e161383400030e0500","duration":4.886},{"created":"2016-01-14T04:54:33Z","user_id":"569726db6437650003120500","duration":4.055}]}],"region":{"x":878.0285292458306,"y":28.498925664677156,"width":267.3470819974783,"height":55.640759631036346,"label":"Record Number","shape":"rectangle"},"task_key":"em_record_number","instructions":{"mark":"Record Number","transcribe":"Enter the record number"}},{"id":"56b1774450617568bb741500","status":"complete","name":"Record Number","created_in_workflow":"transcribe","confidence":1.0,"data":{"value":"636"},"versions":[{"data":{"value":"636"},"votes":4,"confidence":1.0,"instances":[{"created":"2016-01-22T01:35:59Z","user_id":"56a184b03833370003b80400","duration":5.224},{"created":"2016-01-22T11:41:34Z","user_id":"56a2128b3833370003060600","duration":9.95},{"created":"2016-01-22T14:08:24Z","user_id":"56a237d83634350003040700","duration":21.982},{"created":"2016-01-22T14:12:14Z","user_id":"56a235aa3634350003eb0600","duration":362.141}]}],"region":{"x":933.2970472891201,"y":20.788069627153586,"width":107.89998773120362,"height":60.38439272649374,"label":"Record Number","shape":"rectangle"},"task_key":"em_record_number","instructions":{"mark":"Record Number","transcribe":"Enter the record number"}},{"id":"56b1774450617568bb751500","status":"awaiting_transcriptions","name":"Mortgager","created_in_workflow":"transcribe","confidence":0.3333333333333333,"data":{"value":"Frederick Correll Jr. now A. Krielsheimer"},"versions":[{"data":{"value":"Frederick Correll Jr. now A. Krielsheimer"},"votes":1,"confidence":0.3333333333333333,"instances":[{"created":"2015-12-27T18:17:51Z","user_id":"56748e5e3564620003fd0100","duration":46.903}]},{"data":{"value":"Frederick Cornell Jr. now A. Krielsheimer"},"votes":1,"confidence":0.3333333333333333,"instances":[{"created":"2015-12-28T04:29:07Z","user_id":"5680b67965623900037f0000","duration":25.634}]}],"region":{"x":331.7819623389495,"y":531.6729297146834,"width":696.1982160555004,"height":54.3910925539318,"label":"Mortgager Name","shape":"rectangle"},"task_key":"em_record_mortgager","instructions":{"mark":"Mortgager Name","transcribe":"Enter the mortgager's name"}},{"id":"56b1774450617568bb761500","status":"awaiting_transcriptions","name":"Mortgager","created_in_workflow":"transcribe","confidence":0.3333333333333333,"data":{"value":"Frederick Correll  Jr.  now  A. Krielsheimer"},"versions":[{"data":{"value":"Frederick Correll  Jr.  now  A. Krielsheimer"},"votes":1,"confidence":0.3333333333333333,"instances":[{"created":"2016-01-13T20:39:48Z","user_id":"569688a630643300036e0800","duration":44.477}]}],"region":{"x":337.9059981037172,"y":542.8366793271839,"width":724.687014145449,"height":42.06984264785683,"label":"Mortgager Name","shape":"rectangle"},"task_key":"em_record_mortgager","instructions":{"mark":"Mortgager Name","transcribe":"Enter the mortgager's name"}},{"id":"56b1774450617568bb771500","status":"awaiting_votes","name":"Mortgager","created_in_workflow":"transcribe","confidence":0.3333333333333333,"data":{"value":"Frederick Conell Jr. now A. Krielsheimer"},"versions":[{"data":{"value":"Frederick Conell Jr. now A. Krielsheimer"},"votes":1,"confidence":0.3333333333333333,"instances":[{"created":"2016-01-22T01:36:39Z","user_id":"56a184b03833370003b80400","duration":26.754}]},{"data":{"value":"Frederick Correll Jr. non A. Hridsheimer"},"votes":1,"confidence":0.3333333333333333,"instances":[{"created":"2016-01-22T14:22:26Z","user_id":"56980a2d3337650003270200","duration":499.806}]},{"data":{"value":"Frederick Correll Jr.; non A. Kriclsheimer"},"votes":1,"confidence":0.3333333333333333,"instances":[{"created":"2016-01-22T15:20:44Z","user_id":"56a247f83833370003ff0600","duration":211.45}]}],"region":{"x":345.2916095612765,"y":533.5604521719872,"width":677.0971707169108,"height":56.42476041655982,"label":"Mortgager Name","shape":"rectangle"},"task_key":"em_record_mortgager","instructions":{"mark":"Mortgager Name","transcribe":"Enter the mortgager's name"}},{"id":"56b1774450617568bb781500","status":"awaiting_transcriptions","name":"Mortgager","created_in_workflow":"transcribe","confidence":0.3333333333333333,"data":{"value":"Frederick Correll Jr. now A. Krielsheimer"},"versions":[{"data":{"value":"Frederick Correll Jr. now A. Krielsheimer"},"votes":1,"confidence":0.3333333333333333,"instances":[{"created":"2016-01-13T20:39:04Z","user_id":"569688a630643300036e0800","duration":226.787}]},{"data":{"value":"Frederick Borrell Ja. mon A. Kriclsheimer"},"votes":1,"confidence":0.3333333333333333,"instances":[{"created":"2016-01-14T04:35:27Z","user_id":"567ac7e161383400030e0500","duration":99.984}]}],"region":{"x":354.1910995451879,"y":515.6948453608247,"width":685.3313523285611,"height":65.2123928377645,"label":"Mortgager Name","shape":"rectangle"},"task_key":"em_record_mortgager","instructions":{"mark":"Mortgager Name","transcribe":"Enter the mortgager's name"}},{"id":"56b1774450617568bb791500","status":"awaiting_transcriptions","name":"Street Address","created_in_workflow":"transcribe","confidence":0.3333333333333333,"data":{"value":"No. 306 E 59th Street No 306"},"versions":[{"data":{"value":"No. 306 E 59th Street No 306"},"votes":1,"confidence":0.3333333333333333,"instances":[{"created":"2015-12-27T18:18:31Z","user_id":"56748e5e3564620003fd0100","duration":19.607}]},{"data":{"value":"306 East 59th Street"},"votes":1,"confidence":0.3333333333333333,"instances":[{"created":"2015-12-28T04:29:33Z","user_id":"5680b67965623900037f0000","duration":8.535}]}],"region":{"x":406.56888007928643,"y":583.3444676409185,"width":523.5084241823588,"height":40.79331941544888,"label":"Street Address","shape":"rectangle"},"task_key":"em_record_street_address","instructions":{"mark":"Street Address","transcribe":"Enter the street address"}},{"id":"56b1774450617568bb7a1500","status":"awaiting_transcriptions","name":"Street Address","created_in_workflow":"transcribe","confidence":0.3333333333333333,"data":{"value":"2.d avenue"},"versions":[{"data":{"value":"2.d avenue"},"votes":1,"confidence":0.3333333333333333,"instances":[{"created":"2016-01-14T04:33:14Z","user_id":"567ac7e161383400030e0500","duration":6.502}]}],"region":{"x":424.7598724582279,"y":130.3527943570267,"width":51.56948789799068,"height":248.27578947368409,"label":"Street Address","shape":"rectangle"},"task_key":"em_record_street_address","instructions":{"mark":"Street Address","transcribe":"Enter the street address"}},{"id":"56b1774450617568bb7b1500","status":"awaiting_votes","name":"Street Address","created_in_workflow":"transcribe","confidence":0.3333333333333333,"data":{"value":""},"versions":[{"data":{"value":""},"votes":1,"confidence":0.3333333333333333,"instances":[{"created":"2016-01-22T13:58:40Z","user_id":"56a235023634350003d90600","duration":4.528}]},{"data":{"value":"No. 306 E 59th Street"},"votes":1,"confidence":0.3333333333333333,"instances":[{"created":"2016-01-22T14:10:47Z","user_id":"56a239383634350003190700","duration":16.86}]},{"data":{"value":"no. 306 S 59th Street no 306."},"votes":1,"confidence":0.3333333333333333,"instances":[{"created":"2016-01-22T15:22:31Z","user_id":"56a247f83833370003ff0600","duration":32.846}]}],"region":{"x":428.4438936844059,"y":587.0154883560965,"width":514.7522350479439,"height":36.626598866889594,"label":"Street Address","shape":"rectangle"},"task_key":"em_record_street_address","instructions":{"mark":"Street Address","transcribe":"Enter the street address"}},{"id":"56b1774450617568bb7c1500","status":"awaiting_transcriptions","name":"Street Address","created_in_workflow":"transcribe","confidence":0.3333333333333333,"data":{"value":"No. 306 E 59th Street No 306."},"versions":[{"data":{"value":"No. 306 E 59th Street No 306."},"votes":1,"confidence":0.3333333333333333,"instances":[{"created":"2016-01-14T03:39:38Z","user_id":"567ac7e161383400030e0500","duration":27.984}]},{"data":{"value":"No. 306 E 59th Street no 306."},"votes":1,"confidence":0.3333333333333333,"instances":[{"created":"2016-01-14T17:39:21Z","user_id":"5697dcd164376500032b0700","duration":37.138}]}],"region":{"x":428.83114781859564,"y":580.8352468800869,"width":512.9806954063287,"height":39.355659251220814,"label":"Street Address","shape":"rectangle"},"task_key":"em_record_street_address","instructions":{"mark":"Street Address","transcribe":"Enter the street address"}},{"id":"56b1774450617568bb7d1500","status":"awaiting_transcriptions","name":"Street Address","created_in_workflow":"transcribe","confidence":0.3333333333333333,"data":{"value":"59.th street"},"versions":[{"data":{"value":"59.th street"},"votes":1,"confidence":0.3333333333333333,"instances":[{"created":"2016-01-14T04:33:08Z","user_id":"567ac7e161383400030e0500","duration":8.639}]}],"region":{"x":671.7505776538677,"y":115.35279435702658,"width":240.20524626169367,"height":47.498209441128594,"label":"Street Address","shape":"rectangle"},"task_key":"em_record_street_address","instructions":{"mark":"Street Address","transcribe":"Enter the street address"}},{"id":"56b1774450617568bb7e1500","status":"awaiting_transcriptions","name":"Street Address","created_in_workflow":"transcribe","confidence":0.3333333333333333,"data":{"value":"58th Street"},"versions":[{"data":{"value":"58th Street"},"votes":1,"confidence":0.3333333333333333,"instances":[{"created":"2016-01-14T15:47:44Z","user_id":"5697c2776437650003640600","duration":6.748}]}],"region":{"x":677.1789448010246,"y":385.4140423223006,"width":244.2765216220613,"height":62.42621812262615,"label":"Street Address","shape":"rectangle"},"task_key":"em_record_street_address","instructions":{"mark":"Street Address","transcribe":"Enter the street address"}},{"id":"56b1774450617568bb7f1500","status":"awaiting_transcriptions","name":"Street Address","created_in_workflow":"transcribe","confidence":0.3333333333333333,"data":{"value":"1.st avenue"},"versions":[{"data":{"value":"1.st avenue"},"votes":1,"confidence":0.3333333333333333,"instances":[{"created":"2016-01-14T04:33:24Z","user_id":"567ac7e161383400030e0500","duration":9.758}]}],"region":{"x":1148.0897948168872,"y":146.56590341833964,"width":73.28295648661853,"height":256.4903309820944,"label":"Street Address","shape":"rectangle"},"task_key":"em_record_street_address","instructions":{"mark":"Street Address","transcribe":"Enter the street address"}},{"id":"56b1774450617568bb801500","status":"awaiting_transcriptions","name":"Land \u0026 Building Dimensions","created_in_workflow":"transcribe","confidence":0.3333333333333333,"data":{"em_survey_land_dimensions":"25 x 100.4","em_survey_building_dimensions":"25 x 54"},"versions":[{"data":{"em_survey_land_dimensions":"25 x 100.4","em_survey_building_dimensions":"25 x 54"},"votes":1,"confidence":0.3333333333333333,"instances":[{"created":"2015-12-27T18:19:03Z","user_id":"56748e5e3564620003fd0100","duration":16.956}]}],"region":{"x":413.36769078295345,"y":624.1377870563674,"width":537.1060455896928,"height":77.50730688935289,"label":"Dimension \u0026 Description","shape":"rectangle"},"task_key":"em_record_survey","instructions":{"mark":"Dimension \u0026 Description","transcribe":"Enter, as they appear, any land and building dimensions that were recorded. In the next screen, you'll enter the descriptive information."}},{"id":"56b1774450617568bb811500","status":"awaiting_transcriptions","name":"Stories \u0026 Materials","created_in_workflow":"transcribe","confidence":0.3333333333333333,"data":{"em_record_stories":"5","em_record_material":"brick"},"versions":[{"data":{"em_record_stories":"5","em_record_material":"brick"},"votes":1,"confidence":0.3333333333333333,"instances":[{"created":"2015-12-27T18:19:06Z","user_id":"56748e5e3564620003fd0100","duration":2.551}]}],"region":{"x":413.36769078295345,"y":624.1377870563674,"width":537.1060455896928,"height":77.50730688935289,"label":"Dimension \u0026 Description","shape":"rectangle"},"task_key":"em_record_survey_stories_materials","instructions":{"mark":"Dimension \u0026 Description","transcribe":"Enter, as they appear, the number of stories and the building materials."}},{"id":"56b1774450617568bb821500","status":"awaiting_transcriptions","name":"Additional Info","created_in_workflow":"transcribe","confidence":0.3333333333333333,"data":{"value":"tenement"},"versions":[{"data":{"value":"tenement"},"votes":1,"confidence":0.3333333333333333,"instances":[{"created":"2015-12-27T18:19:09Z","user_id":"56748e5e3564620003fd0100","duration":3.279}]}],"region":{"x":413.36769078295345,"y":624.1377870563674,"width":537.1060455896928,"height":77.50730688935289,"label":"Dimension \u0026 Description","shape":"rectangle"},"task_key":"em_record_survey_additional_info","instructions":{"mark":"Dimension \u0026 Description","transcribe":"Enter any additional information you find about the building's construction or significance."}},{"id":"56b1774450617568bb831500","status":"awaiting_transcriptions","name":"Land \u0026 Building Dimensions","created_in_workflow":"transcribe","confidence":0.3333333333333333,"data":{"em_survey_land_dimensions":"25 x 100.4","em_survey_building_dimensions":"\" \" 54."},"versions":[{"data":{"em_survey_land_dimensions":"25 x 100.4","em_survey_building_dimensions":"\" \" 54."},"votes":1,"confidence":0.3333333333333333,"instances":[{"created":"2016-01-14T03:40:06Z","user_id":"567ac7e161383400030e0500","duration":18.577}]}],"region":{"x":443.75915747327707,"y":617.4767227346717,"width":533.3370722081672,"height":85.49677699403139,"label":"Dimension \u0026 Description","shape":"rectangle"},"task_key":"em_record_survey","instructions":{"mark":"Dimension \u0026 Description","transcribe":"Enter, as they appear, any land and building dimensions that were recorded. In the next screen, you'll enter the descriptive information."}},{"id":"56b1774450617568bb841500","status":"awaiting_transcriptions","name":"Stories \u0026 Materials","created_in_workflow":"transcribe","confidence":0.3333333333333333,"data":{"em_record_stories":"5 story","em_record_material":"brick tenement"},"versions":[{"data":{"em_record_stories":"5 story","em_record_material":"brick tenement"},"votes":1,"confidence":0.3333333333333333,"instances":[{"created":"2016-01-14T03:40:17Z","user_id":"567ac7e161383400030e0500","duration":10.67}]}],"region":{"x":443.75915747327707,"y":617.4767227346717,"width":533.3370722081672,"height":85.49677699403139,"label":"Dimension \u0026 Description","shape":"rectangle"},"task_key":"em_record_survey_stories_materials","instructions":{"mark":"Dimension \u0026 Description","transcribe":"Enter, as they appear, the number of stories and the building materials."}},{"id":"56b1774450617568bb851500","status":"awaiting_transcriptions","name":"Additional Info","created_in_workflow":"transcribe","confidence":0.3333333333333333,"data":{"value":"tenement"},"versions":[{"data":{"value":"tenement"},"votes":1,"confidence":0.3333333333333333,"instances":[{"created":"2016-01-14T03:40:24Z","user_id":"567ac7e161383400030e0500","duration":6.515}]}],"region":{"x":443.75915747327707,"y":617.4767227346717,"width":533.3370722081672,"height":85.49677699403139,"label":"Dimension \u0026 Description","shape":"rectangle"},"task_key":"em_record_survey_additional_info","instructions":{"mark":"Dimension \u0026 Description","transcribe":"Enter any additional information you find about the building's construction or significance."}},{"id":"56b1774450617568bb861500","status":"awaiting_transcriptions","name":"Land \u0026 Building Dimensions","created_in_workflow":"transcribe","confidence":0.3333333333333333,"data":{"em_survey_land_dimensions":"25X 100.4","em_survey_building_dimensions":"25 X 54"},"versions":[{"data":{"em_survey_land_dimensions":"25X 100.4","em_survey_building_dimensions":"25 X 54"},"votes":1,"confidence":0.3333333333333333,"instances":[{"created":"2016-01-22T13:59:00Z","user_id":"56a235023634350003d90600","duration":20.632}]}],"region":{"x":463.09067873570984,"y":622.6521791455026,"width":493.9641640171616,"height":67.31374926887827,"label":"Dimension \u0026 Description","shape":"rectangle"},"task_key":"em_record_survey","instructions":{"mark":"Dimension \u0026 Description","transcribe":"Enter, as they appear, any land and building dimensions that were recorded. In the next screen, you'll enter the descriptive information."}},{"id":"56b1774450617568bb871500","status":"awaiting_transcriptions","name":"Stories \u0026 Materials","created_in_workflow":"transcribe","confidence":0.3333333333333333,"data":{"em_record_stories":"5","em_record_material":"brick tenement"},"versions":[{"data":{"em_record_stories":"5","em_record_material":"brick tenement"},"votes":1,"confidence":0.3333333333333333,"instances":[{"created":"2016-01-22T13:59:09Z","user_id":"56a235023634350003d90600","duration":8.983}]}],"region":{"x":463.09067873570984,"y":622.6521791455026,"width":493.9641640171616,"height":67.31374926887827,"label":"Dimension \u0026 Description","shape":"rectangle"},"task_key":"em_record_survey_stories_materials","instructions":{"mark":"Dimension \u0026 Description","transcribe":"Enter, as they appear, the number of stories and the building materials."}},{"id":"56b1774450617568bb881500","status":"awaiting_transcriptions","name":"Additional Info","created_in_workflow":"transcribe","confidence":0.3333333333333333,"data":{"value":""},"versions":[{"data":{"value":""},"votes":1,"confidence":0.3333333333333333,"instances":[{"created":"2016-01-22T13:59:11Z","user_id":"56a235023634350003d90600","duration":1.958}]}],"region":{"x":463.09067873570984,"y":622.6521791455026,"width":493.9641640171616,"height":67.31374926887827,"label":"Dimension \u0026 Description","shape":"rectangle"},"task_key":"em_record_survey_additional_info","instructions":{"mark":"Dimension \u0026 Description","transcribe":"Enter any additional information you find about the building's construction or significance."}},{"id":"56b1774450617568bb891500","status":"awaiting_votes","name":"Record Date","created_in_workflow":"transcribe","confidence":0.3333333333333333,"data":{"value":"1872"},"versions":[{"data":{"value":"1872"},"votes":1,"confidence":0.3333333333333333,"instances":[{"created":"2015-12-07T18:30:11Z","user_id":"566eeeda3637340003010100","duration":2.503}]},{"data":{"value":"1872 Nov'r 1"},"votes":1,"confidence":0.3333333333333333,"instances":[{"created":"2015-12-07T18:33:39Z","user_id":"5647496e3562310003960400","duration":9.406}]},{"data":{"value":"1872 Nov.r 1"},"votes":1,"confidence":0.3333333333333333,"instances":[{"created":"2015-12-07T18:41:46Z","user_id":"5665c0803538380003d10300","duration":18.489}]}],"region":{"x":53.02365752617221,"y":77.50730688935282,"width":175.41126853396398,"height":100.62352122477382,"label":"Record Date","shape":"rectangle"},"task_key":"em_record_date","instructions":{"mark":"Record Date","transcribe":"Enter the record date"}},{"id":"56b1774450617568bb8a1500","status":"awaiting_transcriptions","name":"Record Date","created_in_workflow":"transcribe","confidence":0.6666666666666666,"data":{"value":"1872 November 1"},"versions":[{"data":{"value":"1872 November 1"},"votes":2,"confidence":0.6666666666666666,"instances":[{"created":"2016-01-14T04:54:37Z","user_id":"569726db6437650003120500","duration":4.425},{"created":"2016-01-14T14:51:08Z","user_id":"5697b3406437650003450600","duration":13.037}]}],"region":{"x":59.70218181192509,"y":84.1396852957135,"width":161.49392262791832,"height":111.2815192620727,"label":"Record Date","shape":"rectangle"},"task_key":"em_record_date","instructions":{"mark":"Record Date","transcribe":"Enter the record date"}},{"id":"56b1774450617568bb8b1500","status":"awaiting_transcriptions","name":"Record Date","created_in_workflow":"transcribe","confidence":0.6666666666666666,"data":{"value":"1879 November"},"versions":[{"data":{"value":"1879 November"},"votes":2,"confidence":0.6666666666666666,"instances":[{"created":"2016-01-14T04:55:28Z","user_id":"569726db6437650003120500","duration":5.885},{"created":"2016-01-14T15:48:19Z","user_id":"5697c2776437650003640600","duration":11.003}]}],"region":{"x":69.2018243194497,"y":739.6149755832881,"width":143.85172939965832,"height":105.85315246880089,"label":"Record Date","shape":"rectangle"},"task_key":"em_record_date","instructions":{"mark":"Record Date","transcribe":"Enter the record date"}},{"id":"56b1774450617568bb8c1500","status":"awaiting_transcriptions","name":"Valuation Date","created_in_workflow":"transcribe","confidence":0.3333333333333333,"data":{"value":""},"versions":[{"data":{"value":""},"votes":1,"confidence":0.3333333333333333,"instances":[{"created":"2016-01-22T13:59:46Z","user_id":"56a235023634350003d90600","duration":14.796}]},{"data":{"value":"1879 Novmber"},"votes":1,"confidence":0.3333333333333333,"instances":[{"created":"2016-01-22T14:15:44Z","user_id":"56a239383634350003190700","duration":16.349}]}],"region":{"x":237.39162183007286,"y":762.2292180706767,"width":514.7522350479439,"height":79.19264619868034,"label":"Valuation","shape":"rectangle"},"task_key":"em_record_valuation","instructions":{"mark":"Valuation","transcribe":"Enter the date of the valuation (if one is given). In the next screen, you'll enter the valuation's dollar amounts."}},{"id":"56b1774450617568bb8d1500","status":"awaiting_transcriptions","name":"Total Value","created_in_workflow":"transcribe","confidence":0.6666666666666666,"data":{"value":"$12,000"},"versions":[{"data":{"value":"$12,000"},"votes":2,"confidence":0.6666666666666666,"instances":[{"created":"2016-01-22T14:00:03Z","user_id":"56a235023634350003d90600","duration":5.517},{"created":"2016-01-22T14:16:01Z","user_id":"56a239383634350003190700","duration":6.097}]}],"region":{"x":237.39162183007286,"y":762.2292180706767,"width":514.7522350479439,"height":79.19264619868034,"label":"Valuation","shape":"rectangle"},"task_key":"em_record_valuation_total","instructions":{"mark":"Valuation","transcribe":"Enter the valuation ***total*** (if one is given)"}},{"id":"56b1774450617568bb8e1500","status":"awaiting_transcriptions","name":"Valuation Date","created_in_workflow":"transcribe","confidence":0.3333333333333333,"data":{"value":"1879 November"},"versions":[{"data":{"value":"1879 November"},"votes":1,"confidence":0.3333333333333333,"instances":[{"created":"2015-12-07T13:06:56Z","user_id":"5647496e3562310003960400","duration":7.415}]}],"region":{"x":242.03269881470703,"y":764.1948503827418,"width":504.4773691945786,"height":61.1899791231732,"label":"Valuation","shape":"rectangle"},"task_key":"em_record_valuation","instructions":{"mark":"Valuation","transcribe":"Enter the date of the valuation (if one is given). In the next screen, you'll enter the valuation's dollar amounts."}},{"id":"56b1774450617568bb8f1500","status":"awaiting_transcriptions","name":"Land \u0026 Building Value","created_in_workflow":"transcribe","confidence":0.3333333333333333,"data":{"em_valuation_ground":""},"versions":[{"data":{"em_valuation_ground":""},"votes":1,"confidence":0.3333333333333333,"instances":[{"created":"2015-12-07T13:06:57Z","user_id":"5647496e3562310003960400","duration":1.004}]}],"region":{"x":242.03269881470703,"y":764.1948503827418,"width":504.4773691945786,"height":61.1899791231732,"label":"Valuation","shape":"rectangle"},"task_key":"em_record_valuation_ground_building","instructions":{"mark":"Valuation","transcribe":"Sometimes valuations include itemized dollar values for \"ground\" and \"building\". Enter these amounts if you can find them. In the next screen, you'll enter the total valuation."}},{"id":"56b1774450617568bb901500","status":"awaiting_transcriptions","name":"Total Value","created_in_workflow":"transcribe","confidence":0.3333333333333333,"data":{"value":"$12000"},"versions":[{"data":{"value":"$12000"},"votes":1,"confidence":0.3333333333333333,"instances":[{"created":"2015-12-07T13:07:01Z","user_id":"5647496e3562310003960400","duration":3.77}]}],"region":{"x":242.03269881470703,"y":764.1948503827418,"width":504.4773691945786,"height":61.1899791231732,"label":"Valuation","shape":"rectangle"},"task_key":"em_record_valuation_total","instructions":{"mark":"Valuation","transcribe":"Enter the valuation ***total*** (if one is given)"}},{"id":"56b1774450617568bb911500","status":"awaiting_transcriptions","name":"Amount Loaned","created_in_workflow":"transcribe","confidence":0.3333333333333333,"data":{"value":"1879 November "},"versions":[{"data":{"value":"1879 November "},"votes":1,"confidence":0.3333333333333333,"instances":[{"created":"2015-12-27T18:19:46Z","user_id":"56748e5e3564620003fd0100","duration":8.294}]},{"data":{"value":"$7,000"},"votes":1,"confidence":0.3333333333333333,"instances":[{"created":"2015-12-28T04:31:43Z","user_id":"5680b67965623900037f0000","duration":4.5}]}],"region":{"x":69.34786917740337,"y":738.3590814196242,"width":1131.3221010901884,"height":73.42797494780791,"label":"Amount Loaned","shape":"rectangle"},"task_key":"em_record_amount_loaned","instructions":{"mark":"Amount Loaned","transcribe":"Enter the Amount Loaned"}},{"id":"56b1774450617568bb921500","status":"awaiting_votes","name":"Amount Loaned","created_in_workflow":"transcribe","confidence":0.6666666666666666,"data":{"value":"$7,000"},"versions":[{"data":{"value":"$7,000"},"votes":2,"confidence":0.6666666666666666,"instances":[{"created":"2016-01-22T13:59:17Z","user_id":"56a235023634350003d90600","duration":6.084},{"created":"2016-01-22T14:15:21Z","user_id":"56a239383634350003190700","duration":15.606}]},{"data":{"value":"$ 7000."},"votes":1,"confidence":0.3333333333333333,"instances":[{"created":"2016-01-22T17:33:11Z","user_id":"56980a2d3337650003270200","duration":14.29}]}],"region":{"x":1050.1062083192305,"y":736.4916080561056,"width":187.09263927704114,"height":76.22292196622982,"label":"Amount Loaned","shape":"rectangle"},"task_key":"em_record_amount_loaned","instructions":{"mark":"Amount Loaned","transcribe":"Enter the Amount Loaned"}},{"id":"56b1774450617568bb931500","status":"awaiting_transcriptions","name":"Amount Loaned","created_in_workflow":"transcribe","confidence":0.3333333333333333,"data":{"value":"$7000."},"versions":[{"data":{"value":"$7000."},"votes":1,"confidence":0.3333333333333333,"instances":[{"created":"2016-01-14T03:42:00Z","user_id":"567ac7e161383400030e0500","duration":4.798}]},{"data":{"value":"7000"},"votes":1,"confidence":0.3333333333333333,"instances":[{"created":"2016-01-14T15:48:08Z","user_id":"5697c2776437650003640600","duration":23.438}]}],"region":{"x":1078.8781136906366,"y":732.8295170916983,"width":153.35137190718297,"height":65.14040151926201,"label":"Amount Loaned","shape":"rectangle"},"task_key":"em_record_amount_loaned","instructions":{"mark":"Amount Loaned","transcribe":"Enter the Amount Loaned"}}]}]}