{"id":"56b0ffef7061755afbdf0300","meta_data":{"capture_uuid":"e0583d90-00b1-0133-9d40-58d385a7bbd0","page_uri":"http://digitalcollections.nypl.org/items/e0583d90-00b1-0133-9d40-58d385a7bbd0","book_uri":"http://digitalcollections.nypl.org/items/df712aa0-00b1-0133-fbd7-58d385a7bbd0","source_rotated":"-1.20281","source_x":"1223.88","source_y":"969.14","source_w":"1380.12","source_h":"1092.86"},"type":"final_subject_set","search_terms_by_field":{},"subjects":[{"id":"56b1763650617568bb700300","type":"root","location":{"standard":"https://s3.amazonaws.com/scribe.nypl.org/emigrant-s4/full/e0583d90-00b1-0133-9d40-58d385a7bbd0.right-bottom.jpg","thumbnail":"https://s3.amazonaws.com/scribe.nypl.org/emigrant-s4/thumb/e0583d90-00b1-0133-9d40-58d385a7bbd0.right-bottom.jpg"},"status":"active","width":1380,"height":1092,"meta_data":{"capture_uuid":"e0583d90-00b1-0133-9d40-58d385a7bbd0","page_uri":"http://digitalcollections.nypl.org/items/e0583d90-00b1-0133-9d40-58d385a7bbd0","book_uri":"http://digitalcollections.nypl.org/items/df712aa0-00b1-0133-fbd7-58d385a7bbd0","source_rotated":"-1.20281","source_x":"1223.88","source_y":"969.14","source_w":"1380.12","source_h":"1092.86"},"assertions":[]}]}