{"id":"56b0ffc27061755afb270000","meta_data":{"capture_uuid":"df7bee30-00b1-0133-b1e5-58d385a7bbd0","page_uri":"http://digitalcollections.nypl.org/items/df7bee30-00b1-0133-b1e5-58d385a7bbd0","book_uri":"http://digitalcollections.nypl.org/items/df712aa0-00b1-0133-fbd7-58d385a7bbd0","source_rotated":"1.56629","source_x":"1230.43","source_y":"1062.67","source_w":"1387.57","source_h":"1198.33"},"type":"final_subject_set","search_terms_by_field":{},"subjects":[{"id":"56b1760850617568bb220000","type":"root","location":{"standard":"https://s3.amazonaws.com/scribe.nypl.org/emigrant-s4/full/df7bee30-00b1-0133-b1e5-58d385a7bbd0.right-bottom.jpg","thumbnail":"https://s3.amazonaws.com/scribe.nypl.org/emigrant-s4/thumb/df7bee30-00b1-0133-b1e5-58d385a7bbd0.right-bottom.jpg"},"status":"bad","width":1387,"height":1198,"meta_data":{"capture_uuid":"df7bee30-00b1-0133-b1e5-58d385a7bbd0","page_uri":"http://digitalcollections.nypl.org/items/df7bee30-00b1-0133-b1e5-58d385a7bbd0","book_uri":"http://digitalcollections.nypl.org/items/df712aa0-00b1-0133-fbd7-58d385a7bbd0","source_rotated":"1.56629","source_x":"1230.43","source_y":"1062.67","source_w":"1387.57","source_h":"1198.33"},"assertions":[]}]}