{"id":"56b100da7061755afb351500","meta_data":{"capture_uuid":"e359d430-00b1-0133-fbea-58d385a7bbd0","page_uri":"http://digitalcollections.nypl.org/items/e359d430-00b1-0133-fbea-58d385a7bbd0","book_uri":"http://digitalcollections.nypl.org/items/df712aa0-00b1-0133-fbd7-58d385a7bbd0","source_rotated":"0.839234","source_x":"0","source_y":"963.03","source_w":"1372.73","source_h":"1085.97"},"type":"final_subject_set","search_terms_by_field":{"Record Number":["599"],"Mortgager":["James Barry","James Barry","James Barry"],"Street Address":["No. 1528. 2d Avenue","1528 Second Avenue"],"Land \u0026 Building Dimensions":["25 x 100.","25 x 58."],"Stories \u0026 Materials":["4","brick house"],"Additional Info":["house"],"Record Date":["1872 May 30","1879 November"],"Land \u0026 Building Value":["$15,000"],"Total Value":["15000"],"Amount Loaned":["$8000"]},"subjects":[{"id":"56b1772950617568bbad1300","type":"root","location":{"standard":"https://s3.amazonaws.com/scribe.nypl.org/emigrant-s4/full/e359d430-00b1-0133-fbea-58d385a7bbd0.left-bottom.jpg","thumbnail":"https://s3.amazonaws.com/scribe.nypl.org/emigrant-s4/thumb/e359d430-00b1-0133-fbea-58d385a7bbd0.left-bottom.jpg"},"status":"active","width":1372,"height":1085,"meta_data":{"capture_uuid":"e359d430-00b1-0133-fbea-58d385a7bbd0","page_uri":"http://digitalcollections.nypl.org/items/e359d430-00b1-0133-fbea-58d385a7bbd0","book_uri":"http://digitalcollections.nypl.org/items/df712aa0-00b1-0133-fbd7-58d385a7bbd0","source_rotated":"0.839234","source_x":"0","source_y":"963.03","source_w":"1372.73","source_h":"1085.97"},"assertions":[{"id":"56b1772950617568bbae1300","status":"awaiting_votes","name":"Record Number","created_in_workflow":"transcribe","confidence":0.6666666666666666,"data":{"value":"599"},"versions":[{"data":{"value":"599"},"votes":2,"confidence":0.6666666666666666,"instances":[{"created":"2015-12-30T19:04:09Z","user_id":"56842aa93261310003450200","duration":43.347},{"created":"2015-12-30T19:41:09Z","user_id":"568432e632613100036e0200","duration":22.434}]},{"data":{"value":"599."},"votes":1,"confidence":0.3333333333333333,"instances":[{"created":"2015-12-30T19:31:11Z","user_id":"568430ff3261310003480200","duration":6.378}]}],"region":{"x":904.2450240792992,"y":50.31194313353046,"width":168.61299413497343,"height":77.50758807057397,"label":"Record Number","shape":"rectangle"},"task_key":"em_record_number","instructions":{"mark":"Record Number","transcribe":"Enter the record number"}},{"id":"56b1772950617568bbaf1300","status":"awaiting_transcriptions","name":"Mortgager","created_in_workflow":"transcribe","confidence":0.3333333333333333,"data":{"value":"James Barry"},"versions":[{"data":{"value":"James Barry"},"votes":1,"confidence":0.3333333333333333,"instances":[{"created":"2015-12-30T19:31:36Z","user_id":"568430ff3261310003480200","duration":5.996}]},{"data":{"value":"james barry"},"votes":1,"confidence":0.3333333333333333,"instances":[{"created":"2015-12-30T19:41:34Z","user_id":"568432e632613100036e0200","duration":7.84}]}],"region":{"x":435.12016136505906,"y":533.0346407660525,"width":278.75535320701226,"height":77.50758807057389,"label":"Mortgager Name","shape":"rectangle"},"task_key":"em_record_mortgager","instructions":{"mark":"Mortgager Name","transcribe":"Enter the mortgager's name"}},{"id":"56b1772950617568bbb01300","status":"awaiting_votes","name":"Mortgager","created_in_workflow":"transcribe","confidence":0.6666666666666666,"data":{"value":"James Barry"},"versions":[{"data":{"value":"James Barry"},"votes":2,"confidence":0.6666666666666666,"instances":[{"created":"2015-12-30T13:06:54Z","user_id":"5680342e3037360003550900","duration":13.297},{"created":"2015-12-30T20:12:33Z","user_id":"56843a9e3261310003b30200","duration":4.56}]},{"data":{"value":"james barry"},"votes":1,"confidence":0.3333333333333333,"instances":[{"created":"2015-12-30T19:41:44Z","user_id":"568432e632613100036e0200","duration":9.95}]}],"region":{"x":445.9984190511864,"y":537.113987506609,"width":265.15753109935315,"height":80.2271525642783,"label":"Mortgager Name","shape":"rectangle"},"task_key":"em_record_mortgager","instructions":{"mark":"Mortgager Name","transcribe":"Enter the mortgager's name"}},{"id":"56b1772950617568bbb11300","status":"awaiting_transcriptions","name":"Mortgager","created_in_workflow":"transcribe","confidence":0.6666666666666666,"data":{"value":"James Barry"},"versions":[{"data":{"value":"James Barry"},"votes":2,"confidence":0.6666666666666666,"instances":[{"created":"2015-12-30T20:15:46Z","user_id":"56843a9e3261310003b30200","duration":10.95},{"created":"2015-12-30T20:50:23Z","user_id":"568443103261310003100400","duration":28.475}]}],"region":{"x":625.489670872287,"y":756.038929249809,"width":15.0,"height":15.0,"label":"Mortgager Name","shape":"rectangle"},"task_key":"em_record_mortgager","instructions":{"mark":"Mortgager Name","transcribe":"Enter the mortgager's name"}},{"id":"56b1772950617568bbb21300","status":"awaiting_votes","name":"Street Address","created_in_workflow":"transcribe","confidence":0.3333333333333333,"data":{"value":"No. 1528. 2d Avenue"},"versions":[{"data":{"value":"No. 1528. 2d Avenue"},"votes":1,"confidence":0.3333333333333333,"instances":[{"created":"2015-12-30T19:31:56Z","user_id":"568430ff3261310003480200","duration":19.336}]},{"data":{"value":""},"votes":1,"confidence":0.3333333333333333,"instances":[{"created":"2015-12-30T19:42:56Z","user_id":"568432e632613100036e0200","duration":72.005}]},{"data":{"value":"1528 Second Avenue"},"votes":1,"confidence":0.3333333333333333,"instances":[{"created":"2015-12-30T20:12:39Z","user_id":"56843a9e3261310003b30200","duration":5.295}]}],"region":{"x":462.3158055803773,"y":592.8650596275481,"width":323.62816616228747,"height":43.51303189926955,"label":"Street Address","shape":"rectangle"},"task_key":"em_record_street_address","instructions":{"mark":"Street Address","transcribe":"Enter the street address"}},{"id":"56b1772950617568bbb31300","status":"awaiting_transcriptions","name":"Street Address","created_in_workflow":"transcribe","confidence":0.3333333333333333,"data":{"value":"1528 Second Avenue"},"versions":[{"data":{"value":"1528 Second Avenue"},"votes":1,"confidence":0.3333333333333333,"instances":[{"created":"2015-12-30T20:12:29Z","user_id":"56843a9e3261310003b30200","duration":8.495}]}],"region":{"x":739.7113765766237,"y":524.8759472849393,"width":15.0,"height":15.0,"label":"Street Address","shape":"rectangle"},"task_key":"em_record_street_address","instructions":{"mark":"Street Address","transcribe":"Enter the street address"}},{"id":"56b1772950617568bbb41300","status":"awaiting_transcriptions","name":"Land \u0026 Building Dimensions","created_in_workflow":"transcribe","confidence":0.3333333333333333,"data":{"em_survey_land_dimensions":"25 x 100.","em_survey_building_dimensions":"25 x 58."},"versions":[{"data":{"em_survey_land_dimensions":"25 x 100.","em_survey_building_dimensions":"25 x 58."},"votes":1,"confidence":0.3333333333333333,"instances":[{"created":"2015-12-30T13:07:27Z","user_id":"5680342e3037360003550900","duration":34.385}]}],"region":{"x":251.5495629116607,"y":629.5791802925567,"width":711.1660962305727,"height":76.14780582372178,"label":"Dimension \u0026 Description","shape":"rectangle"},"task_key":"em_record_survey","instructions":{"mark":"Dimension \u0026 Description","transcribe":"Enter, as they appear, any land and building dimensions that were recorded. In the next screen, you'll enter the descriptive information."}},{"id":"56b1772950617568bbb51300","status":"awaiting_transcriptions","name":"Stories \u0026 Materials","created_in_workflow":"transcribe","confidence":0.3333333333333333,"data":{"em_record_stories":"4","em_record_material":"brick house"},"versions":[{"data":{"em_record_stories":"4","em_record_material":"brick house"},"votes":1,"confidence":0.3333333333333333,"instances":[{"created":"2015-12-30T13:08:30Z","user_id":"5680342e3037360003550900","duration":62.587}]}],"region":{"x":251.5495629116607,"y":629.5791802925567,"width":711.1660962305727,"height":76.14780582372178,"label":"Dimension \u0026 Description","shape":"rectangle"},"task_key":"em_record_survey_stories_materials","instructions":{"mark":"Dimension \u0026 Description","transcribe":"Enter, as they appear, the number of stories and the building materials."}},{"id":"56b1772950617568bbb61300","status":"awaiting_transcriptions","name":"Additional Info","created_in_workflow":"transcribe","confidence":0.3333333333333333,"data":{"value":"house"},"versions":[{"data":{"value":"house"},"votes":1,"confidence":0.3333333333333333,"instances":[{"created":"2015-12-30T13:08:45Z","user_id":"5680342e3037360003550900","duration":15.186}]}],"region":{"x":251.5495629116607,"y":629.5791802925567,"width":711.1660962305727,"height":76.14780582372178,"label":"Dimension \u0026 Description","shape":"rectangle"},"task_key":"em_record_survey_additional_info","instructions":{"mark":"Dimension \u0026 Description","transcribe":"Enter any additional information you find about the building's construction or significance."}},{"id":"56b1772950617568bbb71300","status":"awaiting_votes","name":"Record Date","created_in_workflow":"transcribe","confidence":0.6666666666666666,"data":{"value":"1872 May 30"},"versions":[{"data":{"value":"1872 May 30"},"votes":2,"confidence":0.6666666666666666,"instances":[{"created":"2015-12-29T20:33:22Z","user_id":"5682dba962353600039e0600","duration":12.828},{"created":"2015-12-30T13:06:39Z","user_id":"5680342e3037360003550900","duration":30.586}]},{"data":{"value":"1872 may 30"},"votes":1,"confidence":0.3333333333333333,"instances":[{"created":"2015-12-30T05:32:31Z","user_id":"56722a896235370003070500","duration":17.831}]}],"region":{"x":58.5028846644759,"y":116.98366851391313,"width":184.88798498258927,"height":112.81953120410446,"label":"Record Date","shape":"rectangle"},"task_key":"em_record_date","instructions":{"mark":"Record Date","transcribe":"Enter the record date"}},{"id":"56b1772950617568bbb81300","status":"awaiting_votes","name":"Record Date","created_in_workflow":"transcribe","confidence":0.6666666666666666,"data":{"value":"1879 November"},"versions":[{"data":{"value":"1879 November"},"votes":2,"confidence":0.6666666666666666,"instances":[{"created":"2015-12-30T13:09:14Z","user_id":"5680342e3037360003550900","duration":29.001},{"created":"2015-12-30T17:55:04Z","user_id":"5676c3a364326200030b0000","duration":10.92}]},{"data":{"value":"1879 november"},"votes":1,"confidence":0.3333333333333333,"instances":[{"created":"2015-12-30T05:35:08Z","user_id":"56722a896235370003070500","duration":13.327}]}],"region":{"x":72.0583110905601,"y":742.4411067812873,"width":144.13691434118684,"height":88.38584604539142,"label":"Record Date","shape":"rectangle"},"task_key":"em_record_date","instructions":{"mark":"Record Date","transcribe":"Enter the record date"}},{"id":"56b1772950617568bbb91300","status":"awaiting_transcriptions","name":"Land \u0026 Building Value","created_in_workflow":"transcribe","confidence":0.3333333333333333,"data":{"em_valuation_ground":"$15,000"},"versions":[{"data":{"em_valuation_ground":"$15,000"},"votes":1,"confidence":0.3333333333333333,"instances":[{"created":"2015-12-30T17:55:44Z","user_id":"5676c3a364326200030b0000","duration":13.739}]},{"data":{"em_valuation_ground":"$15000"},"votes":1,"confidence":0.3333333333333333,"instances":[{"created":"2015-12-30T19:44:00Z","user_id":"568432e632613100036e0200","duration":26.061}]}],"region":{"x":277.3854249162131,"y":761.4780582372177,"width":473.20420934653794,"height":67.98911234260879,"label":"Valuation","shape":"rectangle"},"task_key":"em_record_valuation_ground_building","instructions":{"mark":"Valuation","transcribe":"Sometimes valuations include itemized dollar values for \"ground\" and \"building\". Enter these amounts if you can find them. In the next screen, you'll enter the total valuation."}},{"id":"56b1772950617568bbba1300","status":"awaiting_transcriptions","name":"Total Value","created_in_workflow":"transcribe","confidence":0.3333333333333333,"data":{"value":"15000"},"versions":[{"data":{"value":"15000"},"votes":1,"confidence":0.3333333333333333,"instances":[{"created":"2015-12-30T19:44:10Z","user_id":"568432e632613100036e0200","duration":9.187}]}],"region":{"x":277.3854249162131,"y":761.4780582372177,"width":473.20420934653794,"height":67.98911234260879,"label":"Valuation","shape":"rectangle"},"task_key":"em_record_valuation_total","instructions":{"mark":"Valuation","transcribe":"Enter the valuation ***total*** (if one is given)"}},{"id":"56b1772950617568bbbb1300","status":"awaiting_votes","name":"Amount Loaned","created_in_workflow":"transcribe","confidence":0.6666666666666666,"data":{"value":"$8000"},"versions":[{"data":{"value":"$8000"},"votes":2,"confidence":0.6666666666666666,"instances":[{"created":"2015-12-30T13:09:32Z","user_id":"5680342e3037360003550900","duration":17.785},{"created":"2015-12-30T19:43:13Z","user_id":"568432e632613100036e0200","duration":10.073}]},{"data":{"value":"$8,000"},"votes":1,"confidence":0.3333333333333333,"instances":[{"created":"2015-12-30T17:55:18Z","user_id":"5676c3a364326200030b0000","duration":13.918}]}],"region":{"x":1106.8525734834204,"y":749.2400180155482,"width":149.57604318425038,"height":69.34889458946088,"label":"Amount Loaned","shape":"rectangle"},"task_key":"em_record_amount_loaned","instructions":{"mark":"Amount Loaned","transcribe":"Enter the Amount Loaned"}}]}]}