{"id":"56b0fff47061755afb460400","meta_data":{"capture_uuid":"e0809210-00b1-0133-f92b-58d385a7bbd0","page_uri":"http://digitalcollections.nypl.org/items/e0809210-00b1-0133-f92b-58d385a7bbd0","book_uri":"http://digitalcollections.nypl.org/items/df712aa0-00b1-0133-fbd7-58d385a7bbd0","source_rotated":"1.2867","source_x":"0","source_y":"969.14","source_w":"1380.15","source_h":"1092.86"},"type":"final_subject_set","search_terms_by_field":{"Land \u0026 Building Dimensions":["25 x 85.11","25 x 55","25 x 85.11","25 x 55"],"Stories \u0026 Materials":["4","4 story \u0026 basement brick house","4 \u0026 basement","brick"],"Additional Info":["house","house"],"Record Number":["63"],"Mortgager":["1st. Herman Bernheimer  2d. William Sempf"],"Street Address":["No. 75 Saint Marks Place or 8th St. between 1st \u0026 2nd Ave."],"Record Date":["1853 September 7 and 1876 June 13","1876. June 13","1853. September 7"],"Valuation Date":["1879 November"],"Land \u0026 Building Value":["$9000","$9000"],"Total Value":["$15000.","$18000"],"Amount Loaned":["$5000","1st loan $5000 additional $3500 now due $8500","additional $3,500"]},"subjects":[{"id":"56b1763c50617568bbc90300","type":"root","location":{"standard":"https://s3.amazonaws.com/scribe.nypl.org/emigrant-s4/full/e0809210-00b1-0133-f92b-58d385a7bbd0.left-bottom.jpg","thumbnail":"https://s3.amazonaws.com/scribe.nypl.org/emigrant-s4/thumb/e0809210-00b1-0133-f92b-58d385a7bbd0.left-bottom.jpg"},"status":"retired","width":1380,"height":1092,"meta_data":{"capture_uuid":"e0809210-00b1-0133-f92b-58d385a7bbd0","page_uri":"http://digitalcollections.nypl.org/items/e0809210-00b1-0133-f92b-58d385a7bbd0","book_uri":"http://digitalcollections.nypl.org/items/df712aa0-00b1-0133-fbd7-58d385a7bbd0","source_rotated":"1.2867","source_x":"0","source_y":"969.14","source_w":"1380.15","source_h":"1092.86"},"assertions":[{"id":"56b1763c50617568bbca0300","status":"contentious","name":"Land \u0026 Building Dimensions","created_in_workflow":"verify","confidence":0.6521739130434783,"data":{"em_survey_land_dimensions":"25 x 85.11","em_survey_building_dimensions":"25 x 55"},"versions":[{"data":{"em_survey_land_dimensions":"25 x 85.11","em_survey_building_dimensions":"25 x 55"},"votes":15,"confidence":0.6521739130434783,"instances":[{"created":"2015-11-06T17:15:20Z","user_id":"563cb8ab6532620003060900","duration":13.643},{"created":"2015-11-09T09:59:11Z","user_id":"56404e946639340003cf2700","duration":12.794},{"created":"2015-11-09T12:05:38Z","user_id":"56408a1e3432660003150300","duration":20.983},{"created":"2015-11-09T19:12:04Z","user_id":"5640e71c3432660003973200","duration":19.175},{"created":"2015-11-09T21:53:32Z","user_id":"563f7fdf3264340003683800","duration":14.233},{"created":"2015-11-09T23:26:20Z","user_id":"564128a96161650003602d00","duration":54.755},{"created":"2015-11-10T01:12:52Z","user_id":"564142e66161650003d93d00","duration":87.663},{"created":"2015-11-10T02:24:50Z","user_id":"564149836161650003224500","duration":29.603},{"created":"2015-11-10T02:26:28Z","user_id":"564145706161650003bc3f00","duration":12.016},{"created":"2015-11-10T03:04:35Z","user_id":"56415a7f6161650003085700","duration":9.211},{"created":"2015-11-10T03:12:22Z","user_id":"56415dab6161650003e55900","duration":62.695},{"created":"2015-11-10T03:14:55Z","user_id":"563eaf056630330003055300","duration":15.557},{"created":"2015-11-10T03:56:56Z","user_id":"5641647a6161650003ce6100","duration":21.151},{"created":"2015-11-10T05:41:09Z","user_id":"5641822e6161650003406c00","duration":30.94},{"created":"2015-11-10T10:16:33Z","user_id":"5641a5096161650003bf7000","duration":14.957}]},{"data":{"em_survey_land_dimensions":"25 x 85.11"},"votes":6,"confidence":0.2608695652173913,"instances":[{"created":"2015-11-08T22:44:04Z","user_id":"563f7c4e3264340003313300","duration":9.866},{"created":"2015-11-09T11:08:55Z","user_id":"56407bbf3432660003470100","duration":9.186},{"created":"2015-11-09T16:01:55Z","user_id":"5640b4b13432660003160c00","duration":10.8},{"created":"2015-11-09T23:01:58Z","user_id":"5640f4706161650003b50100","duration":10.335},{"created":"2015-11-10T03:48:17Z","user_id":"5641681461616500035a6500","duration":9.94},{"created":"2015-11-10T05:37:44Z","user_id":"56417f126161650003926b00","duration":9.659}]},{"data":{"em_survey_land_dimensions":"25' x 85'11\"","em_survey_building_dimensions":"25 x 55"},"votes":1,"confidence":0.043478260869565216,"instances":[{"created":"2015-11-10T00:52:19Z","user_id":"563f8b7a3264340003774b00","duration":10.982}]},{"data":{"em_survey_land_dimensions":"25x85.11","em_survey_building_dimensions":"25x55"},"votes":1,"confidence":0.043478260869565216,"instances":[{"created":"2015-11-10T04:31:00Z","user_id":"564168a86161650003946500","duration":0.118}]}],"region":{"x":470.7539436608177,"y":613.5685461127463,"width":121.75523138679893,"height":26.463475915537742,"label":"Dimension \u0026 Description","shape":"rectangle"},"task_key":"em_transcribed_survey","instructions":{"mark":"Dimension \u0026 Description","transcribe":"Enter, as they appear, any land and building dimensions that were recorded. In the next screen, you'll enter the descriptive information.","verify":"Choose the best transcription or enter your own!"}},{"id":"56b1763c50617568bbcb0300","status":"contentious","name":"Stories \u0026 Materials","created_in_workflow":"verify","confidence":0.375,"data":{"em_record_stories":"4","em_record_material":"4 story \u0026 basement brick house"},"versions":[{"data":{"em_record_stories":"4","em_record_material":"4 story \u0026 basement brick house"},"votes":9,"confidence":0.375,"instances":[{"created":"2015-11-08T22:49:42Z","user_id":"563f7c4e3264340003313300","duration":24.351},{"created":"2015-11-09T16:01:44Z","user_id":"5640b4b13432660003160c00","duration":20.622},{"created":"2015-11-09T19:55:16Z","user_id":"563f831832643400038c3d00","duration":46.161},{"created":"2015-11-09T20:09:30Z","user_id":"563fb2f53264340003a07100","duration":24.126},{"created":"2015-11-09T21:36:00Z","user_id":"563fb44b3264340003697200","duration":16.535},{"created":"2015-11-09T22:07:35Z","user_id":"563f7fdf3264340003683800","duration":10.681},{"created":"2015-11-10T02:24:20Z","user_id":"564149836161650003224500","duration":22.847},{"created":"2015-11-10T03:14:39Z","user_id":"563eaf056630330003055300","duration":15.974},{"created":"2015-11-10T05:37:34Z","user_id":"56417f126161650003926b00","duration":27.084}]},{"data":{"em_record_stories":"4","em_record_material":"brick"},"votes":7,"confidence":0.2916666666666667,"instances":[{"created":"2015-11-06T17:01:15Z","user_id":"563cb8ab6532620003060900","duration":13.958},{"created":"2015-11-09T10:00:24Z","user_id":"56404e946639340003cf2700","duration":10.504},{"created":"2015-11-09T11:08:46Z","user_id":"56407bbf3432660003470100","duration":35.653},{"created":"2015-11-09T22:26:50Z","user_id":"5640f7726161650003310400","duration":19.182},{"created":"2015-11-09T23:01:48Z","user_id":"5640f4706161650003b50100","duration":20.923},{"created":"2015-11-10T05:40:38Z","user_id":"5641822e6161650003406c00","duration":56.533},{"created":"2015-11-10T08:51:58Z","user_id":"5641a5096161650003bf7000","duration":12.105}]},{"data":{"em_record_stories":"4 \u0026 basement","em_record_material":"Brick"},"votes":4,"confidence":0.16666666666666666,"instances":[{"created":"2015-11-10T00:43:22Z","user_id":"563f8b7a3264340003774b00","duration":28.291},{"created":"2015-11-10T01:11:24Z","user_id":"564142e66161650003d93d00","duration":81.494},{"created":"2015-11-10T03:11:18Z","user_id":"56415dab6161650003e55900","duration":202.485},{"created":"2015-11-10T04:31:00Z","user_id":"564168a86161650003946500","duration":101.479}]},{"data":{"em_record_stories":"4 + basement","em_record_material":"Brick"},"votes":4,"confidence":0.16666666666666666,"instances":[{"created":"2015-11-10T02:26:16Z","user_id":"564145706161650003bc3f00","duration":23.082},{"created":"2015-11-10T03:04:25Z","user_id":"56415a7f6161650003085700","duration":20.826},{"created":"2015-11-10T03:48:07Z","user_id":"5641681461616500035a6500","duration":52.935},{"created":"2015-11-10T03:56:35Z","user_id":"5641647a6161650003ce6100","duration":26.763}]}],"region":{"x":470.7539436608177,"y":613.5685461127463,"width":121.75523138679893,"height":26.463475915537742,"label":"Dimension \u0026 Description","shape":"rectangle"},"task_key":"em_transcribed_stories_materials","instructions":{"mark":"Dimension \u0026 Description","transcribe":"Enter, as they appear, the number of stories and the building materials.","verify":"Choose the best transcription or enter your own!"}},{"id":"56b1763c50617568bbcc0300","status":"awaiting_transcriptions","name":"Additional Info","created_in_workflow":"transcribe","confidence":0.6666666666666666,"data":{"value":"house"},"versions":[{"data":{"value":"house"},"votes":2,"confidence":0.6666666666666666,"instances":[{"created":"2015-11-05T16:19:20Z","user_id":"563bcd0b35326200039a2900","duration":8.433},{"created":"2015-11-10T04:24:57Z","user_id":"56415e826161650003845a00","duration":5.144}]},{"data":{"value":"\"House\""},"votes":1,"confidence":0.3333333333333333,"instances":[{"created":"2015-11-05T16:20:04Z","user_id":"563b77ab3532620003be0600","duration":47.081}]}],"region":{"x":470.7539436608177,"y":613.5685461127463,"width":121.75523138679893,"height":26.463475915537742,"label":"Dimension \u0026 Description","shape":"rectangle"},"task_key":"em_record_survey_additional_info","instructions":{"mark":"Dimension \u0026 Description","transcribe":"Enter any additional information you find about the building's construction or significance."}},{"id":"56b1763c50617568bbcd0300","status":"awaiting_transcriptions","name":"Record Number","created_in_workflow":"transcribe","confidence":0.3333333333333333,"data":{"value":"63"},"versions":[{"data":{"value":"63"},"votes":1,"confidence":0.3333333333333333,"instances":[{"created":"2015-11-05T13:54:05Z","user_id":"563b54cb3532620003040100","duration":7.81}]},{"data":{"value":"h3"},"votes":1,"confidence":0.3333333333333333,"instances":[{"created":"2015-11-05T16:12:08Z","user_id":"563b7e003532620003e80900","duration":14.626}]}],"region":{"x":932.1886249310775,"y":43.72171152485361,"width":67.93588997669212,"height":48.51637251181918,"label":"Record Number","shape":"rectangle"},"task_key":"em_record_number","instructions":{"mark":"Record Number","transcribe":"Enter the record number"}},{"id":"56b1763c50617568bbce0300","status":"complete","name":"Mortgager","created_in_workflow":"verify","confidence":1.0,"data":{"value":"1st. Herman Bernheimer  2d. William Sempf"},"versions":[{"data":{"value":"1st. Herman Bernheimer  2d. William Sempf"},"votes":6,"confidence":0.75,"instances":[{"created":"2015-11-06T17:13:58Z","user_id":"563cb8ab6532620003060900","duration":17.686},{"created":"2015-11-22T05:00:44Z","user_id":"5649188c3863370003020e00","duration":36.948},{"created":"2015-11-23T16:45:58Z","user_id":"5647496e3562310003960400","duration":52.294},{"created":"2015-11-26T03:19:45Z","user_id":"5647496e3562310003960400","duration":42.045},{"created":"2015-11-30T21:19:14Z","user_id":"565cb0463935310003800400","duration":36.935},{"created":"2015-12-01T02:36:43Z","user_id":"563bfc7535326200037f3900","duration":41.036}]},{"data":{"value":"1st. Herman Bernheimer 2nd. William Sempf"},"votes":2,"confidence":0.25,"instances":[{"created":"2015-11-07T11:54:59Z","user_id":"563dbc0d66303300031c0000","duration":19.894},{"created":"2015-11-17T00:17:00Z","user_id":"563f8b7a3264340003774b00","duration":50.09}]}],"region":{"x":395.7597794008328,"y":529.7675390468768,"width":528.4882869615403,"height":53.80906769492674,"label":"Mortgager Name","shape":"rectangle"},"task_key":"em_transcribed_mortgager","instructions":{"mark":"Mortgager Name","transcribe":"Enter the mortgager's name","verify":"Choose the best transcription or enter your own!"}},{"id":"56b1763c50617568bbcf0300","status":"complete","name":"Street Address","created_in_workflow":"verify","confidence":1.0,"data":{"value":"No. 75 Saint Marks Place or 8th St. between 1st \u0026 2nd Ave."},"versions":[{"data":{"value":"No. 75 Saint Marks Place or 8th St. between 1st \u0026 2nd Ave."},"votes":6,"confidence":0.75,"instances":[{"created":"2015-11-06T17:14:13Z","user_id":"563cb8ab6532620003060900","duration":14.872},{"created":"2015-11-17T17:30:34Z","user_id":"5647496e3562310003960400","duration":90.678},{"created":"2015-11-22T02:03:32Z","user_id":"5649188c3863370003020e00","duration":18.428},{"created":"2015-11-22T20:18:19Z","user_id":"56521ef136323100030c0300","duration":64.723},{"created":"2015-11-23T02:41:38Z","user_id":"56527c593632310003100500","duration":15.833},{"created":"2015-11-23T04:12:22Z","user_id":"56528a006639320003af0500","duration":20.16}]},{"data":{"value":"No. 75 Saint Marks Place or 8th St btwn 1st \u0026 2nd Ave"},"votes":1,"confidence":0.125,"instances":[{"created":"2015-11-14T17:04:32Z","user_id":"563f8b7a3264340003774b00","duration":73.75}]},{"data":{"value":"No. 75 Saint Marks Place on 8th St. between 1st. \u0026 2d. Ave."},"votes":1,"confidence":0.125,"instances":[{"created":"2015-11-17T18:34:39Z","user_id":"564618af6363350003da0c00","duration":14.98}]}],"region":{"x":452.22597366717434,"y":573.8733322394397,"width":696.1223011897417,"height":37.93098214560405,"label":"Street Address","shape":"rectangle"},"task_key":"em_transcribed_address","instructions":{"mark":"Street Address","transcribe":"Enter the street address","verify":"Choose the best transcription or enter your own!"}},{"id":"56b1763c50617568bbd00300","status":"complete","name":"Additional Info","created_in_workflow":"transcribe","confidence":1.0,"data":{"value":"house"},"versions":[{"data":{"value":"house"},"votes":2,"confidence":0.6666666666666666,"instances":[{"created":"2015-11-09T03:32:13Z","user_id":"563f7dc232643400032b3500","duration":2.046},{"created":"2015-12-07T20:54:36Z","user_id":"5647496e3562310003960400","duration":1.23}]},{"data":{"value":"and basement"},"votes":1,"confidence":0.3333333333333333,"instances":[{"created":"2015-11-09T04:15:34Z","user_id":"56404ff66639340003092800","duration":13.02}]}],"region":{"x":253.12952534191473,"y":607.293751441589,"width":673.9018503620274,"height":69.94425290826348,"label":"Dimension \u0026 Description","shape":"rectangle"},"task_key":"em_record_survey_additional_info","instructions":{"mark":"Dimension \u0026 Description","transcribe":"Enter any additional information you find about the building's construction or significance."}},{"id":"56b1763c50617568bbd10300","status":"complete","name":"Land \u0026 Building Dimensions","created_in_workflow":"verify","confidence":1.0,"data":{"em_survey_land_dimensions":"25 x 85.11","em_survey_building_dimensions":"25 x 55"},"versions":[{"data":{"em_survey_land_dimensions":"25 x 85.11","em_survey_building_dimensions":"25 x 55"},"votes":3,"confidence":1.0,"instances":[{"created":"2015-12-28T21:05:21Z","user_id":"56748e5e3564620003fd0100","duration":9.742},{"created":"2016-01-19T16:33:03Z","user_id":"56980a2d3337650003270200","duration":16.541},{"created":"2016-01-30T15:11:24Z","user_id":"563f8b7a3264340003774b00","duration":12.812}]}],"region":{"x":253.12952534191473,"y":607.293751441589,"width":673.9018503620274,"height":69.94425290826348,"label":"Dimension \u0026 Description","shape":"rectangle"},"task_key":"em_transcribed_survey","instructions":{"mark":"Dimension \u0026 Description","transcribe":"Enter, as they appear, any land and building dimensions that were recorded. In the next screen, you'll enter the descriptive information.","verify":"Choose the best transcription or enter your own!"}},{"id":"56b1763c50617568bbd20300","status":"complete","name":"Stories \u0026 Materials","created_in_workflow":"verify","confidence":1.0,"data":{"em_record_stories":"4 \u0026 basement","em_record_material":"brick"},"versions":[{"data":{"em_record_stories":"4 \u0026 basement","em_record_material":"brick"},"votes":3,"confidence":1.0,"instances":[{"created":"2015-12-28T19:10:57Z","user_id":"56748e5e3564620003fd0100","duration":16.393},{"created":"2016-01-19T00:27:16Z","user_id":"56980a2d3337650003270200","duration":36.819},{"created":"2016-01-30T15:23:29Z","user_id":"563f8b7a3264340003774b00","duration":21.804}]}],"region":{"x":253.12952534191473,"y":607.293751441589,"width":673.9018503620274,"height":69.94425290826348,"label":"Dimension \u0026 Description","shape":"rectangle"},"task_key":"em_transcribed_stories_materials","instructions":{"mark":"Dimension \u0026 Description","transcribe":"Enter, as they appear, the number of stories and the building materials.","verify":"Choose the best transcription or enter your own!"}},{"id":"56b1763c50617568bbd30300","status":"awaiting_votes","name":"Record Date","created_in_workflow":"verify","confidence":0.6666666666666666,"data":{"value":"1853 September 7 and 1876 June 13"},"versions":[{"data":{"value":"1853 September 7 and 1876 June 13"},"votes":2,"confidence":0.6666666666666666,"instances":[{"created":"2015-11-22T03:02:45Z","user_id":"5649188c3863370003020e00","duration":15.35},{"created":"2015-11-26T00:51:01Z","user_id":"5647496e3562310003960400","duration":19.33}]}],"region":{"x":52.180209171359614,"y":33.30678709917308,"width":283.10539018503624,"height":220.9350210911814,"label":"Record Date","shape":"rectangle"},"task_key":"em_transcribed_date","instructions":{"mark":"Record Date","transcribe":"Enter the record date","verify":"Choose the best transcription or enter your own!"}},{"id":"56b1763c50617568bbd40300","status":"awaiting_votes","name":"Record Date","created_in_workflow":"transcribe","confidence":0.6666666666666666,"data":{"value":"1876. June 13"},"versions":[{"data":{"value":"1876. June 13"},"votes":2,"confidence":0.6666666666666666,"instances":[{"created":"2016-01-07T19:40:56Z","user_id":"568eb6db6263390003600000","duration":11.045},{"created":"2016-01-07T23:45:02Z","user_id":"568ef46f6636620003210800","duration":16.541}]},{"data":{"value":"1876 June 13"},"votes":1,"confidence":0.3333333333333333,"instances":[{"created":"2016-01-08T00:09:54Z","user_id":"5668b33530333000032d0500","duration":4.909}]}],"region":{"x":57.3389414935263,"y":140.32019833440995,"width":183.02636171771132,"height":120.79738813136163,"label":"Record Date","shape":"rectangle"},"task_key":"em_record_date","instructions":{"mark":"Record Date","transcribe":"Enter the record date"}},{"id":"56b1763c50617568bbd50300","status":"awaiting_votes","name":"Record Date","created_in_workflow":"transcribe","confidence":0.3333333333333333,"data":{"value":"1853. September 7"},"versions":[{"data":{"value":"1853. September 7"},"votes":1,"confidence":0.3333333333333333,"instances":[{"created":"2016-01-07T19:40:45Z","user_id":"568eb6db6263390003600000","duration":21.336}]},{"data":{"value":"1853.  September 7"},"votes":1,"confidence":0.3333333333333333,"instances":[{"created":"2016-01-07T23:43:38Z","user_id":"568ef46f6636620003210800","duration":21.44}]},{"data":{"value":"1853 September 7"},"votes":1,"confidence":0.3333333333333333,"instances":[{"created":"2016-01-08T00:09:40Z","user_id":"5668b33530333000032d0500","duration":11.451}]}],"region":{"x":65.8801717070195,"y":37.825444768406165,"width":157.40267107723173,"height":111.03598302983747,"label":"Record Date","shape":"rectangle"},"task_key":"em_record_date","instructions":{"mark":"Record Date","transcribe":"Enter the record date"}},{"id":"56b1763c50617568bbd60300","status":"awaiting_transcriptions","name":"Valuation Date","created_in_workflow":"transcribe","confidence":0.3333333333333333,"data":{"value":"1879 November"},"versions":[{"data":{"value":"1879 November"},"votes":1,"confidence":0.3333333333333333,"instances":[{"created":"2016-01-07T19:44:43Z","user_id":"568eb6db6263390003600000","duration":16.546}]}],"region":{"x":69.54069894137372,"y":756.5088953681233,"width":593.0054119653846,"height":102.49475356600385,"label":"Valuation","shape":"rectangle"},"task_key":"em_record_valuation","instructions":{"mark":"Valuation","transcribe":"Enter the date of the valuation (if one is given). In the next screen, you'll enter the valuation's dollar amounts."}},{"id":"56b1763c50617568bbd70300","status":"awaiting_transcriptions","name":"Land \u0026 Building Value","created_in_workflow":"transcribe","confidence":0.3333333333333333,"data":{"em_valuation_ground":""},"versions":[{"data":{"em_valuation_ground":""},"votes":1,"confidence":0.3333333333333333,"instances":[{"created":"2016-01-07T19:44:43Z","user_id":"568eb6db6263390003600000","duration":0.578}]}],"region":{"x":69.54069894137372,"y":756.5088953681233,"width":593.0054119653846,"height":102.49475356600385,"label":"Valuation","shape":"rectangle"},"task_key":"em_record_valuation_ground_building","instructions":{"mark":"Valuation","transcribe":"Sometimes valuations include itemized dollar values for \"ground\" and \"building\". Enter these amounts if you can find them. In the next screen, you'll enter the total valuation."}},{"id":"56b1763c50617568bbd80300","status":"awaiting_transcriptions","name":"Total Value","created_in_workflow":"transcribe","confidence":0.3333333333333333,"data":{"value":"$15000."},"versions":[{"data":{"value":"$15000."},"votes":1,"confidence":0.3333333333333333,"instances":[{"created":"2016-01-07T19:44:51Z","user_id":"568eb6db6263390003600000","duration":7.191}]}],"region":{"x":69.54069894137372,"y":756.5088953681233,"width":593.0054119653846,"height":102.49475356600385,"label":"Valuation","shape":"rectangle"},"task_key":"em_record_valuation_total","instructions":{"mark":"Valuation","transcribe":"Enter the valuation ***total*** (if one is given)"}},{"id":"56b1763c50617568bbd90300","status":"awaiting_votes","name":"Valuation Date","created_in_workflow":"verify","confidence":0.3333333333333333,"data":{"value":""},"versions":[{"data":{"value":""},"votes":1,"confidence":0.3333333333333333,"instances":[{"created":"2015-12-28T17:57:20Z","user_id":"56748e5e3564620003fd0100","duration":8.514}]}],"region":{"x":464.070796460177,"y":673.9073256399353,"width":269.78278358809337,"height":62.17266925178967,"label":"Valuation","shape":"rectangle"},"task_key":"em_transcribed_valuation_date","instructions":{"mark":"Valuation","transcribe":"Enter the date of the valuation (if one is given). In the next screen, you'll enter the valuation's dollar amounts.","verify":"Choose the best transcription or enter your own!"}},{"id":"56b1763c50617568bbda0300","status":"complete","name":"Land \u0026 Building Value","created_in_workflow":"verify","confidence":1.0,"data":{"em_valuation_ground":"$9000","em_valuation_building":"$9000"},"versions":[{"data":{"em_valuation_ground":"$9000","em_valuation_building":"$9000"},"votes":3,"confidence":1.0,"instances":[{"created":"2015-12-28T18:56:52Z","user_id":"56748e5e3564620003fd0100","duration":4.139},{"created":"2016-01-18T17:06:07Z","user_id":"56980a2d3337650003270200","duration":12.143},{"created":"2016-01-30T15:03:02Z","user_id":"563f8b7a3264340003774b00","duration":10.827}]}],"region":{"x":464.070796460177,"y":673.9073256399353,"width":269.78278358809337,"height":62.17266925178967,"label":"Valuation","shape":"rectangle"},"task_key":"em_transcribed_valuation_itemized","instructions":{"mark":"Valuation","transcribe":"Sometimes valuations include itemized dollar values for \"ground\" and \"building\". Enter these amounts if you can find them. In the next screen, you'll enter the total valuation.","verify":"Choose the best transcription or enter your own!"}},{"id":"56b1763c50617568bbdb0300","status":"complete","name":"Total Value","created_in_workflow":"verify","confidence":1.0,"data":{"value":"$18000"},"versions":[{"data":{"value":"$18000"},"votes":7,"confidence":1.0,"instances":[{"created":"2015-11-09T04:13:00Z","user_id":"56401d366639340003060e00","duration":8.766},{"created":"2015-11-09T04:13:45Z","user_id":"56401a486639340003aa0a00","duration":7.211},{"created":"2015-11-09T04:16:01Z","user_id":"56404ff66639340003092800","duration":306.893},{"created":"2015-11-09T04:27:13Z","user_id":"56401fa06639340003541000","duration":2.302},{"created":"2015-11-09T04:42:21Z","user_id":"5640208966393400036a1100","duration":6.316},{"created":"2015-11-09T04:53:25Z","user_id":"5640222b66393400030b1300","duration":5.339},{"created":"2015-12-28T21:21:50Z","user_id":"56748e5e3564620003fd0100","duration":3.969}]}],"region":{"x":464.070796460177,"y":673.9073256399353,"width":269.78278358809337,"height":62.17266925178967,"label":"Valuation","shape":"rectangle"},"task_key":"em_transcribed_valuation_total","instructions":{"mark":"Valuation","transcribe":"Enter the valuation ***total*** (if one is given)","verify":"Choose the best transcription or enter your own!"}},{"id":"56b1763c50617568bbdc0300","status":"complete","name":"Amount Loaned","created_in_workflow":"transcribe","confidence":1.0,"data":{"value":"$5000"},"versions":[{"data":{"value":"$5000"},"votes":3,"confidence":1.0,"instances":[{"created":"2016-01-07T19:43:35Z","user_id":"568eb6db6263390003600000","duration":9.174},{"created":"2016-01-07T23:46:08Z","user_id":"568ef46f6636620003210800","duration":7.981},{"created":"2016-01-08T00:10:29Z","user_id":"5668b33530333000032d0500","duration":6.34}]}],"region":{"x":413.63025897067104,"y":732.1053826143128,"width":224.51233704039254,"height":47.58684986993035,"label":"Amount Loaned","shape":"rectangle"},"task_key":"em_record_amount_loaned","instructions":{"mark":"Amount Loaned","transcribe":"Enter the Amount Loaned"}},{"id":"56b1763c50617568bbdd0300","status":"contentious","name":"Amount Loaned","created_in_workflow":"verify","confidence":0.38095238095238093,"data":{"value":"1st loan $5000 additional $3500 now due $8500"},"versions":[{"data":{"value":"1st loan $5000 additional $3500 now due $8500"},"votes":8,"confidence":0.38095238095238093,"instances":[{"created":"2015-11-14T03:49:54Z","user_id":"563f8b7a3264340003774b00","duration":18.859},{"created":"2015-11-17T03:48:14Z","user_id":"5647496e3562310003960400","duration":41.62},{"created":"2015-11-20T13:37:28Z","user_id":"564f1fd864353600034f0100","duration":8.256},{"created":"2015-11-20T20:33:19Z","user_id":"564f478f6435360003b00300","duration":21.005},{"created":"2015-11-21T10:06:56Z","user_id":"564f65ec6435360003c20400","duration":110.253},{"created":"2015-11-21T15:20:22Z","user_id":"56508b4165323700037c0000","duration":18.741},{"created":"2015-11-21T18:22:42Z","user_id":"5650b9003064380003e60800","duration":33.173},{"created":"2015-11-21T21:42:02Z","user_id":"5650e4e13064380003600c00","duration":9.151}]},{"data":{"value":"1st loan $5,000 additional $3,500 now due $8,500"},"votes":4,"confidence":0.19047619047619047,"instances":[{"created":"2015-11-21T09:03:59Z","user_id":"5649188c3863370003020e00","duration":13.384},{"created":"2015-11-21T09:22:06Z","user_id":"564f12e66435360003dc0000","duration":41.402},{"created":"2015-11-21T15:56:45Z","user_id":"56508b0030643800039a0200","duration":24.276},{"created":"2015-11-21T19:50:52Z","user_id":"5650ca1d3064380003fd0a00","duration":20.673}]},{"data":{"value":"1st Loan $5000   additional $3500.   now due $8,500."},"votes":3,"confidence":0.14285714285714285,"instances":[{"created":"2015-11-20T02:35:46Z","user_id":"564e824e6438310003531000","duration":48.628},{"created":"2015-11-21T16:19:43Z","user_id":"5650851d3064380003050200","duration":39.42},{"created":"2015-11-21T17:07:25Z","user_id":"5650a24e6532370003590400","duration":474.678}]},{"data":{"value":"$8,500"},"votes":3,"confidence":0.14285714285714285,"instances":[{"created":"2015-11-17T03:25:27Z","user_id":"564618af6363350003da0c00","duration":70.355},{"created":"2015-11-21T03:51:40Z","user_id":"56507fce3334380003e00100","duration":18.822},{"created":"2015-11-21T18:01:44Z","user_id":"5650b14e3064380003c90700","duration":18.402}]},{"data":{"value":"8500"},"votes":2,"confidence":0.09523809523809523,"instances":[{"created":"2015-11-21T14:34:27Z","user_id":"56507fce3334380003e00100","duration":10.195},{"created":"2015-11-22T00:50:25Z","user_id":"565110813064380003290d00","duration":180.224}]},{"data":{"value":"1st loan $5000 additional/ $3500. Now due $8500"},"votes":1,"confidence":0.047619047619047616,"instances":[{"created":"2015-11-22T00:47:19Z","user_id":"56510dd93064380003eb0c00","duration":31.28}]}],"region":{"x":421.34602367776887,"y":730.0078401411123,"width":823.1712382890104,"height":39.69521387330656,"label":"Amount Loaned","shape":"rectangle"},"task_key":"em_transcribed_amount_loaned","instructions":{"mark":"Amount Loaned","transcribe":"Enter the Amount Loaned","verify":"Choose the best transcription or enter your own!"}},{"id":"56b1763c50617568bbde0300","status":"awaiting_votes","name":"Amount Loaned","created_in_workflow":"transcribe","confidence":0.3333333333333333,"data":{"value":"additional $3,500"},"versions":[{"data":{"value":"additional $3,500"},"votes":1,"confidence":0.3333333333333333,"instances":[{"created":"2016-01-07T04:56:17Z","user_id":"568de79535656200036f0900","duration":6.805}]},{"data":{"value":"1st Loan $5000  additional $3500.  now due $8500."},"votes":1,"confidence":0.3333333333333333,"instances":[{"created":"2016-01-07T19:23:44Z","user_id":"568eb0c262633900031d0000","duration":63.807}]},{"data":{"value":"$3500."},"votes":1,"confidence":0.3333333333333333,"instances":[{"created":"2016-01-07T23:46:00Z","user_id":"568ef46f6636620003210800","duration":10.496}]}],"region":{"x":649.1241777141263,"y":721.1238018750981,"width":223.2921612956078,"height":56.12807933376405,"label":"Amount Loaned","shape":"rectangle"},"task_key":"em_record_amount_loaned","instructions":{"mark":"Amount Loaned","transcribe":"Enter the Amount Loaned"}}]}]}