{"id":"56b100547061755afb560b00","meta_data":{"capture_uuid":"e199e460-00b1-0133-6f1a-58d385a7bbd0","page_uri":"http://digitalcollections.nypl.org/items/e199e460-00b1-0133-6f1a-58d385a7bbd0","book_uri":"http://digitalcollections.nypl.org/items/df712aa0-00b1-0133-fbd7-58d385a7bbd0","source_rotated":"1.03502","source_x":"1221.06","source_y":"970.55","source_w":"1376.94","source_h":"1094.45"},"type":"final_subject_set","search_terms_by_field":{"Record Date":["1879 November","1868 October 23.","1868 October 23"],"Record Number":["367"],"Mortgager":["Ehrhard Schultz"],"Street Address":["632 E 11th St."],"Additional Info":["2 story brick in the rear 25 x 16"],"Land \u0026 Building Dimensions":["25x94.9","25x48 and 25x16"],"Stories \u0026 Materials":["front building 4   rear building 2","brick"],"Valuation Date":["1879 November","1879 November"],"Land \u0026 Building Value":["$10,000"],"Total Value":["$10,000","$10,000"],"Amount Loaned":["$5,000"]},"subjects":[{"id":"56b1769f50617568bb710a00","type":"root","location":{"standard":"https://s3.amazonaws.com/scribe.nypl.org/emigrant-s4/full/e199e460-00b1-0133-6f1a-58d385a7bbd0.right-bottom.jpg","thumbnail":"https://s3.amazonaws.com/scribe.nypl.org/emigrant-s4/thumb/e199e460-00b1-0133-6f1a-58d385a7bbd0.right-bottom.jpg"},"status":"retired","width":1376,"height":1094,"meta_data":{"capture_uuid":"e199e460-00b1-0133-6f1a-58d385a7bbd0","page_uri":"http://digitalcollections.nypl.org/items/e199e460-00b1-0133-6f1a-58d385a7bbd0","book_uri":"http://digitalcollections.nypl.org/items/df712aa0-00b1-0133-fbd7-58d385a7bbd0","source_rotated":"1.03502","source_x":"1221.06","source_y":"970.55","source_w":"1376.94","source_h":"1094.45"},"assertions":[{"id":"56b1769f50617568bb720a00","status":"awaiting_votes","name":"Record Date","created_in_workflow":"verify","confidence":0.5,"data":{"value":"1879 November"},"versions":[{"data":{"value":"1879 November"},"votes":2,"confidence":0.5,"instances":[{"created":"2015-11-16T06:09:21Z","user_id":"5647496e3562310003960400","duration":3.98},{"created":"2015-11-16T22:53:11Z","user_id":"5649188c3863370003020e00","duration":10.35}]},{"data":{"value":"1868 October 23"},"votes":2,"confidence":0.5,"instances":[{"created":"2015-11-16T22:27:10Z","user_id":"564618af6363350003da0c00","duration":13.105},{"created":"2015-11-18T18:54:57Z","user_id":"563cbf4b65326200030e0d00","duration":31.379}]}],"region":{"x":131.17160502447115,"y":746.5462272572959,"width":144.37923238999144,"height":80.99322276848022,"label":"Record Date","shape":"rectangle"},"task_key":"em_transcribed_date","instructions":{"mark":"Record Date","transcribe":"Enter the record date","verify":"Choose the best transcription or enter your own!"}},{"id":"56b1769f50617568bb730a00","status":"complete","name":"Record Number","created_in_workflow":"transcribe","confidence":1.0,"data":{"value":"367"},"versions":[{"data":{"value":"367"},"votes":3,"confidence":1.0,"instances":[{"created":"2015-11-06T02:22:55Z","user_id":"563bfc7535326200037f3900","duration":7.32},{"created":"2015-11-06T04:49:01Z","user_id":"563c23f635326200032a4500","duration":14.598},{"created":"2015-11-06T13:17:18Z","user_id":"563ca6986532620003f20400","duration":7.699}]}],"region":{"x":971.9165253442386,"y":32.57336133080182,"width":126.77200892779729,"height":67.78780601274974,"label":"Record Number","shape":"rectangle"},"task_key":"em_record_number","instructions":{"mark":"Record Number","transcribe":"Enter the record number"}},{"id":"56b1769f50617568bb740a00","status":"complete","name":"Mortgager","created_in_workflow":"verify","confidence":1.0,"data":{"value":"Ehrhard Schultz"},"versions":[{"data":{"value":"Ehrhard Schultz"},"votes":3,"confidence":1.0,"instances":[{"created":"2015-11-13T03:35:09Z","user_id":"563f8b7a3264340003774b00","duration":11.509},{"created":"2015-11-16T22:46:45Z","user_id":"564618af6363350003da0c00","duration":10.772},{"created":"2015-11-16T23:01:58Z","user_id":"5647496e3562310003960400","duration":8.122}]}],"region":{"x":487.7178801339013,"y":518.5326979416831,"width":380.3160267833922,"height":67.7878060127498,"label":"Mortgager Name","shape":"rectangle"},"task_key":"em_transcribed_mortgager","instructions":{"mark":"Mortgager Name","transcribe":"Enter the mortgager's name","verify":"Choose the best transcription or enter your own!"}},{"id":"56b1769f50617568bb750a00","status":"complete","name":"Street Address","created_in_workflow":"verify","confidence":1.0,"data":{"value":"632 E 11th St."},"versions":[{"data":{"value":"632 E 11th St."},"votes":5,"confidence":1.0,"instances":[{"created":"2015-11-06T13:33:47Z","user_id":"563bdd463532620003333200","duration":52.57},{"created":"2015-11-06T13:41:31Z","user_id":"563cade06532620003590600","duration":23.293},{"created":"2015-11-06T13:49:46Z","user_id":"563cbf4b65326200030e0d00","duration":28.574},{"created":"2015-11-06T14:18:49Z","user_id":"563cb6c965326200037b0800","duration":46.538},{"created":"2015-11-14T04:17:50Z","user_id":"563f8b7a3264340003774b00","duration":16.69}]}],"region":{"x":523.8126882313992,"y":571.354364964605,"width":292.27990947242176,"height":34.334083564899174,"label":"Street Address","shape":"rectangle"},"task_key":"em_transcribed_address","instructions":{"mark":"Street Address","transcribe":"Enter the street address","verify":"Choose the best transcription or enter your own!"}},{"id":"56b1769f50617568bb760a00","status":"awaiting_transcriptions","name":"Additional Info","created_in_workflow":"transcribe","confidence":0.3333333333333333,"data":{"value":"2 story brick in the rear 25 x 16"},"versions":[{"data":{"value":"2 story brick in the rear 25 x 16"},"votes":1,"confidence":0.3333333333333333,"instances":[{"created":"2015-11-06T13:14:42Z","user_id":"563ca2156532620003470400","duration":18.989}]},{"data":{"value":"brick"},"votes":1,"confidence":0.3333333333333333,"instances":[{"created":"2015-11-06T13:31:40Z","user_id":"563caa3265326200038e0500","duration":2.266}]},{"data":{"value":"House"},"votes":1,"confidence":0.3333333333333333,"instances":[{"created":"2015-11-06T13:34:04Z","user_id":"563ca6986532620003f20400","duration":13.011}]}],"region":{"x":525.5734105776186,"y":615.3724208170398,"width":783.5214440676367,"height":68.66816712979846,"label":"Dimension \u0026 Description","shape":"rectangle"},"task_key":"em_record_survey_additional_info","instructions":{"mark":"Dimension \u0026 Description","transcribe":"Enter any additional information you find about the building's construction or significance."}},{"id":"56b1769f50617568bb770a00","status":"complete","name":"Land \u0026 Building Dimensions","created_in_workflow":"verify","confidence":1.0,"data":{"em_survey_land_dimensions":"25x94.9","em_survey_building_dimensions":"25x48 and 25x16"},"versions":[{"data":{"em_survey_land_dimensions":"25x94.9","em_survey_building_dimensions":"25x48 and 25x16"},"votes":3,"confidence":0.75,"instances":[{"created":"2015-11-14T04:00:49Z","user_id":"563f8b7a3264340003774b00","duration":18.794},{"created":"2015-11-17T03:50:21Z","user_id":"5647496e3562310003960400","duration":39.099},{"created":"2015-11-19T21:12:53Z","user_id":"564dee2139646600036e0200","duration":86.856}]},{"data":{"em_survey_land_dimensions":"25 x 94.9","em_survey_building_dimensions":"25 x 48"},"votes":1,"confidence":0.25,"instances":[{"created":"2015-11-17T03:16:37Z","user_id":"564618af6363350003da0c00","duration":10.043}]}],"region":{"x":525.5734105776186,"y":615.3724208170398,"width":783.5214440676367,"height":68.66816712979846,"label":"Dimension \u0026 Description","shape":"rectangle"},"task_key":"em_transcribed_survey","instructions":{"mark":"Dimension \u0026 Description","transcribe":"Enter, as they appear, any land and building dimensions that were recorded. In the next screen, you'll enter the descriptive information.","verify":"Choose the best transcription or enter your own!"}},{"id":"56b1769f50617568bb780a00","status":"complete","name":"Stories \u0026 Materials","created_in_workflow":"verify","confidence":1.0,"data":{"em_record_stories":"front building 4   rear building 2","em_record_material":"brick"},"versions":[{"data":{"em_record_stories":"front building 4   rear building 2","em_record_material":"brick"},"votes":3,"confidence":1.0,"instances":[{"created":"2015-11-14T03:51:07Z","user_id":"563f8b7a3264340003774b00","duration":8.99},{"created":"2015-11-17T03:16:49Z","user_id":"564618af6363350003da0c00","duration":11.71},{"created":"2015-11-17T03:50:47Z","user_id":"5647496e3562310003960400","duration":25.843}]}],"region":{"x":525.5734105776186,"y":615.3724208170398,"width":783.5214440676367,"height":68.66816712979846,"label":"Dimension \u0026 Description","shape":"rectangle"},"task_key":"em_transcribed_stories_materials","instructions":{"mark":"Dimension \u0026 Description","transcribe":"Enter, as they appear, the number of stories and the building materials.","verify":"Choose the best transcription or enter your own!"}},{"id":"56b1769f50617568bb790a00","status":"awaiting_transcriptions","name":"Record Date","created_in_workflow":"transcribe","confidence":0.3333333333333333,"data":{"value":"1868 October 23."},"versions":[{"data":{"value":"1868 October 23."},"votes":1,"confidence":0.3333333333333333,"instances":[{"created":"2015-12-12T21:47:33Z","user_id":"566c94f233653800035b0300","duration":16.298}]},{"data":{"value":"1868 October 23"},"votes":1,"confidence":0.3333333333333333,"instances":[{"created":"2015-12-12T22:41:56Z","user_id":"566ccba33832630003fa0600","duration":17.08}]}],"region":{"x":119.69811533268086,"y":100.35969259994819,"width":183.79123289011358,"height":114.86952767463951,"label":"Record Date","shape":"rectangle"},"task_key":"em_record_date","instructions":{"mark":"Record Date","transcribe":"Enter the record date"}},{"id":"56b1769f50617568bb7a0a00","status":"complete","name":"Record Date","created_in_workflow":"transcribe","confidence":1.0,"data":{"value":"1868 October 23"},"versions":[{"data":{"value":"1868 October 23"},"votes":3,"confidence":1.0,"instances":[{"created":"2015-11-06T02:23:03Z","user_id":"563bfc7535326200037f3900","duration":7.456},{"created":"2015-11-06T04:49:31Z","user_id":"563c23f635326200032a4500","duration":10.844},{"created":"2015-11-06T10:27:16Z","user_id":"563c7e176532620003110100","duration":12.559}]}],"region":{"x":122.36799329337411,"y":101.24152846060026,"width":176.07223462194082,"height":109.16477851403853,"label":"Record Date","shape":"rectangle"},"task_key":"em_record_date","instructions":{"mark":"Record Date","transcribe":"Enter the record date"}},{"id":"56b1769f50617568bb7b0a00","status":"awaiting_transcriptions","name":"Valuation Date","created_in_workflow":"transcribe","confidence":0.3333333333333333,"data":{"value":"1879 November"},"versions":[{"data":{"value":"1879 November"},"votes":1,"confidence":0.3333333333333333,"instances":[{"created":"2015-12-04T03:25:22Z","user_id":"563bfc7535326200037f3900","duration":12.298}]}],"region":{"x":121.12669021601621,"y":736.3228427580041,"width":690.047500250693,"height":85.74554361137564,"label":"Valuation","shape":"rectangle"},"task_key":"em_record_valuation","instructions":{"mark":"Valuation","transcribe":"Enter the date of the valuation (if one is given). In the next screen, you'll enter the valuation's dollar amounts."}},{"id":"56b1769f50617568bb7c0a00","status":"awaiting_transcriptions","name":"Land \u0026 Building Value","created_in_workflow":"transcribe","confidence":0.3333333333333333,"data":{"em_valuation_ground":""},"versions":[{"data":{"em_valuation_ground":""},"votes":1,"confidence":0.3333333333333333,"instances":[{"created":"2015-12-04T03:25:25Z","user_id":"563bfc7535326200037f3900","duration":3.3}]}],"region":{"x":121.12669021601621,"y":736.3228427580041,"width":690.047500250693,"height":85.74554361137564,"label":"Valuation","shape":"rectangle"},"task_key":"em_record_valuation_ground_building","instructions":{"mark":"Valuation","transcribe":"Sometimes valuations include itemized dollar values for \"ground\" and \"building\". Enter these amounts if you can find them. In the next screen, you'll enter the total valuation."}},{"id":"56b1769f50617568bb7d0a00","status":"awaiting_transcriptions","name":"Total Value","created_in_workflow":"transcribe","confidence":0.3333333333333333,"data":{"value":"$10,000"},"versions":[{"data":{"value":"$10,000"},"votes":1,"confidence":0.3333333333333333,"instances":[{"created":"2015-12-04T03:25:31Z","user_id":"563bfc7535326200037f3900","duration":5.993}]}],"region":{"x":121.12669021601621,"y":736.3228427580041,"width":690.047500250693,"height":85.74554361137564,"label":"Valuation","shape":"rectangle"},"task_key":"em_record_valuation_total","instructions":{"mark":"Valuation","transcribe":"Enter the valuation ***total*** (if one is given)"}},{"id":"56b1769f50617568bb7e0a00","status":"complete","name":"Valuation Date","created_in_workflow":"transcribe","confidence":1.0,"data":{"value":"1879 November"},"versions":[{"data":{"value":"1879 November"},"votes":3,"confidence":1.0,"instances":[{"created":"2015-11-06T04:52:08Z","user_id":"563c23f635326200032a4500","duration":12.939},{"created":"2015-11-06T13:15:29Z","user_id":"563ca2156532620003470400","duration":10.887},{"created":"2015-11-06T13:33:50Z","user_id":"563caa3265326200038e0500","duration":17.548}]}],"region":{"x":663.7901147558422,"y":753.5891161936854,"width":140.85778769755257,"height":71.30925048094457,"label":"Valuation","shape":"rectangle"},"task_key":"em_record_valuation","instructions":{"mark":"Valuation","transcribe":"Enter the date of the valuation (if one is given). In the next screen, you'll enter the valuation's dollar amounts."}},{"id":"56b1769f50617568bb7f0a00","status":"complete","name":"Total Value","created_in_workflow":"transcribe","confidence":1.0,"data":{"value":"$10,000"},"versions":[{"data":{"value":"$10,000"},"votes":3,"confidence":1.0,"instances":[{"created":"2015-11-06T04:52:25Z","user_id":"563c23f635326200032a4500","duration":7.242},{"created":"2015-11-06T13:15:43Z","user_id":"563ca2156532620003470400","duration":5.723},{"created":"2015-11-06T13:34:16Z","user_id":"563caa3265326200038e0500","duration":10.125}]}],"region":{"x":663.7901147558422,"y":753.5891161936854,"width":140.85778769755257,"height":71.30925048094457,"label":"Valuation","shape":"rectangle"},"task_key":"em_record_valuation_total","instructions":{"mark":"Valuation","transcribe":"Enter the valuation ***total*** (if one is given)"}},{"id":"56b1769f50617568bb800a00","status":"awaiting_transcriptions","name":"Land \u0026 Building Value","created_in_workflow":"transcribe","confidence":0.3333333333333333,"data":{"em_valuation_building":"$10,000"},"versions":[{"data":{"em_valuation_building":"$10,000"},"votes":1,"confidence":0.3333333333333333,"instances":[{"created":"2015-11-06T13:34:06Z","user_id":"563caa3265326200038e0500","duration":16.38}]}],"region":{"x":663.7901147558422,"y":753.5891161936854,"width":140.85778769755257,"height":71.30925048094457,"label":"Valuation","shape":"rectangle"},"task_key":"em_record_valuation_ground_building","instructions":{"mark":"Valuation","transcribe":"Sometimes valuations include itemized dollar values for \"ground\" and \"building\". Enter these amounts if you can find them. In the next screen, you'll enter the total valuation."}},{"id":"56b1769f50617568bb810a00","status":"awaiting_votes","name":"Amount Loaned","created_in_workflow":"verify","confidence":0.6666666666666666,"data":{"value":"$5,000"},"versions":[{"data":{"value":"$5,000"},"votes":2,"confidence":0.6666666666666666,"instances":[{"created":"2015-11-13T03:35:33Z","user_id":"563f8b7a3264340003774b00","duration":4.154},{"created":"2015-11-16T22:52:56Z","user_id":"564618af6363350003da0c00","duration":2.199}]},{"data":{"value":"$5000."},"votes":1,"confidence":0.3333333333333333,"instances":[{"created":"2015-11-18T00:39:52Z","user_id":"5649188c3863370003020e00","duration":6.391}]}],"region":{"x":1197.2889856603229,"y":715.7335881605914,"width":134.69525948578462,"height":68.66816712979846,"label":"Amount Loaned","shape":"rectangle"},"task_key":"em_transcribed_amount_loaned","instructions":{"mark":"Amount Loaned","transcribe":"Enter the Amount Loaned","verify":"Choose the best transcription or enter your own!"}}]}]}