{"id":"56b100a57061755afb5b1100","meta_data":{"capture_uuid":"e2890640-00b1-0133-c25f-58d385a7bbd0","page_uri":"http://digitalcollections.nypl.org/items/e2890640-00b1-0133-c25f-58d385a7bbd0","book_uri":"http://digitalcollections.nypl.org/items/df712aa0-00b1-0133-fbd7-58d385a7bbd0","source_rotated":"0.867204","source_x":"1217.27","source_y":"964.4399999999999","source_w":"1372.73","source_h":"1087.56"},"type":"final_subject_set","search_terms_by_field":{"Record Number":["501"],"Mortgager":["Denis Smith"],"Street Address":["345 W. 43d Street"],"Land \u0026 Building Dimensions":["25 x 100' 4","25 x 58"],"Stories \u0026 Materials":["5","brick "],"Additional Info":["house"],"Record Date":["1871 Nov 2"],"Valuation Date":["1879 November"],"Total Value":["$15000"],"Land \u0026 Building Value":["15000."],"Amount Loaned":["$11000"]},"subjects":[{"id":"56b176f350617568bb121000","type":"root","location":{"standard":"https://s3.amazonaws.com/scribe.nypl.org/emigrant-s4/full/e2890640-00b1-0133-c25f-58d385a7bbd0.right-bottom.jpg","thumbnail":"https://s3.amazonaws.com/scribe.nypl.org/emigrant-s4/thumb/e2890640-00b1-0133-c25f-58d385a7bbd0.right-bottom.jpg"},"status":"retired","width":1372,"height":1087,"meta_data":{"capture_uuid":"e2890640-00b1-0133-c25f-58d385a7bbd0","page_uri":"http://digitalcollections.nypl.org/items/e2890640-00b1-0133-c25f-58d385a7bbd0","book_uri":"http://digitalcollections.nypl.org/items/df712aa0-00b1-0133-fbd7-58d385a7bbd0","source_rotated":"0.867204","source_x":"1217.27","source_y":"964.4399999999999","source_w":"1372.73","source_h":"1087.56"},"assertions":[{"id":"56b176f350617568bb131000","status":"complete","name":"Record Number","created_in_workflow":"transcribe","confidence":1.0,"data":{"value":"501"},"versions":[{"data":{"value":"501"},"votes":3,"confidence":1.0,"instances":[{"created":"2015-11-10T18:38:39Z","user_id":"564235de36363900032c1400","duration":6.994},{"created":"2015-11-10T18:47:35Z","user_id":"563ff09d32643400030da100","duration":3.068},{"created":"2015-11-10T18:51:05Z","user_id":"564238183636390003f01400","duration":43.733}]}],"region":{"x":977.8709563921326,"y":37.74572250542573,"width":104.45908871729978,"height":57.05748750820169,"label":"Record Number","shape":"rectangle"},"task_key":"em_record_number","instructions":{"mark":"Record Number","transcribe":"Enter the record number"}},{"id":"56b176f350617568bb141000","status":"complete","name":"Mortgager","created_in_workflow":"transcribe","confidence":1.0,"data":{"value":"Denis Smith"},"versions":[{"data":{"value":"Denis Smith"},"votes":3,"confidence":1.0,"instances":[{"created":"2015-11-10T18:40:04Z","user_id":"564235de36363900032c1400","duration":7.352},{"created":"2015-11-10T18:47:53Z","user_id":"563ff09d32643400030da100","duration":6.796},{"created":"2015-11-10T18:59:28Z","user_id":"564238183636390003f01400","duration":15.263}]}],"region":{"x":490.6878115341377,"y":519.6620400746984,"width":290.55427197837173,"height":69.34679250996817,"label":"Mortgager Name","shape":"rectangle"},"task_key":"em_record_mortgager","instructions":{"mark":"Mortgager Name","transcribe":"Enter the mortgager's name"}},{"id":"56b176f350617568bb151000","status":"awaiting_votes","name":"Street Address","created_in_workflow":"transcribe","confidence":0.3333333333333333,"data":{"value":"345 W. 43d Street"},"versions":[{"data":{"value":"345 W. 43d Street"},"votes":1,"confidence":0.3333333333333333,"instances":[{"created":"2015-11-10T18:40:24Z","user_id":"564235de36363900032c1400","duration":20.317}]},{"data":{"value":"No. 345 W. 43rd Street"},"votes":1,"confidence":0.3333333333333333,"instances":[{"created":"2015-11-10T18:48:14Z","user_id":"563ff09d32643400030da100","duration":10.299}]},{"data":{"value":"No 345 W 43d Street"},"votes":1,"confidence":0.3333333333333333,"instances":[{"created":"2015-11-10T19:00:26Z","user_id":"564238183636390003f01400","duration":57.774}]}],"region":{"x":519.6554579851537,"y":574.9639125826477,"width":384.4796710771202,"height":37.74572250542576,"label":"Street Address","shape":"rectangle"},"task_key":"em_record_street_address","instructions":{"mark":"Street Address","transcribe":"Enter the street address"}},{"id":"56b176f350617568bb161000","status":"awaiting_transcriptions","name":"Land \u0026 Building Dimensions","created_in_workflow":"transcribe","confidence":0.3333333333333333,"data":{"em_survey_land_dimensions":"25 x 100' 4","em_survey_building_dimensions":"25 x 58"},"versions":[{"data":{"em_survey_land_dimensions":"25 x 100' 4","em_survey_building_dimensions":"25 x 58"},"votes":1,"confidence":0.3333333333333333,"instances":[{"created":"2015-11-15T20:41:41Z","user_id":"564618af6363350003da0c00","duration":15.982}]}],"region":{"x":383.5554571465853,"y":619.2843105153681,"width":628.3532920326888,"height":67.36984131129532,"label":"Dimension \u0026 Description","shape":"rectangle"},"task_key":"em_record_survey","instructions":{"mark":"Dimension \u0026 Description","transcribe":"Enter, as they appear, any land and building dimensions that were recorded. In the next screen, you'll enter the descriptive information."}},{"id":"56b176f350617568bb171000","status":"awaiting_transcriptions","name":"Stories \u0026 Materials","created_in_workflow":"transcribe","confidence":0.3333333333333333,"data":{"em_record_stories":"5","em_record_material":"brick "},"versions":[{"data":{"em_record_stories":"5","em_record_material":"brick "},"votes":1,"confidence":0.3333333333333333,"instances":[{"created":"2015-11-15T20:41:50Z","user_id":"564618af6363350003da0c00","duration":8.466}]}],"region":{"x":383.5554571465853,"y":619.2843105153681,"width":628.3532920326888,"height":67.36984131129532,"label":"Dimension \u0026 Description","shape":"rectangle"},"task_key":"em_record_survey_stories_materials","instructions":{"mark":"Dimension \u0026 Description","transcribe":"Enter, as they appear, the number of stories and the building materials."}},{"id":"56b176f350617568bb181000","status":"awaiting_transcriptions","name":"Additional Info","created_in_workflow":"transcribe","confidence":0.3333333333333333,"data":{"value":"house"},"versions":[{"data":{"value":"house"},"votes":1,"confidence":0.3333333333333333,"instances":[{"created":"2015-11-15T20:41:53Z","user_id":"564618af6363350003da0c00","duration":3.543}]}],"region":{"x":383.5554571465853,"y":619.2843105153681,"width":628.3532920326888,"height":67.36984131129532,"label":"Dimension \u0026 Description","shape":"rectangle"},"task_key":"em_record_survey_additional_info","instructions":{"mark":"Dimension \u0026 Description","transcribe":"Enter any additional information you find about the building's construction or significance."}},{"id":"56b176f350617568bb191000","status":"complete","name":"Record Date","created_in_workflow":"verify","confidence":1.0,"data":{"value":"1871 Nov 2"},"versions":[{"data":{"value":"1871 Nov 2"},"votes":5,"confidence":0.8333333333333334,"instances":[{"created":"2015-11-10T19:11:07Z","user_id":"56423dcd3636390003951900","duration":11.16},{"created":"2015-11-10T19:13:06Z","user_id":"564241bd3636390003371c00","duration":4.533},{"created":"2015-11-10T19:15:51Z","user_id":"564242663636390003591c00","duration":8.259},{"created":"2015-11-10T19:31:34Z","user_id":"564246153636390003e51d00","duration":23.477},{"created":"2015-11-10T19:47:05Z","user_id":"5642471a3636390003441e00","duration":14.358}]},{"data":{"value":"1871. Nov. 2"},"votes":1,"confidence":0.16666666666666666,"instances":[{"created":"2015-11-10T19:14:55Z","user_id":"5640e6bd3432660003583200","duration":10.888}]}],"region":{"x":119.37525248020653,"y":103.58128501488922,"width":181.7061459200089,"height":104.45909251501537,"label":"Record Date","shape":"rectangle"},"task_key":"em_transcribed_date","instructions":{"mark":"Record Date","transcribe":"Enter the record date","verify":"Choose the best transcription or enter your own!"}},{"id":"56b176f350617568bb1a1000","status":"awaiting_votes","name":"Valuation Date","created_in_workflow":"transcribe","confidence":0.8,"data":{"value":"1879 November"},"versions":[{"data":{"value":"1879 November"},"votes":4,"confidence":0.8,"instances":[{"created":"2015-11-10T18:41:18Z","user_id":"564235de36363900032c1400","duration":13.493},{"created":"2015-11-10T18:48:37Z","user_id":"563ff09d32643400030da100","duration":7.054},{"created":"2015-11-10T19:02:45Z","user_id":"564213f63636390003830a00","duration":16.031},{"created":"2015-11-10T19:07:51Z","user_id":"5640e9953432660003d83400","duration":15.612}]},{"data":{"value":"November 1879"},"votes":1,"confidence":0.2,"instances":[{"created":"2015-11-10T19:11:39Z","user_id":"564238183636390003f01400","duration":390.362}]}],"region":{"x":122.88648235305695,"y":744.3807601070005,"width":764.5703048131775,"height":71.10240751022047,"label":"Valuation","shape":"rectangle"},"task_key":"em_record_valuation","instructions":{"mark":"Valuation","transcribe":"Enter the date of the valuation (if one is given). In the next screen, you'll enter the valuation's dollar amounts."}},{"id":"56b176f350617568bb1b1000","status":"complete","name":"Total Value","created_in_workflow":"transcribe","confidence":1.0,"data":{"value":"$15000"},"versions":[{"data":{"value":"$15000"},"votes":3,"confidence":1.0,"instances":[{"created":"2015-11-10T18:48:48Z","user_id":"563ff09d32643400030da100","duration":5.157},{"created":"2015-11-10T19:02:53Z","user_id":"564213f63636390003830a00","duration":3.55},{"created":"2015-11-10T19:08:09Z","user_id":"5640e9953432660003d83400","duration":6.335}]}],"region":{"x":122.88648235305695,"y":744.3807601070005,"width":764.5703048131775,"height":71.10240751022047,"label":"Valuation","shape":"rectangle"},"task_key":"em_record_valuation_total","instructions":{"mark":"Valuation","transcribe":"Enter the valuation ***total*** (if one is given)"}},{"id":"56b176f350617568bb1c1000","status":"awaiting_transcriptions","name":"Land \u0026 Building Value","created_in_workflow":"transcribe","confidence":0.3333333333333333,"data":{"em_valuation_building":"15000."},"versions":[{"data":{"em_valuation_building":"15000."},"votes":1,"confidence":0.3333333333333333,"instances":[{"created":"2015-11-10T18:41:42Z","user_id":"564235de36363900032c1400","duration":23.394}]}],"region":{"x":122.88648235305695,"y":744.3807601070005,"width":764.5703048131775,"height":71.10240751022047,"label":"Valuation","shape":"rectangle"},"task_key":"em_record_valuation_ground_building","instructions":{"mark":"Valuation","transcribe":"Sometimes valuations include itemized dollar values for \"ground\" and \"building\". Enter these amounts if you can find them. In the next screen, you'll enter the total valuation."}},{"id":"56b176f350617568bb1d1000","status":"awaiting_votes","name":"Amount Loaned","created_in_workflow":"transcribe","confidence":0.6,"data":{"value":"$11000"},"versions":[{"data":{"value":"$11000"},"votes":3,"confidence":0.6,"instances":[{"created":"2015-11-10T18:48:26Z","user_id":"563ff09d32643400030da100","duration":4.575},{"created":"2015-11-10T19:02:25Z","user_id":"564213f63636390003830a00","duration":9.816},{"created":"2015-11-10T19:07:30Z","user_id":"5640e9953432660003d83400","duration":97.066}]},{"data":{"value":"11000"},"votes":1,"confidence":0.2,"instances":[{"created":"2015-11-10T18:41:05Z","user_id":"564235de36363900032c1400","duration":7.396}]},{"data":{"value":"$11,000"},"votes":1,"confidence":0.2,"instances":[{"created":"2015-11-10T19:05:08Z","user_id":"564238183636390003f01400","duration":26.179}]}],"region":{"x":512.6329982394528,"y":732.0914551052339,"width":124.64866048618967,"height":44.76818250643521,"label":"Amount Loaned","shape":"rectangle"},"task_key":"em_record_amount_loaned","instructions":{"mark":"Amount Loaned","transcribe":"Enter the Amount Loaned"}}]}]}