{"id":"56b0ffd97061755afb0c0200","meta_data":{"capture_uuid":"e0029850-00b1-0133-8032-58d385a7bbd0","page_uri":"http://digitalcollections.nypl.org/items/e0029850-00b1-0133-8032-58d385a7bbd0","book_uri":"http://digitalcollections.nypl.org/items/df712aa0-00b1-0133-fbd7-58d385a7bbd0","source_rotated":"0.0559529","source_x":"1205.08","source_y":"940.47","source_w":"1358.92","source_h":"1060.53"},"type":"final_subject_set","search_terms_by_field":{},"subjects":[{"id":"56b1761f50617568bbcf0100","type":"root","location":{"standard":"https://s3.amazonaws.com/scribe.nypl.org/emigrant-s4/full/e0029850-00b1-0133-8032-58d385a7bbd0.right-bottom.jpg","thumbnail":"https://s3.amazonaws.com/scribe.nypl.org/emigrant-s4/thumb/e0029850-00b1-0133-8032-58d385a7bbd0.right-bottom.jpg"},"status":"bad","width":1358,"height":1060,"meta_data":{"capture_uuid":"e0029850-00b1-0133-8032-58d385a7bbd0","page_uri":"http://digitalcollections.nypl.org/items/e0029850-00b1-0133-8032-58d385a7bbd0","book_uri":"http://digitalcollections.nypl.org/items/df712aa0-00b1-0133-fbd7-58d385a7bbd0","source_rotated":"0.0559529","source_x":"1205.08","source_y":"940.47","source_w":"1358.92","source_h":"1060.53"},"assertions":[]}]}