{"id":"56b100cc7061755afb351400","meta_data":{"capture_uuid":"e3330730-00b1-0133-f0b0-58d385a7bbd0","page_uri":"http://digitalcollections.nypl.org/items/e3330730-00b1-0133-f0b0-58d385a7bbd0","book_uri":"http://digitalcollections.nypl.org/items/df712aa0-00b1-0133-fbd7-58d385a7bbd0","source_rotated":"0.475589","source_x":"1210.69","source_y":"0","source_w":"1365.31","source_h":"992.74"},"type":"final_subject_set","search_terms_by_field":{"Street Address":["106, 108, 110 E 114th St","Nos: 106, 108, 110 E. 114th Street","Nos: 106. 108. 110. E 114th Street"],"Record Date":["November 1879","1872 April 30"],"Valuation Date":["1879 November"],"Land \u0026 Building Value":[],"Total Value":["$25,000"],"Record Number":["578"],"Mortgager":["Terence MacGuire"],"Land \u0026 Building Dimensions":["50 x 100.11","16.8 x 40 each","50 x 100.11","16.8 x 40 each","50 x 100.11","16.8 x 40 each","50 x 100.11","16.8 x 40"],"Stories \u0026 Materials":["3 3-story","B.S.F.","3 3-Story","B.S.F.","3","B.S.F.","3.3","B\u0026Fr houses"],"Additional Info":["three homes"],"Amount Loaned":["$12000"]},"subjects":[{"id":"56b1771c50617568bbbc1200","type":"root","location":{"standard":"https://s3.amazonaws.com/scribe.nypl.org/emigrant-s4/full/e3330730-00b1-0133-f0b0-58d385a7bbd0.right-top.jpg","thumbnail":"https://s3.amazonaws.com/scribe.nypl.org/emigrant-s4/thumb/e3330730-00b1-0133-f0b0-58d385a7bbd0.right-top.jpg"},"status":"retired","width":1365,"height":992,"meta_data":{"capture_uuid":"e3330730-00b1-0133-f0b0-58d385a7bbd0","page_uri":"http://digitalcollections.nypl.org/items/e3330730-00b1-0133-f0b0-58d385a7bbd0","book_uri":"http://digitalcollections.nypl.org/items/df712aa0-00b1-0133-fbd7-58d385a7bbd0","source_rotated":"0.475589","source_x":"1210.69","source_y":"0","source_w":"1365.31","source_h":"992.74"},"assertions":[{"id":"56b1771c50617568bbbd1200","status":"awaiting_transcriptions","name":"Street Address","created_in_workflow":"transcribe","confidence":0.3333333333333333,"data":{"value":"106, 108, 110 E 114th St"},"versions":[{"data":{"value":"106, 108, 110 E 114th St"},"votes":1,"confidence":0.3333333333333333,"instances":[{"created":"2015-11-09T21:35:32Z","user_id":"5640f7726161650003310400","duration":16.328}]},{"data":{"value":"Nos: 106, 108, 110 E. 114th Street"},"votes":1,"confidence":0.3333333333333333,"instances":[{"created":"2015-11-09T23:10:53Z","user_id":"563fb2f53264340003a07100","duration":36.471}]}],"region":{"x":254.9090115920353,"y":575.0617237837333,"width":511.330671760952,"height":57.802595947334,"label":"Street Address","shape":"rectangle"},"task_key":"em_record_street_address","instructions":{"mark":"Street Address","transcribe":"Enter the street address"}},{"id":"56b1771c50617568bbbe1200","status":"awaiting_transcriptions","name":"Record Date","created_in_workflow":"transcribe","confidence":0.3333333333333333,"data":{"value":"November 1879"},"versions":[{"data":{"value":"November 1879"},"votes":1,"confidence":0.3333333333333333,"instances":[{"created":"2015-11-09T05:34:38Z","user_id":"56402b3e66393400032b1b00","duration":15.162}]},{"data":{"value":"1879 November"},"votes":1,"confidence":0.3333333333333333,"instances":[{"created":"2015-11-16T16:53:34Z","user_id":"5649f5b33164390003d40b00","duration":5.021}]}],"region":{"x":103.73298689749296,"y":738.0946867121113,"width":170.4435572536507,"height":109.67672051545435,"label":"Record Date","shape":"rectangle"},"task_key":"em_record_date","instructions":{"mark":"Record Date","transcribe":"Enter the record date"}},{"id":"56b1771c50617568bbbf1200","status":"awaiting_votes","name":"Valuation Date","created_in_workflow":"verify","confidence":0.3333333333333333,"data":{"value":""},"versions":[{"data":{"value":""},"votes":1,"confidence":0.3333333333333333,"instances":[{"created":"2016-01-02T19:52:32Z","user_id":"56748e5e3564620003fd0100","duration":3.7}]}],"region":{"x":254.9090115920353,"y":681.7742086095808,"width":1078.9818233100668,"height":65.21318517135114,"label":"Valuation","shape":"rectangle"},"task_key":"em_transcribed_valuation_date","instructions":{"mark":"Valuation","transcribe":"Enter the date of the valuation (if one is given). In the next screen, you'll enter the valuation's dollar amounts.","verify":"Choose the best transcription or enter your own!"}},{"id":"56b1771c50617568bbc01200","status":"awaiting_transcriptions","name":"Land \u0026 Building Value","created_in_workflow":"transcribe","confidence":0.3333333333333333,"data":{"em_valuation_ground":""},"versions":[{"data":{"em_valuation_ground":""},"votes":1,"confidence":0.3333333333333333,"instances":[{"created":"2015-11-09T21:43:12Z","user_id":"563f7fdf3264340003683800","duration":0.838}]}],"region":{"x":254.9090115920353,"y":681.7742086095808,"width":1078.9818233100668,"height":65.21318517135114,"label":"Valuation","shape":"rectangle"},"task_key":"em_record_valuation_ground_building","instructions":{"mark":"Valuation","transcribe":"Sometimes valuations include itemized dollar values for \"ground\" and \"building\". Enter these amounts if you can find them. In the next screen, you'll enter the total valuation."}},{"id":"56b1771c50617568bbc11200","status":"awaiting_transcriptions","name":"Total Value","created_in_workflow":"transcribe","confidence":0.3333333333333333,"data":{"value":""},"versions":[{"data":{"value":""},"votes":1,"confidence":0.3333333333333333,"instances":[{"created":"2015-11-09T21:43:14Z","user_id":"563f7fdf3264340003683800","duration":1.298}]}],"region":{"x":254.9090115920353,"y":681.7742086095808,"width":1078.9818233100668,"height":65.21318517135114,"label":"Valuation","shape":"rectangle"},"task_key":"em_record_valuation_total","instructions":{"mark":"Valuation","transcribe":"Enter the valuation ***total*** (if one is given)"}},{"id":"56b1771c50617568bbc21200","status":"complete","name":"Record Number","created_in_workflow":"transcribe","confidence":1.0,"data":{"value":"578"},"versions":[{"data":{"value":"578"},"votes":3,"confidence":1.0,"instances":[{"created":"2016-01-03T00:55:39Z","user_id":"568869523833320003620900","duration":1.734},{"created":"2016-01-03T17:30:53Z","user_id":"56895cc96135640003be0300","duration":7.32},{"created":"2016-01-03T18:32:07Z","user_id":"5689687061356400032b0400","duration":4.703}]}],"region":{"x":911.63613553872,"y":22.122891660437197,"width":217.64549368566713,"height":70.27609421785988,"label":"Record Number","shape":"rectangle"},"task_key":"em_record_number","instructions":{"mark":"Record Number","transcribe":"Enter the record number"}},{"id":"56b1771c50617568bbc31200","status":"complete","name":"Mortgager","created_in_workflow":"transcribe","confidence":1.0,"data":{"value":"Terence MacGuire"},"versions":[{"data":{"value":"Terence MacGuire"},"votes":3,"confidence":1.0,"instances":[{"created":"2015-11-09T21:34:58Z","user_id":"5640f7726161650003310400","duration":9.031},{"created":"2015-11-09T23:10:17Z","user_id":"563fb2f53264340003a07100","duration":40.511},{"created":"2015-11-09T23:19:57Z","user_id":"564128a96161650003602d00","duration":41.666}]}],"region":{"x":265.28383681617055,"y":538.0087776636474,"width":567.651151549115,"height":48.90988887851347,"label":"Mortgager Name","shape":"rectangle"},"task_key":"em_record_mortgager","instructions":{"mark":"Mortgager Name","transcribe":"Enter the mortgager's name"}},{"id":"56b1771c50617568bbc41200","status":"complete","name":"Street Address","created_in_workflow":"verify","confidence":1.0,"data":{"value":"Nos: 106, 108, 110 E. 114th Street"},"versions":[{"data":{"value":"Nos: 106, 108, 110 E. 114th Street"},"votes":3,"confidence":0.75,"instances":[{"created":"2015-11-09T23:23:22Z","user_id":"564128a96161650003602d00","duration":20.925},{"created":"2015-11-09T23:43:33Z","user_id":"563f7dc232643400032b3500","duration":17.368},{"created":"2016-01-03T17:00:05Z","user_id":"56748e5e3564620003fd0100","duration":16.344}]},{"data":{"value":"106, 108, 100 E 114th St"},"votes":1,"confidence":0.25,"instances":[{"created":"2015-11-09T23:13:26Z","user_id":"5640f4706161650003b50100","duration":17.928}]}],"region":{"x":265.28383681617055,"y":579.5080773181436,"width":607.6683345564938,"height":41.49929965449621,"label":"Street Address","shape":"rectangle"},"task_key":"em_transcribed_address","instructions":{"mark":"Street Address","transcribe":"Enter the street address","verify":"Choose the best transcription or enter your own!"}},{"id":"56b1771c50617568bbc51200","status":"awaiting_votes","name":"Street Address","created_in_workflow":"transcribe","confidence":0.3333333333333333,"data":{"value":"Nos: 106. 108. 110. E 114th Street"},"versions":[{"data":{"value":"Nos: 106. 108. 110. E 114th Street"},"votes":1,"confidence":0.3333333333333333,"instances":[{"created":"2016-01-13T18:32:48Z","user_id":"569688a630643300036e0800","duration":32.696}]},{"data":{"value":"106, 108, 110 East 114th Street"},"votes":1,"confidence":0.3333333333333333,"instances":[{"created":"2016-01-13T20:31:30Z","user_id":"5696b25761336400038a0400","duration":10.256}]},{"data":{"value":"Nos: 106.108.110 E. 114th Street"},"votes":1,"confidence":0.3333333333333333,"instances":[{"created":"2016-01-13T21:31:59Z","user_id":"56968eef6133640003bd0100","duration":18.695}]}],"region":{"x":434.48112485688216,"y":576.900311763364,"width":467.07199021876954,"height":51.89688997034443,"label":"Street Address","shape":"rectangle"},"task_key":"em_record_street_address","instructions":{"mark":"Street Address","transcribe":"Enter the street address"}},{"id":"56b1771c50617568bbc61200","status":"awaiting_votes","name":"Land \u0026 Building Dimensions","created_in_workflow":"verify","confidence":0.3333333333333333,"data":{"em_survey_land_dimensions":"50 x 100.11","em_survey_building_dimensions":"16.8 x 40 each"},"versions":[{"data":{"em_survey_land_dimensions":"50 x 100.11","em_survey_building_dimensions":"16.8 x 40 each"},"votes":1,"confidence":0.3333333333333333,"instances":[{"created":"2016-01-02T19:44:15Z","user_id":"56748e5e3564620003fd0100","duration":14.5}]}],"region":{"x":256.3911294811975,"y":610.6325520590158,"width":465.3850171969244,"height":40.01718180969283,"label":"Dimension \u0026 Description","shape":"rectangle"},"task_key":"em_transcribed_survey","instructions":{"mark":"Dimension \u0026 Description","transcribe":"Enter, as they appear, any land and building dimensions that were recorded. In the next screen, you'll enter the descriptive information.","verify":"Choose the best transcription or enter your own!"}},{"id":"56b1771c50617568bbc71200","status":"awaiting_votes","name":"Stories \u0026 Materials","created_in_workflow":"verify","confidence":0.3333333333333333,"data":{"em_record_stories":"3 3-story","em_record_material":"B.S.F."},"versions":[{"data":{"em_record_stories":"3 3-story","em_record_material":"B.S.F."},"votes":1,"confidence":0.3333333333333333,"instances":[{"created":"2016-01-02T19:24:41Z","user_id":"56748e5e3564620003fd0100","duration":15.929}]}],"region":{"x":256.3911294811975,"y":610.6325520590158,"width":465.3850171969244,"height":40.01718180969283,"label":"Dimension \u0026 Description","shape":"rectangle"},"task_key":"em_transcribed_stories_materials","instructions":{"mark":"Dimension \u0026 Description","transcribe":"Enter, as they appear, the number of stories and the building materials.","verify":"Choose the best transcription or enter your own!"}},{"id":"56b1771c50617568bbc81200","status":"complete","name":"Additional Info","created_in_workflow":"transcribe","confidence":1.0,"data":{"value":""},"versions":[{"data":{"value":"houses"},"votes":2,"confidence":0.6666666666666666,"instances":[{"created":"2015-11-09T21:36:10Z","user_id":"5640f7726161650003310400","duration":5.347},{"created":"2015-12-17T00:17:31Z","user_id":"5647496e3562310003960400","duration":2.606}]},{"data":{"value":""},"votes":1,"confidence":0.3333333333333333,"instances":[{"created":"2015-11-09T20:44:18Z","user_id":"5641537261616500034e4f00","duration":0.85}]}],"region":{"x":256.3911294811975,"y":610.6325520590158,"width":465.3850171969244,"height":40.01718180969283,"label":"Dimension \u0026 Description","shape":"rectangle"},"task_key":"em_record_survey_additional_info","instructions":{"mark":"Dimension \u0026 Description","transcribe":"Enter any additional information you find about the building's construction or significance."}},{"id":"56b1771c50617568bbc91200","status":"awaiting_votes","name":"Land \u0026 Building Dimensions","created_in_workflow":"verify","confidence":0.3333333333333333,"data":{"em_survey_land_dimensions":"50 x 100.11","em_survey_building_dimensions":"16.8 x 40 each"},"versions":[{"data":{"em_survey_land_dimensions":"50 x 100.11","em_survey_building_dimensions":"16.8 x 40 each"},"votes":1,"confidence":0.3333333333333333,"instances":[{"created":"2016-01-02T19:45:03Z","user_id":"56748e5e3564620003fd0100","duration":15.368}]}],"region":{"x":274.1765441511437,"y":637.3106732654777,"width":727.7198835786303,"height":59.28471379213738,"label":"Dimension \u0026 Description","shape":"rectangle"},"task_key":"em_transcribed_survey","instructions":{"mark":"Dimension \u0026 Description","transcribe":"Enter, as they appear, any land and building dimensions that were recorded. In the next screen, you'll enter the descriptive information.","verify":"Choose the best transcription or enter your own!"}},{"id":"56b1771c50617568bbca1200","status":"awaiting_votes","name":"Stories \u0026 Materials","created_in_workflow":"verify","confidence":0.3333333333333333,"data":{"em_record_stories":"3 3-Story","em_record_material":"B.S.F."},"versions":[{"data":{"em_record_stories":"3 3-Story","em_record_material":"B.S.F."},"votes":1,"confidence":0.3333333333333333,"instances":[{"created":"2016-01-02T19:52:07Z","user_id":"56748e5e3564620003fd0100","duration":9.336}]}],"region":{"x":274.1765441511437,"y":637.3106732654777,"width":727.7198835786303,"height":59.28471379213738,"label":"Dimension \u0026 Description","shape":"rectangle"},"task_key":"em_transcribed_stories_materials","instructions":{"mark":"Dimension \u0026 Description","transcribe":"Enter, as they appear, the number of stories and the building materials.","verify":"Choose the best transcription or enter your own!"}},{"id":"56b1771c50617568bbcb1200","status":"complete","name":"Additional Info","created_in_workflow":"transcribe","confidence":1.0,"data":{"value":""},"versions":[{"data":{"value":"houses"},"votes":2,"confidence":0.5,"instances":[{"created":"2015-11-09T21:36:36Z","user_id":"5640f7726161650003310400","duration":6.507},{"created":"2015-12-17T00:24:38Z","user_id":"5647496e3562310003960400","duration":4.31}]},{"data":{"value":""},"votes":1,"confidence":0.25,"instances":[{"created":"2015-11-09T20:44:42Z","user_id":"5641537261616500034e4f00","duration":0.943}]},{"data":{"value":"Houses"},"votes":1,"confidence":0.25,"instances":[{"created":"2015-11-09T21:43:09Z","user_id":"563f7fdf3264340003683800","duration":1.164}]}],"region":{"x":274.1765441511437,"y":637.3106732654777,"width":727.7198835786303,"height":59.28471379213738,"label":"Dimension \u0026 Description","shape":"rectangle"},"task_key":"em_record_survey_additional_info","instructions":{"mark":"Dimension \u0026 Description","transcribe":"Enter any additional information you find about the building's construction or significance."}},{"id":"56b1771c50617568bbcc1200","status":"awaiting_transcriptions","name":"Land \u0026 Building Dimensions","created_in_workflow":"transcribe","confidence":0.3333333333333333,"data":{"em_survey_land_dimensions":"50 x 100.11","em_survey_building_dimensions":"16.8 x 40 each"},"versions":[{"data":{"em_survey_land_dimensions":"50 x 100.11","em_survey_building_dimensions":"16.8 x 40 each"},"votes":1,"confidence":0.3333333333333333,"instances":[{"created":"2016-01-03T04:27:40Z","user_id":"568892a865336600036d0200","duration":13.78}]}],"region":{"x":448.3323555122739,"y":616.8319539402663,"width":579.7078670666887,"height":81.38754947822963,"label":"Dimension \u0026 Description","shape":"rectangle"},"task_key":"em_record_survey","instructions":{"mark":"Dimension \u0026 Description","transcribe":"Enter, as they appear, any land and building dimensions that were recorded. In the next screen, you'll enter the descriptive information."}},{"id":"56b1771c50617568bbcd1200","status":"awaiting_transcriptions","name":"Stories \u0026 Materials","created_in_workflow":"transcribe","confidence":0.3333333333333333,"data":{"em_record_stories":"3","em_record_material":"B.S.F."},"versions":[{"data":{"em_record_stories":"3","em_record_material":"B.S.F."},"votes":1,"confidence":0.3333333333333333,"instances":[{"created":"2016-01-03T04:27:50Z","user_id":"568892a865336600036d0200","duration":9.906}]}],"region":{"x":448.3323555122739,"y":616.8319539402663,"width":579.7078670666887,"height":81.38754947822963,"label":"Dimension \u0026 Description","shape":"rectangle"},"task_key":"em_record_survey_stories_materials","instructions":{"mark":"Dimension \u0026 Description","transcribe":"Enter, as they appear, the number of stories and the building materials."}},{"id":"56b1771c50617568bbce1200","status":"awaiting_transcriptions","name":"Additional Info","created_in_workflow":"transcribe","confidence":0.3333333333333333,"data":{"value":"three homes"},"versions":[{"data":{"value":"three homes"},"votes":1,"confidence":0.3333333333333333,"instances":[{"created":"2016-01-03T04:27:53Z","user_id":"568892a865336600036d0200","duration":3.05}]}],"region":{"x":448.3323555122739,"y":616.8319539402663,"width":579.7078670666887,"height":81.38754947822963,"label":"Dimension \u0026 Description","shape":"rectangle"},"task_key":"em_record_survey_additional_info","instructions":{"mark":"Dimension \u0026 Description","transcribe":"Enter any additional information you find about the building's construction or significance."}},{"id":"56b1771c50617568bbcf1200","status":"awaiting_transcriptions","name":"Land \u0026 Building Dimensions","created_in_workflow":"transcribe","confidence":0.3333333333333333,"data":{"em_survey_land_dimensions":"50 x 100.11","em_survey_building_dimensions":"16.8 x 40"},"versions":[{"data":{"em_survey_land_dimensions":"50 x 100.11","em_survey_building_dimensions":"16.8 x 40"},"votes":1,"confidence":0.3333333333333333,"instances":[{"created":"2016-01-13T16:21:53Z","user_id":"569652e06236640003140600","duration":20.14}]}],"region":{"x":477.92968208653514,"y":610.6936354649836,"width":528.6241129607779,"height":102.586875522774,"label":"Dimension \u0026 Description","shape":"rectangle"},"task_key":"em_record_survey","instructions":{"mark":"Dimension \u0026 Description","transcribe":"Enter, as they appear, any land and building dimensions that were recorded. In the next screen, you'll enter the descriptive information."}},{"id":"56b1771c50617568bbd01200","status":"awaiting_transcriptions","name":"Stories \u0026 Materials","created_in_workflow":"transcribe","confidence":0.3333333333333333,"data":{"em_record_stories":"3.3","em_record_material":"B\u0026Fr houses"},"versions":[{"data":{"em_record_stories":"3.3","em_record_material":"B\u0026Fr houses"},"votes":1,"confidence":0.3333333333333333,"instances":[{"created":"2016-01-13T16:22:14Z","user_id":"569652e06236640003140600","duration":21.715}]}],"region":{"x":477.92968208653514,"y":610.6936354649836,"width":528.6241129607779,"height":102.586875522774,"label":"Dimension \u0026 Description","shape":"rectangle"},"task_key":"em_record_survey_stories_materials","instructions":{"mark":"Dimension \u0026 Description","transcribe":"Enter, as they appear, the number of stories and the building materials."}},{"id":"56b1771c50617568bbd11200","status":"complete","name":"Record Date","created_in_workflow":"transcribe","confidence":1.0,"data":{"value":"1872 April 30"},"versions":[{"data":{"value":"1872 April 30"},"votes":3,"confidence":1.0,"instances":[{"created":"2016-01-03T01:22:32Z","user_id":"568869523833320003620900","duration":4.864},{"created":"2016-01-03T04:26:12Z","user_id":"568892a865336600036d0200","duration":5.274},{"created":"2016-01-03T06:16:56Z","user_id":"56748e5e3564620003fd0100","duration":6.238}]}],"region":{"x":79.94656806595448,"y":62.825476790212306,"width":194.18785694844746,"height":142.78517452320978,"label":"Record Date","shape":"rectangle"},"task_key":"em_record_date","instructions":{"mark":"Record Date","transcribe":"Enter the record date"}},{"id":"56b1771c50617568bbd21200","status":"awaiting_transcriptions","name":"Valuation Date","created_in_workflow":"transcribe","confidence":0.3333333333333333,"data":{"value":"1879 November"},"versions":[{"data":{"value":"1879 November"},"votes":1,"confidence":0.3333333333333333,"instances":[{"created":"2016-01-03T01:23:52Z","user_id":"568869523833320003620900","duration":4.034}]}],"region":{"x":101.36434640585678,"y":753.9057214825477,"width":735.3437230033121,"height":81.38754947822952,"label":"Valuation","shape":"rectangle"},"task_key":"em_record_valuation","instructions":{"mark":"Valuation","transcribe":"Enter the date of the valuation (if one is given). In the next screen, you'll enter the valuation's dollar amounts."}},{"id":"56b1771c50617568bbd31200","status":"awaiting_transcriptions","name":"Land \u0026 Building Value","created_in_workflow":"transcribe","confidence":0.3333333333333333,"data":{"em_valuation_ground":""},"versions":[{"data":{"em_valuation_ground":""},"votes":1,"confidence":0.3333333333333333,"instances":[{"created":"2016-01-03T01:23:54Z","user_id":"568869523833320003620900","duration":1.677}]}],"region":{"x":101.36434640585678,"y":753.9057214825477,"width":735.3437230033121,"height":81.38754947822952,"label":"Valuation","shape":"rectangle"},"task_key":"em_record_valuation_ground_building","instructions":{"mark":"Valuation","transcribe":"Sometimes valuations include itemized dollar values for \"ground\" and \"building\". Enter these amounts if you can find them. In the next screen, you'll enter the total valuation."}},{"id":"56b1771c50617568bbd41200","status":"awaiting_transcriptions","name":"Total Value","created_in_workflow":"transcribe","confidence":0.3333333333333333,"data":{"value":"$25,000"},"versions":[{"data":{"value":"$25,000"},"votes":1,"confidence":0.3333333333333333,"instances":[{"created":"2016-01-03T01:23:57Z","user_id":"568869523833320003620900","duration":2.417}]}],"region":{"x":101.36434640585678,"y":753.9057214825477,"width":735.3437230033121,"height":81.38754947822952,"label":"Valuation","shape":"rectangle"},"task_key":"em_record_valuation_total","instructions":{"mark":"Valuation","transcribe":"Enter the valuation ***total*** (if one is given)"}},{"id":"56b1771c50617568bbd51200","status":"awaiting_votes","name":"Amount Loaned","created_in_workflow":"verify","confidence":0.6666666666666666,"data":{"value":"$12000"},"versions":[{"data":{"value":"$12000"},"votes":2,"confidence":0.6666666666666666,"instances":[{"created":"2016-01-02T18:53:13Z","user_id":"56748e5e3564620003fd0100","duration":6.097},{"created":"2016-01-31T22:06:40Z","user_id":"56980a2d3337650003270200","duration":9.082}]}],"region":{"x":265.28383681617055,"y":741.0589224017182,"width":1056.7500549726342,"height":44.46353534410309,"label":"Amount Loaned","shape":"rectangle"},"task_key":"em_transcribed_amount_loaned","instructions":{"mark":"Amount Loaned","transcribe":"Enter the Amount Loaned","verify":"Choose the best transcription or enter your own!"}}]}]}