{"id":"56b100b47061755afb721200","meta_data":{"capture_uuid":"e2e59200-00b1-0133-b9e1-58d385a7bbd0","page_uri":"http://digitalcollections.nypl.org/items/e2e59200-00b1-0133-b9e1-58d385a7bbd0","book_uri":"http://digitalcollections.nypl.org/items/df712aa0-00b1-0133-fbd7-58d385a7bbd0","source_rotated":"1.00705","source_x":"1220.09","source_y":"973.8399999999999","source_w":"1375.91","source_h":"1098.16"},"type":"final_subject_set","search_terms_by_field":{"Record Date":["1870 Decemb 27","1870 Decemb 27, 1872 Aug 13"],"Record Number":["532","532"],"Mortgager":["George Neinig"],"Street Address":["No. 445 9th Avenue"],"Additional Info":[],"Land \u0026 Building Dimensions":["24.4 x 80","24.4 x 60"],"Stories \u0026 Materials":["3","brick"],"Total Value":["$12,000"],"Valuation Date":["1879 November"],"Land \u0026 Building Value":[],"Amount Loaned":["$4,000"]},"subjects":[{"id":"56b1770350617568bb151100","type":"root","location":{"standard":"https://s3.amazonaws.com/scribe.nypl.org/emigrant-s4/full/e2e59200-00b1-0133-b9e1-58d385a7bbd0.right-bottom.jpg","thumbnail":"https://s3.amazonaws.com/scribe.nypl.org/emigrant-s4/thumb/e2e59200-00b1-0133-b9e1-58d385a7bbd0.right-bottom.jpg"},"status":"retired","width":1375,"height":1098,"meta_data":{"capture_uuid":"e2e59200-00b1-0133-b9e1-58d385a7bbd0","page_uri":"http://digitalcollections.nypl.org/items/e2e59200-00b1-0133-b9e1-58d385a7bbd0","book_uri":"http://digitalcollections.nypl.org/items/df712aa0-00b1-0133-fbd7-58d385a7bbd0","source_rotated":"1.00705","source_x":"1220.09","source_y":"973.8399999999999","source_w":"1375.91","source_h":"1098.16"},"assertions":[{"id":"56b1770350617568bb161100","status":"awaiting_transcriptions","name":"Record Date","created_in_workflow":"transcribe","confidence":0.3333333333333333,"data":{"value":"1870 Decemb 27"},"versions":[{"data":{"value":"1870 Decemb 27"},"votes":1,"confidence":0.3333333333333333,"instances":[{"created":"2015-11-07T17:13:00Z","user_id":"563e2a586630330003e21d00","duration":18.698}]}],"region":{"x":970.5927834569909,"y":21.215389550351905,"width":123.31444293008349,"height":87.51348189520162,"label":"Record Date","shape":"rectangle"},"task_key":"em_record_date","instructions":{"mark":"Record Date","transcribe":"Enter the record date"}},{"id":"56b1770350617568bb171100","status":"awaiting_transcriptions","name":"Record Number","created_in_workflow":"transcribe","confidence":0.6666666666666666,"data":{"value":"532"},"versions":[{"data":{"value":"532"},"votes":2,"confidence":0.6666666666666666,"instances":[{"created":"2015-11-13T22:00:00Z","user_id":"56465a2861613700039f0700","duration":8.725},{"created":"2015-11-13T22:07:21Z","user_id":"56465e1863633500035a1500","duration":16.252}]}],"region":{"x":904.4760781463523,"y":26.602437004613748,"width":202.84357223429822,"height":84.79526795220632,"label":"Record Number","shape":"rectangle"},"task_key":"em_record_number","instructions":{"mark":"Record Number","transcribe":"Enter the record number"}},{"id":"56b1770350617568bb181100","status":"complete","name":"Record Number","created_in_workflow":"transcribe","confidence":1.0,"data":{"value":"532"},"versions":[{"data":{"value":"532"},"votes":3,"confidence":1.0,"instances":[{"created":"2015-11-19T20:30:30Z","user_id":"5647496e3562310003960400","duration":4.295},{"created":"2015-11-19T22:09:12Z","user_id":"564e49d539646600031a0b00","duration":5.546},{"created":"2015-11-19T22:21:49Z","user_id":"564e49d539646600031a0b00","duration":4.109}]}],"region":{"x":967.5468953706015,"y":34.06896016755226,"width":128.09929553711117,"height":59.96136989489199,"label":"Record Number","shape":"rectangle"},"task_key":"em_record_number","instructions":{"mark":"Record Number","transcribe":"Enter the record number"}},{"id":"56b1770350617568bb191100","status":"awaiting_votes","name":"Mortgager","created_in_workflow":"verify","confidence":0.5,"data":{"value":"George Neinig"},"versions":[{"data":{"value":"George Neinig"},"votes":3,"confidence":0.5,"instances":[{"created":"2015-11-17T03:14:14Z","user_id":"563f8b7a3264340003774b00","duration":31.048},{"created":"2015-11-26T22:08:49Z","user_id":"5647496e3562310003960400","duration":14.267},{"created":"2015-12-04T14:27:10Z","user_id":"563bfc7535326200037f3900","duration":34.614}]},{"data":{"value":"George Heinig"},"votes":3,"confidence":0.5,"instances":[{"created":"2015-11-24T03:40:51Z","user_id":"5647496e3562310003960400","duration":10.514},{"created":"2015-11-25T02:28:05Z","user_id":"5649188c3863370003020e00","duration":8.777},{"created":"2015-12-05T18:57:29Z","user_id":"563cbf4b65326200030e0d00","duration":9.89}]}],"region":{"x":445.5119296901836,"y":523.7549295243126,"width":312.9269734569861,"height":60.99424495726171,"label":"Mortgager Name","shape":"rectangle"},"task_key":"em_transcribed_mortgager","instructions":{"mark":"Mortgager Name","transcribe":"Enter the mortgager's name","verify":"Choose the best transcription or enter your own!"}},{"id":"56b1770350617568bb1a1100","status":"complete","name":"Street Address","created_in_workflow":"verify","confidence":1.0,"data":{"value":"No. 445 9th Avenue"},"versions":[{"data":{"value":"No. 445 9th Avenue"},"votes":3,"confidence":0.75,"instances":[{"created":"2015-11-19T18:57:53Z","user_id":"5647496e3562310003960400","duration":9.627},{"created":"2015-11-22T04:25:21Z","user_id":"5649188c3863370003020e00","duration":6.781},{"created":"2015-11-26T02:56:10Z","user_id":"5647496e3562310003960400","duration":8.178}]},{"data":{"value":"No. 445 9th Ave"},"votes":1,"confidence":0.25,"instances":[{"created":"2015-11-17T00:01:48Z","user_id":"563f8b7a3264340003774b00","duration":8.104}]}],"region":{"x":473.3571264808476,"y":582.0972507877805,"width":397.7885255809146,"height":39.77885540690977,"label":"Street Address","shape":"rectangle"},"task_key":"em_transcribed_address","instructions":{"mark":"Street Address","transcribe":"Enter the street address","verify":"Choose the best transcription or enter your own!"}},{"id":"56b1770350617568bb1b1100","status":"complete","name":"Additional Info","created_in_workflow":"transcribe","confidence":1.0,"data":{"value":""},"versions":[{"data":{"value":""},"votes":1,"confidence":0.3333333333333333,"instances":[{"created":"2015-11-07T10:42:13Z","user_id":"563dbc0d66303300031c0000","duration":0.803}]},{"data":{"value":"with addition"},"votes":1,"confidence":0.3333333333333333,"instances":[{"created":"2015-11-07T17:31:37Z","user_id":"563e2a9c6630330003031e00","duration":9.677}]},{"data":{"value":"house \u0026 store and addition"},"votes":1,"confidence":0.3333333333333333,"instances":[{"created":"2015-11-24T04:03:47Z","user_id":"5647496e3562310003960400","duration":15.357}]}],"region":{"x":485.29078224827504,"y":619.2241825008963,"width":694.8039580146642,"height":64.97213049795268,"label":"Dimension \u0026 Description","shape":"rectangle"},"task_key":"em_record_survey_additional_info","instructions":{"mark":"Dimension \u0026 Description","transcribe":"Enter any additional information you find about the building's construction or significance."}},{"id":"56b1770350617568bb1c1100","status":"complete","name":"Land \u0026 Building Dimensions","created_in_workflow":"verify","confidence":1.0,"data":{"em_survey_land_dimensions":"24.4 x 80","em_survey_building_dimensions":"24.4 x 60"},"versions":[{"data":{"em_survey_land_dimensions":"24.4 x 80","em_survey_building_dimensions":"24.4 x 60"},"votes":3,"confidence":1.0,"instances":[{"created":"2015-11-17T03:14:34Z","user_id":"563f8b7a3264340003774b00","duration":7.707},{"created":"2015-11-24T03:54:25Z","user_id":"5647496e3562310003960400","duration":7.247},{"created":"2015-11-25T02:28:44Z","user_id":"5649188c3863370003020e00","duration":7.651}]}],"region":{"x":485.29078224827504,"y":619.2241825008963,"width":694.8039580146642,"height":64.97213049795268,"label":"Dimension \u0026 Description","shape":"rectangle"},"task_key":"em_transcribed_survey","instructions":{"mark":"Dimension \u0026 Description","transcribe":"Enter, as they appear, any land and building dimensions that were recorded. In the next screen, you'll enter the descriptive information.","verify":"Choose the best transcription or enter your own!"}},{"id":"56b1770350617568bb1d1100","status":"complete","name":"Stories \u0026 Materials","created_in_workflow":"verify","confidence":1.0,"data":{"em_record_stories":"3","em_record_material":"brick"},"versions":[{"data":{"em_record_stories":"3","em_record_material":"brick"},"votes":6,"confidence":0.75,"instances":[{"created":"2015-11-26T22:24:25Z","user_id":"5647496e3562310003960400","duration":24.64},{"created":"2015-12-01T03:04:52Z","user_id":"563bfc7535326200037f3900","duration":14.425},{"created":"2015-12-04T19:27:50Z","user_id":"563cbf4b65326200030e0d00","duration":25.432},{"created":"2015-12-06T02:00:18Z","user_id":"56638f8b3537300003050b00","duration":1352.297},{"created":"2015-12-06T05:45:25Z","user_id":"565e4fed3862380003f10900","duration":20.316},{"created":"2015-12-06T18:07:41Z","user_id":"5647496e3562310003960400","duration":13.16}]},{"data":{"em_record_stories":"3","em_record_material":"Brick "},"votes":2,"confidence":0.25,"instances":[{"created":"2015-11-18T01:00:45Z","user_id":"563f8b7a3264340003774b00","duration":12.494},{"created":"2015-11-25T04:19:49Z","user_id":"5649188c3863370003020e00","duration":6.326}]}],"region":{"x":485.29078224827504,"y":619.2241825008963,"width":694.8039580146642,"height":64.97213049795268,"label":"Dimension \u0026 Description","shape":"rectangle"},"task_key":"em_transcribed_stories_materials","instructions":{"mark":"Dimension \u0026 Description","transcribe":"Enter, as they appear, the number of stories and the building materials.","verify":"Choose the best transcription or enter your own!"}},{"id":"56b1770350617568bb1e1100","status":"awaiting_votes","name":"Record Date","created_in_workflow":"verify","confidence":0.3333333333333333,"data":{"value":"1870 Decemb 27, 1872 Aug 13"},"versions":[{"data":{"value":"1870 Decemb 27, 1872 Aug 13"},"votes":1,"confidence":0.3333333333333333,"instances":[{"created":"2015-11-13T22:12:54Z","user_id":"564653f06363350003ca1200","duration":21.504}]},{"data":{"value":"1871 Decemb 27, 1872 Aug 13"},"votes":1,"confidence":0.3333333333333333,"instances":[{"created":"2015-11-13T22:14:16Z","user_id":"5646571f6363350003ea1300","duration":39.829}]}],"region":{"x":81.46322358915899,"y":86.45792026499468,"width":222.7953990114422,"height":242.74723766710042,"label":"Record Date","shape":"rectangle"},"task_key":"em_transcribed_date","instructions":{"mark":"Record Date","transcribe":"Enter the record date","verify":"Choose the best transcription or enter your own!"}},{"id":"56b1770350617568bb1f1100","status":"awaiting_votes","name":"Total Value","created_in_workflow":"verify","confidence":0.5,"data":{"value":"$12,000"},"versions":[{"data":{"value":"$12,000"},"votes":2,"confidence":0.5,"instances":[{"created":"2015-11-16T23:56:40Z","user_id":"563f8b7a3264340003774b00","duration":4.794},{"created":"2015-12-01T02:35:06Z","user_id":"563bfc7535326200037f3900","duration":12.942}]},{"data":{"value":"$12000"},"votes":2,"confidence":0.5,"instances":[{"created":"2015-11-22T04:26:28Z","user_id":"5649188c3863370003020e00","duration":6.413},{"created":"2015-11-26T02:56:28Z","user_id":"5647496e3562310003960400","duration":4.703}]}],"region":{"x":95.45802717897871,"y":741.2126724154197,"width":767.7318543711656,"height":103.42502405796559,"label":"Valuation","shape":"rectangle"},"task_key":"em_transcribed_valuation_total","instructions":{"mark":"Valuation","transcribe":"Enter the valuation ***total*** (if one is given)","verify":"Choose the best transcription or enter your own!"}},{"id":"56b1770350617568bb201100","status":"complete","name":"Valuation Date","created_in_workflow":"transcribe","confidence":1.0,"data":{"value":"1879 November"},"versions":[{"data":{"value":"1879 November"},"votes":4,"confidence":1.0,"instances":[{"created":"2015-11-07T10:42:51Z","user_id":"563dbc0d66303300031c0000","duration":6.343},{"created":"2015-11-07T18:08:31Z","user_id":"563bfc7535326200037f3900","duration":13.902},{"created":"2015-11-07T18:15:38Z","user_id":"563e3e3466303300030c2a00","duration":17.27},{"created":"2015-11-19T19:01:00Z","user_id":"5647496e3562310003960400","duration":16.214}]}],"region":{"x":95.45802717897871,"y":741.2126724154197,"width":767.7318543711656,"height":103.42502405796559,"label":"Valuation","shape":"rectangle"},"task_key":"em_record_valuation","instructions":{"mark":"Valuation","transcribe":"Enter the date of the valuation (if one is given). In the next screen, you'll enter the valuation's dollar amounts."}},{"id":"56b1770350617568bb211100","status":"complete","name":"Land \u0026 Building Value","created_in_workflow":"verify","confidence":1.0,"data":{"em_valuation_ground":""},"versions":[{"data":{"em_valuation_ground":""},"votes":3,"confidence":1.0,"instances":[{"created":"2015-11-20T01:03:31Z","user_id":"563f8b7a3264340003774b00","duration":16.418},{"created":"2015-11-25T04:25:02Z","user_id":"5649188c3863370003020e00","duration":15.369},{"created":"2015-11-26T22:13:10Z","user_id":"5647496e3562310003960400","duration":11.487}]}],"region":{"x":95.45802717897871,"y":741.2126724154197,"width":767.7318543711656,"height":103.42502405796559,"label":"Valuation","shape":"rectangle"},"task_key":"em_transcribed_valuation_itemized","instructions":{"mark":"Valuation","transcribe":"Sometimes valuations include itemized dollar values for \"ground\" and \"building\". Enter these amounts if you can find them. In the next screen, you'll enter the total valuation.","verify":"Choose the best transcription or enter your own!"}},{"id":"56b1770350617568bb221100","status":"complete","name":"Amount Loaned","created_in_workflow":"transcribe","confidence":1.0,"data":{"value":"$4,000"},"versions":[{"data":{"value":"$4,000"},"votes":3,"confidence":1.0,"instances":[{"created":"2015-11-07T10:42:26Z","user_id":"563dbc0d66303300031c0000","duration":5.358},{"created":"2015-11-07T17:14:14Z","user_id":"563e2a586630330003e21d00","duration":4.739},{"created":"2015-11-07T18:07:24Z","user_id":"563bfc7535326200037f3900","duration":5.079}]}],"region":{"x":1169.4870462474482,"y":700.107855161613,"width":156.46348672849308,"height":87.51348189520155,"label":"Amount Loaned","shape":"rectangle"},"task_key":"em_record_amount_loaned","instructions":{"mark":"Amount Loaned","transcribe":"Enter the Amount Loaned"}}]}]}