{"id":"56b100e87061755afb341600","meta_data":{"capture_uuid":"e3773a80-00b1-0133-bd23-58d385a7bbd0","page_uri":"http://digitalcollections.nypl.org/items/e3773a80-00b1-0133-bd23-58d385a7bbd0","book_uri":"http://digitalcollections.nypl.org/items/df712aa0-00b1-0133-fbd7-58d385a7bbd0","source_rotated":"0.587485","source_x":"1212.57","source_y":"0","source_w":"1367.43","source_h":"991.76"},"type":"final_subject_set","search_terms_by_field":{"Record Number":["615"],"Mortgager":["Zimri West"],"Street Address":["Hudson R.R.R. on 12th Avenue. 160th. 161st \u0026 162d Streets"],"Land \u0026 Building Dimensions":["as above, about 54 lots"],"Stories \u0026 Materials":[],"Additional Info":[],"Record Date":["1872 July 16","1879 November"],"Valuation Date":["1879 November","1879 November"],"Land \u0026 Building Value":[],"Total Value":["$30,000","$30,000"],"Amount Loaned":["$20,000."]},"subjects":[{"id":"56b1773650617568bb9c1400","type":"root","location":{"standard":"https://s3.amazonaws.com/scribe.nypl.org/emigrant-s4/full/e3773a80-00b1-0133-bd23-58d385a7bbd0.right-top.jpg","thumbnail":"https://s3.amazonaws.com/scribe.nypl.org/emigrant-s4/thumb/e3773a80-00b1-0133-bd23-58d385a7bbd0.right-top.jpg"},"status":"retired","width":1367,"height":991,"meta_data":{"capture_uuid":"e3773a80-00b1-0133-bd23-58d385a7bbd0","page_uri":"http://digitalcollections.nypl.org/items/e3773a80-00b1-0133-bd23-58d385a7bbd0","book_uri":"http://digitalcollections.nypl.org/items/df712aa0-00b1-0133-fbd7-58d385a7bbd0","source_rotated":"0.587485","source_x":"1212.57","source_y":"0","source_w":"1367.43","source_h":"991.76"},"assertions":[{"id":"56b1773650617568bb9d1400","status":"complete","name":"Record Number","created_in_workflow":"transcribe","confidence":1.0,"data":{"value":"615"},"versions":[{"data":{"value":"615"},"votes":3,"confidence":1.0,"instances":[{"created":"2015-12-20T16:51:31Z","user_id":"5676d5516633380003c80100","duration":6.921},{"created":"2015-12-21T07:45:31Z","user_id":"5677ae1b6666370003420400","duration":15.431},{"created":"2015-12-21T14:32:41Z","user_id":"56780d896666370003950400","duration":8.906}]}],"region":{"x":913.716795093343,"y":17.15901251268177,"width":177.30980455450424,"height":55.766790666215755,"label":"Record Number","shape":"rectangle"},"task_key":"em_record_number","instructions":{"mark":"Record Number","transcribe":"Enter the record number"}},{"id":"56b1773650617568bb9e1400","status":"complete","name":"Mortgager","created_in_workflow":"transcribe","confidence":1.0,"data":{"value":"Zimri West"},"versions":[{"data":{"value":"Zimri West"},"votes":3,"confidence":1.0,"instances":[{"created":"2015-12-20T16:53:47Z","user_id":"5676d5516633380003c80100","duration":118.931},{"created":"2015-12-21T07:46:30Z","user_id":"5677ae1b6666370003420400","duration":34.025},{"created":"2015-12-21T14:33:08Z","user_id":"56780d896666370003950400","duration":20.806}]}],"region":{"x":440.41401035511,"y":519.0601285086236,"width":237.36635125844919,"height":67.20613234133691,"label":"Mortgager Name","shape":"rectangle"},"task_key":"em_record_mortgager","instructions":{"mark":"Mortgager Name","transcribe":"Enter the mortgager's name"}},{"id":"56b1773650617568bb9f1400","status":"awaiting_votes","name":"Street Address","created_in_workflow":"transcribe","confidence":0.6666666666666666,"data":{"value":"Hudson R.R.R. on 12th Avenue. 160th. 161st \u0026 162d Streets"},"versions":[{"data":{"value":"Hudson R.R.R. on 12th Avenue. 160th. 161st \u0026 162d Streets"},"votes":2,"confidence":0.6666666666666666,"instances":[{"created":"2015-12-20T16:55:27Z","user_id":"5676d5516633380003c80100","duration":100.129},{"created":"2015-12-21T17:10:50Z","user_id":"5678322a6666370003a40400","duration":102.066}]},{"data":{"value":"Hudson R.R.R., W 12th Avenue, 160th 161st \u0026 162d Streets"},"votes":1,"confidence":0.3333333333333333,"instances":[{"created":"2015-12-21T07:47:57Z","user_id":"5677ae1b6666370003420400","duration":87.45}]}],"region":{"x":457.5730236990943,"y":554.8080712433773,"width":669.2015204153869,"height":71.49588546950736,"label":"Street Address","shape":"rectangle"},"task_key":"em_record_street_address","instructions":{"mark":"Street Address","transcribe":"Enter the street address"}},{"id":"56b1773650617568bba01400","status":"awaiting_transcriptions","name":"Land \u0026 Building Dimensions","created_in_workflow":"transcribe","confidence":0.3333333333333333,"data":{"em_survey_land_dimensions":"as above, about 54 lots"},"versions":[{"data":{"em_survey_land_dimensions":"as above, about 54 lots"},"votes":1,"confidence":0.3333333333333333,"instances":[{"created":"2015-12-20T04:04:19Z","user_id":"56761fd66633380003080000","duration":16.236}]}],"region":{"x":443.2738459124407,"y":609.1449442002029,"width":457.573689172914,"height":48.617202119265016,"label":"Dimension \u0026 Description","shape":"rectangle"},"task_key":"em_record_survey","instructions":{"mark":"Dimension \u0026 Description","transcribe":"Enter, as they appear, any land and building dimensions that were recorded. In the next screen, you'll enter the descriptive information."}},{"id":"56b1773650617568bba11400","status":"awaiting_transcriptions","name":"Stories \u0026 Materials","created_in_workflow":"transcribe","confidence":0.3333333333333333,"data":{"em_record_stories":""},"versions":[{"data":{"em_record_stories":""},"votes":1,"confidence":0.3333333333333333,"instances":[{"created":"2015-12-20T04:04:20Z","user_id":"56761fd66633380003080000","duration":0.49}]}],"region":{"x":443.2738459124407,"y":609.1449442002029,"width":457.573689172914,"height":48.617202119265016,"label":"Dimension \u0026 Description","shape":"rectangle"},"task_key":"em_record_survey_stories_materials","instructions":{"mark":"Dimension \u0026 Description","transcribe":"Enter, as they appear, the number of stories and the building materials."}},{"id":"56b1773650617568bba21400","status":"awaiting_transcriptions","name":"Additional Info","created_in_workflow":"transcribe","confidence":0.3333333333333333,"data":{"value":""},"versions":[{"data":{"value":""},"votes":1,"confidence":0.3333333333333333,"instances":[{"created":"2015-12-20T04:04:22Z","user_id":"56761fd66633380003080000","duration":1.779}]}],"region":{"x":443.2738459124407,"y":609.1449442002029,"width":457.573689172914,"height":48.617202119265016,"label":"Dimension \u0026 Description","shape":"rectangle"},"task_key":"em_record_survey_additional_info","instructions":{"mark":"Dimension \u0026 Description","transcribe":"Enter any additional information you find about the building's construction or significance."}},{"id":"56b1773650617568bba31400","status":"complete","name":"Record Date","created_in_workflow":"transcribe","confidence":1.0,"data":{"value":"1872 July 16"},"versions":[{"data":{"value":"1872 July 16"},"votes":3,"confidence":1.0,"instances":[{"created":"2015-12-20T16:51:48Z","user_id":"5676d5516633380003c80100","duration":11.152},{"created":"2015-12-21T04:11:43Z","user_id":"5675dabc3262350003170600","duration":10.541},{"created":"2015-12-21T07:45:56Z","user_id":"5677ae1b6666370003420400","duration":25.003}]}],"region":{"x":90.08415458209772,"y":51.477037538045316,"width":207.33807790647666,"height":155.86103032352608,"label":"Record Date","shape":"rectangle"},"task_key":"em_record_date","instructions":{"mark":"Record Date","transcribe":"Enter the record date"}},{"id":"56b1773650617568bba41400","status":"awaiting_transcriptions","name":"Record Date","created_in_workflow":"transcribe","confidence":0.6666666666666666,"data":{"value":"1879 November"},"versions":[{"data":{"value":"1879 November"},"votes":2,"confidence":0.6666666666666666,"instances":[{"created":"2016-01-02T06:11:08Z","user_id":"56875be63833320003000000","duration":4.841},{"created":"2016-01-03T00:36:45Z","user_id":"568869523833320003620900","duration":4.597}]}],"region":{"x":118.05756597418583,"y":734.4537973195391,"width":170.2540898102534,"height":101.90391096480914,"label":"Record Date","shape":"rectangle"},"task_key":"em_record_date","instructions":{"mark":"Record Date","transcribe":"Enter the record date"}},{"id":"56b1773650617568bba51400","status":"awaiting_transcriptions","name":"Valuation Date","created_in_workflow":"transcribe","confidence":0.3333333333333333,"data":{"value":"1879 November"},"versions":[{"data":{"value":"1879 November"},"votes":1,"confidence":0.3333333333333333,"instances":[{"created":"2015-12-20T04:05:08Z","user_id":"56761fd66633380003080000","duration":9.109}]}],"region":{"x":110.1030034834127,"y":743.5572088828768,"width":756.4265049139734,"height":77.21555630706791,"label":"Valuation","shape":"rectangle"},"task_key":"em_record_valuation","instructions":{"mark":"Valuation","transcribe":"Enter the date of the valuation (if one is given). In the next screen, you'll enter the valuation's dollar amounts."}},{"id":"56b1773650617568bba61400","status":"awaiting_transcriptions","name":"Land \u0026 Building Value","created_in_workflow":"transcribe","confidence":0.3333333333333333,"data":{"em_valuation_ground":""},"versions":[{"data":{"em_valuation_ground":""},"votes":1,"confidence":0.3333333333333333,"instances":[{"created":"2015-12-20T04:05:13Z","user_id":"56761fd66633380003080000","duration":5.674}]}],"region":{"x":110.1030034834127,"y":743.5572088828768,"width":756.4265049139734,"height":77.21555630706791,"label":"Valuation","shape":"rectangle"},"task_key":"em_record_valuation_ground_building","instructions":{"mark":"Valuation","transcribe":"Sometimes valuations include itemized dollar values for \"ground\" and \"building\". Enter these amounts if you can find them. In the next screen, you'll enter the total valuation."}},{"id":"56b1773650617568bba71400","status":"awaiting_transcriptions","name":"Total Value","created_in_workflow":"transcribe","confidence":0.3333333333333333,"data":{"value":"$30,000"},"versions":[{"data":{"value":"$30,000"},"votes":1,"confidence":0.3333333333333333,"instances":[{"created":"2015-12-20T04:05:17Z","user_id":"56761fd66633380003080000","duration":3.589}]}],"region":{"x":110.1030034834127,"y":743.5572088828768,"width":756.4265049139734,"height":77.21555630706791,"label":"Valuation","shape":"rectangle"},"task_key":"em_record_valuation_total","instructions":{"mark":"Valuation","transcribe":"Enter the valuation ***total*** (if one is given)"}},{"id":"56b1773650617568bba81400","status":"awaiting_transcriptions","name":"Valuation Date","created_in_workflow":"transcribe","confidence":0.3333333333333333,"data":{"value":"1879 November"},"versions":[{"data":{"value":"1879 November"},"votes":1,"confidence":0.3333333333333333,"instances":[{"created":"2016-01-02T06:11:24Z","user_id":"56875be63833320003000000","duration":5.216}]}],"region":{"x":318.1371897657975,"y":768.0075241006348,"width":553.0151092376843,"height":67.10745356219138,"label":"Valuation","shape":"rectangle"},"task_key":"em_record_valuation","instructions":{"mark":"Valuation","transcribe":"Enter the date of the valuation (if one is given). In the next screen, you'll enter the valuation's dollar amounts."}},{"id":"56b1773650617568bba91400","status":"awaiting_transcriptions","name":"Land \u0026 Building Value","created_in_workflow":"transcribe","confidence":0.3333333333333333,"data":{"em_valuation_ground":""},"versions":[{"data":{"em_valuation_ground":""},"votes":1,"confidence":0.3333333333333333,"instances":[{"created":"2016-01-02T06:11:28Z","user_id":"56875be63833320003000000","duration":4.548}]}],"region":{"x":318.1371897657975,"y":768.0075241006348,"width":553.0151092376843,"height":67.10745356219138,"label":"Valuation","shape":"rectangle"},"task_key":"em_record_valuation_ground_building","instructions":{"mark":"Valuation","transcribe":"Sometimes valuations include itemized dollar values for \"ground\" and \"building\". Enter these amounts if you can find them. In the next screen, you'll enter the total valuation."}},{"id":"56b1773650617568bbaa1400","status":"awaiting_transcriptions","name":"Total Value","created_in_workflow":"transcribe","confidence":0.3333333333333333,"data":{"value":"$30,000"},"versions":[{"data":{"value":"$30,000"},"votes":1,"confidence":0.3333333333333333,"instances":[{"created":"2016-01-02T06:11:32Z","user_id":"56875be63833320003000000","duration":3.312}]}],"region":{"x":318.1371897657975,"y":768.0075241006348,"width":553.0151092376843,"height":67.10745356219138,"label":"Valuation","shape":"rectangle"},"task_key":"em_record_valuation_total","instructions":{"mark":"Valuation","transcribe":"Enter the valuation ***total*** (if one is given)"}},{"id":"56b1773650617568bbab1400","status":"awaiting_votes","name":"Amount Loaned","created_in_workflow":"transcribe","confidence":0.6666666666666666,"data":{"value":"$20,000."},"versions":[{"data":{"value":"$20,000."},"votes":2,"confidence":0.6666666666666666,"instances":[{"created":"2015-12-20T16:56:30Z","user_id":"5676d5516633380003c80100","duration":11.616},{"created":"2015-12-21T17:12:11Z","user_id":"5678322a6666370003a40400","duration":16.484}]},{"data":{"value":"$ 20,000"},"votes":1,"confidence":0.3333333333333333,"instances":[{"created":"2015-12-21T07:49:58Z","user_id":"5677ae1b6666370003420400","duration":21.068}]}],"region":{"x":285.9828902592515,"y":733.5477849171457,"width":431.83516915693764,"height":47.187284409874906,"label":"Amount Loaned","shape":"rectangle"},"task_key":"em_record_amount_loaned","instructions":{"mark":"Amount Loaned","transcribe":"Enter the Amount Loaned"}}]}]}