{"id":"56b100d37061755afbc01400","meta_data":{"capture_uuid":"e34685d0-00b1-0133-6122-58d385a7bbd0","page_uri":"http://digitalcollections.nypl.org/items/e34685d0-00b1-0133-6122-58d385a7bbd0","book_uri":"http://digitalcollections.nypl.org/items/df712aa0-00b1-0133-fbd7-58d385a7bbd0","source_rotated":"0.839234","source_x":"1217.27","source_y":"963.03","source_w":"1372.73","source_h":"1085.97"},"type":"final_subject_set","search_terms_by_field":{"Record Number":["587 \u0026 588"],"Mortgager":["Mrs Catherine Barker"],"Street Address":["Nos: 441 and 443 W 17th Street"],"Stories \u0026 Materials":["5","brick"],"Land \u0026 Building Dimensions":["25 x 92 each","25 x 75 each"],"Additional Info":["2 lots, 2 buildings"],"Record Date":["1872 May 14"],"Valuation Date":["1879 November"],"Land \u0026 Building Value":[],"Total Value":["$34,000"],"Amount Loaned":["$20000"]},"subjects":[{"id":"56b1772250617568bb3e1300","type":"root","location":{"standard":"https://s3.amazonaws.com/scribe.nypl.org/emigrant-s4/full/e34685d0-00b1-0133-6122-58d385a7bbd0.right-bottom.jpg","thumbnail":"https://s3.amazonaws.com/scribe.nypl.org/emigrant-s4/thumb/e34685d0-00b1-0133-6122-58d385a7bbd0.right-bottom.jpg"},"status":"retired","width":1372,"height":1085,"meta_data":{"capture_uuid":"e34685d0-00b1-0133-6122-58d385a7bbd0","page_uri":"http://digitalcollections.nypl.org/items/e34685d0-00b1-0133-6122-58d385a7bbd0","book_uri":"http://digitalcollections.nypl.org/items/df712aa0-00b1-0133-fbd7-58d385a7bbd0","source_rotated":"0.839234","source_x":"1217.27","source_y":"963.03","source_w":"1372.73","source_h":"1085.97"},"assertions":[{"id":"56b1772250617568bb3f1300","status":"complete","name":"Record Number","created_in_workflow":"verify","confidence":1.0,"data":{"value":"587 \u0026 588"},"versions":[{"data":{"value":"587 \u0026 588"},"votes":3,"confidence":1.0,"instances":[{"created":"2015-12-16T05:57:45Z","user_id":"5670f0eb3063380003830600","duration":12.458},{"created":"2015-12-16T07:12:43Z","user_id":"5647496e3562310003960400","duration":11.727},{"created":"2015-12-17T01:29:20Z","user_id":"5671feaf64343800034b0000","duration":512.151}]}],"region":{"x":944.5272598142008,"y":48.85553470919324,"width":153.35210330220434,"height":69.21200750469043,"label":"Record Number","shape":"rectangle"},"task_key":"em_transcribed_record_number","instructions":{"mark":"Record Number","transcribe":"Enter the record number","verify":"Choose the best transcription or enter your own!"}},{"id":"56b1772250617568bb401300","status":"complete","name":"Mortgager","created_in_workflow":"verify","confidence":1.0,"data":{"value":"Mrs Catherine Barker"},"versions":[{"data":{"value":"Mrs Catherine Barker"},"votes":3,"confidence":1.0,"instances":[{"created":"2015-11-18T02:21:50Z","user_id":"563f8b7a3264340003774b00","duration":7.093},{"created":"2015-11-25T03:36:16Z","user_id":"5647496e3562310003960400","duration":8.519},{"created":"2015-11-26T22:42:53Z","user_id":"5647496e3562310003960400","duration":12.847}]}],"region":{"x":395.5136601464739,"y":538.9572075361474,"width":453.47744555567095,"height":52.15714911640137,"label":"Mortgager Name","shape":"rectangle"},"task_key":"em_transcribed_mortgager","instructions":{"mark":"Mortgager Name","transcribe":"Enter the mortgager's name","verify":"Choose the best transcription or enter your own!"}},{"id":"56b1772250617568bb411300","status":"awaiting_votes","name":"Street Address","created_in_workflow":"verify","confidence":0.6666666666666666,"data":{"value":"Nos: 441 and 443 W 17th Street"},"versions":[{"data":{"value":"Nos: 441 and 443 W 17th Street"},"votes":2,"confidence":0.6666666666666666,"instances":[{"created":"2015-11-26T22:43:31Z","user_id":"5647496e3562310003960400","duration":13.39},{"created":"2015-12-04T19:40:16Z","user_id":"563cbf4b65326200030e0d00","duration":15.02}]},{"data":{"value":"441 \u0026 443 W 17th Street"},"votes":1,"confidence":0.3333333333333333,"instances":[{"created":"2015-11-18T02:22:07Z","user_id":"563f8b7a3264340003774b00","duration":13.616}]}],"region":{"x":454.91485908507616,"y":588.2167372571929,"width":463.6191136671396,"height":42.015481232656725,"label":"Street Address","shape":"rectangle"},"task_key":"em_transcribed_address","instructions":{"mark":"Street Address","transcribe":"Enter the street address","verify":"Choose the best transcription or enter your own!"}},{"id":"56b1772250617568bb421300","status":"awaiting_votes","name":"Stories \u0026 Materials","created_in_workflow":"verify","confidence":0.6666666666666666,"data":{"em_record_stories":"5","em_record_material":"brick"},"versions":[{"data":{"em_record_stories":"5","em_record_material":"brick"},"votes":2,"confidence":0.6666666666666666,"instances":[{"created":"2015-11-17T03:04:52Z","user_id":"563f8b7a3264340003774b00","duration":7.323},{"created":"2015-11-24T03:35:15Z","user_id":"5647496e3562310003960400","duration":7.07}]}],"region":{"x":473.7493855778037,"y":630.2322184898496,"width":509.98102503385326,"height":60.850007302468214,"label":"Dimension \u0026 Description","shape":"rectangle"},"task_key":"em_transcribed_stories_materials","instructions":{"mark":"Dimension \u0026 Description","transcribe":"Enter, as they appear, the number of stories and the building materials.","verify":"Choose the best transcription or enter your own!"}},{"id":"56b1772250617568bb431300","status":"complete","name":"Land \u0026 Building Dimensions","created_in_workflow":"transcribe","confidence":1.0,"data":{"em_survey_land_dimensions":"25 x 92 each","em_survey_building_dimensions":"25 x 75 each"},"versions":[{"data":{"em_survey_land_dimensions":"25 x 92 each","em_survey_building_dimensions":"25 x 75 each"},"votes":3,"confidence":1.0,"instances":[{"created":"2015-11-07T18:07:05Z","user_id":"563e06dd66303300034a1000","duration":32.896},{"created":"2015-11-07T21:56:48Z","user_id":"563e6f146630330003963e00","duration":30.542},{"created":"2015-11-07T22:19:53Z","user_id":"563d87476532620003ea4300","duration":36.346}]}],"region":{"x":473.7493855778037,"y":630.2322184898496,"width":509.98102503385326,"height":60.850007302468214,"label":"Dimension \u0026 Description","shape":"rectangle"},"task_key":"em_record_survey","instructions":{"mark":"Dimension \u0026 Description","transcribe":"Enter, as they appear, any land and building dimensions that were recorded. In the next screen, you'll enter the descriptive information."}},{"id":"56b1772250617568bb441300","status":"awaiting_transcriptions","name":"Additional Info","created_in_workflow":"transcribe","confidence":0.3333333333333333,"data":{"value":"2 lots, 2 buildings"},"versions":[{"data":{"value":"2 lots, 2 buildings"},"votes":1,"confidence":0.3333333333333333,"instances":[{"created":"2015-11-07T18:07:31Z","user_id":"563e06dd66303300034a1000","duration":18.574}]},{"data":{"value":"Houses"},"votes":1,"confidence":0.3333333333333333,"instances":[{"created":"2015-11-07T21:57:12Z","user_id":"563e6f146630330003963e00","duration":12.807}]}],"region":{"x":473.7493855778037,"y":630.2322184898496,"width":509.98102503385326,"height":60.850007302468214,"label":"Dimension \u0026 Description","shape":"rectangle"},"task_key":"em_record_survey_additional_info","instructions":{"mark":"Dimension \u0026 Description","transcribe":"Enter any additional information you find about the building's construction or significance."}},{"id":"56b1772250617568bb451300","status":"awaiting_votes","name":"Record Date","created_in_workflow":"transcribe","confidence":0.6666666666666666,"data":{"value":"1872 May 14"},"versions":[{"data":{"value":"1872 May 14"},"votes":2,"confidence":0.6666666666666666,"instances":[{"created":"2015-12-15T23:34:20Z","user_id":"5670a0323938300003820400","duration":4.595},{"created":"2015-12-16T03:46:44Z","user_id":"565e09223237340003e30200","duration":5.862}]},{"data":{"value":"May 14, 1872"},"votes":1,"confidence":0.3333333333333333,"instances":[{"created":"2015-12-16T03:18:19Z","user_id":"5670d7fb3938300003040700","duration":10.691}]}],"region":{"x":89.55535644792961,"y":105.85365853658536,"width":177.77987196981195,"height":141.13821138211384,"label":"Record Date","shape":"rectangle"},"task_key":"em_record_date","instructions":{"mark":"Record Date","transcribe":"Enter the record date"}},{"id":"56b1772250617568bb461300","status":"awaiting_transcriptions","name":"Valuation Date","created_in_workflow":"transcribe","confidence":0.3333333333333333,"data":{"value":"1879 November"},"versions":[{"data":{"value":"1879 November"},"votes":1,"confidence":0.3333333333333333,"instances":[{"created":"2015-12-15T23:31:12Z","user_id":"56709bb73938300003b90300","duration":5.25}]}],"region":{"x":101.76924078173349,"y":742.332707942464,"width":707.0481931013131,"height":93.63977485928706,"label":"Valuation","shape":"rectangle"},"task_key":"em_record_valuation","instructions":{"mark":"Valuation","transcribe":"Enter the date of the valuation (if one is given). In the next screen, you'll enter the valuation's dollar amounts."}},{"id":"56b1772250617568bb471300","status":"awaiting_transcriptions","name":"Land \u0026 Building Value","created_in_workflow":"transcribe","confidence":0.3333333333333333,"data":{"em_valuation_ground":""},"versions":[{"data":{"em_valuation_ground":""},"votes":1,"confidence":0.3333333333333333,"instances":[{"created":"2015-12-15T23:31:16Z","user_id":"56709bb73938300003b90300","duration":4.022}]}],"region":{"x":101.76924078173349,"y":742.332707942464,"width":707.0481931013131,"height":93.63977485928706,"label":"Valuation","shape":"rectangle"},"task_key":"em_record_valuation_ground_building","instructions":{"mark":"Valuation","transcribe":"Sometimes valuations include itemized dollar values for \"ground\" and \"building\". Enter these amounts if you can find them. In the next screen, you'll enter the total valuation."}},{"id":"56b1772250617568bb481300","status":"awaiting_transcriptions","name":"Total Value","created_in_workflow":"transcribe","confidence":0.3333333333333333,"data":{"value":"$34,000"},"versions":[{"data":{"value":"$34,000"},"votes":1,"confidence":0.3333333333333333,"instances":[{"created":"2015-12-15T23:31:28Z","user_id":"56709bb73938300003b90300","duration":12.833}]}],"region":{"x":101.76924078173349,"y":742.332707942464,"width":707.0481931013131,"height":93.63977485928706,"label":"Valuation","shape":"rectangle"},"task_key":"em_record_valuation_total","instructions":{"mark":"Valuation","transcribe":"Enter the valuation ***total*** (if one is given)"}},{"id":"56b1772250617568bb491300","status":"awaiting_votes","name":"Amount Loaned","created_in_workflow":"verify","confidence":0.3333333333333333,"data":{"value":"$20000"},"versions":[{"data":{"value":"$20000"},"votes":1,"confidence":0.3333333333333333,"instances":[{"created":"2015-11-24T20:47:46Z","user_id":"5647496e3562310003960400","duration":24.955}]},{"data":{"value":"$20,000"},"votes":1,"confidence":0.3333333333333333,"instances":[{"created":"2015-11-25T02:57:29Z","user_id":"5649188c3863370003020e00","duration":12.026}]}],"region":{"x":102.85409464409274,"y":744.688184606397,"width":1209.756124725194,"height":86.92858186066861,"label":"Amount Loaned","shape":"rectangle"},"task_key":"em_transcribed_amount_loaned","instructions":{"mark":"Amount Loaned","transcribe":"Enter the Amount Loaned","verify":"Choose the best transcription or enter your own!"}}]}]}