{"id":"56b100847061755afbe30e00","meta_data":{"capture_uuid":"e2299fd0-00b1-0133-8dc5-58d385a7bbd0","page_uri":"http://digitalcollections.nypl.org/items/e2299fd0-00b1-0133-8dc5-58d385a7bbd0","book_uri":"http://digitalcollections.nypl.org/items/df712aa0-00b1-0133-fbd7-58d385a7bbd0","source_rotated":"0.923143","source_x":"0","source_y":"958.8","source_w":"1374.82","source_h":"1081.2"},"type":"final_subject_set","search_terms_by_field":{"Valuation Date":["1879 November","1879 November","1879 November","1879 November"],"Record Number":["452","452"],"Mortgager":["Harvey S. Gay","Harvey S. Gay"],"Street Address":["No. 49 W 12th street","49 W 12 St","49 W. 12th St."],"Land \u0026 Building Dimensions":["20.10 X 100","20.10 X 40","20.10 x 100","20.10 x 60","20.10 x 100","20.10 x 60."],"Stories \u0026 Materials":["4","Brick house","4 story","Brick house","4","brick"],"Additional Info":["house","Valuation of the premises $13,000","house"],"Record Date":["1871 May 18","1871 May 18"],"Land \u0026 Building Value":["not given","not given"],"Total Value":["$13,000","13000"],"Amount Loaned":["5000","$5000"]},"subjects":[{"id":"56b176d250617568bbc40d00","type":"root","location":{"standard":"https://s3.amazonaws.com/scribe.nypl.org/emigrant-s4/full/e2299fd0-00b1-0133-8dc5-58d385a7bbd0.left-bottom.jpg","thumbnail":"https://s3.amazonaws.com/scribe.nypl.org/emigrant-s4/thumb/e2299fd0-00b1-0133-8dc5-58d385a7bbd0.left-bottom.jpg"},"status":"retired","width":1374,"height":1081,"meta_data":{"capture_uuid":"e2299fd0-00b1-0133-8dc5-58d385a7bbd0","page_uri":"http://digitalcollections.nypl.org/items/e2299fd0-00b1-0133-8dc5-58d385a7bbd0","book_uri":"http://digitalcollections.nypl.org/items/df712aa0-00b1-0133-fbd7-58d385a7bbd0","source_rotated":"0.923143","source_x":"0","source_y":"958.8","source_w":"1374.82","source_h":"1081.2"},"assertions":[{"id":"56b176d250617568bbc50d00","status":"awaiting_transcriptions","name":"Valuation Date","created_in_workflow":"transcribe","confidence":0.3333333333333333,"data":{"value":"1879 November"},"versions":[{"data":{"value":"1879 November"},"votes":1,"confidence":0.3333333333333333,"instances":[{"created":"2015-12-24T03:24:46Z","user_id":"567b52b33634340003700300","duration":17.982}]}],"region":{"x":268.26008443427895,"y":766.6684775120559,"width":460.2733882275214,"height":55.83198504084248,"label":"Valuation","shape":"rectangle"},"task_key":"em_record_valuation","instructions":{"mark":"Valuation","transcribe":"Enter the date of the valuation (if one is given). In the next screen, you'll enter the valuation's dollar amounts."}},{"id":"56b176d250617568bbc60d00","status":"complete","name":"Record Number","created_in_workflow":"transcribe","confidence":1.0,"data":{"value":"452"},"versions":[{"data":{"value":"452"},"votes":3,"confidence":1.0,"instances":[{"created":"2015-12-23T22:32:14Z","user_id":"567b110a61383400036a0600","duration":4.134},{"created":"2015-12-24T03:43:00Z","user_id":"567b653b3862610003540200","duration":3.671},{"created":"2015-12-24T11:16:58Z","user_id":"567bd42a3862610003180400","duration":10.817}]}],"region":{"x":861.9855201360521,"y":57.19374077354591,"width":201.53982679784974,"height":64.00251943706328,"label":"Record Number","shape":"rectangle"},"task_key":"em_record_number","instructions":{"mark":"Record Number","transcribe":"Enter the record number"}},{"id":"56b176d250617568bbc70d00","status":"complete","name":"Record Number","created_in_workflow":"transcribe","confidence":1.0,"data":{"value":"452"},"versions":[{"data":{"value":"452"},"votes":3,"confidence":1.0,"instances":[{"created":"2015-11-18T13:31:22Z","user_id":"564c68d234636500036e0100","duration":6.741},{"created":"2015-11-18T16:27:10Z","user_id":"564ca14965316600033c0700","duration":4.837},{"created":"2015-11-18T17:03:05Z","user_id":"564cae443463650003eb0800","duration":3.578}]}],"region":{"x":867.8683939996778,"y":61.03376008606778,"width":171.19226407892722,"height":55.07924690693921,"label":"Record Number","shape":"rectangle"},"task_key":"em_record_number","instructions":{"mark":"Record Number","transcribe":"Enter the record number"}},{"id":"56b176d250617568bbc80d00","status":"awaiting_votes","name":"Mortgager","created_in_workflow":"transcribe","confidence":0.6666666666666666,"data":{"value":"Harvey S. Gay"},"versions":[{"data":{"value":"Harvey S. Gay"},"votes":2,"confidence":0.6666666666666666,"instances":[{"created":"2015-11-18T16:29:00Z","user_id":"564ca14965316600033c0700","duration":14.28},{"created":"2015-11-18T17:03:50Z","user_id":"564cae443463650003eb0800","duration":8.997}]},{"data":{"value":"Harvey S Gay"},"votes":1,"confidence":0.3333333333333333,"instances":[{"created":"2015-11-18T13:34:41Z","user_id":"564c68d234636500036e0100","duration":9.402}]}],"region":{"x":229.24681756611454,"y":541.8606993006993,"width":457.00891367157095,"height":50.61336202259281,"label":"Mortgager Name","shape":"rectangle"},"task_key":"em_record_mortgager","instructions":{"mark":"Mortgager Name","transcribe":"Enter the mortgager's name"}},{"id":"56b176d250617568bbc90d00","status":"complete","name":"Mortgager","created_in_workflow":"transcribe","confidence":1.0,"data":{"value":"Harvey S. Gay"},"versions":[{"data":{"value":"Harvey S. Gay"},"votes":3,"confidence":1.0,"instances":[{"created":"2015-12-24T03:20:16Z","user_id":"567b52b33634340003700300","duration":24.23},{"created":"2015-12-24T11:17:48Z","user_id":"567bd42a3862610003180400","duration":11.717},{"created":"2015-12-24T11:25:45Z","user_id":"567bd5783634340003060600","duration":9.031}]}],"region":{"x":236.93970594542395,"y":536.5317586851688,"width":426.22949856572245,"height":68.08778663517376,"label":"Mortgager Name","shape":"rectangle"},"task_key":"em_record_mortgager","instructions":{"mark":"Mortgager Name","transcribe":"Enter the mortgager's name"}},{"id":"56b176d250617568bbca0d00","status":"awaiting_votes","name":"Street Address","created_in_workflow":"transcribe","confidence":0.25,"data":{"value":"No. 49 W 12th street"},"versions":[{"data":{"value":"No. 49 W 12th street"},"votes":1,"confidence":0.25,"instances":[{"created":"2015-11-18T16:29:11Z","user_id":"564ca14965316600033c0700","duration":11.134}]},{"data":{"value":"49 West 12th Street"},"votes":1,"confidence":0.25,"instances":[{"created":"2015-11-18T17:03:58Z","user_id":"564cae443463650003eb0800","duration":8.171}]},{"data":{"value":"49 W 12th Street"},"votes":1,"confidence":0.25,"instances":[{"created":"2015-11-18T17:14:57Z","user_id":"564618af6363350003da0c00","duration":47.606}]},{"data":{"value":"no. 49. W. 12th Street"},"votes":1,"confidence":0.25,"instances":[{"created":"2015-11-18T17:16:19Z","user_id":"564cb2636531660003380900","duration":92.413}]}],"region":{"x":192.03110798373908,"y":583.5422915545992,"width":556.7470153523371,"height":41.68159225389999,"label":"Street Address","shape":"rectangle"},"task_key":"em_record_street_address","instructions":{"mark":"Street Address","transcribe":"Enter the street address"}},{"id":"56b176d250617568bbcb0d00","status":"awaiting_votes","name":"Street Address","created_in_workflow":"transcribe","confidence":0.3333333333333333,"data":{"value":"49 W 12 St"},"versions":[{"data":{"value":"49 W 12 St"},"votes":1,"confidence":0.3333333333333333,"instances":[{"created":"2015-12-24T03:20:45Z","user_id":"567b52b33634340003700300","duration":28.64}]},{"data":{"value":"No. 49 W.12th Street"},"votes":1,"confidence":0.3333333333333333,"instances":[{"created":"2015-12-24T05:02:57Z","user_id":"5668bbbe3064310003db0500","duration":15.05}]},{"data":{"value":"49 W.12th Street"},"votes":1,"confidence":0.3333333333333333,"instances":[{"created":"2015-12-24T11:20:26Z","user_id":"567bd42a3862610003180400","duration":21.819}]}],"region":{"x":228.76917242659223,"y":585.5549650624938,"width":512.0201005134556,"height":36.76740478299388,"label":"Street Address","shape":"rectangle"},"task_key":"em_record_street_address","instructions":{"mark":"Street Address","transcribe":"Enter the street address"}},{"id":"56b176d250617568bbcc0d00","status":"awaiting_transcriptions","name":"Street Address","created_in_workflow":"transcribe","confidence":0.3333333333333333,"data":{"value":"49 W. 12th St."},"versions":[{"data":{"value":"49 W. 12th St."},"votes":1,"confidence":0.3333333333333333,"instances":[{"created":"2015-12-24T03:19:52Z","user_id":"567b52b33634340003700300","duration":38.091}]},{"data":{"value":"12th street"},"votes":1,"confidence":0.3333333333333333,"instances":[{"created":"2015-12-24T11:20:04Z","user_id":"567bd42a3862610003180400","duration":10.317}]}],"region":{"x":656.3604265787866,"y":388.10038382049015,"width":261.45707260261577,"height":106.21694715087096,"label":"Street Address","shape":"rectangle"},"task_key":"em_record_street_address","instructions":{"mark":"Street Address","transcribe":"Enter the street address"}},{"id":"56b176d250617568bbcd0d00","status":"awaiting_transcriptions","name":"Land \u0026 Building Dimensions","created_in_workflow":"transcribe","confidence":0.3333333333333333,"data":{"em_survey_land_dimensions":"20.10 X 100","em_survey_building_dimensions":"20.10 X 40"},"versions":[{"data":{"em_survey_land_dimensions":"20.10 X 100","em_survey_building_dimensions":"20.10 X 40"},"votes":1,"confidence":0.3333333333333333,"instances":[{"created":"2015-11-18T13:37:02Z","user_id":"564c675865316600033b0100","duration":29.513}]},{"data":{"em_survey_land_dimensions":"20.1 x 100","em_survey_building_dimensions":"20.1 x 40"},"votes":1,"confidence":0.3333333333333333,"instances":[{"created":"2015-11-18T17:04:54Z","user_id":"564cae443463650003eb0800","duration":26.658}]}],"region":{"x":229.24681756611454,"y":632.6670252824099,"width":657.9737454163985,"height":55.07924690693926,"label":"Dimension \u0026 Description","shape":"rectangle"},"task_key":"em_record_survey","instructions":{"mark":"Dimension \u0026 Description","transcribe":"Enter, as they appear, any land and building dimensions that were recorded. In the next screen, you'll enter the descriptive information."}},{"id":"56b176d250617568bbce0d00","status":"awaiting_transcriptions","name":"Stories \u0026 Materials","created_in_workflow":"transcribe","confidence":0.3333333333333333,"data":{"em_record_stories":"4","em_record_material":"Brick house"},"versions":[{"data":{"em_record_stories":"4","em_record_material":"Brick house"},"votes":1,"confidence":0.3333333333333333,"instances":[{"created":"2015-11-18T13:37:16Z","user_id":"564c675865316600033b0100","duration":14.165}]},{"data":{"em_record_stories":"4","em_record_material":"brick"},"votes":1,"confidence":0.3333333333333333,"instances":[{"created":"2015-11-18T17:05:01Z","user_id":"564cae443463650003eb0800","duration":6.737}]}],"region":{"x":229.24681756611454,"y":632.6670252824099,"width":657.9737454163985,"height":55.07924690693926,"label":"Dimension \u0026 Description","shape":"rectangle"},"task_key":"em_record_survey_stories_materials","instructions":{"mark":"Dimension \u0026 Description","transcribe":"Enter, as they appear, the number of stories and the building materials."}},{"id":"56b176d250617568bbcf0d00","status":"awaiting_transcriptions","name":"Additional Info","created_in_workflow":"transcribe","confidence":0.3333333333333333,"data":{"value":"house"},"versions":[{"data":{"value":"house"},"votes":1,"confidence":0.3333333333333333,"instances":[{"created":"2015-11-18T17:05:04Z","user_id":"564cae443463650003eb0800","duration":3.43}]}],"region":{"x":229.24681756611454,"y":632.6670252824099,"width":657.9737454163985,"height":55.07924690693926,"label":"Dimension \u0026 Description","shape":"rectangle"},"task_key":"em_record_survey_additional_info","instructions":{"mark":"Dimension \u0026 Description","transcribe":"Enter any additional information you find about the building's construction or significance."}},{"id":"56b176d250617568bbd00d00","status":"awaiting_transcriptions","name":"Land \u0026 Building Dimensions","created_in_workflow":"transcribe","confidence":0.3333333333333333,"data":{"em_survey_land_dimensions":"20.10 x 100","em_survey_building_dimensions":"20.10 x 60"},"versions":[{"data":{"em_survey_land_dimensions":"20.10 x 100","em_survey_building_dimensions":"20.10 x 60"},"votes":1,"confidence":0.3333333333333333,"instances":[{"created":"2015-12-24T03:21:42Z","user_id":"567b52b33634340003700300","duration":40.792}]}],"region":{"x":232.8544391860081,"y":627.7693927763016,"width":665.8984817847868,"height":68.08778663517364,"label":"Dimension \u0026 Description","shape":"rectangle"},"task_key":"em_record_survey","instructions":{"mark":"Dimension \u0026 Description","transcribe":"Enter, as they appear, any land and building dimensions that were recorded. In the next screen, you'll enter the descriptive information."}},{"id":"56b176d250617568bbd10d00","status":"awaiting_transcriptions","name":"Stories \u0026 Materials","created_in_workflow":"transcribe","confidence":0.3333333333333333,"data":{"em_record_stories":"4 story","em_record_material":"Brick house"},"versions":[{"data":{"em_record_stories":"4 story","em_record_material":"Brick house"},"votes":1,"confidence":0.3333333333333333,"instances":[{"created":"2015-12-24T03:22:02Z","user_id":"567b52b33634340003700300","duration":19.317}]}],"region":{"x":232.8544391860081,"y":627.7693927763016,"width":665.8984817847868,"height":68.08778663517364,"label":"Dimension \u0026 Description","shape":"rectangle"},"task_key":"em_record_survey_stories_materials","instructions":{"mark":"Dimension \u0026 Description","transcribe":"Enter, as they appear, the number of stories and the building materials."}},{"id":"56b176d250617568bbd20d00","status":"awaiting_transcriptions","name":"Additional Info","created_in_workflow":"transcribe","confidence":0.3333333333333333,"data":{"value":"Valuation of the premises $13,000"},"versions":[{"data":{"value":"Valuation of the premises $13,000"},"votes":1,"confidence":0.3333333333333333,"instances":[{"created":"2015-12-24T03:22:43Z","user_id":"567b52b33634340003700300","duration":41.004}]}],"region":{"x":232.8544391860081,"y":627.7693927763016,"width":665.8984817847868,"height":68.08778663517364,"label":"Dimension \u0026 Description","shape":"rectangle"},"task_key":"em_record_survey_additional_info","instructions":{"mark":"Dimension \u0026 Description","transcribe":"Enter any additional information you find about the building's construction or significance."}},{"id":"56b176d250617568bbd30d00","status":"awaiting_transcriptions","name":"Land \u0026 Building Dimensions","created_in_workflow":"transcribe","confidence":0.3333333333333333,"data":{"em_survey_land_dimensions":"20.10 x 100","em_survey_building_dimensions":"20.10 x 60."},"versions":[{"data":{"em_survey_land_dimensions":"20.10 x 100","em_survey_building_dimensions":"20.10 x 60."},"votes":1,"confidence":0.3333333333333333,"instances":[{"created":"2015-12-23T21:24:26Z","user_id":"567b110a61383400036a0600","duration":36.542}]}],"region":{"x":369.3653168288518,"y":603.6496592986539,"width":587.8398138985755,"height":93.42197108193454,"label":"Dimension \u0026 Description","shape":"rectangle"},"task_key":"em_record_survey","instructions":{"mark":"Dimension \u0026 Description","transcribe":"Enter, as they appear, any land and building dimensions that were recorded. In the next screen, you'll enter the descriptive information."}},{"id":"56b176d250617568bbd40d00","status":"awaiting_transcriptions","name":"Stories \u0026 Materials","created_in_workflow":"transcribe","confidence":0.3333333333333333,"data":{"em_record_stories":"4","em_record_material":"brick"},"versions":[{"data":{"em_record_stories":"4","em_record_material":"brick"},"votes":1,"confidence":0.3333333333333333,"instances":[{"created":"2015-12-23T21:24:34Z","user_id":"567b110a61383400036a0600","duration":8.23}]}],"region":{"x":369.3653168288518,"y":603.6496592986539,"width":587.8398138985755,"height":93.42197108193454,"label":"Dimension \u0026 Description","shape":"rectangle"},"task_key":"em_record_survey_stories_materials","instructions":{"mark":"Dimension \u0026 Description","transcribe":"Enter, as they appear, the number of stories and the building materials."}},{"id":"56b176d250617568bbd50d00","status":"awaiting_transcriptions","name":"Additional Info","created_in_workflow":"transcribe","confidence":0.3333333333333333,"data":{"value":"house"},"versions":[{"data":{"value":"house"},"votes":1,"confidence":0.3333333333333333,"instances":[{"created":"2015-12-23T21:24:36Z","user_id":"567b110a61383400036a0600","duration":2.478}]}],"region":{"x":369.3653168288518,"y":603.6496592986539,"width":587.8398138985755,"height":93.42197108193454,"label":"Dimension \u0026 Description","shape":"rectangle"},"task_key":"em_record_survey_additional_info","instructions":{"mark":"Dimension \u0026 Description","transcribe":"Enter any additional information you find about the building's construction or significance."}},{"id":"56b176d250617568bbd60d00","status":"awaiting_votes","name":"Record Date","created_in_workflow":"transcribe","confidence":0.6666666666666666,"data":{"value":"1871 May 18"},"versions":[{"data":{"value":"1871 May 18"},"votes":2,"confidence":0.6666666666666666,"instances":[{"created":"2015-11-18T13:31:31Z","user_id":"564c68d234636500036e0100","duration":8.717},{"created":"2015-11-18T17:10:22Z","user_id":"564caff93463650003190900","duration":28.87}]},{"data":{"value":"1870 May 18"},"votes":1,"confidence":0.3333333333333333,"instances":[{"created":"2015-11-18T16:27:18Z","user_id":"564ca14965316600033c0700","duration":7.896}]}],"region":{"x":61.03181025377738,"y":99.73809575040345,"width":169.70363569563222,"height":110.15849381387842,"label":"Record Date","shape":"rectangle"},"task_key":"em_record_date","instructions":{"mark":"Record Date","transcribe":"Enter the record date"}},{"id":"56b176d250617568bbd70d00","status":"awaiting_votes","name":"Record Date","created_in_workflow":"transcribe","confidence":0.6666666666666666,"data":{"value":"1871 May 18"},"versions":[{"data":{"value":"1871 May 18"},"votes":2,"confidence":0.6666666666666666,"instances":[{"created":"2015-12-23T22:32:29Z","user_id":"567b110a61383400036a0600","duration":14.788},{"created":"2015-12-24T03:59:13Z","user_id":"567b5e9e3862610003ff0100","duration":9.412}]},{"data":{"value":"1870 May 18"},"votes":1,"confidence":0.3333333333333333,"instances":[{"created":"2015-12-24T03:43:07Z","user_id":"567b653b3862610003540200","duration":6.818}]}],"region":{"x":69.4437688093733,"y":80.34358822950497,"width":163.4106703766348,"height":145.70786339927173,"label":"Record Date","shape":"rectangle"},"task_key":"em_record_date","instructions":{"mark":"Record Date","transcribe":"Enter the record date"}},{"id":"56b176d250617568bbd80d00","status":"awaiting_transcriptions","name":"Valuation Date","created_in_workflow":"transcribe","confidence":0.3333333333333333,"data":{"value":"1879 November"},"versions":[{"data":{"value":"1879 November"},"votes":1,"confidence":0.3333333333333333,"instances":[{"created":"2015-12-23T20:13:09Z","user_id":"56785e716166300003500200","duration":9.154}]}],"region":{"x":54.60512307875887,"y":735.8776799069304,"width":674.0754834191489,"height":99.17101545620733,"label":"Valuation","shape":"rectangle"},"task_key":"em_record_valuation","instructions":{"mark":"Valuation","transcribe":"Enter the date of the valuation (if one is given). In the next screen, you'll enter the valuation's dollar amounts."}},{"id":"56b176d250617568bbd90d00","status":"awaiting_transcriptions","name":"Land \u0026 Building Value","created_in_workflow":"transcribe","confidence":0.3333333333333333,"data":{"em_valuation_ground":""},"versions":[{"data":{"em_valuation_ground":""},"votes":1,"confidence":0.3333333333333333,"instances":[{"created":"2015-12-23T20:13:13Z","user_id":"56785e716166300003500200","duration":3.026}]}],"region":{"x":54.60512307875887,"y":735.8776799069304,"width":674.0754834191489,"height":99.17101545620733,"label":"Valuation","shape":"rectangle"},"task_key":"em_record_valuation_ground_building","instructions":{"mark":"Valuation","transcribe":"Sometimes valuations include itemized dollar values for \"ground\" and \"building\". Enter these amounts if you can find them. In the next screen, you'll enter the total valuation."}},{"id":"56b176d250617568bbda0d00","status":"awaiting_transcriptions","name":"Total Value","created_in_workflow":"transcribe","confidence":0.3333333333333333,"data":{"value":""},"versions":[{"data":{"value":""},"votes":1,"confidence":0.3333333333333333,"instances":[{"created":"2015-12-23T20:13:13Z","user_id":"56785e716166300003500200","duration":0.896}]}],"region":{"x":54.60512307875887,"y":735.8776799069304,"width":674.0754834191489,"height":99.17101545620733,"label":"Valuation","shape":"rectangle"},"task_key":"em_record_valuation_total","instructions":{"mark":"Valuation","transcribe":"Enter the valuation ***total*** (if one is given)"}},{"id":"56b176d250617568bbdb0d00","status":"awaiting_transcriptions","name":"Valuation Date","created_in_workflow":"transcribe","confidence":0.3333333333333333,"data":{"value":"1879 November"},"versions":[{"data":{"value":"1879 November"},"votes":1,"confidence":0.3333333333333333,"instances":[{"created":"2015-12-24T03:23:24Z","user_id":"567b52b33634340003700300","duration":23.963}]}],"region":{"x":66.72025763642938,"y":686.3248892825508,"width":672.7072597171464,"height":148.43137486467862,"label":"Valuation","shape":"rectangle"},"task_key":"em_record_valuation","instructions":{"mark":"Valuation","transcribe":"Enter the date of the valuation (if one is given). In the next screen, you'll enter the valuation's dollar amounts."}},{"id":"56b176d250617568bbdc0d00","status":"awaiting_transcriptions","name":"Land \u0026 Building Value","created_in_workflow":"transcribe","confidence":0.3333333333333333,"data":{"em_valuation_ground":"not given","em_valuation_building":"not given"},"versions":[{"data":{"em_valuation_ground":"not given","em_valuation_building":"not given"},"votes":1,"confidence":0.3333333333333333,"instances":[{"created":"2015-12-24T03:24:00Z","user_id":"567b52b33634340003700300","duration":35.549}]}],"region":{"x":66.72025763642938,"y":686.3248892825508,"width":672.7072597171464,"height":148.43137486467862,"label":"Valuation","shape":"rectangle"},"task_key":"em_record_valuation_ground_building","instructions":{"mark":"Valuation","transcribe":"Sometimes valuations include itemized dollar values for \"ground\" and \"building\". Enter these amounts if you can find them. In the next screen, you'll enter the total valuation."}},{"id":"56b176d250617568bbdd0d00","status":"awaiting_transcriptions","name":"Total Value","created_in_workflow":"transcribe","confidence":0.3333333333333333,"data":{"value":"$13,000"},"versions":[{"data":{"value":"$13,000"},"votes":1,"confidence":0.3333333333333333,"instances":[{"created":"2015-12-24T03:24:18Z","user_id":"567b52b33634340003700300","duration":18.101}]}],"region":{"x":66.72025763642938,"y":686.3248892825508,"width":672.7072597171464,"height":148.43137486467862,"label":"Valuation","shape":"rectangle"},"task_key":"em_record_valuation_total","instructions":{"mark":"Valuation","transcribe":"Enter the valuation ***total*** (if one is given)"}},{"id":"56b176d250617568bbde0d00","status":"awaiting_transcriptions","name":"Valuation Date","created_in_workflow":"transcribe","confidence":0.3333333333333333,"data":{"value":"1879 November"},"versions":[{"data":{"value":"1879 November"},"votes":1,"confidence":0.3333333333333333,"instances":[{"created":"2015-11-18T13:38:38Z","user_id":"564c675865316600033b0100","duration":11.221}]}],"region":{"x":260.50801361530995,"y":771.109456697149,"width":451.0544001383908,"height":44.658848843464284,"label":"Valuation","shape":"rectangle"},"task_key":"em_record_valuation","instructions":{"mark":"Valuation","transcribe":"Enter the date of the valuation (if one is given). In the next screen, you'll enter the valuation's dollar amounts."}},{"id":"56b176d250617568bbdf0d00","status":"awaiting_transcriptions","name":"Total Value","created_in_workflow":"transcribe","confidence":0.3333333333333333,"data":{"value":"13000"},"versions":[{"data":{"value":"13000"},"votes":1,"confidence":0.3333333333333333,"instances":[{"created":"2015-11-18T13:38:55Z","user_id":"564c675865316600033b0100","duration":5.632}]}],"region":{"x":260.50801361530995,"y":771.109456697149,"width":451.0544001383908,"height":44.658848843464284,"label":"Valuation","shape":"rectangle"},"task_key":"em_record_valuation_total","instructions":{"mark":"Valuation","transcribe":"Enter the valuation ***total*** (if one is given)"}},{"id":"56b176d250617568bbe00d00","status":"awaiting_votes","name":"Amount Loaned","created_in_workflow":"transcribe","confidence":0.5,"data":{"value":"5000"},"versions":[{"data":{"value":"5000"},"votes":2,"confidence":0.5,"instances":[{"created":"2015-11-18T13:38:00Z","user_id":"564c675865316600033b0100","duration":5.367},{"created":"2015-11-18T17:19:09Z","user_id":"564618af6363350003da0c00","duration":17.08}]},{"data":{"value":"$5,000"},"votes":1,"confidence":0.25,"instances":[{"created":"2015-11-18T17:05:09Z","user_id":"564cae443463650003eb0800","duration":4.829}]},{"data":{"value":"$5000"},"votes":1,"confidence":0.25,"instances":[{"created":"2015-11-18T17:23:00Z","user_id":"564cb2636531660003380900","duration":13.141}]}],"region":{"x":233.7127027159996,"y":745.8027756858526,"width":373.64572420704985,"height":35.72707907477138,"label":"Amount Loaned","shape":"rectangle"},"task_key":"em_record_amount_loaned","instructions":{"mark":"Amount Loaned","transcribe":"Enter the Amount Loaned"}},{"id":"56b176d250617568bbe10d00","status":"awaiting_votes","name":"Amount Loaned","created_in_workflow":"transcribe","confidence":0.6666666666666666,"data":{"value":"$5000"},"versions":[{"data":{"value":"$5000"},"votes":2,"confidence":0.6666666666666666,"instances":[{"created":"2015-12-24T05:03:32Z","user_id":"5668bbbe3064310003db0500","duration":5.241},{"created":"2015-12-24T11:21:47Z","user_id":"567bd42a3862610003180400","duration":6.707}]},{"data":{"value":"$5,000"},"votes":1,"confidence":0.3333333333333333,"instances":[{"created":"2015-12-24T03:24:28Z","user_id":"567b52b33634340003700300","duration":10.677}]}],"region":{"x":441.2030439162175,"y":728.5393169963587,"width":170.21944830899457,"height":59.91725223895287,"label":"Amount Loaned","shape":"rectangle"},"task_key":"em_record_amount_loaned","instructions":{"mark":"Amount Loaned","transcribe":"Enter the Amount Loaned"}}]}]}