{"id":"56b100eb7061755afb7d1600","meta_data":{"capture_uuid":"e38121f0-00b1-0133-5241-58d385a7bbd0","page_uri":"http://digitalcollections.nypl.org/items/e38121f0-00b1-0133-5241-58d385a7bbd0","book_uri":"http://digitalcollections.nypl.org/items/df712aa0-00b1-0133-fbd7-58d385a7bbd0","source_rotated":"0.895174","source_x":"1217.27","source_y":"961.6199999999999","source_w":"1372.73","source_h":"1084.38"},"type":"final_subject_set","search_terms_by_field":{"Record Number":["623"],"Mortgager":["Peter C. Barnum"],"Street Address":["Nos: 196 \u0026 198 Chatham Street"],"Land \u0026 Building Dimensions":["49.8 x 131 x 154","49.8 x 135"],"Stories \u0026 Materials":["2 4-Story","brick"],"Additional Info":["buildings"],"Record Date":["1872 October 4"],"Valuation Date":["1879 November"],"Land \u0026 Building Value":[],"Total Value":["$60,000"],"Amount Loaned":["$35000"]},"subjects":[{"id":"56b1773a50617568bbe01400","type":"root","location":{"standard":"https://s3.amazonaws.com/scribe.nypl.org/emigrant-s4/full/e38121f0-00b1-0133-5241-58d385a7bbd0.right-bottom.jpg","thumbnail":"https://s3.amazonaws.com/scribe.nypl.org/emigrant-s4/thumb/e38121f0-00b1-0133-5241-58d385a7bbd0.right-bottom.jpg"},"status":"retired","width":1372,"height":1084,"meta_data":{"capture_uuid":"e38121f0-00b1-0133-5241-58d385a7bbd0","page_uri":"http://digitalcollections.nypl.org/items/e38121f0-00b1-0133-5241-58d385a7bbd0","book_uri":"http://digitalcollections.nypl.org/items/df712aa0-00b1-0133-fbd7-58d385a7bbd0","source_rotated":"0.895174","source_x":"1217.27","source_y":"961.6199999999999","source_w":"1372.73","source_h":"1084.38"},"assertions":[{"id":"56b1773a50617568bbe11400","status":"complete","name":"Record Number","created_in_workflow":"transcribe","confidence":1.0,"data":{"value":"623"},"versions":[{"data":{"value":"623"},"votes":3,"confidence":1.0,"instances":[{"created":"2015-12-28T17:09:48Z","user_id":"568163ed6339300003fa0400","duration":4.998},{"created":"2015-12-28T19:49:44Z","user_id":"568191566562390003460500","duration":5.888},{"created":"2015-12-28T21:13:02Z","user_id":"563f8b7a3264340003774b00","duration":8.118}]}],"region":{"x":524.8660444666193,"y":46.23253626029008,"width":635.0175241627485,"height":66.62924343394747,"label":"Record Number","shape":"rectangle"},"task_key":"em_record_number","instructions":{"mark":"Record Number","transcribe":"Enter the record number"}},{"id":"56b1773a50617568bbe21400","status":"complete","name":"Mortgager","created_in_workflow":"transcribe","confidence":1.0,"data":{"value":"Peter C. Barnum"},"versions":[{"data":{"value":"Peter C. Barnum"},"votes":3,"confidence":1.0,"instances":[{"created":"2015-12-28T17:10:36Z","user_id":"568163ed6339300003fa0400","duration":10.014},{"created":"2015-12-28T18:07:37Z","user_id":"567b52b33634340003700300","duration":19.125},{"created":"2015-12-28T19:51:03Z","user_id":"568191566562390003460500","duration":5.757}]}],"region":{"x":390.2477684663793,"y":547.9915327322619,"width":403.8548280007201,"height":58.47056056448446,"label":"Mortgager Name","shape":"rectangle"},"task_key":"em_record_mortgager","instructions":{"mark":"Mortgager Name","transcribe":"Enter the mortgager's name"}},{"id":"56b1773a50617568bbe31400","status":"awaiting_votes","name":"Street Address","created_in_workflow":"transcribe","confidence":0.6666666666666666,"data":{"value":"Nos: 196 \u0026 198 Chatham Street"},"versions":[{"data":{"value":"Nos: 196 \u0026 198 Chatham Street"},"votes":2,"confidence":0.6666666666666666,"instances":[{"created":"2015-12-28T17:12:03Z","user_id":"568163ed6339300003fa0400","duration":26.951},{"created":"2015-12-28T21:15:26Z","user_id":"563f8b7a3264340003774b00","duration":32.666}]},{"data":{"value":"Nos. 196 \u0026 198 Chatham Street"},"votes":1,"confidence":0.3333333333333333,"instances":[{"created":"2015-12-28T18:08:20Z","user_id":"567b52b33634340003700300","duration":43.389}]}],"region":{"x":295.06312887024995,"y":586.065386123089,"width":738.3608471528316,"height":43.55539004312035,"label":"Street Address","shape":"rectangle"},"task_key":"em_record_street_address","instructions":{"mark":"Street Address","transcribe":"Enter the street address"}},{"id":"56b1773a50617568bbe41400","status":"awaiting_transcriptions","name":"Land \u0026 Building Dimensions","created_in_workflow":"transcribe","confidence":0.3333333333333333,"data":{"em_survey_land_dimensions":"49.8 x 131 x 154","em_survey_building_dimensions":"49.8 x 135"},"versions":[{"data":{"em_survey_land_dimensions":"49.8 x 131 x 154","em_survey_building_dimensions":"49.8 x 135"},"votes":1,"confidence":0.3333333333333333,"instances":[{"created":"2015-12-27T18:30:54Z","user_id":"56748e5e3564620003fd0100","duration":28.854}]}],"region":{"x":271.9468592540471,"y":629.5783614268914,"width":760.1173362033757,"height":70.70858486867894,"label":"Dimension \u0026 Description","shape":"rectangle"},"task_key":"em_record_survey","instructions":{"mark":"Dimension \u0026 Description","transcribe":"Enter, as they appear, any land and building dimensions that were recorded. In the next screen, you'll enter the descriptive information."}},{"id":"56b1773a50617568bbe51400","status":"awaiting_transcriptions","name":"Stories \u0026 Materials","created_in_workflow":"transcribe","confidence":0.3333333333333333,"data":{"em_record_stories":"2 4-Story","em_record_material":"brick"},"versions":[{"data":{"em_record_stories":"2 4-Story","em_record_material":"brick"},"votes":1,"confidence":0.3333333333333333,"instances":[{"created":"2015-12-27T18:31:06Z","user_id":"56748e5e3564620003fd0100","duration":12.295}]}],"region":{"x":271.9468592540471,"y":629.5783614268914,"width":760.1173362033757,"height":70.70858486867894,"label":"Dimension \u0026 Description","shape":"rectangle"},"task_key":"em_record_survey_stories_materials","instructions":{"mark":"Dimension \u0026 Description","transcribe":"Enter, as they appear, the number of stories and the building materials."}},{"id":"56b1773a50617568bbe61400","status":"awaiting_transcriptions","name":"Additional Info","created_in_workflow":"transcribe","confidence":0.3333333333333333,"data":{"value":"buildings"},"versions":[{"data":{"value":"buildings"},"votes":1,"confidence":0.3333333333333333,"instances":[{"created":"2015-12-27T18:31:09Z","user_id":"56748e5e3564620003fd0100","duration":2.904}]}],"region":{"x":271.9468592540471,"y":629.5783614268914,"width":760.1173362033757,"height":70.70858486867894,"label":"Dimension \u0026 Description","shape":"rectangle"},"task_key":"em_record_survey_additional_info","instructions":{"mark":"Dimension \u0026 Description","transcribe":"Enter any additional information you find about the building's construction or significance."}},{"id":"56b1773a50617568bbe71400","status":"awaiting_transcriptions","name":"Record Date","created_in_workflow":"transcribe","confidence":0.6666666666666666,"data":{"value":"1872 October 4"},"versions":[{"data":{"value":"1872 October 4"},"votes":2,"confidence":0.6666666666666666,"instances":[{"created":"2015-12-28T21:13:14Z","user_id":"563f8b7a3264340003774b00","duration":11.972},{"created":"2015-12-28T21:33:39Z","user_id":"56819f6f6339300003ba0900","duration":19.329}]}],"region":{"x":88.37648289008347,"y":99.2639749117993,"width":190.36927919225863,"height":119.66068208545671,"label":"Record Date","shape":"rectangle"},"task_key":"em_record_date","instructions":{"mark":"Record Date","transcribe":"Enter the record date"}},{"id":"56b1773a50617568bbe81400","status":"awaiting_transcriptions","name":"Valuation Date","created_in_workflow":"transcribe","confidence":0.3333333333333333,"data":{"value":"1879 November"},"versions":[{"data":{"value":"1879 November"},"votes":1,"confidence":0.3333333333333333,"instances":[{"created":"2015-12-27T18:31:44Z","user_id":"56748e5e3564620003fd0100","duration":8.999}]}],"region":{"x":129.16989985985316,"y":757.3977263818111,"width":753.3184333750805,"height":106.06287730301835,"label":"Valuation","shape":"rectangle"},"task_key":"em_record_valuation","instructions":{"mark":"Valuation","transcribe":"Enter the date of the valuation (if one is given). In the next screen, you'll enter the valuation's dollar amounts."}},{"id":"56b1773a50617568bbe91400","status":"awaiting_transcriptions","name":"Land \u0026 Building Value","created_in_workflow":"transcribe","confidence":0.3333333333333333,"data":{"em_valuation_ground":""},"versions":[{"data":{"em_valuation_ground":""},"votes":1,"confidence":0.3333333333333333,"instances":[{"created":"2015-12-27T18:31:45Z","user_id":"56748e5e3564620003fd0100","duration":0.57}]}],"region":{"x":129.16989985985316,"y":757.3977263818111,"width":753.3184333750805,"height":106.06287730301835,"label":"Valuation","shape":"rectangle"},"task_key":"em_record_valuation_ground_building","instructions":{"mark":"Valuation","transcribe":"Sometimes valuations include itemized dollar values for \"ground\" and \"building\". Enter these amounts if you can find them. In the next screen, you'll enter the total valuation."}},{"id":"56b1773a50617568bbea1400","status":"awaiting_transcriptions","name":"Total Value","created_in_workflow":"transcribe","confidence":0.3333333333333333,"data":{"value":"$60,000"},"versions":[{"data":{"value":"$60,000"},"votes":1,"confidence":0.3333333333333333,"instances":[{"created":"2015-12-27T18:31:49Z","user_id":"56748e5e3564620003fd0100","duration":4.522}]}],"region":{"x":129.16989985985316,"y":757.3977263818111,"width":753.3184333750805,"height":106.06287730301835,"label":"Valuation","shape":"rectangle"},"task_key":"em_record_valuation_total","instructions":{"mark":"Valuation","transcribe":"Enter the valuation ***total*** (if one is given)"}},{"id":"56b1773a50617568bbeb1400","status":"awaiting_votes","name":"Amount Loaned","created_in_workflow":"transcribe","confidence":0.3333333333333333,"data":{"value":"$35000"},"versions":[{"data":{"value":"$35000"},"votes":1,"confidence":0.3333333333333333,"instances":[{"created":"2015-11-28T16:48:43Z","user_id":"5647496e3562310003960400","duration":9.446}]},{"data":{"value":"$35,000"},"votes":1,"confidence":0.3333333333333333,"instances":[{"created":"2015-11-29T02:26:54Z","user_id":"563bfc7535326200037f3900","duration":9.551}]},{"data":{"value":"$35000."},"votes":1,"confidence":0.3333333333333333,"instances":[{"created":"2015-11-29T13:25:17Z","user_id":"565a1aa73961610003390300","duration":18.044}]}],"region":{"x":1136.1970805099613,"y":737.6093213127683,"width":146.5192534435389,"height":51.9477332218155,"label":"Amount Loaned","shape":"rectangle"},"task_key":"em_record_amount_loaned","instructions":{"mark":"Amount Loaned","transcribe":"Enter the Amount Loaned"}}]}]}