{"id":"56b0ffd07061755afb350100","meta_data":{"capture_uuid":"dfb58840-00b1-0133-6afd-58d385a7bbd0","page_uri":"http://digitalcollections.nypl.org/items/dfb58840-00b1-0133-6afd-58d385a7bbd0","book_uri":"http://digitalcollections.nypl.org/items/df712aa0-00b1-0133-fbd7-58d385a7bbd0","source_rotated":"1.09095","source_x":"1221.03","source_y":"0","source_w":"1376.97","source_h":"1007.4399999999999"},"type":"final_subject_set","search_terms_by_field":{},"subjects":[{"id":"56b1761550617568bb190100","type":"root","location":{"standard":"https://s3.amazonaws.com/scribe.nypl.org/emigrant-s4/full/dfb58840-00b1-0133-6afd-58d385a7bbd0.right-top.jpg","thumbnail":"https://s3.amazonaws.com/scribe.nypl.org/emigrant-s4/thumb/dfb58840-00b1-0133-6afd-58d385a7bbd0.right-top.jpg"},"status":"bad","width":1376,"height":1007,"meta_data":{"capture_uuid":"dfb58840-00b1-0133-6afd-58d385a7bbd0","page_uri":"http://digitalcollections.nypl.org/items/dfb58840-00b1-0133-6afd-58d385a7bbd0","book_uri":"http://digitalcollections.nypl.org/items/df712aa0-00b1-0133-fbd7-58d385a7bbd0","source_rotated":"1.09095","source_x":"1221.03","source_y":"0","source_w":"1376.97","source_h":"1007.4399999999999"},"assertions":[]}]}