{"id":"56b100257061755afbeb0700","meta_data":{"capture_uuid":"e1258b60-00b1-0133-6737-58d385a7bbd0","page_uri":"http://digitalcollections.nypl.org/items/e1258b60-00b1-0133-6737-58d385a7bbd0","book_uri":"http://digitalcollections.nypl.org/items/df712aa0-00b1-0133-fbd7-58d385a7bbd0","source_rotated":"1.45446","source_x":"1226.67","source_y":"0","source_w":"1383.33","source_h":"1019.1999999999999"},"type":"final_subject_set","search_terms_by_field":{"Record Number":["295"],"Mortgager":["John O'Meallia"],"Street Address":["S.W. corner of 7th Avenue \u0026 25th St.  No. 226 7th Avenue"],"Land \u0026 Building Dimensions":["24.9 x 78.3","24.9 x 40"],"Stories \u0026 Materials":["4","brick"],"Additional Info":["store \u0026 tenements"],"Record Date":["1867 July 30"],"Valuation Date":["1879 November","1879 November"],"Land \u0026 Building Value":[],"Total Value":["$13,000","$13,000"],"Amount Loaned":["$7000"]},"subjects":[{"id":"56b1766f50617568bb370700","type":"root","location":{"standard":"https://s3.amazonaws.com/scribe.nypl.org/emigrant-s4/full/e1258b60-00b1-0133-6737-58d385a7bbd0.right-top.jpg","thumbnail":"https://s3.amazonaws.com/scribe.nypl.org/emigrant-s4/thumb/e1258b60-00b1-0133-6737-58d385a7bbd0.right-top.jpg"},"status":"retired","width":1383,"height":1019,"meta_data":{"capture_uuid":"e1258b60-00b1-0133-6737-58d385a7bbd0","page_uri":"http://digitalcollections.nypl.org/items/e1258b60-00b1-0133-6737-58d385a7bbd0","book_uri":"http://digitalcollections.nypl.org/items/df712aa0-00b1-0133-fbd7-58d385a7bbd0","source_rotated":"1.45446","source_x":"1226.67","source_y":"0","source_w":"1383.33","source_h":"1019.1999999999999"},"assertions":[{"id":"56b1766f50617568bb380700","status":"complete","name":"Record Number","created_in_workflow":"transcribe","confidence":1.0,"data":{"value":"295"},"versions":[{"data":{"value":"295"},"votes":3,"confidence":1.0,"instances":[{"created":"2015-11-24T07:50:03Z","user_id":"56540f563131380003990f00","duration":3.313},{"created":"2015-11-24T15:59:53Z","user_id":"565488db63393000031b0200","duration":5.246},{"created":"2015-11-24T16:28:36Z","user_id":"5654903463393000035e0200","duration":83.607}]}],"region":{"x":975.9787845052368,"y":41.58788651750947,"width":107.0666806415469,"height":48.66667571197916,"label":"Record Number","shape":"rectangle"},"task_key":"em_record_number","instructions":{"mark":"Record Number","transcribe":"Enter the record number"}},{"id":"56b1766f50617568bb390700","status":"complete","name":"Mortgager","created_in_workflow":"transcribe","confidence":1.0,"data":{"value":"John O'Meallia"},"versions":[{"data":{"value":"John O'Meallia"},"votes":3,"confidence":1.0,"instances":[{"created":"2015-11-23T23:50:57Z","user_id":"5647496e3562310003960400","duration":9.565},{"created":"2015-11-24T07:50:31Z","user_id":"56540f563131380003990f00","duration":7.68},{"created":"2015-11-24T16:29:30Z","user_id":"5654903463393000035e0200","duration":21.157}]}],"region":{"x":489.312054316387,"y":541.5273733769318,"width":246.87275949579842,"height":41.58788651750945,"label":"Mortgager Name","shape":"rectangle"},"task_key":"em_record_mortgager","instructions":{"mark":"Mortgager Name","transcribe":"Enter the mortgager's name"}},{"id":"56b1766f50617568bb3a0700","status":"awaiting_votes","name":"Street Address","created_in_workflow":"transcribe","confidence":0.25,"data":{"value":"S.W. corner of 7th Avenue \u0026 25th St.  No. 226 7th Avenue"},"versions":[{"data":{"value":"S.W. corner of 7th Avenue \u0026 25th St.  No. 226 7th Avenue"},"votes":1,"confidence":0.25,"instances":[{"created":"2015-11-23T23:51:35Z","user_id":"5647496e3562310003960400","duration":33.921}]},{"data":{"value":"S.W. corner of 7th Avenue \u0026 25th St. No. 226 7th Avenue"},"votes":1,"confidence":0.25,"instances":[{"created":"2015-11-24T07:51:05Z","user_id":"56540f563131380003990f00","duration":24.148}]},{"data":{"value":"S. W. Corner of 7th Avenue \u0026 25th St. No. 226 7th Avenue"},"votes":1,"confidence":0.25,"instances":[{"created":"2015-11-24T16:30:59Z","user_id":"5654903463393000035e0200","duration":87.958}]},{"data":{"value":"S.W. corner of 7th Avenue \u0026 25th Street No. 226 7th Avenue"},"votes":1,"confidence":0.25,"instances":[{"created":"2015-11-24T16:31:23Z","user_id":"565490293465330003be0200","duration":23.975}]}],"region":{"x":486.6575085153569,"y":576.0364706999716,"width":618.509171640011,"height":43.3575838161268,"label":"Street Address","shape":"rectangle"},"task_key":"em_record_street_address","instructions":{"mark":"Street Address","transcribe":"Enter the street address"}},{"id":"56b1766f50617568bb3b0700","status":"awaiting_transcriptions","name":"Land \u0026 Building Dimensions","created_in_workflow":"transcribe","confidence":0.3333333333333333,"data":{"em_survey_land_dimensions":"24.9 x 78.3","em_survey_building_dimensions":"24.9 x 40"},"versions":[{"data":{"em_survey_land_dimensions":"24.9 x 78.3","em_survey_building_dimensions":"24.9 x 40"},"votes":1,"confidence":0.3333333333333333,"instances":[{"created":"2015-12-17T02:51:42Z","user_id":"5647496e3562310003960400","duration":24.464}]}],"region":{"x":301.5390270050031,"y":612.6978709094349,"width":697.6805224606453,"height":91.83614619895332,"label":"Dimension \u0026 Description","shape":"rectangle"},"task_key":"em_record_survey","instructions":{"mark":"Dimension \u0026 Description","transcribe":"Enter, as they appear, any land and building dimensions that were recorded. In the next screen, you'll enter the descriptive information."}},{"id":"56b1766f50617568bb3c0700","status":"awaiting_transcriptions","name":"Stories \u0026 Materials","created_in_workflow":"transcribe","confidence":0.3333333333333333,"data":{"em_record_stories":"4","em_record_material":"brick"},"versions":[{"data":{"em_record_stories":"4","em_record_material":"brick"},"votes":1,"confidence":0.3333333333333333,"instances":[{"created":"2015-12-17T02:51:47Z","user_id":"5647496e3562310003960400","duration":5.567}]}],"region":{"x":301.5390270050031,"y":612.6978709094349,"width":697.6805224606453,"height":91.83614619895332,"label":"Dimension \u0026 Description","shape":"rectangle"},"task_key":"em_record_survey_stories_materials","instructions":{"mark":"Dimension \u0026 Description","transcribe":"Enter, as they appear, the number of stories and the building materials."}},{"id":"56b1766f50617568bb3d0700","status":"awaiting_transcriptions","name":"Additional Info","created_in_workflow":"transcribe","confidence":0.3333333333333333,"data":{"value":"store \u0026 tenements"},"versions":[{"data":{"value":"store \u0026 tenements"},"votes":1,"confidence":0.3333333333333333,"instances":[{"created":"2015-12-17T02:51:53Z","user_id":"5647496e3562310003960400","duration":5.382}]}],"region":{"x":301.5390270050031,"y":612.6978709094349,"width":697.6805224606453,"height":91.83614619895332,"label":"Dimension \u0026 Description","shape":"rectangle"},"task_key":"em_record_survey_additional_info","instructions":{"mark":"Dimension \u0026 Description","transcribe":"Enter any additional information you find about the building's construction or significance."}},{"id":"56b1766f50617568bb3e0700","status":"complete","name":"Record Date","created_in_workflow":"transcribe","confidence":1.0,"data":{"value":"1867 July 30"},"versions":[{"data":{"value":"1867 July 30"},"votes":3,"confidence":1.0,"instances":[{"created":"2015-11-24T06:23:32Z","user_id":"5653f5cc6138330003e40e00","duration":16.08},{"created":"2015-11-24T07:50:16Z","user_id":"56540f563131380003990f00","duration":10.435},{"created":"2015-11-24T16:00:08Z","user_id":"565488db63393000031b0200","duration":7.711}]}],"region":{"x":130.94837117732482,"y":74.32728654193181,"width":153.9636564597452,"height":115.03032441013255,"label":"Record Date","shape":"rectangle"},"task_key":"em_record_date","instructions":{"mark":"Record Date","transcribe":"Enter the record date"}},{"id":"56b1766f50617568bb3f0700","status":"awaiting_transcriptions","name":"Valuation Date","created_in_workflow":"transcribe","confidence":0.3333333333333333,"data":{"value":"1879 November"},"versions":[{"data":{"value":"1879 November"},"votes":1,"confidence":0.3333333333333333,"instances":[{"created":"2016-01-31T01:00:09Z","user_id":"563f8b7a3264340003774b00","duration":14.547}]}],"region":{"x":124.48165527279458,"y":734.5931115492721,"width":697.6581870974859,"height":93.02110164869748,"label":"Valuation","shape":"rectangle"},"task_key":"em_record_valuation","instructions":{"mark":"Valuation","transcribe":"Enter the date of the valuation (if one is given). In the next screen, you'll enter the valuation's dollar amounts."}},{"id":"56b1766f50617568bb400700","status":"awaiting_transcriptions","name":"Land \u0026 Building Value","created_in_workflow":"transcribe","confidence":0.3333333333333333,"data":{"em_valuation_ground":""},"versions":[{"data":{"em_valuation_ground":""},"votes":1,"confidence":0.3333333333333333,"instances":[{"created":"2016-01-31T01:00:11Z","user_id":"563f8b7a3264340003774b00","duration":2.353}]}],"region":{"x":124.48165527279458,"y":734.5931115492721,"width":697.6581870974859,"height":93.02110164869748,"label":"Valuation","shape":"rectangle"},"task_key":"em_record_valuation_ground_building","instructions":{"mark":"Valuation","transcribe":"Sometimes valuations include itemized dollar values for \"ground\" and \"building\". Enter these amounts if you can find them. In the next screen, you'll enter the total valuation."}},{"id":"56b1766f50617568bb410700","status":"awaiting_transcriptions","name":"Total Value","created_in_workflow":"transcribe","confidence":0.3333333333333333,"data":{"value":"$13,000"},"versions":[{"data":{"value":"$13,000"},"votes":1,"confidence":0.3333333333333333,"instances":[{"created":"2016-01-31T01:00:21Z","user_id":"563f8b7a3264340003774b00","duration":10.273}]}],"region":{"x":124.48165527279458,"y":734.5931115492721,"width":697.6581870974859,"height":93.02110164869748,"label":"Valuation","shape":"rectangle"},"task_key":"em_record_valuation_total","instructions":{"mark":"Valuation","transcribe":"Enter the valuation ***total*** (if one is given)"}},{"id":"56b1766f50617568bb420700","status":"awaiting_transcriptions","name":"Valuation Date","created_in_workflow":"transcribe","confidence":0.3333333333333333,"data":{"value":"1879 November"},"versions":[{"data":{"value":"1879 November"},"votes":1,"confidence":0.3333333333333333,"instances":[{"created":"2015-11-23T23:53:21Z","user_id":"5647496e3562310003960400","duration":20.782}]}],"region":{"x":683.978746391927,"y":768.0486275999621,"width":129.18789565013105,"height":53.97576760783136,"label":"Valuation","shape":"rectangle"},"task_key":"em_record_valuation","instructions":{"mark":"Valuation","transcribe":"Enter the date of the valuation (if one is given). In the next screen, you'll enter the valuation's dollar amounts."}},{"id":"56b1766f50617568bb430700","status":"awaiting_transcriptions","name":"Land \u0026 Building Value","created_in_workflow":"transcribe","confidence":0.3333333333333333,"data":{"em_valuation_ground":""},"versions":[{"data":{"em_valuation_ground":""},"votes":1,"confidence":0.3333333333333333,"instances":[{"created":"2015-11-23T23:53:24Z","user_id":"5647496e3562310003960400","duration":2.374}]}],"region":{"x":683.978746391927,"y":768.0486275999621,"width":129.18789565013105,"height":53.97576760783136,"label":"Valuation","shape":"rectangle"},"task_key":"em_record_valuation_ground_building","instructions":{"mark":"Valuation","transcribe":"Sometimes valuations include itemized dollar values for \"ground\" and \"building\". Enter these amounts if you can find them. In the next screen, you'll enter the total valuation."}},{"id":"56b1766f50617568bb440700","status":"awaiting_transcriptions","name":"Total Value","created_in_workflow":"transcribe","confidence":0.3333333333333333,"data":{"value":"$13,000"},"versions":[{"data":{"value":"$13,000"},"votes":1,"confidence":0.3333333333333333,"instances":[{"created":"2015-11-23T23:53:30Z","user_id":"5647496e3562310003960400","duration":5.96}]}],"region":{"x":683.978746391927,"y":768.0486275999621,"width":129.18789565013105,"height":53.97576760783136,"label":"Valuation","shape":"rectangle"},"task_key":"em_record_valuation_total","instructions":{"mark":"Valuation","transcribe":"Enter the valuation ***total*** (if one is given)"}},{"id":"56b1766f50617568bb450700","status":"awaiting_votes","name":"Amount Loaned","created_in_workflow":"transcribe","confidence":0.25,"data":{"value":"$7000"},"versions":[{"data":{"value":"$7000"},"votes":1,"confidence":0.25,"instances":[{"created":"2015-11-23T23:52:54Z","user_id":"5647496e3562310003960400","duration":5.882}]},{"data":{"value":"7000"},"votes":1,"confidence":0.25,"instances":[{"created":"2015-11-24T07:51:10Z","user_id":"56540f563131380003990f00","duration":5.313}]},{"data":{"value":"\u00267,000"},"votes":1,"confidence":0.25,"instances":[{"created":"2015-11-24T16:32:19Z","user_id":"565490293465330003be0200","duration":10.248}]},{"data":{"value":"$7,000"},"votes":1,"confidence":0.25,"instances":[{"created":"2015-11-24T16:32:27Z","user_id":"5654903463393000035e0200","duration":21.221}]}],"region":{"x":540.633273136302,"y":728.23043838107,"width":105.2969834408602,"height":53.97576760783142,"label":"Amount Loaned","shape":"rectangle"},"task_key":"em_record_amount_loaned","instructions":{"mark":"Amount Loaned","transcribe":"Enter the Amount Loaned"}}]}]}