{"id":"56b0ffcb7061755afbe10000","meta_data":{"capture_uuid":"dfaba2f0-00b1-0133-f2f5-58d385a7bbd0","page_uri":"http://digitalcollections.nypl.org/items/dfaba2f0-00b1-0133-f2f5-58d385a7bbd0","book_uri":"http://digitalcollections.nypl.org/items/df712aa0-00b1-0133-fbd7-58d385a7bbd0","source_rotated":"0.951112","source_x":"1220.12","source_y":"0","source_w":"1375.88","source_h":"1007.9300000000001"},"type":"final_subject_set","search_terms_by_field":{},"subjects":[{"id":"56b1761150617568bbc90000","type":"root","location":{"standard":"https://s3.amazonaws.com/scribe.nypl.org/emigrant-s4/full/dfaba2f0-00b1-0133-f2f5-58d385a7bbd0.right-top.jpg","thumbnail":"https://s3.amazonaws.com/scribe.nypl.org/emigrant-s4/thumb/dfaba2f0-00b1-0133-f2f5-58d385a7bbd0.right-top.jpg"},"status":"bad","width":1375,"height":1007,"meta_data":{"capture_uuid":"dfaba2f0-00b1-0133-f2f5-58d385a7bbd0","page_uri":"http://digitalcollections.nypl.org/items/dfaba2f0-00b1-0133-f2f5-58d385a7bbd0","book_uri":"http://digitalcollections.nypl.org/items/df712aa0-00b1-0133-fbd7-58d385a7bbd0","source_rotated":"0.951112","source_x":"1220.12","source_y":"0","source_w":"1375.88","source_h":"1007.9300000000001"},"assertions":[]}]}