{"id":"56b0ffd07061755afb3b0100","meta_data":{"capture_uuid":"dfbf2430-00b1-0133-02cd-58d385a7bbd0","page_uri":"http://digitalcollections.nypl.org/items/dfbf2430-00b1-0133-02cd-58d385a7bbd0","book_uri":"http://digitalcollections.nypl.org/items/df712aa0-00b1-0133-fbd7-58d385a7bbd0","source_rotated":"0.531537","source_x":"0","source_y":"952.22","source_w":"1367.4","source_h":"1073.78"},"type":"final_subject_set","search_terms_by_field":{},"subjects":[{"id":"56b1761550617568bb1c0100","type":"root","location":{"standard":"https://s3.amazonaws.com/scribe.nypl.org/emigrant-s4/full/dfbf2430-00b1-0133-02cd-58d385a7bbd0.left-bottom.jpg","thumbnail":"https://s3.amazonaws.com/scribe.nypl.org/emigrant-s4/thumb/dfbf2430-00b1-0133-02cd-58d385a7bbd0.left-bottom.jpg"},"status":"retired","width":1367,"height":1073,"meta_data":{"capture_uuid":"dfbf2430-00b1-0133-02cd-58d385a7bbd0","page_uri":"http://digitalcollections.nypl.org/items/dfbf2430-00b1-0133-02cd-58d385a7bbd0","book_uri":"http://digitalcollections.nypl.org/items/df712aa0-00b1-0133-fbd7-58d385a7bbd0","source_rotated":"0.531537","source_x":"0","source_y":"952.22","source_w":"1367.4","source_h":"1073.78"},"assertions":[]}]}