{"id":"56b0ffd57061755afbb60100","meta_data":{"capture_uuid":"dfe56d30-00b1-0133-dfc6-58d385a7bbd0","page_uri":"http://digitalcollections.nypl.org/items/dfe56d30-00b1-0133-dfc6-58d385a7bbd0","book_uri":"http://digitalcollections.nypl.org/items/df712aa0-00b1-0133-fbd7-58d385a7bbd0","source_rotated":"1.06298","source_x":"1221.06","source_y":"0","source_w":"1376.94","source_h":"1007.4399999999999"},"type":"final_subject_set","search_terms_by_field":{},"subjects":[{"id":"56b1761b50617568bb860100","type":"root","location":{"standard":"https://s3.amazonaws.com/scribe.nypl.org/emigrant-s4/full/dfe56d30-00b1-0133-dfc6-58d385a7bbd0.right-top.jpg","thumbnail":"https://s3.amazonaws.com/scribe.nypl.org/emigrant-s4/thumb/dfe56d30-00b1-0133-dfc6-58d385a7bbd0.right-top.jpg"},"status":"bad","width":1376,"height":1007,"meta_data":{"capture_uuid":"dfe56d30-00b1-0133-dfc6-58d385a7bbd0","page_uri":"http://digitalcollections.nypl.org/items/dfe56d30-00b1-0133-dfc6-58d385a7bbd0","book_uri":"http://digitalcollections.nypl.org/items/df712aa0-00b1-0133-fbd7-58d385a7bbd0","source_rotated":"1.06298","source_x":"1221.06","source_y":"0","source_w":"1376.94","source_h":"1007.4399999999999"},"assertions":[]}]}