{"id":"56b0ffd07061755afb410100","meta_data":{"capture_uuid":"dfc8a730-00b1-0133-d996-58d385a7bbd0","page_uri":"http://digitalcollections.nypl.org/items/dfc8a730-00b1-0133-d996-58d385a7bbd0","book_uri":"http://digitalcollections.nypl.org/items/df712aa0-00b1-0133-fbd7-58d385a7bbd0","source_rotated":"0","source_x":"0","source_y":"0","source_w":"1355.77","source_h":"956.64"},"type":"final_subject_set","search_terms_by_field":{"Record Number":["829","1060","1122","301.648"],"Mortgager":["Irwin  M. J.","Irving, Hannah","Insitution of Mercy","Ives, Cora M."]},"subjects":[{"id":"56b1761650617568bb1f0100","type":"root","location":{"standard":"https://s3.amazonaws.com/scribe.nypl.org/emigrant-s4/full/dfc8a730-00b1-0133-d996-58d385a7bbd0.left-top.jpg","thumbnail":"https://s3.amazonaws.com/scribe.nypl.org/emigrant-s4/thumb/dfc8a730-00b1-0133-d996-58d385a7bbd0.left-top.jpg"},"status":"retired","width":1355,"height":956,"meta_data":{"capture_uuid":"dfc8a730-00b1-0133-d996-58d385a7bbd0","page_uri":"http://digitalcollections.nypl.org/items/dfc8a730-00b1-0133-d996-58d385a7bbd0","book_uri":"http://digitalcollections.nypl.org/items/df712aa0-00b1-0133-fbd7-58d385a7bbd0","source_rotated":"0","source_x":"0","source_y":"0","source_w":"1355.77","source_h":"956.64"},"assertions":[{"id":"56b1761650617568bb200100","status":"awaiting_votes","name":"Record Number","created_in_workflow":"transcribe","confidence":0.6666666666666666,"data":{"value":"829"},"versions":[{"data":{"value":"829"},"votes":2,"confidence":0.6666666666666666,"instances":[{"created":"2016-01-14T15:54:55Z","user_id":"5697bba16133640003130a00","duration":12.856},{"created":"2016-01-14T16:44:25Z","user_id":"5697cfd46437650003d50600","duration":6.687}]},{"data":{"value":"829."},"votes":1,"confidence":0.3333333333333333,"instances":[{"created":"2016-01-14T03:42:11Z","user_id":"567ac7e161383400030e0500","duration":2.87}]}],"region":{"x":518.9361702127659,"y":112.43384376902124,"width":108.11170212765956,"height":43.243786065008166,"label":"Record Number","shape":"rectangle"},"task_key":"em_record_number","instructions":{"mark":"Record Number","transcribe":"Enter the record number"}},{"id":"56b1761650617568bb210100","status":"complete","name":"Record Number","created_in_workflow":"transcribe","confidence":1.0,"data":{"value":"1060"},"versions":[{"data":{"value":"1060"},"votes":3,"confidence":1.0,"instances":[{"created":"2016-01-13T20:49:47Z","user_id":"569688a630643300036e0800","duration":5.299},{"created":"2016-01-14T15:57:20Z","user_id":"5697bba16133640003130a00","duration":16.473},{"created":"2016-01-14T16:44:33Z","user_id":"5697cfd46437650003d50600","duration":7.31}]}],"region":{"x":529.0265957446808,"y":149.91179169202832,"width":90.81382978723411,"height":38.91940745850735,"label":"Record Number","shape":"rectangle"},"task_key":"em_record_number","instructions":{"mark":"Record Number","transcribe":"Enter the record number"}},{"id":"56b1761650617568bb220100","status":"awaiting_votes","name":"Record Number","created_in_workflow":"transcribe","confidence":0.6666666666666666,"data":{"value":"1122"},"versions":[{"data":{"value":"1122"},"votes":2,"confidence":0.6666666666666666,"instances":[{"created":"2016-01-14T15:57:25Z","user_id":"5697bba16133640003130a00","duration":5.623},{"created":"2016-01-14T16:44:37Z","user_id":"5697cfd46437650003d50600","duration":4.053}]},{"data":{"value":"1122."},"votes":1,"confidence":0.3333333333333333,"instances":[{"created":"2016-01-13T20:50:04Z","user_id":"569688a630643300036e0800","duration":2.784}]}],"region":{"x":531.9095744680851,"y":177.2995228665335,"width":92.25531914893611,"height":41.802326529507894,"label":"Record Number","shape":"rectangle"},"task_key":"em_record_number","instructions":{"mark":"Record Number","transcribe":"Enter the record number"}},{"id":"56b1761650617568bb230100","status":"awaiting_votes","name":"Record Number","created_in_workflow":"transcribe","confidence":0.6666666666666666,"data":{"value":"301.648"},"versions":[{"data":{"value":"301.648"},"votes":2,"confidence":0.6666666666666666,"instances":[{"created":"2016-01-14T15:54:25Z","user_id":"5697bba16133640003130a00","duration":24.729},{"created":"2016-01-14T16:43:58Z","user_id":"5697cfd46437650003d50600","duration":13.225}]},{"data":{"value":"301. 648."},"votes":1,"confidence":0.3333333333333333,"instances":[{"created":"2016-01-14T03:42:08Z","user_id":"567ac7e161383400030e0500","duration":8.207}]}],"region":{"x":546.3244680851063,"y":76.39735538151443,"width":110.99468085106389,"height":46.126705136008724,"label":"Record Number","shape":"rectangle"},"task_key":"em_record_number","instructions":{"mark":"Record Number","transcribe":"Enter the record number"}},{"id":"56b1761650617568bb240100","status":"awaiting_votes","name":"Mortgager","created_in_workflow":"transcribe","confidence":0.3333333333333333,"data":{"value":"Irwin  M. J."},"versions":[{"data":{"value":"Irwin  M. J."},"votes":1,"confidence":0.3333333333333333,"instances":[{"created":"2016-01-13T20:48:37Z","user_id":"569688a630643300036e0800","duration":18.436}]},{"data":{"value":"Irwin M. V."},"votes":1,"confidence":0.3333333333333333,"instances":[{"created":"2016-01-14T15:54:00Z","user_id":"5697bba16133640003130a00","duration":98.871}]},{"data":{"value":"Irvin M. J."},"votes":1,"confidence":0.3333333333333333,"instances":[{"created":"2016-01-14T16:43:44Z","user_id":"5697cfd46437650003d50600","duration":25.662}]}],"region":{"x":87.93085106382978,"y":69.19005770401307,"width":299.82978723404256,"height":60.54130049101144,"label":"Mortgager Name","shape":"rectangle"},"task_key":"em_record_mortgager","instructions":{"mark":"Mortgager Name","transcribe":"Enter the mortgager's name"}},{"id":"56b1761650617568bb250100","status":"awaiting_votes","name":"Mortgager","created_in_workflow":"transcribe","confidence":0.6666666666666666,"data":{"value":"Irving, Hannah"},"versions":[{"data":{"value":"Irving, Hannah"},"votes":2,"confidence":0.6666666666666666,"instances":[{"created":"2016-01-13T20:49:41Z","user_id":"569688a630643300036e0800","duration":45.244},{"created":"2016-01-14T17:37:21Z","user_id":"5697dcd164376500032b0700","duration":131.405}]},{"data":{"value":"Irwing Hannah"},"votes":1,"confidence":0.3333333333333333,"instances":[{"created":"2016-01-14T18:04:20Z","user_id":"5697e1da37633400039e0000","duration":20.972}]}],"region":{"x":89.37234042553192,"y":145.58741308552752,"width":309.92021276595744,"height":57.6583814200109,"label":"Mortgager Name","shape":"rectangle"},"task_key":"em_record_mortgager","instructions":{"mark":"Mortgager Name","transcribe":"Enter the mortgager's name"}},{"id":"56b1761650617568bb260100","status":"awaiting_votes","name":"Mortgager","created_in_workflow":"transcribe","confidence":0.3333333333333333,"data":{"value":"Insitution of Mercy"},"versions":[{"data":{"value":"Insitution of Mercy"},"votes":1,"confidence":0.3333333333333333,"instances":[{"created":"2016-01-13T20:48:56Z","user_id":"569688a630643300036e0800","duration":18.662}]},{"data":{"value":"Institution of Mercy"},"votes":1,"confidence":0.3333333333333333,"instances":[{"created":"2016-01-14T15:54:43Z","user_id":"5697bba16133640003130a00","duration":17.931}]},{"data":{"value":"Institution of Mayfas"},"votes":1,"confidence":0.3333333333333333,"instances":[{"created":"2016-01-14T16:44:19Z","user_id":"5697cfd46437650003d50600","duration":20.918}]}],"region":{"x":93.69680851063829,"y":112.43384376902124,"width":322.8936170212766,"height":63.424219562012,"label":"Mortgager Name","shape":"rectangle"},"task_key":"em_record_mortgager","instructions":{"mark":"Mortgager Name","transcribe":"Enter the mortgager's name"}},{"id":"56b1761650617568bb270100","status":"awaiting_votes","name":"Mortgager","created_in_workflow":"transcribe","confidence":0.6666666666666666,"data":{"value":"Ives, Cora M."},"versions":[{"data":{"value":"Ives, Cora M."},"votes":2,"confidence":0.6666666666666666,"instances":[{"created":"2016-01-13T20:50:01Z","user_id":"569688a630643300036e0800","duration":14.461},{"created":"2016-01-14T17:37:59Z","user_id":"5697dcd164376500032b0700","duration":15.292}]},{"data":{"value":"Cora M. Ives"},"votes":1,"confidence":0.3333333333333333,"instances":[{"created":"2016-01-14T04:57:31Z","user_id":"569726db6437650003120500","duration":8.586}]}],"region":{"x":99.4627659574468,"y":177.2995228665335,"width":258.0265957446809,"height":57.6583814200109,"label":"Mortgager Name","shape":"rectangle"},"task_key":"em_record_mortgager","instructions":{"mark":"Mortgager Name","transcribe":"Enter the mortgager's name"}}]}]}