{"id":"56b0ffd87061755afbf50100","meta_data":{"capture_uuid":"dfef3c40-00b1-0133-24d8-58d385a7bbd0","page_uri":"http://digitalcollections.nypl.org/items/dfef3c40-00b1-0133-24d8-58d385a7bbd0","book_uri":"http://digitalcollections.nypl.org/items/df712aa0-00b1-0133-fbd7-58d385a7bbd0","source_rotated":"0.643431","source_x":"1213.51","source_y":"954.57","source_w":"1368.49","source_h":"1076.43"},"type":"final_subject_set","search_terms_by_field":{"Mortgager":["Marley, Thomas","Moloney, Patrick","Martin, Sarah M.","Hannah Mackemw","Michl Christian"]},"subjects":[{"id":"56b1761f50617568bbc00100","type":"root","location":{"standard":"https://s3.amazonaws.com/scribe.nypl.org/emigrant-s4/full/dfef3c40-00b1-0133-24d8-58d385a7bbd0.right-bottom.jpg","thumbnail":"https://s3.amazonaws.com/scribe.nypl.org/emigrant-s4/thumb/dfef3c40-00b1-0133-24d8-58d385a7bbd0.right-bottom.jpg"},"status":"bad","width":1368,"height":1076,"meta_data":{"capture_uuid":"dfef3c40-00b1-0133-24d8-58d385a7bbd0","page_uri":"http://digitalcollections.nypl.org/items/dfef3c40-00b1-0133-24d8-58d385a7bbd0","book_uri":"http://digitalcollections.nypl.org/items/df712aa0-00b1-0133-fbd7-58d385a7bbd0","source_rotated":"0.643431","source_x":"1213.51","source_y":"954.57","source_w":"1368.49","source_h":"1076.43"},"assertions":[{"id":"56b1761f50617568bbc10100","status":"awaiting_transcriptions","name":"Mortgager","created_in_workflow":"transcribe","confidence":0.3333333333333333,"data":{"value":"Marley, Thomas"},"versions":[{"data":{"value":"Marley, Thomas"},"votes":1,"confidence":0.3333333333333333,"instances":[{"created":"2015-11-04T22:59:59Z","user_id":"563aa55e3236380003100400","duration":85.673}]},{"data":{"value":"Thomas Muley"},"votes":1,"confidence":0.3333333333333333,"instances":[{"created":"2015-11-04T23:30:48Z","user_id":"563a8a393732630003310b00","duration":8.702}]}],"region":{"x":97.50323974082073,"y":582.0608419173059,"width":358.9892008639309,"height":66.47903016822022,"label":"Mortgager Name","shape":"rectangle"},"task_key":"em_record_mortgager","instructions":{"mark":"Mortgager Name","transcribe":"Enter the mortgager's name"}},{"id":"56b1761f50617568bbc20100","status":"complete","name":"Mortgager","created_in_workflow":"verify","confidence":1.0,"data":{"value":"Moloney, Patrick"},"versions":[{"data":{"value":"Moloney, Patrick"},"votes":33,"confidence":0.9166666666666666,"instances":[{"created":"2015-11-04T23:42:17Z","user_id":"563a8a393732630003310b00","duration":4.961},{"created":"2015-11-05T00:24:32Z","user_id":"563a9f6432363800033e0100","duration":19.951},{"created":"2015-11-05T00:24:35Z","user_id":"563a9f563236380003370100","duration":12.049},{"created":"2015-11-05T00:24:41Z","user_id":"563aa04332363800039f0100","duration":10.873},{"created":"2015-11-05T00:24:56Z","user_id":"563a9ff83236380003720100","duration":46.298},{"created":"2015-11-06T16:51:56Z","user_id":"563cb8ab6532620003060900","duration":7.566},{"created":"2015-11-07T00:01:32Z","user_id":"563cbf4b65326200030e0d00","duration":9.765},{"created":"2015-11-07T04:45:46Z","user_id":"563d776d6532620003be4100","duration":5.206},{"created":"2015-11-07T06:01:46Z","user_id":"563d87476532620003ea4300","duration":6.247},{"created":"2015-11-07T17:26:53Z","user_id":"563e2a586630330003e21d00","duration":73.105},{"created":"2015-11-07T17:54:45Z","user_id":"563e2b536630330003681e00","duration":11.023},{"created":"2015-11-07T18:34:01Z","user_id":"563e415c6630330003182c00","duration":103.288},{"created":"2015-11-07T23:36:04Z","user_id":"563e87836630330003584300","duration":11.256},{"created":"2015-11-07T23:50:08Z","user_id":"563e09116630330003dc1000","duration":12.813},{"created":"2015-11-08T02:51:54Z","user_id":"563eadd06630330003de5200","duration":77.616},{"created":"2015-11-08T03:22:51Z","user_id":"563e9a906630330003db4d00","duration":18.195},{"created":"2015-11-08T05:21:33Z","user_id":"563eaf056630330003055300","duration":41.683},{"created":"2015-11-08T05:32:18Z","user_id":"563edd7966303300033f6400","duration":20.345},{"created":"2015-11-08T08:22:21Z","user_id":"563ef7416630330003316700","duration":13.125},{"created":"2015-11-08T09:17:50Z","user_id":"563f016d6630330003c86800","duration":11.878},{"created":"2015-11-08T12:24:32Z","user_id":"563e4f936630330003b13100","duration":24.314},{"created":"2015-11-08T14:10:47Z","user_id":"563f53be3264340003380500","duration":23.23},{"created":"2015-11-08T14:48:29Z","user_id":"563f576b3264340003320700","duration":26.941},{"created":"2015-11-08T14:50:47Z","user_id":"563f5d5232643400035e0c00","duration":14.753},{"created":"2015-11-08T15:24:37Z","user_id":"563f681a3264340003ad1700","duration":26.107},{"created":"2015-11-08T15:25:07Z","user_id":"563f691a3264340003ab1800","duration":47.022},{"created":"2015-11-08T15:31:16Z","user_id":"563f67493264340003dc1600","duration":15.531},{"created":"2015-11-08T15:41:07Z","user_id":"563f6cf63264340003501d00","duration":29.317},{"created":"2015-11-08T15:43:08Z","user_id":"563f6d4b3264340003c11d00","duration":64.981},{"created":"2015-11-08T15:48:02Z","user_id":"563f6e6e3264340003f61e00","duration":48.303},{"created":"2015-11-08T15:48:57Z","user_id":"563f6ed63264340003701f00","duration":14.619},{"created":"2015-11-08T15:52:12Z","user_id":"563f6d7e32643400030e1e00","duration":20.599},{"created":"2015-12-05T18:29:56Z","user_id":"563f8b7a3264340003774b00","duration":16.77}]},{"data":{"value":"Patrick Moloney"},"votes":2,"confidence":0.05555555555555555,"instances":[{"created":"2015-11-07T11:40:41Z","user_id":"563dbc0d66303300031c0000","duration":19.196},{"created":"2015-11-08T14:40:34Z","user_id":"563f5d4332643400034c0c00","duration":35.763}]},{"data":{"value":"Patrick Maloney"},"votes":1,"confidence":0.027777777777777776,"instances":[{"created":"2015-11-06T19:56:57Z","user_id":"563cd42165326200037d1500","duration":20.278}]}],"region":{"x":101.93520518358531,"y":521.4910588751497,"width":327.9654427645788,"height":62.04709482367218,"label":"Mortgager Name","shape":"rectangle"},"task_key":"em_transcribed_mortgager","instructions":{"mark":"Mortgager Name","transcribe":"Enter the mortgager's name","verify":"Choose the best transcription or enter your own!"}},{"id":"56b1761f50617568bbc30100","status":"complete","name":"Mortgager","created_in_workflow":"verify","confidence":1.0,"data":{"value":"Martin, Sarah M."},"versions":[{"data":{"value":"Martin, Sarah M."},"votes":5,"confidence":0.8333333333333334,"instances":[{"created":"2015-11-06T15:15:27Z","user_id":"563cb8ab6532620003060900","duration":8.99},{"created":"2015-11-06T23:52:35Z","user_id":"563cbf4b65326200030e0d00","duration":52.337},{"created":"2015-11-07T04:40:57Z","user_id":"563d776d6532620003be4100","duration":12.213},{"created":"2015-11-07T05:57:52Z","user_id":"563d87476532620003ea4300","duration":15.689},{"created":"2015-11-16T23:05:10Z","user_id":"563f8b7a3264340003774b00","duration":7.79}]},{"data":{"value":"Sarah M. Martin"},"votes":1,"confidence":0.16666666666666666,"instances":[{"created":"2015-11-06T19:55:24Z","user_id":"563cd42165326200037d1500","duration":9.159}]}],"region":{"x":103.41252699784017,"y":443.1935344548014,"width":344.21598272138226,"height":39.887418100932166,"label":"Mortgager Name","shape":"rectangle"},"task_key":"em_transcribed_mortgager","instructions":{"mark":"Mortgager Name","transcribe":"Enter the mortgager's name","verify":"Choose the best transcription or enter your own!"}},{"id":"56b1761f50617568bbc40100","status":"awaiting_transcriptions","name":"Mortgager","created_in_workflow":"transcribe","confidence":0.3333333333333333,"data":{"value":"Hannah Mackemw"},"versions":[{"data":{"value":"Hannah Mackemw"},"votes":1,"confidence":0.3333333333333333,"instances":[{"created":"2015-11-04T23:31:17Z","user_id":"563a8a393732630003310b00","duration":17.407}]},{"data":{"value":"Mahemer, Hannah"},"votes":1,"confidence":0.3333333333333333,"instances":[{"created":"2015-11-04T23:47:53Z","user_id":"563aa55e3236380003100400","duration":72.308}]}],"region":{"x":103.41252699784017,"y":645.5852485224941,"width":353.0799136069114,"height":78.29752442034828,"label":"Mortgager Name","shape":"rectangle"},"task_key":"em_record_mortgager","instructions":{"mark":"Mortgager Name","transcribe":"Enter the mortgager's name"}},{"id":"56b1761f50617568bbc50100","status":"complete","name":"Mortgager","created_in_workflow":"verify","confidence":1.0,"data":{"value":"Michl Christian"},"versions":[{"data":{"value":"Michl Christian"},"votes":3,"confidence":0.75,"instances":[{"created":"2015-11-06T01:55:49Z","user_id":"563c01553532620003973a00","duration":11.992},{"created":"2015-11-06T05:19:57Z","user_id":"563c2f413532620003894600","duration":26.959},{"created":"2015-11-06T15:19:43Z","user_id":"563cb8ab6532620003060900","duration":17.56}]},{"data":{"value":"Michel, Christian"},"votes":1,"confidence":0.25,"instances":[{"created":"2015-11-17T03:40:57Z","user_id":"564618af6363350003da0c00","duration":55.227}]}],"region":{"x":109.3218142548596,"y":477.17170542966954,"width":330.9200863930886,"height":44.3193534454802,"label":"Mortgager Name","shape":"rectangle"},"task_key":"em_transcribed_mortgager","instructions":{"mark":"Mortgager Name","transcribe":"Enter the mortgager's name","verify":"Choose the best transcription or enter your own!"}}]}]}