{"id":"56b100ff7061755afbf51700","meta_data":{"capture_uuid":"e3bbb000-00b1-0133-bc62-58d385a7bbd0","page_uri":"http://digitalcollections.nypl.org/items/e3bbb000-00b1-0133-bc62-58d385a7bbd0","book_uri":"http://digitalcollections.nypl.org/items/df712aa0-00b1-0133-fbd7-58d385a7bbd0","source_rotated":"0.699377","source_x":"1214.45","source_y":"956.92","source_w":"1369.55","source_h":"1079.08"},"type":"final_subject_set","search_terms_by_field":{"Record Number":["662"],"Mortgager":["Geo. H. Walker"],"Street Address":["No. 3 Rutgers Place"],"Land \u0026 Building Dimensions":["26 x 120","26 x 52 and 10 ft. Extension"],"Stories \u0026 Materials":["3","brick"],"Additional Info":["House and Extension"],"Record Date":["1872 Decemb. 6"],"Valuation Date":["1879 November"],"Land \u0026 Building Value":[],"Total Value":["$12000"],"Amount Loaned":["$5000."]},"subjects":[{"id":"56b1774e50617568bb401600","type":"root","location":{"standard":"https://s3.amazonaws.com/scribe.nypl.org/emigrant-s4/full/e3bbb000-00b1-0133-bc62-58d385a7bbd0.right-bottom.jpg","thumbnail":"https://s3.amazonaws.com/scribe.nypl.org/emigrant-s4/thumb/e3bbb000-00b1-0133-bc62-58d385a7bbd0.right-bottom.jpg"},"status":"active","width":1369,"height":1079,"meta_data":{"capture_uuid":"e3bbb000-00b1-0133-bc62-58d385a7bbd0","page_uri":"http://digitalcollections.nypl.org/items/e3bbb000-00b1-0133-bc62-58d385a7bbd0","book_uri":"http://digitalcollections.nypl.org/items/df712aa0-00b1-0133-fbd7-58d385a7bbd0","source_rotated":"0.699377","source_x":"1214.45","source_y":"956.92","source_w":"1369.55","source_h":"1079.08"},"assertions":[{"id":"56b1774e50617568bb411600","status":"complete","name":"Record Number","created_in_workflow":"transcribe","confidence":1.0,"data":{"value":"662"},"versions":[{"data":{"value":"662"},"votes":3,"confidence":1.0,"instances":[{"created":"2015-12-27T23:47:07Z","user_id":"568068473564660003240e00","duration":8.915},{"created":"2015-12-28T04:23:53Z","user_id":"5680b67965623900037f0000","duration":3.557},{"created":"2015-12-28T14:12:52Z","user_id":"5680342e3037360003550900","duration":15.729}]}],"region":{"x":910.202267783676,"y":39.96039349321674,"width":170.20168458698595,"height":65.12064124820506,"label":"Record Number","shape":"rectangle"},"task_key":"em_record_number","instructions":{"mark":"Record Number","transcribe":"Enter the record number"}},{"id":"56b1774e50617568bb421600","status":"awaiting_votes","name":"Mortgager","created_in_workflow":"transcribe","confidence":0.6666666666666666,"data":{"value":"Geo. H. Walker"},"versions":[{"data":{"value":"Geo. H. Walker"},"votes":2,"confidence":0.6666666666666666,"instances":[{"created":"2015-12-27T23:48:44Z","user_id":"568068473564660003240e00","duration":91.641},{"created":"2015-12-28T14:13:37Z","user_id":"5680342e3037360003550900","duration":35.81}]},{"data":{"value":"George H. Walker"},"votes":1,"confidence":0.3333333333333333,"instances":[{"created":"2015-12-28T04:24:04Z","user_id":"5680b67965623900037f0000","duration":6.052}]}],"region":{"x":445.4776681287755,"y":534.2852611500462,"width":331.52328128247683,"height":59.20058295291369,"label":"Mortgager Name","shape":"rectangle"},"task_key":"em_record_mortgager","instructions":{"mark":"Mortgager Name","transcribe":"Enter the mortgager's name"}},{"id":"56b1774e50617568bb431600","status":"awaiting_votes","name":"Street Address","created_in_workflow":"transcribe","confidence":0.6666666666666666,"data":{"value":"No. 3 Rutgers Place"},"versions":[{"data":{"value":"No. 3 Rutgers Place"},"votes":2,"confidence":0.6666666666666666,"instances":[{"created":"2015-12-27T23:49:00Z","user_id":"568068473564660003240e00","duration":16.285},{"created":"2015-12-28T14:14:11Z","user_id":"5680342e3037360003550900","duration":17.141}]},{"data":{"value":"3 Rutgers Place"},"votes":1,"confidence":0.3333333333333333,"instances":[{"created":"2015-12-28T04:24:11Z","user_id":"5680b67965623900037f0000","duration":7.106}]}],"region":{"x":491.3581222348326,"y":581.645727512377,"width":275.2827246363424,"height":50.320495509976695,"label":"Street Address","shape":"rectangle"},"task_key":"em_record_street_address","instructions":{"mark":"Street Address","transcribe":"Enter the street address"}},{"id":"56b1774e50617568bb441600","status":"awaiting_transcriptions","name":"Land \u0026 Building Dimensions","created_in_workflow":"transcribe","confidence":0.3333333333333333,"data":{"em_survey_land_dimensions":"26 x 120","em_survey_building_dimensions":"26 x 52 and 10 ft. Extension"},"versions":[{"data":{"em_survey_land_dimensions":"26 x 120","em_survey_building_dimensions":"26 x 52 and 10 ft. Extension"},"votes":1,"confidence":0.3333333333333333,"instances":[{"created":"2015-12-28T11:46:48Z","user_id":"56748e5e3564620003fd0100","duration":42.759}]}],"region":{"x":398.117199374136,"y":621.6061210055936,"width":765.1675733171452,"height":75.48074326496499,"label":"Dimension \u0026 Description","shape":"rectangle"},"task_key":"em_record_survey","instructions":{"mark":"Dimension \u0026 Description","transcribe":"Enter, as they appear, any land and building dimensions that were recorded. In the next screen, you'll enter the descriptive information."}},{"id":"56b1774e50617568bb451600","status":"awaiting_transcriptions","name":"Stories \u0026 Materials","created_in_workflow":"transcribe","confidence":0.3333333333333333,"data":{"em_record_stories":"3","em_record_material":"brick"},"versions":[{"data":{"em_record_stories":"3","em_record_material":"brick"},"votes":1,"confidence":0.3333333333333333,"instances":[{"created":"2015-12-28T11:47:00Z","user_id":"56748e5e3564620003fd0100","duration":11.867}]}],"region":{"x":398.117199374136,"y":621.6061210055936,"width":765.1675733171452,"height":75.48074326496499,"label":"Dimension \u0026 Description","shape":"rectangle"},"task_key":"em_record_survey_stories_materials","instructions":{"mark":"Dimension \u0026 Description","transcribe":"Enter, as they appear, the number of stories and the building materials."}},{"id":"56b1774e50617568bb461600","status":"awaiting_transcriptions","name":"Additional Info","created_in_workflow":"transcribe","confidence":0.3333333333333333,"data":{"value":"House and Extension"},"versions":[{"data":{"value":"House and Extension"},"votes":1,"confidence":0.3333333333333333,"instances":[{"created":"2015-12-28T11:47:07Z","user_id":"56748e5e3564620003fd0100","duration":7.368}]}],"region":{"x":398.117199374136,"y":621.6061210055936,"width":765.1675733171452,"height":75.48074326496499,"label":"Dimension \u0026 Description","shape":"rectangle"},"task_key":"em_record_survey_additional_info","instructions":{"mark":"Dimension \u0026 Description","transcribe":"Enter any additional information you find about the building's construction or significance."}},{"id":"56b1774e50617568bb471600","status":"complete","name":"Record Date","created_in_workflow":"verify","confidence":1.0,"data":{"value":"1872 Decemb. 6"},"versions":[{"data":{"value":"1872 Decemb. 6"},"votes":3,"confidence":1.0,"instances":[{"created":"2015-12-12T22:59:03Z","user_id":"5647496e3562310003960400","duration":3.961},{"created":"2016-01-02T18:02:11Z","user_id":"56748e5e3564620003fd0100","duration":4.533},{"created":"2016-01-30T23:28:27Z","user_id":"56980a2d3337650003270200","duration":14.22}]}],"region":{"x":108.21263557246145,"y":108.07176103684442,"width":173.00554062812066,"height":100.79858640630643,"label":"Record Date","shape":"rectangle"},"task_key":"em_transcribed_date","instructions":{"mark":"Record Date","transcribe":"Enter the record date","verify":"Choose the best transcription or enter your own!"}},{"id":"56b1774e50617568bb481600","status":"awaiting_transcriptions","name":"Valuation Date","created_in_workflow":"transcribe","confidence":0.3333333333333333,"data":{"value":"1879 November"},"versions":[{"data":{"value":"1879 November"},"votes":1,"confidence":0.3333333333333333,"instances":[{"created":"2015-12-28T11:47:28Z","user_id":"56748e5e3564620003fd0100","duration":6.478}]}],"region":{"x":112.47437219771626,"y":745.9273452067125,"width":742.9673535884078,"height":81.40080156025635,"label":"Valuation","shape":"rectangle"},"task_key":"em_record_valuation","instructions":{"mark":"Valuation","transcribe":"Enter the date of the valuation (if one is given). In the next screen, you'll enter the valuation's dollar amounts."}},{"id":"56b1774e50617568bb491600","status":"awaiting_transcriptions","name":"Land \u0026 Building Value","created_in_workflow":"transcribe","confidence":0.3333333333333333,"data":{"em_valuation_ground":""},"versions":[{"data":{"em_valuation_ground":""},"votes":1,"confidence":0.3333333333333333,"instances":[{"created":"2015-12-28T11:47:29Z","user_id":"56748e5e3564620003fd0100","duration":0.892}]}],"region":{"x":112.47437219771626,"y":745.9273452067125,"width":742.9673535884078,"height":81.40080156025635,"label":"Valuation","shape":"rectangle"},"task_key":"em_record_valuation_ground_building","instructions":{"mark":"Valuation","transcribe":"Sometimes valuations include itemized dollar values for \"ground\" and \"building\". Enter these amounts if you can find them. In the next screen, you'll enter the total valuation."}},{"id":"56b1774e50617568bb4a1600","status":"awaiting_transcriptions","name":"Total Value","created_in_workflow":"transcribe","confidence":0.3333333333333333,"data":{"value":"$12000"},"versions":[{"data":{"value":"$12000"},"votes":1,"confidence":0.3333333333333333,"instances":[{"created":"2015-12-28T11:47:32Z","user_id":"56748e5e3564620003fd0100","duration":3.511}]}],"region":{"x":112.47437219771626,"y":745.9273452067125,"width":742.9673535884078,"height":81.40080156025635,"label":"Valuation","shape":"rectangle"},"task_key":"em_record_valuation_total","instructions":{"mark":"Valuation","transcribe":"Enter the valuation ***total*** (if one is given)"}},{"id":"56b1774e50617568bb4b1600","status":"awaiting_votes","name":"Amount Loaned","created_in_workflow":"transcribe","confidence":0.6666666666666666,"data":{"value":"$5000."},"versions":[{"data":{"value":"$5000."},"votes":2,"confidence":0.6666666666666666,"instances":[{"created":"2015-12-27T23:50:38Z","user_id":"568068473564660003240e00","duration":9.512},{"created":"2015-12-28T14:18:01Z","user_id":"5680342e3037360003550900","duration":11.43}]},{"data":{"value":"$5000"},"votes":1,"confidence":0.3333333333333333,"instances":[{"created":"2015-12-28T11:47:21Z","user_id":"56748e5e3564620003fd0100","duration":5.997}]}],"region":{"x":1175.124889879941,"y":728.1671703208384,"width":140.60139161533607,"height":51.80051008379951,"label":"Amount Loaned","shape":"rectangle"},"task_key":"em_record_amount_loaned","instructions":{"mark":"Amount Loaned","transcribe":"Enter the Amount Loaned"}}]}]}