{"id":"56b1005e7061755afb140c00","meta_data":{"capture_uuid":"e1b69d30-00b1-0133-2cb9-58d385a7bbd0","page_uri":"http://digitalcollections.nypl.org/items/e1b69d30-00b1-0133-2cb9-58d385a7bbd0","book_uri":"http://digitalcollections.nypl.org/items/df712aa0-00b1-0133-fbd7-58d385a7bbd0","source_rotated":"0.923143","source_x":"1218.21","source_y":"0","source_w":"1373.79","source_h":"1000.5799999999999"},"type":"final_subject_set","search_terms_by_field":{"Mortgager":["Martin Lalor","Martin Lalor"],"Record Date":["1869 July 3","1879 November","1869 July 3"],"Amount Loaned":["$12000","$12,000"],"Record Number":["385","385","385"],"Street Address":["No. 387 Bowery","No. 387 Bowery"],"Additional Info":[],"Land \u0026 Building Dimensions":["24 x 100","24 x 100","24 x 100","24 x 100"],"Stories \u0026 Materials":["3 in front and 4 in rear","Brick","3 story brick ? in front and 4 story ? ? in the rear  ","brick ? in front and 4 story ? ? in the rear"],"Valuation Date":["1879 November","1879 November"],"Land \u0026 Building Value":["Valuation of these Premises  $20,000","$20000"],"Total Value":["$20,000"]},"subjects":[{"id":"56b176aa50617568bb240b00","type":"root","location":{"standard":"https://s3.amazonaws.com/scribe.nypl.org/emigrant-s4/full/e1b69d30-00b1-0133-2cb9-58d385a7bbd0.right-top.jpg","thumbnail":"https://s3.amazonaws.com/scribe.nypl.org/emigrant-s4/thumb/e1b69d30-00b1-0133-2cb9-58d385a7bbd0.right-top.jpg"},"status":"retired","width":1373,"height":1000,"meta_data":{"capture_uuid":"e1b69d30-00b1-0133-2cb9-58d385a7bbd0","page_uri":"http://digitalcollections.nypl.org/items/e1b69d30-00b1-0133-2cb9-58d385a7bbd0","book_uri":"http://digitalcollections.nypl.org/items/df712aa0-00b1-0133-fbd7-58d385a7bbd0","source_rotated":"0.923143","source_x":"1218.21","source_y":"0","source_w":"1373.79","source_h":"1000.5799999999999"},"assertions":[{"id":"56b176aa50617568bb250b00","status":"complete","name":"Mortgager","created_in_workflow":"verify","confidence":1.0,"data":{"value":"Martin Lalor"},"versions":[{"data":{"value":"Martin Lalor"},"votes":3,"confidence":1.0,"instances":[{"created":"2015-11-27T01:42:51Z","user_id":"5647496e3562310003960400","duration":6.09},{"created":"2015-12-05T05:35:16Z","user_id":"563f8b7a3264340003774b00","duration":15.883},{"created":"2015-12-06T19:17:04Z","user_id":"5647496e3562310003960400","duration":20.981}]}],"region":{"x":475.3784240948482,"y":525.6496566581393,"width":290.112656777038,"height":68.93765988959194,"label":"Mortgager Name","shape":"rectangle"},"task_key":"em_transcribed_mortgager","instructions":{"mark":"Mortgager Name","transcribe":"Enter the mortgager's name","verify":"Choose the best transcription or enter your own!"}},{"id":"56b176aa50617568bb260b00","status":"complete","name":"Record Date","created_in_workflow":"verify","confidence":1.0,"data":{"value":"1869 July 3"},"versions":[{"data":{"value":"1869 July 3"},"votes":3,"confidence":1.0,"instances":[{"created":"2015-11-13T01:22:38Z","user_id":"563f8b7a3264340003774b00","duration":10.946},{"created":"2015-11-15T17:04:03Z","user_id":"5647496e3562310003960400","duration":14.607},{"created":"2015-11-16T04:09:11Z","user_id":"5649188c3863370003020e00","duration":13.148}]}],"region":{"x":91.91268469153563,"y":61.75665365109286,"width":193.8871716084165,"height":122.0771060544859,"label":"Record Date","shape":"rectangle"},"task_key":"em_transcribed_date","instructions":{"mark":"Record Date","transcribe":"Enter the record date","verify":"Choose the best transcription or enter your own!"}},{"id":"56b176aa50617568bb270b00","status":"complete","name":"Amount Loaned","created_in_workflow":"verify","confidence":1.0,"data":{"value":"$12000"},"versions":[{"data":{"value":"$12000"},"votes":3,"confidence":1.0,"instances":[{"created":"2015-11-27T01:47:51Z","user_id":"5647496e3562310003960400","duration":4.063},{"created":"2015-12-05T05:10:49Z","user_id":"563f8b7a3264340003774b00","duration":6.579},{"created":"2015-12-06T18:57:45Z","user_id":"5647496e3562310003960400","duration":7.311}]}],"region":{"x":1170.4998393428007,"y":733.8988375746152,"width":160.854542371427,"height":54.57564741259364,"label":"Amount Loaned","shape":"rectangle"},"task_key":"em_transcribed_amount_loaned","instructions":{"mark":"Amount Loaned","transcribe":"Enter the Amount Loaned","verify":"Choose the best transcription or enter your own!"}},{"id":"56b176aa50617568bb280b00","status":"complete","name":"Record Number","created_in_workflow":"transcribe","confidence":1.0,"data":{"value":"385"},"versions":[{"data":{"value":"385"},"votes":3,"confidence":1.0,"instances":[{"created":"2015-11-06T10:47:39Z","user_id":"563c7e176532620003110100","duration":5.167},{"created":"2015-11-06T15:25:07Z","user_id":"563cb6c965326200037b0800","duration":7.766},{"created":"2015-11-06T15:52:30Z","user_id":"563cca1265326200034f1200","duration":7.424}]}],"region":{"x":572.8752157588955,"y":31.297839768668144,"width":547.0317954237277,"height":53.07025004252425,"label":"Record Number","shape":"rectangle"},"task_key":"em_record_number","instructions":{"mark":"Record Number","transcribe":"Enter the record number"}},{"id":"56b176aa50617568bb290b00","status":"complete","name":"Record Number","created_in_workflow":"transcribe","confidence":1.0,"data":{"value":"385"},"versions":[{"data":{"value":"385"},"votes":3,"confidence":1.0,"instances":[{"created":"2015-11-08T03:14:26Z","user_id":"563e09116630330003dc1000","duration":11.157},{"created":"2015-11-08T03:20:50Z","user_id":"563eaf056630330003055300","duration":8.323},{"created":"2015-11-08T07:33:25Z","user_id":"563ef7416630330003316700","duration":6.845}]}],"region":{"x":914.8560130739255,"y":27.287823706296848,"width":198.1957754219369,"height":64.62905614649253,"label":"Record Number","shape":"rectangle"},"task_key":"em_record_number","instructions":{"mark":"Record Number","transcribe":"Enter the record number"}},{"id":"56b176aa50617568bb2a0b00","status":"complete","name":"Record Number","created_in_workflow":"transcribe","confidence":1.0,"data":{"value":"385"},"versions":[{"data":{"value":"385"},"votes":3,"confidence":1.0,"instances":[{"created":"2015-12-02T20:54:11Z","user_id":"565ef8663539650003f20100","duration":7.0},{"created":"2015-12-02T23:17:03Z","user_id":"565f6e033539650003610500","duration":4.716},{"created":"2015-12-02T23:40:53Z","user_id":"565f7fd43539650003110600","duration":9.583}]}],"region":{"x":975.6647964689039,"y":28.57628848443613,"width":123.83058055611741,"height":61.23490389522027,"label":"Record Number","shape":"rectangle"},"task_key":"em_record_number","instructions":{"mark":"Record Number","transcribe":"Enter the record number"}},{"id":"56b176aa50617568bb2b0b00","status":"complete","name":"Mortgager","created_in_workflow":"verify","confidence":1.0,"data":{"value":"Martin Lalor"},"versions":[{"data":{"value":"Martin Lalor"},"votes":3,"confidence":1.0,"instances":[{"created":"2015-11-14T03:15:59Z","user_id":"563f8b7a3264340003774b00","duration":14.927},{"created":"2015-11-17T03:21:04Z","user_id":"5647496e3562310003960400","duration":12.017},{"created":"2015-11-17T03:22:09Z","user_id":"564618af6363350003da0c00","duration":9.659}]}],"region":{"x":492.58945473899513,"y":541.5887055621705,"width":277.5982245433842,"height":40.82326926348014,"label":"Mortgager Name","shape":"rectangle"},"task_key":"em_transcribed_mortgager","instructions":{"mark":"Mortgager Name","transcribe":"Enter the mortgager's name","verify":"Choose the best transcription or enter your own!"}},{"id":"56b176aa50617568bb2c0b00","status":"complete","name":"Street Address","created_in_workflow":"verify","confidence":1.0,"data":{"value":"No. 387 Bowery"},"versions":[{"data":{"value":"No. 387 Bowery"},"votes":3,"confidence":1.0,"instances":[{"created":"2015-11-25T19:38:50Z","user_id":"5647496e3562310003960400","duration":6.465},{"created":"2015-11-27T01:37:25Z","user_id":"5647496e3562310003960400","duration":6.966},{"created":"2015-12-05T05:06:54Z","user_id":"563f8b7a3264340003774b00","duration":7.941}]}],"region":{"x":465.325015196634,"y":570.1718953368342,"width":308.78327330229286,"height":57.44804990799332,"label":"Street Address","shape":"rectangle"},"task_key":"em_transcribed_address","instructions":{"mark":"Street Address","transcribe":"Enter the street address","verify":"Choose the best transcription or enter your own!"}},{"id":"56b176aa50617568bb2d0b00","status":"complete","name":"Street Address","created_in_workflow":"verify","confidence":1.0,"data":{"value":"No. 387 Bowery"},"versions":[{"data":{"value":"No. 387 Bowery"},"votes":3,"confidence":0.75,"instances":[{"created":"2015-11-14T03:16:06Z","user_id":"563f8b7a3264340003774b00","duration":6.964},{"created":"2015-11-17T03:21:09Z","user_id":"5647496e3562310003960400","duration":5.205},{"created":"2015-11-18T10:50:07Z","user_id":"5649188c3863370003020e00","duration":9.505}]},{"data":{"value":"387 Bowery"},"votes":1,"confidence":0.25,"instances":[{"created":"2015-11-17T03:22:13Z","user_id":"564618af6363350003da0c00","duration":4.093}]}],"region":{"x":496.67178157051546,"y":587.8550773941147,"width":283.0413269854114,"height":38.10171797924818,"label":"Street Address","shape":"rectangle"},"task_key":"em_transcribed_address","instructions":{"mark":"Street Address","transcribe":"Enter the street address","verify":"Choose the best transcription or enter your own!"}},{"id":"56b176aa50617568bb2e0b00","status":"complete","name":"Additional Info","created_in_workflow":"transcribe","confidence":1.0,"data":{"value":""},"versions":[{"data":{"value":""},"votes":1,"confidence":0.3333333333333333,"instances":[{"created":"2015-11-08T06:55:46Z","user_id":"563e914566303300031f4800","duration":0.517}]},{"data":{"value":"2 houses"},"votes":1,"confidence":0.3333333333333333,"instances":[{"created":"2015-11-08T08:23:45Z","user_id":"563f016d6630330003c86800","duration":7.709}]},{"data":{"value":"h'se in front and h'se in the rear"},"votes":1,"confidence":0.3333333333333333,"instances":[{"created":"2015-12-18T22:56:47Z","user_id":"56748e5e3564620003fd0100","duration":17.495}]}],"region":{"x":270.0016423170441,"y":614.6941340155289,"width":1052.7355317701426,"height":83.29967236659047,"label":"Dimension \u0026 Description","shape":"rectangle"},"task_key":"em_record_survey_additional_info","instructions":{"mark":"Dimension \u0026 Description","transcribe":"Enter any additional information you find about the building's construction or significance."}},{"id":"56b176aa50617568bb2f0b00","status":"complete","name":"Land \u0026 Building Dimensions","created_in_workflow":"verify","confidence":1.0,"data":{"em_survey_land_dimensions":"24 x 100","em_survey_building_dimensions":"24 x 100"},"versions":[{"data":{"em_survey_land_dimensions":"24 x 100","em_survey_building_dimensions":"24 x 100"},"votes":5,"confidence":1.0,"instances":[{"created":"2015-11-28T23:02:12Z","user_id":"5647496e3562310003960400","duration":25.784},{"created":"2015-12-05T14:18:38Z","user_id":"563f8b7a3264340003774b00","duration":7.902},{"created":"2015-12-10T21:42:02Z","user_id":"5668bbbe3064310003db0500","duration":14.115},{"created":"2015-12-19T03:48:59Z","user_id":"5674cd4d6139330003b80000","duration":7.737},{"created":"2015-12-22T15:45:49Z","user_id":"56796a3a6166300003650700","duration":129.656}]}],"region":{"x":270.0016423170441,"y":614.6941340155289,"width":1052.7355317701426,"height":83.29967236659047,"label":"Dimension \u0026 Description","shape":"rectangle"},"task_key":"em_transcribed_survey","instructions":{"mark":"Dimension \u0026 Description","transcribe":"Enter, as they appear, any land and building dimensions that were recorded. In the next screen, you'll enter the descriptive information.","verify":"Choose the best transcription or enter your own!"}},{"id":"56b176aa50617568bb300b00","status":"contentious","name":"Stories \u0026 Materials","created_in_workflow":"verify","confidence":0.6666666666666666,"data":{"em_record_stories":"3 in front and 4 in rear","em_record_material":"Brick"},"versions":[{"data":{"em_record_stories":"3 in front and 4 in rear","em_record_material":"Brick"},"votes":14,"confidence":0.6666666666666666,"instances":[{"created":"2015-12-05T13:57:28Z","user_id":"563f8b7a3264340003774b00","duration":18.009},{"created":"2015-12-14T22:33:30Z","user_id":"566eeeda3637340003010100","duration":19.431},{"created":"2015-12-17T17:15:17Z","user_id":"5672e51c6235370003fd0700","duration":41.534},{"created":"2015-12-18T16:45:47Z","user_id":"5668b33530333000032d0500","duration":24.895},{"created":"2015-12-19T03:55:54Z","user_id":"5674cd4d6139330003b80000","duration":27.038},{"created":"2015-12-21T02:01:40Z","user_id":"5677558f6666370003510100","duration":41.589},{"created":"2015-12-21T03:22:00Z","user_id":"5676eb206432620003a00100","duration":32.466},{"created":"2015-12-21T21:48:23Z","user_id":"567870a434313000038f0100","duration":28.58},{"created":"2015-12-21T22:13:52Z","user_id":"567876273431300003440200","duration":64.633},{"created":"2015-12-21T23:46:40Z","user_id":"56788f416166300003ed0500","duration":31.116},{"created":"2015-12-22T15:24:43Z","user_id":"56796a3a6166300003650700","duration":122.601},{"created":"2015-12-22T17:43:43Z","user_id":"56788d276166300003cc0500","duration":17.174},{"created":"2015-12-23T03:17:34Z","user_id":"567a0e0e6138340003d10200","duration":23.903},{"created":"2015-12-23T19:32:58Z","user_id":"567af6bc6138340003740500","duration":8.437}]},{"data":{"em_record_stories":"3 and 4","em_record_material":"brick"},"votes":6,"confidence":0.2857142857142857,"instances":[{"created":"2015-11-28T23:06:39Z","user_id":"5647496e3562310003960400","duration":17.724},{"created":"2015-12-10T21:29:04Z","user_id":"5668bbbe3064310003db0500","duration":11.023},{"created":"2015-12-16T00:14:43Z","user_id":"5670a0323938300003820400","duration":7.836},{"created":"2015-12-17T21:17:55Z","user_id":"5668bbbe3064310003db0500","duration":60.034},{"created":"2015-12-21T23:19:59Z","user_id":"567884e53431300003800300","duration":30.838},{"created":"2015-12-22T10:48:40Z","user_id":"56792d473431300003490500","duration":86.114}]},{"data":{"em_record_stories":"24 X 100","em_record_material":"3 X 5"},"votes":1,"confidence":0.047619047619047616,"instances":[{"created":"2015-12-22T18:27:12Z","user_id":"567995b36232380003f30000","duration":34.952}]}],"region":{"x":270.0016423170441,"y":614.6941340155289,"width":1052.7355317701426,"height":83.29967236659047,"label":"Dimension \u0026 Description","shape":"rectangle"},"task_key":"em_transcribed_stories_materials","instructions":{"mark":"Dimension \u0026 Description","transcribe":"Enter, as they appear, the number of stories and the building materials.","verify":"Choose the best transcription or enter your own!"}},{"id":"56b176aa50617568bb310b00","status":"awaiting_transcriptions","name":"Stories \u0026 Materials","created_in_workflow":"transcribe","confidence":0.3333333333333333,"data":{"em_record_stories":"3 story brick ? in front and 4 story ? ? in the rear  ","em_record_material":"brick ? in front and 4 story ? ? in the rear"},"versions":[{"data":{"em_record_stories":"3 story brick ? in front and 4 story ? ? in the rear  ","em_record_material":"brick ? in front and 4 story ? ? in the rear"},"votes":1,"confidence":0.3333333333333333,"instances":[{"created":"2015-11-06T10:49:13Z","user_id":"563c7e176532620003110100","duration":45.118}]},{"data":{"em_record_stories":"3; 4","em_record_material":"Brick in front and br in the rear"},"votes":1,"confidence":0.3333333333333333,"instances":[{"created":"2015-11-06T15:28:57Z","user_id":"563cb6c965326200037b0800","duration":93.888}]}],"region":{"x":547.0204791592665,"y":628.6783466575948,"width":760.673566273293,"height":70.76033339003232,"label":"Dimension \u0026 Description","shape":"rectangle"},"task_key":"em_record_survey_stories_materials","instructions":{"mark":"Dimension \u0026 Description","transcribe":"Enter, as they appear, the number of stories and the building materials."}},{"id":"56b176aa50617568bb320b00","status":"complete","name":"Land \u0026 Building Dimensions","created_in_workflow":"verify","confidence":1.0,"data":{"em_survey_land_dimensions":"24 x 100","em_survey_building_dimensions":"24 x 100"},"versions":[{"data":{"em_survey_land_dimensions":"24 x 100","em_survey_building_dimensions":"24 x 100"},"votes":3,"confidence":1.0,"instances":[{"created":"2015-11-14T16:38:34Z","user_id":"563f8b7a3264340003774b00","duration":10.506},{"created":"2015-11-17T04:12:30Z","user_id":"564618af6363350003da0c00","duration":10.248},{"created":"2015-11-17T04:33:41Z","user_id":"5647496e3562310003960400","duration":27.749}]}],"region":{"x":547.0204791592665,"y":628.6783466575948,"width":760.673566273293,"height":70.76033339003232,"label":"Dimension \u0026 Description","shape":"rectangle"},"task_key":"em_transcribed_survey","instructions":{"mark":"Dimension \u0026 Description","transcribe":"Enter, as they appear, any land and building dimensions that were recorded. In the next screen, you'll enter the descriptive information.","verify":"Choose the best transcription or enter your own!"}},{"id":"56b176aa50617568bb330b00","status":"complete","name":"Record Date","created_in_workflow":"transcribe","confidence":1.0,"data":{"value":"1879 November"},"versions":[{"data":{"value":"1879 November"},"votes":3,"confidence":1.0,"instances":[{"created":"2015-11-05T15:39:11Z","user_id":"563b777535326200039b0600","duration":8.86},{"created":"2015-11-06T10:53:01Z","user_id":"563c7e176532620003110100","duration":8.6},{"created":"2015-11-06T16:08:01Z","user_id":"563cc8236532620003911100","duration":33.532}]}],"region":{"x":119.73693746013595,"y":753.8697057322674,"width":159.21074642929386,"height":88.45041673754042,"label":"Record Date","shape":"rectangle"},"task_key":"em_record_date","instructions":{"mark":"Record Date","transcribe":"Enter the record date"}},{"id":"56b176aa50617568bb340b00","status":"complete","name":"Record Date","created_in_workflow":"transcribe","confidence":1.0,"data":{"value":"1869 July 3"},"versions":[{"data":{"value":"1869 July 3"},"votes":4,"confidence":1.0,"instances":[{"created":"2015-11-06T14:09:48Z","user_id":"563ca6986532620003f20400","duration":10.241},{"created":"2015-11-08T16:05:10Z","user_id":"563f6ed63264340003701f00","duration":9.636},{"created":"2015-11-08T16:08:21Z","user_id":"563f734c3264340003622500","duration":15.539},{"created":"2015-11-08T16:09:41Z","user_id":"563f73c53264340003eb2500","duration":108.78}]}],"region":{"x":127.90159112317666,"y":74.84266031638035,"width":145.60299032422603,"height":131.9952372852526,"label":"Record Date","shape":"rectangle"},"task_key":"em_record_date","instructions":{"mark":"Record Date","transcribe":"Enter the record date"}},{"id":"56b176aa50617568bb350b00","status":"complete","name":"Valuation Date","created_in_workflow":"transcribe","confidence":1.0,"data":{"value":"1879 November"},"versions":[{"data":{"value":"1879 November"},"votes":3,"confidence":1.0,"instances":[{"created":"2015-11-08T03:24:40Z","user_id":"563eaf056630330003055300","duration":17.787},{"created":"2015-11-08T06:56:26Z","user_id":"563e914566303300031f4800","duration":8.458},{"created":"2015-11-08T07:35:45Z","user_id":"563ef7416630330003316700","duration":7.177}]}],"region":{"x":114.89190503031091,"y":736.7712400700149,"width":718.1006355867277,"height":100.53408733898834,"label":"Valuation","shape":"rectangle"},"task_key":"em_record_valuation","instructions":{"mark":"Valuation","transcribe":"Enter the date of the valuation (if one is given). In the next screen, you'll enter the valuation's dollar amounts."}},{"id":"56b176aa50617568bb360b00","status":"awaiting_transcriptions","name":"Land \u0026 Building Value","created_in_workflow":"transcribe","confidence":0.3333333333333333,"data":{"em_valuation_ground":"","em_valuation_building":"Valuation of these Premises  $20,000"},"versions":[{"data":{"em_valuation_ground":"","em_valuation_building":"Valuation of these Premises  $20,000"},"votes":1,"confidence":0.3333333333333333,"instances":[{"created":"2015-11-08T03:25:39Z","user_id":"563eaf056630330003055300","duration":58.913}]},{"data":{"em_valuation_ground":""},"votes":1,"confidence":0.3333333333333333,"instances":[{"created":"2015-11-08T06:56:31Z","user_id":"563e914566303300031f4800","duration":5.108}]}],"region":{"x":114.89190503031091,"y":736.7712400700149,"width":718.1006355867277,"height":100.53408733898834,"label":"Valuation","shape":"rectangle"},"task_key":"em_record_valuation_ground_building","instructions":{"mark":"Valuation","transcribe":"Sometimes valuations include itemized dollar values for \"ground\" and \"building\". Enter these amounts if you can find them. In the next screen, you'll enter the total valuation."}},{"id":"56b176aa50617568bb370b00","status":"awaiting_transcriptions","name":"Total Value","created_in_workflow":"transcribe","confidence":0.3333333333333333,"data":{"value":""},"versions":[{"data":{"value":""},"votes":1,"confidence":0.3333333333333333,"instances":[{"created":"2015-11-08T06:56:31Z","user_id":"563e914566303300031f4800","duration":0.472}]},{"data":{"value":"$20,000"},"votes":1,"confidence":0.3333333333333333,"instances":[{"created":"2015-11-08T07:36:12Z","user_id":"563ef7416630330003316700","duration":4.57}]}],"region":{"x":114.89190503031091,"y":736.7712400700149,"width":718.1006355867277,"height":100.53408733898834,"label":"Valuation","shape":"rectangle"},"task_key":"em_record_valuation_total","instructions":{"mark":"Valuation","transcribe":"Enter the valuation ***total*** (if one is given)"}},{"id":"56b176aa50617568bb380b00","status":"awaiting_votes","name":"Valuation Date","created_in_workflow":"verify","confidence":0.6666666666666666,"data":{"value":"1879 November"},"versions":[{"data":{"value":"1879 November"},"votes":2,"confidence":0.6666666666666666,"instances":[{"created":"2015-11-13T04:00:48Z","user_id":"563f8b7a3264340003774b00","duration":8.467},{"created":"2015-11-17T02:55:45Z","user_id":"564618af6363350003da0c00","duration":5.341}]}],"region":{"x":307.5239717100723,"y":775.6421160061235,"width":517.0947319925783,"height":47.62714747406028,"label":"Valuation","shape":"rectangle"},"task_key":"em_transcribed_valuation_date","instructions":{"mark":"Valuation","transcribe":"Enter the date of the valuation (if one is given). In the next screen, you'll enter the valuation's dollar amounts.","verify":"Choose the best transcription or enter your own!"}},{"id":"56b176aa50617568bb390b00","status":"awaiting_transcriptions","name":"Land \u0026 Building Value","created_in_workflow":"transcribe","confidence":0.3333333333333333,"data":{"em_valuation_building":"$20000"},"versions":[{"data":{"em_valuation_building":"$20000"},"votes":1,"confidence":0.3333333333333333,"instances":[{"created":"2015-11-06T17:15:36Z","user_id":"563cc8236532620003911100","duration":47.06}]}],"region":{"x":307.5239717100723,"y":775.6421160061235,"width":517.0947319925783,"height":47.62714747406028,"label":"Valuation","shape":"rectangle"},"task_key":"em_record_valuation_ground_building","instructions":{"mark":"Valuation","transcribe":"Sometimes valuations include itemized dollar values for \"ground\" and \"building\". Enter these amounts if you can find them. In the next screen, you'll enter the total valuation."}},{"id":"56b176aa50617568bb3a0b00","status":"complete","name":"Total Value","created_in_workflow":"verify","confidence":1.0,"data":{"value":"$20,000"},"versions":[{"data":{"value":"$20,000"},"votes":3,"confidence":1.0,"instances":[{"created":"2015-11-13T04:00:40Z","user_id":"563f8b7a3264340003774b00","duration":6.907},{"created":"2015-11-17T02:55:39Z","user_id":"564618af6363350003da0c00","duration":14.881},{"created":"2015-11-17T03:31:48Z","user_id":"5647496e3562310003960400","duration":6.995}]}],"region":{"x":307.5239717100723,"y":775.6421160061235,"width":517.0947319925783,"height":47.62714747406028,"label":"Valuation","shape":"rectangle"},"task_key":"em_transcribed_valuation_total","instructions":{"mark":"Valuation","transcribe":"Enter the valuation ***total*** (if one is given)","verify":"Choose the best transcription or enter your own!"}},{"id":"56b176aa50617568bb3b0b00","status":"awaiting_votes","name":"Amount Loaned","created_in_workflow":"verify","confidence":0.5,"data":{"value":"$12,000"},"versions":[{"data":{"value":"$12,000"},"votes":2,"confidence":0.5,"instances":[{"created":"2015-11-13T04:00:33Z","user_id":"563f8b7a3264340003774b00","duration":3.744},{"created":"2015-11-17T02:55:16Z","user_id":"564618af6363350003da0c00","duration":12.609}]},{"data":{"value":"$12000"},"votes":2,"confidence":0.5,"instances":[{"created":"2015-11-18T10:50:40Z","user_id":"5649188c3863370003020e00","duration":7.99},{"created":"2015-11-19T20:58:41Z","user_id":"564dee2139646600036e0200","duration":19.808}]}],"region":{"x":1181.1419136554284,"y":738.9011736689914,"width":151.0460927662532,"height":62.595679537336196,"label":"Amount Loaned","shape":"rectangle"},"task_key":"em_transcribed_amount_loaned","instructions":{"mark":"Amount Loaned","transcribe":"Enter the Amount Loaned","verify":"Choose the best transcription or enter your own!"}}]}]}