{"id":"56b100e27061755afbcf1500","meta_data":{"capture_uuid":"e36d7b80-00b1-0133-4d9f-58d385a7bbd0","page_uri":"http://digitalcollections.nypl.org/items/e36d7b80-00b1-0133-4d9f-58d385a7bbd0","book_uri":"http://digitalcollections.nypl.org/items/df712aa0-00b1-0133-fbd7-58d385a7bbd0","source_rotated":"0.559511","source_x":"0","source_y":"0","source_w":"1368.46","source_h":"972.9599999999999"},"type":"final_subject_set","search_terms_by_field":{"Record Number":["609","609"],"Mortgager":["Thomas Loughran","Thomas Loughran"],"Street Address":["Diagonal Street on Avenue  141st and 142d Streets","Diagonal Street on Avenue  141st and 142d Streets"],"Land \u0026 Building Dimensions":[],"Stories \u0026 Materials":["Brick, Frame","Brick, Frame"],"Additional Info":["Dwelling, Stable \u0026 Carriage House","Dwelling, Stable \u0026 Carriage House"],"Record Date":["1879 November","1872 June 24","1872 June 24"],"Valuation Date":["1879 November","55000"],"Total Value":["$55,000.","$55.000."],"Amount Loaned":["$30000","$30000"]},"subjects":[{"id":"56b1773150617568bb3d1400","type":"root","location":{"standard":"https://s3.amazonaws.com/scribe.nypl.org/emigrant-s4/full/e36d7b80-00b1-0133-4d9f-58d385a7bbd0.left-top.jpg","thumbnail":"https://s3.amazonaws.com/scribe.nypl.org/emigrant-s4/thumb/e36d7b80-00b1-0133-4d9f-58d385a7bbd0.left-top.jpg"},"status":"retired","width":1368,"height":972,"meta_data":{"capture_uuid":"e36d7b80-00b1-0133-4d9f-58d385a7bbd0","page_uri":"http://digitalcollections.nypl.org/items/e36d7b80-00b1-0133-4d9f-58d385a7bbd0","book_uri":"http://digitalcollections.nypl.org/items/df712aa0-00b1-0133-fbd7-58d385a7bbd0","source_rotated":"0.559511","source_x":"0","source_y":"0","source_w":"1368.46","source_h":"972.9599999999999"},"assertions":[{"id":"56b1773150617568bb3e1400","status":"awaiting_votes","name":"Record Number","created_in_workflow":"transcribe","confidence":0.6666666666666666,"data":{"value":"609"},"versions":[{"data":{"value":"609"},"votes":2,"confidence":0.6666666666666666,"instances":[{"created":"2015-12-15T19:44:51Z","user_id":"566f2ecb3066300003890300","duration":8.876},{"created":"2015-12-15T19:47:19Z","user_id":"56706c783938300003120100","duration":3.898}]},{"data":{"value":"109"},"votes":1,"confidence":0.3333333333333333,"instances":[{"created":"2015-12-15T21:51:55Z","user_id":"5670894736356200033d0700","duration":20.537}]}],"region":{"x":870.4261406355398,"y":25.760690466849745,"width":172.18989574386194,"height":56.94468418987838,"label":"Record Number","shape":"rectangle"},"task_key":"em_record_number","instructions":{"mark":"Record Number","transcribe":"Enter the record number"}},{"id":"56b1773150617568bb3f1400","status":"complete","name":"Record Number","created_in_workflow":"transcribe","confidence":1.0,"data":{"value":"609"},"versions":[{"data":{"value":"609"},"votes":3,"confidence":1.0,"instances":[{"created":"2016-01-14T18:03:32Z","user_id":"5697e1da37633400039e0000","duration":42.623},{"created":"2016-01-14T18:07:21Z","user_id":"5697e3d93763340003b70000","duration":10.984},{"created":"2016-01-14T18:16:35Z","user_id":"5697e5f43763340003de0000","duration":14.362}]}],"region":{"x":949.227571653233,"y":17.578431209587606,"width":87.89216205513014,"height":76.51787702996958,"label":"Record Number","shape":"rectangle"},"task_key":"em_record_number","instructions":{"mark":"Record Number","transcribe":"Enter the record number"}},{"id":"56b1773150617568bb401400","status":"awaiting_votes","name":"Mortgager","created_in_workflow":"transcribe","confidence":0.6666666666666666,"data":{"value":"Thomas Loughran"},"versions":[{"data":{"value":"Thomas Loughran"},"votes":2,"confidence":0.6666666666666666,"instances":[{"created":"2015-12-15T18:10:39Z","user_id":"56704e743066300003ab0900","duration":64.909},{"created":"2015-12-15T20:39:58Z","user_id":"567076f736356200037a0600","duration":10.623}]},{"data":{"value":"Thomas Soughran"},"votes":1,"confidence":0.3333333333333333,"instances":[{"created":"2015-12-15T19:46:48Z","user_id":"566f2ecb3066300003890300","duration":52.231}]}],"region":{"x":380.97297241873554,"y":538.2628481757553,"width":380.98709215767866,"height":59.65633581796783,"label":"Mortgager Name","shape":"rectangle"},"task_key":"em_record_mortgager","instructions":{"mark":"Mortgager Name","transcribe":"Enter the mortgager's name"}},{"id":"56b1773150617568bb411400","status":"complete","name":"Mortgager","created_in_workflow":"transcribe","confidence":1.0,"data":{"value":"Thomas Loughran"},"versions":[{"data":{"value":"Thomas Loughran"},"votes":3,"confidence":1.0,"instances":[{"created":"2016-01-13T20:54:23Z","user_id":"569688a630643300036e0800","duration":17.348},{"created":"2016-01-14T04:58:33Z","user_id":"569726db6437650003120500","duration":4.909},{"created":"2016-01-14T17:33:19Z","user_id":"5697dade64376500031b0700","duration":16.698}]}],"region":{"x":427.0447265021648,"y":534.5911138445173,"width":331.9221649376097,"height":54.803344359302514,"label":"Mortgager Name","shape":"rectangle"},"task_key":"em_record_mortgager","instructions":{"mark":"Mortgager Name","transcribe":"Enter the mortgager's name"}},{"id":"56b1773150617568bb421400","status":"awaiting_votes","name":"Street Address","created_in_workflow":"transcribe","confidence":0.3333333333333333,"data":{"value":"Diagonal Street on Avenue  141st and 142d Streets"},"versions":[{"data":{"value":"Diagonal Street on Avenue  141st and 142d Streets"},"votes":1,"confidence":0.3333333333333333,"instances":[{"created":"2015-12-15T18:12:01Z","user_id":"56704e743066300003ab0900","duration":81.415}]},{"data":{"value":"141 st and 142 st "},"votes":1,"confidence":0.3333333333333333,"instances":[{"created":"2015-12-15T21:53:06Z","user_id":"5670894736356200033d0700","duration":36.354}]},{"data":{"value":"Diagonal street on Avenue 141th and 142nd streets"},"votes":1,"confidence":0.3333333333333333,"instances":[{"created":"2015-12-15T21:55:57Z","user_id":"564e49d539646600031a0b00","duration":19.216}]}],"region":{"x":398.59870977834345,"y":572.1584935268733,"width":667.0663677636226,"height":54.233032561788875,"label":"Street Address","shape":"rectangle"},"task_key":"em_record_street_address","instructions":{"mark":"Street Address","transcribe":"Enter the street address"}},{"id":"56b1773150617568bb431400","status":"awaiting_votes","name":"Street Address","created_in_workflow":"transcribe","confidence":0.3333333333333333,"data":{"value":"Diagonal Street on Avenue  141st and 142d Streets"},"versions":[{"data":{"value":"Diagonal Street on Avenue  141st and 142d Streets"},"votes":1,"confidence":0.3333333333333333,"instances":[{"created":"2016-01-13T20:55:22Z","user_id":"569688a630643300036e0800","duration":59.364}]},{"data":{"value":"Diagonal Street or Avenue 141st and 142nd Streets"},"votes":1,"confidence":0.3333333333333333,"instances":[{"created":"2016-01-14T04:58:56Z","user_id":"569726db6437650003120500","duration":22.659}]},{"data":{"value":"Diagonal Stated on Avennp 141th and 142d Streets"},"votes":1,"confidence":0.3333333333333333,"instances":[{"created":"2016-01-14T18:07:03Z","user_id":"5697e1da37633400039e0000","duration":55.61}]}],"region":{"x":434.2829045537638,"y":582.1562806469308,"width":624.5513633093963,"height":40.32698924552449,"label":"Street Address","shape":"rectangle"},"task_key":"em_record_street_address","instructions":{"mark":"Street Address","transcribe":"Enter the street address"}},{"id":"56b1773150617568bb441400","status":"awaiting_transcriptions","name":"Land \u0026 Building Dimensions","created_in_workflow":"transcribe","confidence":0.3333333333333333,"data":{"em_survey_land_dimensions":""},"versions":[{"data":{"em_survey_land_dimensions":""},"votes":1,"confidence":0.3333333333333333,"instances":[{"created":"2016-01-13T20:55:41Z","user_id":"569688a630643300036e0800","duration":19.444}]}],"region":{"x":181.98069818374273,"y":616.2791177008361,"width":943.0311975797506,"height":88.92618141320793,"label":"Dimension \u0026 Description","shape":"rectangle"},"task_key":"em_record_survey","instructions":{"mark":"Dimension \u0026 Description","transcribe":"Enter, as they appear, any land and building dimensions that were recorded. In the next screen, you'll enter the descriptive information."}},{"id":"56b1773150617568bb451400","status":"awaiting_transcriptions","name":"Stories \u0026 Materials","created_in_workflow":"transcribe","confidence":0.3333333333333333,"data":{"em_record_stories":"","em_record_material":"Brick, Frame"},"versions":[{"data":{"em_record_stories":"","em_record_material":"Brick, Frame"},"votes":1,"confidence":0.3333333333333333,"instances":[{"created":"2016-01-13T20:55:55Z","user_id":"569688a630643300036e0800","duration":13.611}]}],"region":{"x":181.98069818374273,"y":616.2791177008361,"width":943.0311975797506,"height":88.92618141320793,"label":"Dimension \u0026 Description","shape":"rectangle"},"task_key":"em_record_survey_stories_materials","instructions":{"mark":"Dimension \u0026 Description","transcribe":"Enter, as they appear, the number of stories and the building materials."}},{"id":"56b1773150617568bb461400","status":"awaiting_transcriptions","name":"Additional Info","created_in_workflow":"transcribe","confidence":0.3333333333333333,"data":{"value":"Dwelling, Stable \u0026 Carriage House"},"versions":[{"data":{"value":"Dwelling, Stable \u0026 Carriage House"},"votes":1,"confidence":0.3333333333333333,"instances":[{"created":"2016-01-13T20:56:09Z","user_id":"569688a630643300036e0800","duration":13.978}]}],"region":{"x":181.98069818374273,"y":616.2791177008361,"width":943.0311975797506,"height":88.92618141320793,"label":"Dimension \u0026 Description","shape":"rectangle"},"task_key":"em_record_survey_additional_info","instructions":{"mark":"Dimension \u0026 Description","transcribe":"Enter any additional information you find about the building's construction or significance."}},{"id":"56b1773150617568bb471400","status":"awaiting_transcriptions","name":"Stories \u0026 Materials","created_in_workflow":"transcribe","confidence":0.3333333333333333,"data":{"em_record_material":"Brick, Frame"},"versions":[{"data":{"em_record_material":"Brick, Frame"},"votes":1,"confidence":0.3333333333333333,"instances":[{"created":"2015-12-15T18:12:46Z","user_id":"56704e743066300003ab0900","duration":21.895}]}],"region":{"x":349.7889755517369,"y":615.5449195763044,"width":772.8207919212698,"height":97.61945861122013,"label":"Dimension \u0026 Description","shape":"rectangle"},"task_key":"em_record_survey_stories_materials","instructions":{"mark":"Dimension \u0026 Description","transcribe":"Enter, as they appear, the number of stories and the building materials."}},{"id":"56b1773150617568bb481400","status":"awaiting_transcriptions","name":"Additional Info","created_in_workflow":"transcribe","confidence":0.3333333333333333,"data":{"value":"Dwelling, Stable \u0026 Carriage House"},"versions":[{"data":{"value":"Dwelling, Stable \u0026 Carriage House"},"votes":1,"confidence":0.3333333333333333,"instances":[{"created":"2015-12-15T18:13:09Z","user_id":"56704e743066300003ab0900","duration":22.468}]},{"data":{"value":"staff and carriage "},"votes":1,"confidence":0.3333333333333333,"instances":[{"created":"2015-12-15T21:55:55Z","user_id":"5670894736356200033d0700","duration":64.521}]}],"region":{"x":349.7889755517369,"y":615.5449195763044,"width":772.8207919212698,"height":97.61945861122013,"label":"Dimension \u0026 Description","shape":"rectangle"},"task_key":"em_record_survey_additional_info","instructions":{"mark":"Dimension \u0026 Description","transcribe":"Enter any additional information you find about the building's construction or significance."}},{"id":"56b1773150617568bb491400","status":"complete","name":"Record Date","created_in_workflow":"transcribe","confidence":1.0,"data":{"value":"1879 November"},"versions":[{"data":{"value":"1879 November"},"votes":3,"confidence":1.0,"instances":[{"created":"2016-01-13T21:02:00Z","user_id":"569688a630643300036e0800","duration":7.504},{"created":"2016-01-14T05:00:29Z","user_id":"569726db6437650003120500","duration":3.694},{"created":"2016-01-14T18:09:35Z","user_id":"5697e3d93763340003b70000","duration":6.992}]}],"region":{"x":51.69349325496139,"y":728.9878825152508,"width":176.81834954620325,"height":95.130333604827,"label":"Record Date","shape":"rectangle"},"task_key":"em_record_date","instructions":{"mark":"Record Date","transcribe":"Enter the record date"}},{"id":"56b1773150617568bb4a1400","status":"complete","name":"Record Date","created_in_workflow":"transcribe","confidence":1.0,"data":{"value":"1872 June 24"},"versions":[{"data":{"value":"1872 June 24"},"votes":3,"confidence":1.0,"instances":[{"created":"2015-12-15T18:08:38Z","user_id":"56704e743066300003ab0900","duration":21.399},{"created":"2015-12-15T19:45:16Z","user_id":"566f2ecb3066300003890300","duration":10.885},{"created":"2015-12-15T19:47:31Z","user_id":"56706c783938300003120100","duration":5.975}]}],"region":{"x":56.930570192097775,"y":82.70537465672813,"width":212.864674266034,"height":139.6500588466065,"label":"Record Date","shape":"rectangle"},"task_key":"em_record_date","instructions":{"mark":"Record Date","transcribe":"Enter the record date"}},{"id":"56b1773150617568bb4b1400","status":"awaiting_votes","name":"Record Date","created_in_workflow":"transcribe","confidence":0.6666666666666666,"data":{"value":"1872 June 24"},"versions":[{"data":{"value":"1872 June 24"},"votes":2,"confidence":0.6666666666666666,"instances":[{"created":"2016-01-13T20:54:05Z","user_id":"569688a630643300036e0800","duration":12.647},{"created":"2016-01-14T04:58:01Z","user_id":"569726db6437650003120500","duration":6.504}]},{"data":{"value":"June 24 1872"},"votes":1,"confidence":0.3333333333333333,"instances":[{"created":"2016-01-14T17:32:49Z","user_id":"5697dade64376500031b0700","duration":12.499}]}],"region":{"x":65.1358239222166,"y":89.96020677847775,"width":176.81834954620325,"height":118.91291700603381,"label":"Record Date","shape":"rectangle"},"task_key":"em_record_date","instructions":{"mark":"Record Date","transcribe":"Enter the record date"}},{"id":"56b1773150617568bb4c1400","status":"awaiting_transcriptions","name":"Valuation Date","created_in_workflow":"transcribe","confidence":0.6666666666666666,"data":{"value":"1879 November"},"versions":[{"data":{"value":"1879 November"},"votes":2,"confidence":0.6666666666666666,"instances":[{"created":"2015-12-15T18:13:24Z","user_id":"56704e743066300003ab0900","duration":15.434},{"created":"2015-12-15T20:23:44Z","user_id":"5670753a3938300003bf0100","duration":8.864}]}],"region":{"x":70.48882969948848,"y":729.4342879560612,"width":711.8086241380117,"height":122.02432326402516,"label":"Valuation","shape":"rectangle"},"task_key":"em_record_valuation","instructions":{"mark":"Valuation","transcribe":"Enter the date of the valuation (if one is given). In the next screen, you'll enter the valuation's dollar amounts."}},{"id":"56b1773150617568bb4d1400","status":"awaiting_transcriptions","name":"Total Value","created_in_workflow":"transcribe","confidence":0.3333333333333333,"data":{"value":"$55,000."},"versions":[{"data":{"value":"$55,000."},"votes":1,"confidence":0.3333333333333333,"instances":[{"created":"2015-12-15T18:13:49Z","user_id":"56704e743066300003ab0900","duration":14.741}]},{"data":{"value":"55000"},"votes":1,"confidence":0.3333333333333333,"instances":[{"created":"2015-12-15T20:24:00Z","user_id":"5670753a3938300003bf0100","duration":7.722}]}],"region":{"x":70.48882969948848,"y":729.4342879560612,"width":711.8086241380117,"height":122.02432326402516,"label":"Valuation","shape":"rectangle"},"task_key":"em_record_valuation_total","instructions":{"mark":"Valuation","transcribe":"Enter the valuation ***total*** (if one is given)"}},{"id":"56b1773150617568bb4e1400","status":"awaiting_transcriptions","name":"Total Value","created_in_workflow":"transcribe","confidence":0.3333333333333333,"data":{"value":"$55.000."},"versions":[{"data":{"value":"$55.000."},"votes":1,"confidence":0.3333333333333333,"instances":[{"created":"2016-01-14T03:47:24Z","user_id":"567ac7e161383400030e0500","duration":5.337}]},{"data":{"value":"55000"},"votes":1,"confidence":0.3333333333333333,"instances":[{"created":"2016-01-14T16:39:34Z","user_id":"5697cd6e6437650003b60600","duration":5.133}]}],"region":{"x":607.9991777921385,"y":761.0426688386164,"width":177.8523749821459,"height":76.51787702996961,"label":"Valuation","shape":"rectangle"},"task_key":"em_record_valuation_total","instructions":{"mark":"Valuation","transcribe":"Enter the valuation ***total*** (if one is given)"}},{"id":"56b1773150617568bb4f1400","status":"awaiting_transcriptions","name":"Valuation Date","created_in_workflow":"transcribe","confidence":0.3333333333333333,"data":{"value":"55000"},"versions":[{"data":{"value":"55000"},"votes":1,"confidence":0.3333333333333333,"instances":[{"created":"2016-01-14T16:39:19Z","user_id":"5697cd6e6437650003b60600","duration":7.001}]}],"region":{"x":607.9991777921385,"y":761.0426688386164,"width":177.8523749821459,"height":76.51787702996961,"label":"Valuation","shape":"rectangle"},"task_key":"em_record_valuation","instructions":{"mark":"Valuation","transcribe":"Enter the date of the valuation (if one is given). In the next screen, you'll enter the valuation's dollar amounts."}},{"id":"56b1773150617568bb501400","status":"awaiting_votes","name":"Amount Loaned","created_in_workflow":"transcribe","confidence":0.6666666666666666,"data":{"value":"$30000"},"versions":[{"data":{"value":"$30000"},"votes":2,"confidence":0.6666666666666666,"instances":[{"created":"2016-01-13T21:01:53Z","user_id":"569688a630643300036e0800","duration":7.309},{"created":"2016-01-14T05:00:25Z","user_id":"569726db6437650003120500","duration":3.402}]},{"data":{"value":"$30,000"},"votes":1,"confidence":0.3333333333333333,"instances":[{"created":"2016-01-14T17:34:17Z","user_id":"5697dade64376500031b0700","duration":9.84}]}],"region":{"x":1043.3238863240194,"y":727.9538571499809,"width":180.95445128997403,"height":68.24567410781071,"label":"Amount Loaned","shape":"rectangle"},"task_key":"em_record_amount_loaned","instructions":{"mark":"Amount Loaned","transcribe":"Enter the Amount Loaned"}},{"id":"56b1773150617568bb511400","status":"awaiting_votes","name":"Amount Loaned","created_in_workflow":"transcribe","confidence":0.75,"data":{"value":"$30000"},"versions":[{"data":{"value":"$30000"},"votes":3,"confidence":0.75,"instances":[{"created":"2015-12-15T18:14:03Z","user_id":"56704e743066300003ab0900","duration":13.543},{"created":"2015-12-15T21:56:01Z","user_id":"564e49d539646600031a0b00","duration":4.354},{"created":"2015-12-15T21:56:16Z","user_id":"5670894736356200033d0700","duration":20.646}]},{"data":{"value":"$30,000"},"votes":1,"confidence":0.25,"instances":[{"created":"2015-12-15T20:24:08Z","user_id":"5670753a3938300003bf0100","duration":8.042}]}],"region":{"x":1046.683514231619,"y":732.1459395841507,"width":183.03650334977425,"height":71.85876814437036,"label":"Amount Loaned","shape":"rectangle"},"task_key":"em_record_amount_loaned","instructions":{"mark":"Amount Loaned","transcribe":"Enter the Amount Loaned"}}]}]}