{"id":"56b0ffec7061755afba60300","meta_data":{"capture_uuid":"e09df2c0-00b1-0133-b586-58d385a7bbd0","page_uri":"http://digitalcollections.nypl.org/items/e09df2c0-00b1-0133-b586-58d385a7bbd0","book_uri":"http://digitalcollections.nypl.org/items/df712aa0-00b1-0133-fbd7-58d385a7bbd0","source_rotated":"1.14688","source_x":"1222.94","source_y":"966.79","source_w":"1379.06","source_h":"1090.21"},"type":"final_subject_set","search_terms_by_field":{"Record Number":["123"],"Mortgager":["Most Rev'd Archbishop"],"Street Address":["on E 117th and 118th Street"],"Land \u0026 Building Dimensions":["150 x 100.10 on 117th and 125 x 100.10 on 118th St ","60 x 150, 60 x 48, 25 x 40, 35 x 27"],"Stories \u0026 Materials":["stone \u0026 brick"],"Additional Info":["St Paul's R.C. Church, School, Pastorate, Sisters house"],"Record Date":["1867 November 23 1870 Sept 6 1871 May 25","1871 May 25","1867 November 23","1870 Septr 6","1879 November"],"Valuation Date":["1879 November"],"Land \u0026 Building Value":[],"Total Value":["$80,000","$80000"],"Amount Loaned":["$30000"]},"subjects":[{"id":"56b1763450617568bb3b0300","type":"root","location":{"standard":"https://s3.amazonaws.com/scribe.nypl.org/emigrant-s4/full/e09df2c0-00b1-0133-b586-58d385a7bbd0.right-bottom.jpg","thumbnail":"https://s3.amazonaws.com/scribe.nypl.org/emigrant-s4/thumb/e09df2c0-00b1-0133-b586-58d385a7bbd0.right-bottom.jpg"},"status":"active","width":1379,"height":1090,"meta_data":{"capture_uuid":"e09df2c0-00b1-0133-b586-58d385a7bbd0","page_uri":"http://digitalcollections.nypl.org/items/e09df2c0-00b1-0133-b586-58d385a7bbd0","book_uri":"http://digitalcollections.nypl.org/items/df712aa0-00b1-0133-fbd7-58d385a7bbd0","source_rotated":"1.14688","source_x":"1222.94","source_y":"966.79","source_w":"1379.06","source_h":"1090.21"},"assertions":[{"id":"56b1763450617568bb3c0300","status":"complete","name":"Record Number","created_in_workflow":"transcribe","confidence":1.0,"data":{"value":"123"},"versions":[{"data":{"value":"123"},"votes":3,"confidence":1.0,"instances":[{"created":"2015-12-05T23:17:42Z","user_id":"56628c6e3963630003a20c00","duration":1.991},{"created":"2015-12-06T16:42:26Z","user_id":"566464553365660003430000","duration":4.706},{"created":"2015-12-06T19:15:10Z","user_id":"5664893b3365660003a80100","duration":3.244}]}],"region":{"x":967.6270026477143,"y":28.70106970729987,"width":110.70412237678488,"height":83.36977391168058,"label":"Record Number","shape":"rectangle"},"task_key":"em_record_number","instructions":{"mark":"Record Number","transcribe":"Enter the record number"}},{"id":"56b1763450617568bb3d0300","status":"awaiting_votes","name":"Mortgager","created_in_workflow":"transcribe","confidence":0.3333333333333333,"data":{"value":"Most Rev'd Archbishop"},"versions":[{"data":{"value":"Most Rev'd Archbishop"},"votes":1,"confidence":0.3333333333333333,"instances":[{"created":"2015-12-05T22:39:31Z","user_id":"566356c33537300003c50500","duration":36.611}]},{"data":{"value":"Most Rev. Archbishop"},"votes":1,"confidence":0.3333333333333333,"instances":[{"created":"2015-12-06T04:43:59Z","user_id":"5663bbda3932380003de0e00","duration":36.967}]},{"data":{"value":"Most Rev.d Archbishop"},"votes":1,"confidence":0.3333333333333333,"instances":[{"created":"2015-12-06T16:46:50Z","user_id":"566464553365660003430000","duration":26.846}]}],"region":{"x":467.40837561187186,"y":516.6192547313976,"width":308.87816860683165,"height":58.76885701970923,"label":"Mortgager Name","shape":"rectangle"},"task_key":"em_record_mortgager","instructions":{"mark":"Mortgager Name","transcribe":"Enter the mortgager's name"}},{"id":"56b1763450617568bb3e0300","status":"awaiting_votes","name":"Street Address","created_in_workflow":"transcribe","confidence":0.3333333333333333,"data":{"value":"on E 117th and 118th Street"},"versions":[{"data":{"value":"on E 117th and 118th Street"},"votes":1,"confidence":0.3333333333333333,"instances":[{"created":"2015-12-05T22:40:22Z","user_id":"566356c33537300003c50500","duration":51.665}]},{"data":{"value":"East 117th and 118th Streets"},"votes":1,"confidence":0.3333333333333333,"instances":[{"created":"2015-12-06T04:44:20Z","user_id":"5663bbda3932380003de0e00","duration":20.772}]},{"data":{"value":"on E. 117th and 118th Streets"},"votes":1,"confidence":0.3333333333333333,"instances":[{"created":"2015-12-06T16:47:26Z","user_id":"566464553365660003430000","duration":35.933}]}],"region":{"x":489.2758565751874,"y":560.3542180949022,"width":415.4821383029948,"height":45.10168096861412,"label":"Street Address","shape":"rectangle"},"task_key":"em_record_street_address","instructions":{"mark":"Street Address","transcribe":"Enter the street address"}},{"id":"56b1763450617568bb3f0300","status":"awaiting_transcriptions","name":"Land \u0026 Building Dimensions","created_in_workflow":"transcribe","confidence":0.3333333333333333,"data":{"em_survey_land_dimensions":"150 x 100.10 on 117th and 125 x 100.10 on 118th St ","em_survey_building_dimensions":"60 x 150, 60 x 48, 25 x 40, 35 x 27"},"versions":[{"data":{"em_survey_land_dimensions":"150 x 100.10 on 117th and 125 x 100.10 on 118th St ","em_survey_building_dimensions":"60 x 150, 60 x 48, 25 x 40, 35 x 27"},"votes":1,"confidence":0.3333333333333333,"instances":[{"created":"2015-12-05T22:44:19Z","user_id":"566356c33537300003c50500","duration":236.37}]}],"region":{"x":471.5085282924935,"y":597.2555934328592,"width":825.4974063651607,"height":98.40366756788524,"label":"Dimension \u0026 Description","shape":"rectangle"},"task_key":"em_record_survey","instructions":{"mark":"Dimension \u0026 Description","transcribe":"Enter, as they appear, any land and building dimensions that were recorded. In the next screen, you'll enter the descriptive information."}},{"id":"56b1763450617568bb400300","status":"awaiting_transcriptions","name":"Stories \u0026 Materials","created_in_workflow":"transcribe","confidence":0.3333333333333333,"data":{"em_record_material":"stone \u0026 brick"},"versions":[{"data":{"em_record_material":"stone \u0026 brick"},"votes":1,"confidence":0.3333333333333333,"instances":[{"created":"2015-12-05T22:44:38Z","user_id":"566356c33537300003c50500","duration":19.318}]}],"region":{"x":471.5085282924935,"y":597.2555934328592,"width":825.4974063651607,"height":98.40366756788524,"label":"Dimension \u0026 Description","shape":"rectangle"},"task_key":"em_record_survey_stories_materials","instructions":{"mark":"Dimension \u0026 Description","transcribe":"Enter, as they appear, the number of stories and the building materials."}},{"id":"56b1763450617568bb410300","status":"awaiting_transcriptions","name":"Additional Info","created_in_workflow":"transcribe","confidence":0.3333333333333333,"data":{"value":"St Paul's R.C. Church, School, Pastorate, Sisters house"},"versions":[{"data":{"value":"St Paul's R.C. Church, School, Pastorate, Sisters house"},"votes":1,"confidence":0.3333333333333333,"instances":[{"created":"2015-12-05T22:45:21Z","user_id":"566356c33537300003c50500","duration":43.167}]}],"region":{"x":471.5085282924935,"y":597.2555934328592,"width":825.4974063651607,"height":98.40366756788524,"label":"Dimension \u0026 Description","shape":"rectangle"},"task_key":"em_record_survey_additional_info","instructions":{"mark":"Dimension \u0026 Description","transcribe":"Enter any additional information you find about the building's construction or significance."}},{"id":"56b1763450617568bb420300","status":"awaiting_votes","name":"Record Date","created_in_workflow":"transcribe","confidence":0.3333333333333333,"data":{"value":"1867 November 23 1870 Sept 6 1871 May 25"},"versions":[{"data":{"value":"1867 November 23 1870 Sept 6 1871 May 25"},"votes":1,"confidence":0.3333333333333333,"instances":[{"created":"2015-12-05T23:17:40Z","user_id":"56628c6e3963630003a20c00","duration":23.868}]},{"data":{"value":"1867 Novemb. 23  1870 Sept 6  1871 May 25"},"votes":1,"confidence":0.3333333333333333,"instances":[{"created":"2015-12-06T16:42:22Z","user_id":"566464553365660003430000","duration":61.503}]},{"data":{"value":"November 23, 1867, September 6, 1870 and May 25, 1871"},"votes":1,"confidence":0.3333333333333333,"instances":[{"created":"2015-12-06T19:15:07Z","user_id":"5664893b3365660003a80100","duration":62.32}]}],"region":{"x":90.19432899467917,"y":24.600916891971316,"width":196.80732866983965,"height":326.64550762117466,"label":"Record Date","shape":"rectangle"},"task_key":"em_record_date","instructions":{"mark":"Record Date","transcribe":"Enter the record date"}},{"id":"56b1763450617568bb430300","status":"complete","name":"Record Date","created_in_workflow":"transcribe","confidence":1.0,"data":{"value":"1871 May 25"},"versions":[{"data":{"value":"1871 May 25"},"votes":3,"confidence":1.0,"instances":[{"created":"2016-01-16T00:54:11Z","user_id":"569988683534370003960600","duration":3.918},{"created":"2016-01-17T00:16:52Z","user_id":"563f8b7a3264340003774b00","duration":13.091},{"created":"2016-01-17T04:08:30Z","user_id":"569b055032646200033a0400","duration":8.513}]}],"region":{"x":112.57596205365078,"y":244.85941251353177,"width":164.94521668029435,"height":96.30453881285354,"label":"Record Date","shape":"rectangle"},"task_key":"em_record_date","instructions":{"mark":"Record Date","transcribe":"Enter the record date"}},{"id":"56b1763450617568bb440300","status":"awaiting_votes","name":"Record Date","created_in_workflow":"transcribe","confidence":0.3333333333333333,"data":{"value":"1867 November 23"},"versions":[{"data":{"value":"1867 November 23"},"votes":1,"confidence":0.3333333333333333,"instances":[{"created":"2016-01-16T00:53:33Z","user_id":"569988683534370003960600","duration":5.46}]},{"data":{"value":"1867 Novemb. 23"},"votes":1,"confidence":0.3333333333333333,"instances":[{"created":"2016-01-17T00:15:19Z","user_id":"563f8b7a3264340003774b00","duration":36.738}]},{"data":{"value":"1867 Novemb. 23."},"votes":1,"confidence":0.3333333333333333,"instances":[{"created":"2016-01-17T04:04:07Z","user_id":"569b055032646200033a0400","duration":13.816}]}],"region":{"x":113.60046650508119,"y":46.10323666572774,"width":172.11674784030717,"height":90.15744059075647,"label":"Record Date","shape":"rectangle"},"task_key":"em_record_date","instructions":{"mark":"Record Date","transcribe":"Enter the record date"}},{"id":"56b1763450617568bb450300","status":"awaiting_votes","name":"Record Date","created_in_workflow":"transcribe","confidence":0.6666666666666666,"data":{"value":"1870 Septr 6"},"versions":[{"data":{"value":"1870 Septr 6"},"votes":2,"confidence":0.6666666666666666,"instances":[{"created":"2016-01-17T00:16:39Z","user_id":"563f8b7a3264340003774b00","duration":21.41},{"created":"2016-01-17T04:08:22Z","user_id":"569b055032646200033a0400","duration":13.754}]},{"data":{"value":"1870 September 6"},"votes":1,"confidence":0.3333333333333333,"instances":[{"created":"2016-01-16T00:54:08Z","user_id":"569988683534370003960600","duration":4.685}]}],"region":{"x":116.67397985937238,"y":143.43229184893076,"width":157.77368552028156,"height":96.30453881285348,"label":"Record Date","shape":"rectangle"},"task_key":"em_record_date","instructions":{"mark":"Record Date","transcribe":"Enter the record date"}},{"id":"56b1763450617568bb460300","status":"awaiting_votes","name":"Record Date","created_in_workflow":"transcribe","confidence":0.6666666666666666,"data":{"value":"1879 November"},"versions":[{"data":{"value":"1879 November"},"votes":2,"confidence":0.6666666666666666,"instances":[{"created":"2015-12-05T23:23:28Z","user_id":"56628c6e3963630003a20c00","duration":4.127},{"created":"2015-12-06T16:47:45Z","user_id":"566464553365660003430000","duration":18.677}]},{"data":{"value":"November 1879"},"votes":1,"confidence":0.3333333333333333,"instances":[{"created":"2015-12-06T19:15:57Z","user_id":"5664893b3365660003a80100","duration":5.71}]}],"region":{"x":122.99555043965245,"y":707.9597194467301,"width":165.3728247850736,"height":121.63786685474713,"label":"Record Date","shape":"rectangle"},"task_key":"em_record_date","instructions":{"mark":"Record Date","transcribe":"Enter the record date"}},{"id":"56b1763450617568bb470300","status":"awaiting_transcriptions","name":"Valuation Date","created_in_workflow":"transcribe","confidence":0.3333333333333333,"data":{"value":"1879 November"},"versions":[{"data":{"value":"1879 November"},"votes":1,"confidence":0.3333333333333333,"instances":[{"created":"2016-01-16T00:55:04Z","user_id":"569988683534370003960600","duration":4.07}]}],"region":{"x":123.84551101938519,"y":736.6272702812944,"width":744.8147361899006,"height":76.83872777621286,"label":"Valuation","shape":"rectangle"},"task_key":"em_record_valuation","instructions":{"mark":"Valuation","transcribe":"Enter the date of the valuation (if one is given). In the next screen, you'll enter the valuation's dollar amounts."}},{"id":"56b1763450617568bb480300","status":"awaiting_transcriptions","name":"Land \u0026 Building Value","created_in_workflow":"transcribe","confidence":0.3333333333333333,"data":{"em_valuation_ground":""},"versions":[{"data":{"em_valuation_ground":""},"votes":1,"confidence":0.3333333333333333,"instances":[{"created":"2016-01-16T00:55:04Z","user_id":"569988683534370003960600","duration":0.692}]}],"region":{"x":123.84551101938519,"y":736.6272702812944,"width":744.8147361899006,"height":76.83872777621286,"label":"Valuation","shape":"rectangle"},"task_key":"em_record_valuation_ground_building","instructions":{"mark":"Valuation","transcribe":"Sometimes valuations include itemized dollar values for \"ground\" and \"building\". Enter these amounts if you can find them. In the next screen, you'll enter the total valuation."}},{"id":"56b1763450617568bb490300","status":"awaiting_transcriptions","name":"Total Value","created_in_workflow":"transcribe","confidence":0.3333333333333333,"data":{"value":"$80,000"},"versions":[{"data":{"value":"$80,000"},"votes":1,"confidence":0.3333333333333333,"instances":[{"created":"2016-01-16T00:55:09Z","user_id":"569988683534370003960600","duration":4.33}]}],"region":{"x":123.84551101938519,"y":736.6272702812944,"width":744.8147361899006,"height":76.83872777621286,"label":"Valuation","shape":"rectangle"},"task_key":"em_record_valuation_total","instructions":{"mark":"Valuation","transcribe":"Enter the valuation ***total*** (if one is given)"}},{"id":"56b1763450617568bb4a0300","status":"awaiting_transcriptions","name":"Valuation Date","created_in_workflow":"transcribe","confidence":0.3333333333333333,"data":{"value":""},"versions":[{"data":{"value":""},"votes":1,"confidence":0.3333333333333333,"instances":[{"created":"2015-12-05T22:48:48Z","user_id":"566356c33537300003c50500","duration":18.531}]},{"data":{"value":"November 1879"},"votes":1,"confidence":0.3333333333333333,"instances":[{"created":"2015-12-06T04:44:59Z","user_id":"5663bbda3932380003de0e00","duration":13.79}]}],"region":{"x":740.7518876533159,"y":744.8610947846871,"width":135.30503846051477,"height":69.70259786058534,"label":"Valuation","shape":"rectangle"},"task_key":"em_record_valuation","instructions":{"mark":"Valuation","transcribe":"Enter the date of the valuation (if one is given). In the next screen, you'll enter the valuation's dollar amounts."}},{"id":"56b1763450617568bb4b0300","status":"awaiting_transcriptions","name":"Total Value","created_in_workflow":"transcribe","confidence":0.3333333333333333,"data":{"value":"$80000"},"versions":[{"data":{"value":"$80000"},"votes":1,"confidence":0.3333333333333333,"instances":[{"created":"2015-12-05T22:50:09Z","user_id":"566356c33537300003c50500","duration":12.292}]},{"data":{"value":"$80,000"},"votes":1,"confidence":0.3333333333333333,"instances":[{"created":"2015-12-06T04:45:20Z","user_id":"5663bbda3932380003de0e00","duration":5.457}]}],"region":{"x":740.7518876533159,"y":744.8610947846871,"width":135.30503846051477,"height":69.70259786058534,"label":"Valuation","shape":"rectangle"},"task_key":"em_record_valuation_total","instructions":{"mark":"Valuation","transcribe":"Enter the valuation ***total*** (if one is given)"}},{"id":"56b1763450617568bb4c0300","status":"awaiting_votes","name":"Amount Loaned","created_in_workflow":"transcribe","confidence":0.6666666666666666,"data":{"value":"$30000"},"versions":[{"data":{"value":"$30000"},"votes":2,"confidence":0.6666666666666666,"instances":[{"created":"2015-12-05T22:46:37Z","user_id":"566356c33537300003c50500","duration":13.23},{"created":"2015-12-06T02:40:43Z","user_id":"56639bff3537300003c40b00","duration":8.652}]},{"data":{"value":"$30,000"},"votes":1,"confidence":0.3333333333333333,"instances":[{"created":"2015-12-06T04:44:45Z","user_id":"5663bbda3932380003de0e00","duration":5.946}]}],"region":{"x":1169.9012015583828,"y":721.6268954978253,"width":159.90595454424488,"height":45.101680968614005,"label":"Amount Loaned","shape":"rectangle"},"task_key":"em_record_amount_loaned","instructions":{"mark":"Amount Loaned","transcribe":"Enter the Amount Loaned"}}]}]}