{"id":"56b100137061755afb990600","meta_data":{"capture_uuid":"e0f4f340-00b1-0133-63bd-58d385a7bbd0","page_uri":"http://digitalcollections.nypl.org/items/e0f4f340-00b1-0133-63bd-58d385a7bbd0","book_uri":"http://digitalcollections.nypl.org/items/df712aa0-00b1-0133-fbd7-58d385a7bbd0","source_rotated":"1.37058","source_x":"0","source_y":"0","source_w":"1383.3","source_h":"989.76"},"type":"final_subject_set","search_terms_by_field":{"Record Number":["255"],"Mortgager":["Robert J. Hogurt"],"Street Address":["No. 137 W. Broadway and Nos. 2, 4 \u0026 6 Walker St."],"Land \u0026 Building Dimensions":["50.2x75.2"],"Stories \u0026 Materials":[],"Additional Info":[],"Record Date":["1866 March 6"],"Valuation Date":["1879 November"],"Land \u0026 Building Value":[],"Total Value":["$30,000"],"Amount Loaned":["$20,000"]},"subjects":[{"id":"56b1765d50617568bbfb0500","type":"root","location":{"standard":"https://s3.amazonaws.com/scribe.nypl.org/emigrant-s4/full/e0f4f340-00b1-0133-63bd-58d385a7bbd0.left-top.jpg","thumbnail":"https://s3.amazonaws.com/scribe.nypl.org/emigrant-s4/thumb/e0f4f340-00b1-0133-63bd-58d385a7bbd0.left-top.jpg"},"status":"retired","width":1383,"height":989,"meta_data":{"capture_uuid":"e0f4f340-00b1-0133-63bd-58d385a7bbd0","page_uri":"http://digitalcollections.nypl.org/items/e0f4f340-00b1-0133-63bd-58d385a7bbd0","book_uri":"http://digitalcollections.nypl.org/items/df712aa0-00b1-0133-fbd7-58d385a7bbd0","source_rotated":"1.37058","source_x":"0","source_y":"0","source_w":"1383.3","source_h":"989.76"},"assertions":[{"id":"56b1765d50617568bbfc0500","status":"complete","name":"Record Number","created_in_workflow":"transcribe","confidence":1.0,"data":{"value":"255"},"versions":[{"data":{"value":"255"},"votes":3,"confidence":1.0,"instances":[{"created":"2015-12-29T18:31:52Z","user_id":"5668b33530333000032d0500","duration":5.283},{"created":"2015-12-29T21:40:25Z","user_id":"5682fb2f3065380003d20400","duration":50.579},{"created":"2015-12-29T22:39:14Z","user_id":"56830afc3065380003280500","duration":3.78}]}],"region":{"x":496.1800562465021,"y":10.965330561510644,"width":656.5491794175311,"height":65.79198336906387,"label":"Record Number","shape":"rectangle"},"task_key":"em_record_number","instructions":{"mark":"Record Number","transcribe":"Enter the record number"}},{"id":"56b1765d50617568bbfd0500","status":"awaiting_votes","name":"Mortgager","created_in_workflow":"transcribe","confidence":0.6666666666666666,"data":{"value":"Robert J. Hogurt"},"versions":[{"data":{"value":"Robert J. Hogurt"},"votes":2,"confidence":0.6666666666666666,"instances":[{"created":"2015-12-29T18:32:35Z","user_id":"5668b33530333000032d0500","duration":8.309},{"created":"2015-12-29T21:46:07Z","user_id":"5682fb2f3065380003d20400","duration":319.42}]},{"data":{"value":"Robert J. Abuguct"},"votes":1,"confidence":0.3333333333333333,"instances":[{"created":"2015-12-29T22:39:52Z","user_id":"56830afc3065380003280500","duration":21.24}]}],"region":{"x":252.20144677610426,"y":509.88787111024493,"width":441.354563199259,"height":69.90398232963042,"label":"Mortgager Name","shape":"rectangle"},"task_key":"em_record_mortgager","instructions":{"mark":"Mortgager Name","transcribe":"Enter the mortgager's name"}},{"id":"56b1765d50617568bbfe0500","status":"awaiting_transcriptions","name":"Street Address","created_in_workflow":"transcribe","confidence":0.3333333333333333,"data":{"value":"No. 137 W. Broadway and Nos. 2, 4 \u0026 6 Walker St."},"versions":[{"data":{"value":"No. 137 W. Broadway and Nos. 2, 4 \u0026 6 Walker St."},"votes":1,"confidence":0.3333333333333333,"instances":[{"created":"2015-12-29T00:59:56Z","user_id":"5668b33530333000032d0500","duration":11.077}]},{"data":{"value":"No. 137 E. Broadway and Nos 2. 4. \u0026 6 Walker St."},"votes":1,"confidence":0.3333333333333333,"instances":[{"created":"2015-12-29T21:48:45Z","user_id":"5682fb2f3065380003d20400","duration":46.437}]}],"region":{"x":411.19874283546466,"y":574.3091881591201,"width":640.1011832734596,"height":31.52532536434307,"label":"Street Address","shape":"rectangle"},"task_key":"em_record_street_address","instructions":{"mark":"Street Address","transcribe":"Enter the street address"}},{"id":"56b1765d50617568bbff0500","status":"awaiting_transcriptions","name":"Land \u0026 Building Dimensions","created_in_workflow":"transcribe","confidence":0.3333333333333333,"data":{"em_survey_land_dimensions":"50.2x75.2"},"versions":[{"data":{"em_survey_land_dimensions":"50.2x75.2"},"votes":1,"confidence":0.3333333333333333,"instances":[{"created":"2015-12-29T01:00:06Z","user_id":"5668b33530333000032d0500","duration":10.042}]}],"region":{"x":404.3454111087681,"y":608.5758461638408,"width":287.83993252125583,"height":42.41332640377661,"label":"Dimension \u0026 Description","shape":"rectangle"},"task_key":"em_record_survey","instructions":{"mark":"Dimension \u0026 Description","transcribe":"Enter, as they appear, any land and building dimensions that were recorded. In the next screen, you'll enter the descriptive information."}},{"id":"56b1765d50617568bb000600","status":"awaiting_transcriptions","name":"Stories \u0026 Materials","created_in_workflow":"transcribe","confidence":0.3333333333333333,"data":{"em_record_stories":""},"versions":[{"data":{"em_record_stories":""},"votes":1,"confidence":0.3333333333333333,"instances":[{"created":"2015-12-29T01:00:07Z","user_id":"5668b33530333000032d0500","duration":0.893}]}],"region":{"x":404.3454111087681,"y":608.5758461638408,"width":287.83993252125583,"height":42.41332640377661,"label":"Dimension \u0026 Description","shape":"rectangle"},"task_key":"em_record_survey_stories_materials","instructions":{"mark":"Dimension \u0026 Description","transcribe":"Enter, as they appear, the number of stories and the building materials."}},{"id":"56b1765d50617568bb010600","status":"awaiting_transcriptions","name":"Additional Info","created_in_workflow":"transcribe","confidence":0.3333333333333333,"data":{"value":""},"versions":[{"data":{"value":""},"votes":1,"confidence":0.3333333333333333,"instances":[{"created":"2015-12-29T01:00:08Z","user_id":"5668b33530333000032d0500","duration":0.753}]}],"region":{"x":404.3454111087681,"y":608.5758461638408,"width":287.83993252125583,"height":42.41332640377661,"label":"Dimension \u0026 Description","shape":"rectangle"},"task_key":"em_record_survey_additional_info","instructions":{"mark":"Dimension \u0026 Description","transcribe":"Enter any additional information you find about the building's construction or significance."}},{"id":"56b1765d50617568bb020600","status":"awaiting_votes","name":"Record Date","created_in_workflow":"transcribe","confidence":0.6666666666666666,"data":{"value":"1866 March 6"},"versions":[{"data":{"value":"1866 March 6"},"votes":2,"confidence":0.6666666666666666,"instances":[{"created":"2015-12-29T21:40:41Z","user_id":"5682fb2f3065380003d20400","duration":9.546},{"created":"2015-12-29T22:39:27Z","user_id":"56830afc3065380003280500","duration":8.02}]},{"data":{"value":"1866 March 4"},"votes":1,"confidence":0.3333333333333333,"instances":[{"created":"2015-12-29T18:32:06Z","user_id":"5668b33530333000032d0500","duration":3.323}]}],"region":{"x":71.27348919131487,"y":80.869312891141,"width":163.10929509537831,"height":112.39463825548408,"label":"Record Date","shape":"rectangle"},"task_key":"em_record_date","instructions":{"mark":"Record Date","transcribe":"Enter the record date"}},{"id":"56b1765d50617568bb030600","status":"awaiting_transcriptions","name":"Valuation Date","created_in_workflow":"transcribe","confidence":0.3333333333333333,"data":{"value":"1879 November"},"versions":[{"data":{"value":"1879 November"},"votes":1,"confidence":0.3333333333333333,"instances":[{"created":"2015-12-29T01:00:57Z","user_id":"5668b33530333000032d0500","duration":4.393}]}],"region":{"x":67.16149015529692,"y":718.2291517789472,"width":705.8931678497465,"height":137.06663201888307,"label":"Valuation","shape":"rectangle"},"task_key":"em_record_valuation","instructions":{"mark":"Valuation","transcribe":"Enter the date of the valuation (if one is given). In the next screen, you'll enter the valuation's dollar amounts."}},{"id":"56b1765d50617568bb040600","status":"awaiting_transcriptions","name":"Land \u0026 Building Value","created_in_workflow":"transcribe","confidence":0.3333333333333333,"data":{"em_valuation_ground":""},"versions":[{"data":{"em_valuation_ground":""},"votes":1,"confidence":0.3333333333333333,"instances":[{"created":"2015-12-29T01:00:58Z","user_id":"5668b33530333000032d0500","duration":0.826}]}],"region":{"x":67.16149015529692,"y":718.2291517789472,"width":705.8931678497465,"height":137.06663201888307,"label":"Valuation","shape":"rectangle"},"task_key":"em_record_valuation_ground_building","instructions":{"mark":"Valuation","transcribe":"Sometimes valuations include itemized dollar values for \"ground\" and \"building\". Enter these amounts if you can find them. In the next screen, you'll enter the total valuation."}},{"id":"56b1765d50617568bb050600","status":"awaiting_transcriptions","name":"Total Value","created_in_workflow":"transcribe","confidence":0.3333333333333333,"data":{"value":"$30,000"},"versions":[{"data":{"value":"$30,000"},"votes":1,"confidence":0.3333333333333333,"instances":[{"created":"2015-12-29T01:01:00Z","user_id":"5668b33530333000032d0500","duration":2.412}]}],"region":{"x":67.16149015529692,"y":718.2291517789472,"width":705.8931678497465,"height":137.06663201888307,"label":"Valuation","shape":"rectangle"},"task_key":"em_record_valuation_total","instructions":{"mark":"Valuation","transcribe":"Enter the valuation ***total*** (if one is given)"}},{"id":"56b1765d50617568bb060600","status":"awaiting_votes","name":"Amount Loaned","created_in_workflow":"transcribe","confidence":0.3333333333333333,"data":{"value":"$20,000"},"versions":[{"data":{"value":"$20,000"},"votes":1,"confidence":0.3333333333333333,"instances":[{"created":"2015-12-29T01:00:53Z","user_id":"5668b33530333000032d0500","duration":3.698}]},{"data":{"value":"$20,000."},"votes":1,"confidence":0.3333333333333333,"instances":[{"created":"2015-12-29T21:49:00Z","user_id":"5682fb2f3065380003d20400","duration":15.694}]},{"data":{"value":"20000"},"votes":1,"confidence":0.3333333333333333,"instances":[{"created":"2015-12-30T00:44:43Z","user_id":"568327b93337300003000000","duration":8.243}]}],"region":{"x":996.4732722953515,"y":704.5224885770589,"width":237.1252777437012,"height":91.83464345265168,"label":"Amount Loaned","shape":"rectangle"},"task_key":"em_record_amount_loaned","instructions":{"mark":"Amount Loaned","transcribe":"Enter the Amount Loaned"}}]}]}