{"id":"56b0ffe67061755afb250300","meta_data":{"capture_uuid":"e08a7c20-00b1-0133-ad8b-58d385a7bbd0","page_uri":"http://digitalcollections.nypl.org/items/e08a7c20-00b1-0133-ad8b-58d385a7bbd0","book_uri":"http://digitalcollections.nypl.org/items/df712aa0-00b1-0133-fbd7-58d385a7bbd0","source_rotated":"1.34262","source_x":"1224.79","source_y":"0","source_w":"1381.21","source_h":"1011.3599999999999"},"type":"final_subject_set","search_terms_by_field":{"Valuation Date":["1879 November"],"Record Number":["84","84"],"Mortgager":["Most Rev'd John McCloskey"],"Street Address":["Bloomingdale Road and 131st Street"],"Land \u0026 Building Dimensions":["100.4 X 143","45 X 124"],"Stories \u0026 Materials":[],"Additional Info":["church \u0026 school"],"Record Date":["1879 November","1854 August 26 and 1863 December 17 and 1874 December 23","1854 August 26 and 1863 December 17 and 1874 December 23"],"Land \u0026 Building Value":["$50,000.","60000.-"],"Total Value":[],"Amount Loaned":["$15000"]},"subjects":[{"id":"56b1762d50617568bbc30200","type":"root","location":{"standard":"https://s3.amazonaws.com/scribe.nypl.org/emigrant-s4/full/e08a7c20-00b1-0133-ad8b-58d385a7bbd0.right-top.jpg","thumbnail":"https://s3.amazonaws.com/scribe.nypl.org/emigrant-s4/thumb/e08a7c20-00b1-0133-ad8b-58d385a7bbd0.right-top.jpg"},"status":"active","width":1381,"height":1011,"meta_data":{"capture_uuid":"e08a7c20-00b1-0133-ad8b-58d385a7bbd0","page_uri":"http://digitalcollections.nypl.org/items/e08a7c20-00b1-0133-ad8b-58d385a7bbd0","book_uri":"http://digitalcollections.nypl.org/items/df712aa0-00b1-0133-fbd7-58d385a7bbd0","source_rotated":"1.34262","source_x":"1224.79","source_y":"0","source_w":"1381.21","source_h":"1011.3599999999999"},"assertions":[{"id":"56b1762d50617568bbc40200","status":"awaiting_transcriptions","name":"Valuation Date","created_in_workflow":"transcribe","confidence":0.3333333333333333,"data":{"value":"1879 November"},"versions":[{"data":{"value":"1879 November"},"votes":1,"confidence":0.3333333333333333,"instances":[{"created":"2015-12-27T00:02:12Z","user_id":"567f27fb3564660003fa0000","duration":13.431}]}],"region":{"x":121.77573069646192,"y":760.8099654623772,"width":192.08569653626742,"height":96.67057316931198,"label":"Valuation","shape":"rectangle"},"task_key":"em_record_valuation","instructions":{"mark":"Valuation","transcribe":"Enter the date of the valuation (if one is given). In the next screen, you'll enter the valuation's dollar amounts."}},{"id":"56b1762d50617568bbc50200","status":"complete","name":"Record Number","created_in_workflow":"transcribe","confidence":1.0,"data":{"value":"84"},"versions":[{"data":{"value":"84"},"votes":3,"confidence":1.0,"instances":[{"created":"2015-12-26T05:14:44Z","user_id":"567e1bfe6437360003030200","duration":1.88},{"created":"2015-12-27T00:00:16Z","user_id":"567f27fb3564660003fa0000","duration":6.296},{"created":"2015-12-27T00:50:45Z","user_id":"567f35e03037360003d10000","duration":4.875}]}],"region":{"x":929.0378409763309,"y":37.663859676355315,"width":179.53107584762256,"height":56.49578951453296,"label":"Record Number","shape":"rectangle"},"task_key":"em_record_number","instructions":{"mark":"Record Number","transcribe":"Enter the record number"}},{"id":"56b1762d50617568bbc60200","status":"complete","name":"Record Number","created_in_workflow":"transcribe","confidence":1.0,"data":{"value":"84"},"versions":[{"data":{"value":"84"},"votes":3,"confidence":1.0,"instances":[{"created":"2016-02-01T16:17:48Z","user_id":"56af84ab62386100034d0000","duration":3.012},{"created":"2016-02-01T19:45:18Z","user_id":"56afb5c46238610003540100","duration":10.323},{"created":"2016-02-01T19:52:22Z","user_id":"56705f293635620003e60400","duration":6.311}]}],"region":{"x":993.2664601081424,"y":34.87871490167637,"width":71.76687813767899,"height":61.28465380374474,"label":"Record Number","shape":"rectangle"},"task_key":"em_record_number","instructions":{"mark":"Record Number","transcribe":"Enter the record number"}},{"id":"56b1762d50617568bbc70200","status":"awaiting_votes","name":"Mortgager","created_in_workflow":"verify","confidence":0.3333333333333333,"data":{"value":"Most Rev'd John McCloskey"},"versions":[{"data":{"value":"Most Rev'd John McCloskey"},"votes":1,"confidence":0.3333333333333333,"instances":[{"created":"2015-12-27T01:26:55Z","user_id":"567f35e03037360003d10000","duration":19.878}]},{"data":{"value":"Most Revn John W Closkey"},"votes":1,"confidence":0.3333333333333333,"instances":[{"created":"2015-12-27T02:46:31Z","user_id":"567f29d635646600031b0100","duration":54.682}]}],"region":{"x":423.08662722394024,"y":534.8268074042454,"width":364.08399997070296,"height":51.473941557685635,"label":"Mortgager Name","shape":"rectangle"},"task_key":"em_transcribed_mortgager","instructions":{"mark":"Mortgager Name","transcribe":"Enter the mortgager's name","verify":"Choose the best transcription or enter your own!"}},{"id":"56b1762d50617568bbc80200","status":"complete","name":"Street Address","created_in_workflow":"verify","confidence":1.0,"data":{"value":"Bloomingdale Road and 131st Street"},"versions":[{"data":{"value":"Bloomingdale Road and 131st Street"},"votes":3,"confidence":1.0,"instances":[{"created":"2015-12-27T01:27:09Z","user_id":"567f35e03037360003d10000","duration":14.084},{"created":"2015-12-27T02:47:21Z","user_id":"567f29d635646600031b0100","duration":23.057},{"created":"2015-12-27T03:26:15Z","user_id":"567f586030373600039f0300","duration":19.76}]}],"region":{"x":503.4361996312678,"y":576.2570530482361,"width":465.7764275487269,"height":41.430245643990816,"label":"Street Address","shape":"rectangle"},"task_key":"em_transcribed_address","instructions":{"mark":"Street Address","transcribe":"Enter the street address","verify":"Choose the best transcription or enter your own!"}},{"id":"56b1762d50617568bbc90200","status":"awaiting_transcriptions","name":"Land \u0026 Building Dimensions","created_in_workflow":"transcribe","confidence":0.3333333333333333,"data":{"em_survey_land_dimensions":"100.4 X 143","em_survey_building_dimensions":"45 X 124"},"versions":[{"data":{"em_survey_land_dimensions":"100.4 X 143","em_survey_building_dimensions":"45 X 124"},"votes":1,"confidence":0.3333333333333333,"instances":[{"created":"2015-12-26T03:44:01Z","user_id":"567e01786633660003390100","duration":30.285}]}],"region":{"x":302.5622686129489,"y":601.3662928324732,"width":1030.734358537749,"height":86.62687725561716,"label":"Dimension \u0026 Description","shape":"rectangle"},"task_key":"em_record_survey","instructions":{"mark":"Dimension \u0026 Description","transcribe":"Enter, as they appear, any land and building dimensions that were recorded. In the next screen, you'll enter the descriptive information."}},{"id":"56b1762d50617568bbca0200","status":"awaiting_transcriptions","name":"Stories \u0026 Materials","created_in_workflow":"transcribe","confidence":0.3333333333333333,"data":{"em_record_stories":"","em_record_material":""},"versions":[{"data":{"em_record_stories":"","em_record_material":""},"votes":1,"confidence":0.3333333333333333,"instances":[{"created":"2015-12-26T03:44:26Z","user_id":"567e01786633660003390100","duration":24.653}]}],"region":{"x":302.5622686129489,"y":601.3662928324732,"width":1030.734358537749,"height":86.62687725561716,"label":"Dimension \u0026 Description","shape":"rectangle"},"task_key":"em_record_survey_stories_materials","instructions":{"mark":"Dimension \u0026 Description","transcribe":"Enter, as they appear, the number of stories and the building materials."}},{"id":"56b1762d50617568bbcb0200","status":"awaiting_transcriptions","name":"Additional Info","created_in_workflow":"transcribe","confidence":0.3333333333333333,"data":{"value":"church \u0026 school"},"versions":[{"data":{"value":"church \u0026 school"},"votes":1,"confidence":0.3333333333333333,"instances":[{"created":"2015-12-26T03:44:44Z","user_id":"567e01786633660003390100","duration":18.416}]}],"region":{"x":302.5622686129489,"y":601.3662928324732,"width":1030.734358537749,"height":86.62687725561716,"label":"Dimension \u0026 Description","shape":"rectangle"},"task_key":"em_record_survey_additional_info","instructions":{"mark":"Dimension \u0026 Description","transcribe":"Enter any additional information you find about the building's construction or significance."}},{"id":"56b1762d50617568bbcc0200","status":"awaiting_votes","name":"Record Date","created_in_workflow":"transcribe","confidence":0.6666666666666666,"data":{"value":"1879 November"},"versions":[{"data":{"value":"1879 November"},"votes":2,"confidence":0.6666666666666666,"instances":[{"created":"2016-02-01T19:53:13Z","user_id":"56705f293635620003e60400","duration":16.575},{"created":"2016-02-01T20:30:24Z","user_id":"56afc0033636340003550400","duration":14.474}]},{"data":{"value":"1879 November "},"votes":1,"confidence":0.3333333333333333,"instances":[{"created":"2016-02-01T16:18:57Z","user_id":"56af84ab62386100034d0000","duration":4.977}]}],"region":{"x":127.578492572391,"y":726.946878587867,"width":173.4366221660573,"height":137.51678414498815,"label":"Record Date","shape":"rectangle"},"task_key":"em_record_date","instructions":{"mark":"Record Date","transcribe":"Enter the record date"}},{"id":"56b1762d50617568bbcd0200","status":"awaiting_votes","name":"Record Date","created_in_workflow":"transcribe","confidence":0.3333333333333333,"data":{"value":"1854 August 26 and 1863 December 17 and 1874 December 23"},"versions":[{"data":{"value":"1854 August 26 and 1863 December 17 and 1874 December 23"},"votes":1,"confidence":0.3333333333333333,"instances":[{"created":"2015-12-26T05:14:42Z","user_id":"567e1bfe6437360003030200","duration":15.777}]},{"data":{"value":"1854 August 26; 1863 December 19; 1874 December 23"},"votes":1,"confidence":0.3333333333333333,"instances":[{"created":"2015-12-27T00:00:10Z","user_id":"567f27fb3564660003fa0000","duration":72.832}]},{"data":{"value":"1854 August 26 1863 December 17 1874 December 23"},"votes":1,"confidence":0.3333333333333333,"instances":[{"created":"2015-12-27T00:50:40Z","user_id":"567f35e03037360003d10000","duration":52.748}]}],"region":{"x":133.07488931624235,"y":35.152935697931625,"width":159.4436827457906,"height":252.3478598315806,"label":"Record Date","shape":"rectangle"},"task_key":"em_record_date","instructions":{"mark":"Record Date","transcribe":"Enter the record date"}},{"id":"56b1762d50617568bbce0200","status":"awaiting_transcriptions","name":"Record Date","created_in_workflow":"transcribe","confidence":0.3333333333333333,"data":{"value":"1854 August 26 and 1863 December 17 and 1874 December 23"},"versions":[{"data":{"value":"1854 August 26 and 1863 December 17 and 1874 December 23"},"votes":1,"confidence":0.3333333333333333,"instances":[{"created":"2015-12-26T05:14:26Z","user_id":"567e1bfe6437360003030200","duration":31.321}]},{"data":{"value":"84"},"votes":1,"confidence":0.3333333333333333,"instances":[{"created":"2015-12-26T23:58:57Z","user_id":"567f27fb3564660003fa0000","duration":7.463}]}],"region":{"x":934.0596892517889,"y":33.89747370871978,"width":164.4655310212487,"height":56.495789514532966,"label":"Record Date","shape":"rectangle"},"task_key":"em_record_date","instructions":{"mark":"Record Date","transcribe":"Enter the record date"}},{"id":"56b1762d50617568bbcf0200","status":"awaiting_transcriptions","name":"Valuation Date","created_in_workflow":"transcribe","confidence":0.3333333333333333,"data":{"value":""},"versions":[{"data":{"value":""},"votes":1,"confidence":0.3333333333333333,"instances":[{"created":"2015-12-26T17:05:24Z","user_id":"567ec3d36633660003170400","duration":8.373}]}],"region":{"x":340.2261306788837,"y":799.7292871279444,"width":444.4335723780305,"height":90.3932632232528,"label":"Valuation","shape":"rectangle"},"task_key":"em_record_valuation","instructions":{"mark":"Valuation","transcribe":"Enter the date of the valuation (if one is given). In the next screen, you'll enter the valuation's dollar amounts."}},{"id":"56b1762d50617568bbd00200","status":"awaiting_transcriptions","name":"Land \u0026 Building Value","created_in_workflow":"transcribe","confidence":0.3333333333333333,"data":{"em_valuation_ground":"$50,000.","em_valuation_building":"60000.-"},"versions":[{"data":{"em_valuation_ground":"$50,000.","em_valuation_building":"60000.-"},"votes":1,"confidence":0.3333333333333333,"instances":[{"created":"2015-12-26T17:05:45Z","user_id":"567ec3d36633660003170400","duration":21.116}]}],"region":{"x":340.2261306788837,"y":799.7292871279444,"width":444.4335723780305,"height":90.3932632232528,"label":"Valuation","shape":"rectangle"},"task_key":"em_record_valuation_ground_building","instructions":{"mark":"Valuation","transcribe":"Sometimes valuations include itemized dollar values for \"ground\" and \"building\". Enter these amounts if you can find them. In the next screen, you'll enter the total valuation."}},{"id":"56b1762d50617568bbd10200","status":"awaiting_transcriptions","name":"Total Value","created_in_workflow":"transcribe","confidence":0.3333333333333333,"data":{"value":""},"versions":[{"data":{"value":""},"votes":1,"confidence":0.3333333333333333,"instances":[{"created":"2015-12-26T17:05:48Z","user_id":"567ec3d36633660003170400","duration":2.701}]}],"region":{"x":340.2261306788837,"y":799.7292871279444,"width":444.4335723780305,"height":90.3932632232528,"label":"Valuation","shape":"rectangle"},"task_key":"em_record_valuation_total","instructions":{"mark":"Valuation","transcribe":"Enter the valuation ***total*** (if one is given)"}},{"id":"56b1762d50617568bbd20200","status":"complete","name":"Amount Loaned","created_in_workflow":"verify","confidence":1.0,"data":{"value":"$15000"},"versions":[{"data":{"value":"$15000"},"votes":3,"confidence":1.0,"instances":[{"created":"2015-12-27T02:33:54Z","user_id":"567f35e03037360003d10000","duration":2.632},{"created":"2015-12-27T02:36:39Z","user_id":"567f4e583037360003b10200","duration":5.412},{"created":"2015-12-27T02:40:01Z","user_id":"567f29d635646600031b0100","duration":27.213}]}],"region":{"x":1162.5537857851266,"y":741.9780356241996,"width":151.91091033260363,"height":50.218479568473754,"label":"Amount Loaned","shape":"rectangle"},"task_key":"em_transcribed_amount_loaned","instructions":{"mark":"Amount Loaned","transcribe":"Enter the Amount Loaned","verify":"Choose the best transcription or enter your own!"}}]}]}