{"id":"56b1006f7061755afb580d00","meta_data":{"capture_uuid":"e1e6a490-00b1-0133-fe87-58d385a7bbd0","page_uri":"http://digitalcollections.nypl.org/items/e1e6a490-00b1-0133-fe87-58d385a7bbd0","book_uri":"http://digitalcollections.nypl.org/items/df712aa0-00b1-0133-fbd7-58d385a7bbd0","source_rotated":"0.643431","source_x":"0","source_y":"953.63","source_w":"1368.49","source_h":"1075.37"},"type":"final_subject_set","search_terms_by_field":{"Record Number":["410"],"Mortgager":["Francis \u0026 Patrick Morgan"],"Street Address":["No. 145 W. 35th Street"],"Stories \u0026 Materials":["5  and  3","brick"],"Additional Info":["house with extension used as shop"],"Record Date":["1879 November","1870 April 19"],"Land \u0026 Building Value":["$18,000"],"Valuation Date":[],"Total Value":["$18,000."],"Amount Loaned":["$7500"]},"subjects":[{"id":"56b176bb50617568bb550c00","type":"root","location":{"standard":"https://s3.amazonaws.com/scribe.nypl.org/emigrant-s4/full/e1e6a490-00b1-0133-fe87-58d385a7bbd0.left-bottom.jpg","thumbnail":"https://s3.amazonaws.com/scribe.nypl.org/emigrant-s4/thumb/e1e6a490-00b1-0133-fe87-58d385a7bbd0.left-bottom.jpg"},"status":"active","width":1368,"height":1075,"meta_data":{"capture_uuid":"e1e6a490-00b1-0133-fe87-58d385a7bbd0","page_uri":"http://digitalcollections.nypl.org/items/e1e6a490-00b1-0133-fe87-58d385a7bbd0","book_uri":"http://digitalcollections.nypl.org/items/df712aa0-00b1-0133-fbd7-58d385a7bbd0","source_rotated":"0.643431","source_x":"0","source_y":"953.63","source_w":"1368.49","source_h":"1075.37"},"assertions":[{"id":"56b176bb50617568bb560c00","status":"complete","name":"Record Number","created_in_workflow":"transcribe","confidence":1.0,"data":{"value":"410"},"versions":[{"data":{"value":"410"},"votes":3,"confidence":1.0,"instances":[{"created":"2016-01-06T19:21:00Z","user_id":"568d52a73130650003950200","duration":5.399},{"created":"2016-01-06T21:24:13Z","user_id":"568d803f3565620003880500","duration":9.842},{"created":"2016-01-07T00:15:21Z","user_id":"568dacc03130650003c90900","duration":10.394}]}],"region":{"x":897.9614237019007,"y":62.656842014558315,"width":133.43586054460434,"height":68.45840146035073,"label":"Record Number","shape":"rectangle"},"task_key":"em_record_number","instructions":{"mark":"Record Number","transcribe":"Enter the record number"}},{"id":"56b176bb50617568bb570c00","status":"complete","name":"Mortgager","created_in_workflow":"transcribe","confidence":1.0,"data":{"value":"Francis \u0026 Patrick Morgan"},"versions":[{"data":{"value":"Francis \u0026 Patrick Morgan"},"votes":3,"confidence":1.0,"instances":[{"created":"2016-01-06T19:07:09Z","user_id":"568d3d083565620003000000","duration":42.008},{"created":"2016-01-06T19:21:28Z","user_id":"568d52a73130650003950200","duration":17.918},{"created":"2016-01-06T20:39:24Z","user_id":"568ac34a3237350003b80500","duration":7.518}]}],"region":{"x":410.63045475638916,"y":543.0259641261721,"width":464.12473232905865,"height":51.05372312297334,"label":"Mortgager Name","shape":"rectangle"},"task_key":"em_record_mortgager","instructions":{"mark":"Mortgager Name","transcribe":"Enter the mortgager's name"}},{"id":"56b176bb50617568bb580c00","status":"awaiting_votes","name":"Street Address","created_in_workflow":"transcribe","confidence":0.6666666666666666,"data":{"value":"No. 145 W. 35th Street"},"versions":[{"data":{"value":"No. 145 W. 35th Street"},"votes":2,"confidence":0.6666666666666666,"instances":[{"created":"2016-01-06T19:07:27Z","user_id":"568d3d083565620003000000","duration":17.685},{"created":"2016-01-06T20:39:50Z","user_id":"568ac34a3237350003b80500","duration":15.765}]},{"data":{"value":"no. 145. W. 35th Street"},"votes":1,"confidence":0.3333333333333333,"instances":[{"created":"2016-01-06T19:21:48Z","user_id":"568d52a73130650003950200","duration":20.5}]}],"region":{"x":450.08105700435914,"y":587.1178159141945,"width":364.337914878311,"height":44.09185178802255,"label":"Street Address","shape":"rectangle"},"task_key":"em_record_street_address","instructions":{"mark":"Street Address","transcribe":"Enter the street address"}},{"id":"56b176bb50617568bb590c00","status":"awaiting_transcriptions","name":"Stories \u0026 Materials","created_in_workflow":"transcribe","confidence":0.3333333333333333,"data":{"em_record_stories":"5  and  3","em_record_material":"brick"},"versions":[{"data":{"em_record_stories":"5  and  3","em_record_material":"brick"},"votes":1,"confidence":0.3333333333333333,"instances":[{"created":"2016-01-06T19:09:05Z","user_id":"568d3d083565620003000000","duration":30.608}]}],"region":{"x":429.1954440495515,"y":630.0493558130586,"width":841.2260773464188,"height":70.77902523866771,"label":"Dimension \u0026 Description","shape":"rectangle"},"task_key":"em_record_survey_stories_materials","instructions":{"mark":"Dimension \u0026 Description","transcribe":"Enter, as they appear, the number of stories and the building materials."}},{"id":"56b176bb50617568bb5a0c00","status":"awaiting_transcriptions","name":"Additional Info","created_in_workflow":"transcribe","confidence":0.3333333333333333,"data":{"value":"house with extension used as shop"},"versions":[{"data":{"value":"house with extension used as shop"},"votes":1,"confidence":0.3333333333333333,"instances":[{"created":"2016-01-06T19:09:38Z","user_id":"568d3d083565620003000000","duration":32.69}]}],"region":{"x":429.1954440495515,"y":630.0493558130586,"width":841.2260773464188,"height":70.77902523866771,"label":"Dimension \u0026 Description","shape":"rectangle"},"task_key":"em_record_survey_additional_info","instructions":{"mark":"Dimension \u0026 Description","transcribe":"Enter any additional information you find about the building's construction or significance."}},{"id":"56b176bb50617568bb5b0c00","status":"awaiting_transcriptions","name":"Record Date","created_in_workflow":"transcribe","confidence":0.6666666666666666,"data":{"value":"1879 November"},"versions":[{"data":{"value":"1879 November"},"votes":2,"confidence":0.6666666666666666,"instances":[{"created":"2016-01-06T19:23:36Z","user_id":"568d52a73130650003950200","duration":8.918},{"created":"2016-01-06T21:26:13Z","user_id":"568d803f3565620003880500","duration":13.451}]}],"region":{"x":46.292539878078095,"y":746.0805447289073,"width":160.12303265352526,"height":89.34401546520348,"label":"Record Date","shape":"rectangle"},"task_key":"em_record_date","instructions":{"mark":"Record Date","transcribe":"Enter the record date"}},{"id":"56b176bb50617568bb5c0c00","status":"complete","name":"Record Date","created_in_workflow":"transcribe","confidence":1.0,"data":{"value":"1870 April 19"},"versions":[{"data":{"value":"1870 April 19"},"votes":3,"confidence":1.0,"instances":[{"created":"2016-01-06T19:21:10Z","user_id":"568d52a73130650003950200","duration":10.118},{"created":"2016-01-06T20:12:51Z","user_id":"568d70473130650003fe0500","duration":5.447},{"created":"2016-01-06T21:24:32Z","user_id":"568d803f3565620003880500","duration":10.037}]}],"region":{"x":48.61316353972339,"y":118.3518126941657,"width":167.08490363846113,"height":116.03118891584872,"label":"Record Date","shape":"rectangle"},"task_key":"em_record_date","instructions":{"mark":"Record Date","transcribe":"Enter the record date"}},{"id":"56b176bb50617568bb5d0c00","status":"awaiting_transcriptions","name":"Land \u0026 Building Value","created_in_workflow":"transcribe","confidence":0.3333333333333333,"data":{"em_valuation_building":"$18,000"},"versions":[{"data":{"em_valuation_building":"$18,000"},"votes":1,"confidence":0.3333333333333333,"instances":[{"created":"2016-01-06T19:10:21Z","user_id":"568d3d083565620003000000","duration":16.228}]},{"data":{"em_valuation_ground":""},"votes":1,"confidence":0.3333333333333333,"instances":[{"created":"2016-01-06T19:23:43Z","user_id":"568d52a73130650003950200","duration":4.579}]}],"region":{"x":259.78991674944507,"y":775.0883419578695,"width":417.7122590961528,"height":63.81715390371676,"label":"Valuation","shape":"rectangle"},"task_key":"em_record_valuation_ground_building","instructions":{"mark":"Valuation","transcribe":"Sometimes valuations include itemized dollar values for \"ground\" and \"building\". Enter these amounts if you can find them. In the next screen, you'll enter the total valuation."}},{"id":"56b176bb50617568bb5e0c00","status":"awaiting_transcriptions","name":"Valuation Date","created_in_workflow":"transcribe","confidence":0.3333333333333333,"data":{"value":""},"versions":[{"data":{"value":""},"votes":1,"confidence":0.3333333333333333,"instances":[{"created":"2016-01-06T19:23:39Z","user_id":"568d52a73130650003950200","duration":3.157}]}],"region":{"x":259.78991674944507,"y":775.0883419578695,"width":417.7122590961528,"height":63.81715390371676,"label":"Valuation","shape":"rectangle"},"task_key":"em_record_valuation","instructions":{"mark":"Valuation","transcribe":"Enter the date of the valuation (if one is given). In the next screen, you'll enter the valuation's dollar amounts."}},{"id":"56b176bb50617568bb5f0c00","status":"awaiting_transcriptions","name":"Total Value","created_in_workflow":"transcribe","confidence":0.3333333333333333,"data":{"value":"$18,000."},"versions":[{"data":{"value":"$18,000."},"votes":1,"confidence":0.3333333333333333,"instances":[{"created":"2016-01-06T19:23:50Z","user_id":"568d52a73130650003950200","duration":6.632}]}],"region":{"x":259.78991674944507,"y":775.0883419578695,"width":417.7122590961528,"height":63.81715390371676,"label":"Valuation","shape":"rectangle"},"task_key":"em_record_valuation_total","instructions":{"mark":"Valuation","transcribe":"Enter the valuation ***total*** (if one is given)"}},{"id":"56b176bb50617568bb600c00","status":"awaiting_votes","name":"Amount Loaned","created_in_workflow":"transcribe","confidence":0.6666666666666666,"data":{"value":"$7500"},"versions":[{"data":{"value":"$7500"},"votes":2,"confidence":0.6666666666666666,"instances":[{"created":"2016-01-06T19:09:56Z","user_id":"568d3d083565620003000000","duration":7.837},{"created":"2016-01-06T19:23:27Z","user_id":"568d52a73130650003950200","duration":7.955}]},{"data":{"value":"7500"},"votes":1,"confidence":0.3333333333333333,"instances":[{"created":"2016-01-06T20:40:04Z","user_id":"568ac34a3237350003b80500","duration":2.271}]}],"region":{"x":1133.504725358898,"y":741.4392971722733,"width":140.39773152954035,"height":71.9393371278262,"label":"Amount Loaned","shape":"rectangle"},"task_key":"em_record_amount_loaned","instructions":{"mark":"Amount Loaned","transcribe":"Enter the Amount Loaned"}}]}]}