{"id":"56b100817061755afbb50e00","meta_data":{"capture_uuid":"e2201820-00b1-0133-0569-58d385a7bbd0","page_uri":"http://digitalcollections.nypl.org/items/e2201820-00b1-0133-0569-58d385a7bbd0","book_uri":"http://digitalcollections.nypl.org/items/df712aa0-00b1-0133-fbd7-58d385a7bbd0","source_rotated":"1.87375","source_x":"1233.25","source_y":"0","source_w":"1390.75","source_h":"1024.59"},"type":"final_subject_set","search_terms_by_field":{"Mortgager":["Peter Gillespie","Peter Gillespie  now Nicholas W. Stuyvesant"],"Record Number":["444"],"Street Address":["No. 412 E. 20th Street"],"Land \u0026 Building Dimensions":["20 x 92","20 x 50"],"Stories \u0026 Materials":["4","brick"],"Additional Info":["house"],"Record Date":["1871 February 13"],"Valuation Date":["1879 November"],"Land \u0026 Building Value":[],"Total Value":["$9,000"],"Amount Loaned":["$2800."]},"subjects":[{"id":"56b176ce50617568bb990d00","type":"root","location":{"standard":"https://s3.amazonaws.com/scribe.nypl.org/emigrant-s4/full/e2201820-00b1-0133-0569-58d385a7bbd0.right-top.jpg","thumbnail":"https://s3.amazonaws.com/scribe.nypl.org/emigrant-s4/thumb/e2201820-00b1-0133-0569-58d385a7bbd0.right-top.jpg"},"status":"retired","width":1390,"height":1024,"meta_data":{"capture_uuid":"e2201820-00b1-0133-0569-58d385a7bbd0","page_uri":"http://digitalcollections.nypl.org/items/e2201820-00b1-0133-0569-58d385a7bbd0","book_uri":"http://digitalcollections.nypl.org/items/df712aa0-00b1-0133-fbd7-58d385a7bbd0","source_rotated":"1.87375","source_x":"1233.25","source_y":"0","source_w":"1390.75","source_h":"1024.59"},"assertions":[{"id":"56b176ce50617568bb9a0d00","status":"awaiting_transcriptions","name":"Mortgager","created_in_workflow":"transcribe","confidence":0.3333333333333333,"data":{"value":"Peter Gillespie"},"versions":[{"data":{"value":"Peter Gillespie"},"votes":1,"confidence":0.3333333333333333,"instances":[{"created":"2016-01-03T01:25:47Z","user_id":"568869523833320003620900","duration":6.126}]}],"region":{"x":413.27728097857687,"y":545.5363659295384,"width":258.9919964411691,"height":53.72706634154544,"label":"Mortgager Name","shape":"rectangle"},"task_key":"em_record_mortgager","instructions":{"mark":"Mortgager Name","transcribe":"Enter the mortgager's name"}},{"id":"56b176ce50617568bb9b0d00","status":"complete","name":"Record Number","created_in_workflow":"transcribe","confidence":1.0,"data":{"value":"444"},"versions":[{"data":{"value":"444"},"votes":3,"confidence":1.0,"instances":[{"created":"2016-01-03T01:25:08Z","user_id":"568869523833320003620900","duration":2.009},{"created":"2016-01-03T06:19:20Z","user_id":"56748e5e3564620003fd0100","duration":2.853},{"created":"2016-01-03T18:42:33Z","user_id":"5689687061356400032b0400","duration":3.383}]}],"region":{"x":991.8764219641671,"y":52.3494492558648,"width":106.07650918069157,"height":41.328512570419576,"label":"Record Number","shape":"rectangle"},"task_key":"em_record_number","instructions":{"mark":"Record Number","transcribe":"Enter the record number"}},{"id":"56b176ce50617568bb9c0d00","status":"awaiting_votes","name":"Mortgager","created_in_workflow":"transcribe","confidence":0.3333333333333333,"data":{"value":"Peter Gillespie  now Nicholas W. Stuyvesant"},"versions":[{"data":{"value":"Peter Gillespie  now Nicholas W. Stuyvesant"},"votes":1,"confidence":0.3333333333333333,"instances":[{"created":"2016-01-03T06:19:58Z","user_id":"56748e5e3564620003fd0100","duration":33.759}]},{"data":{"value":"Peter Gillespic"},"votes":1,"confidence":0.3333333333333333,"instances":[{"created":"2016-01-03T18:43:34Z","user_id":"5689687061356400032b0400","duration":18.096}]},{"data":{"value":"Peter Gillespie  non Nicholas W. Stuyvesant"},"votes":1,"confidence":0.3333333333333333,"instances":[{"created":"2016-01-03T22:06:49Z","user_id":"5668bbbe3064310003db0500","duration":41.667}]}],"region":{"x":418.7877489879635,"y":538.6482805011351,"width":783.8640743352402,"height":60.61515176994874,"label":"Mortgager Name","shape":"rectangle"},"task_key":"em_record_mortgager","instructions":{"mark":"Mortgager Name","transcribe":"Enter the mortgager's name"}},{"id":"56b176ce50617568bb9d0d00","status":"awaiting_transcriptions","name":"Street Address","created_in_workflow":"transcribe","confidence":0.6666666666666666,"data":{"value":"No. 412 E. 20th Street"},"versions":[{"data":{"value":"No. 412 E. 20th Street"},"votes":2,"confidence":0.6666666666666666,"instances":[{"created":"2016-01-03T06:20:15Z","user_id":"56748e5e3564620003fd0100","duration":12.554},{"created":"2016-01-03T18:43:46Z","user_id":"5689687061356400032b0400","duration":12.15}]}],"region":{"x":446.3400890348963,"y":586.864878499958,"width":592.3753110090566,"height":31.685192970654953,"label":"Street Address","shape":"rectangle"},"task_key":"em_record_street_address","instructions":{"mark":"Street Address","transcribe":"Enter the street address"}},{"id":"56b176ce50617568bb9e0d00","status":"awaiting_transcriptions","name":"Land \u0026 Building Dimensions","created_in_workflow":"transcribe","confidence":0.3333333333333333,"data":{"em_survey_land_dimensions":"20 x 92","em_survey_building_dimensions":"20 x 50"},"versions":[{"data":{"em_survey_land_dimensions":"20 x 92","em_survey_building_dimensions":"20 x 50"},"votes":1,"confidence":0.3333333333333333,"instances":[{"created":"2016-01-03T06:20:25Z","user_id":"56748e5e3564620003fd0100","duration":10.118}]}],"region":{"x":505.57762013580196,"y":628.1933910703775,"width":469.7673978002055,"height":81.2794080551586,"label":"Dimension \u0026 Description","shape":"rectangle"},"task_key":"em_record_survey","instructions":{"mark":"Dimension \u0026 Description","transcribe":"Enter, as they appear, any land and building dimensions that were recorded. In the next screen, you'll enter the descriptive information."}},{"id":"56b176ce50617568bb9f0d00","status":"awaiting_transcriptions","name":"Stories \u0026 Materials","created_in_workflow":"transcribe","confidence":0.3333333333333333,"data":{"em_record_stories":"4","em_record_material":"brick"},"versions":[{"data":{"em_record_stories":"4","em_record_material":"brick"},"votes":1,"confidence":0.3333333333333333,"instances":[{"created":"2016-01-03T06:20:28Z","user_id":"56748e5e3564620003fd0100","duration":2.781}]}],"region":{"x":505.57762013580196,"y":628.1933910703775,"width":469.7673978002055,"height":81.2794080551586,"label":"Dimension \u0026 Description","shape":"rectangle"},"task_key":"em_record_survey_stories_materials","instructions":{"mark":"Dimension \u0026 Description","transcribe":"Enter, as they appear, the number of stories and the building materials."}},{"id":"56b176ce50617568bba00d00","status":"awaiting_transcriptions","name":"Additional Info","created_in_workflow":"transcribe","confidence":0.3333333333333333,"data":{"value":"house"},"versions":[{"data":{"value":"house"},"votes":1,"confidence":0.3333333333333333,"instances":[{"created":"2016-01-03T06:20:29Z","user_id":"56748e5e3564620003fd0100","duration":1.151}]}],"region":{"x":505.57762013580196,"y":628.1933910703775,"width":469.7673978002055,"height":81.2794080551586,"label":"Dimension \u0026 Description","shape":"rectangle"},"task_key":"em_record_survey_additional_info","instructions":{"mark":"Dimension \u0026 Description","transcribe":"Enter any additional information you find about the building's construction or significance."}},{"id":"56b176ce50617568bba10d00","status":"awaiting_votes","name":"Record Date","created_in_workflow":"transcribe","confidence":0.3333333333333333,"data":{"value":"1871 February 13"},"versions":[{"data":{"value":"1871 February 13"},"votes":1,"confidence":0.3333333333333333,"instances":[{"created":"2016-01-07T04:44:13Z","user_id":"568de79535656200036f0900","duration":5.89}]},{"data":{"value":"1870 Feby 13"},"votes":1,"confidence":0.3333333333333333,"instances":[{"created":"2016-01-07T19:01:58Z","user_id":"568eb0c262633900031d0000","duration":10.331}]},{"data":{"value":"1871 Feby 13"},"votes":1,"confidence":0.3333333333333333,"instances":[{"created":"2016-01-07T20:43:18Z","user_id":"568ac34a3237350003b80500","duration":5.767}]}],"region":{"x":125.24329904647313,"y":105.11703779540994,"width":178.92263070263465,"height":100.6439723573074,"label":"Record Date","shape":"rectangle"},"task_key":"em_record_date","instructions":{"mark":"Record Date","transcribe":"Enter the record date"}},{"id":"56b176ce50617568bba20d00","status":"awaiting_transcriptions","name":"Valuation Date","created_in_workflow":"transcribe","confidence":0.3333333333333333,"data":{"value":"1879 November"},"versions":[{"data":{"value":"1879 November"},"votes":1,"confidence":0.3333333333333333,"instances":[{"created":"2016-01-07T04:44:47Z","user_id":"568de79535656200036f0900","duration":4.292}]}],"region":{"x":114.06063462755846,"y":723.5183346130876,"width":706.7443912754068,"height":118.53623410971761,"label":"Valuation","shape":"rectangle"},"task_key":"em_record_valuation","instructions":{"mark":"Valuation","transcribe":"Enter the date of the valuation (if one is given). In the next screen, you'll enter the valuation's dollar amounts."}},{"id":"56b176ce50617568bba30d00","status":"awaiting_transcriptions","name":"Land \u0026 Building Value","created_in_workflow":"transcribe","confidence":0.3333333333333333,"data":{"em_valuation_ground":""},"versions":[{"data":{"em_valuation_ground":""},"votes":1,"confidence":0.3333333333333333,"instances":[{"created":"2016-01-07T04:44:51Z","user_id":"568de79535656200036f0900","duration":3.869}]}],"region":{"x":114.06063462755846,"y":723.5183346130876,"width":706.7443912754068,"height":118.53623410971761,"label":"Valuation","shape":"rectangle"},"task_key":"em_record_valuation_ground_building","instructions":{"mark":"Valuation","transcribe":"Sometimes valuations include itemized dollar values for \"ground\" and \"building\". Enter these amounts if you can find them. In the next screen, you'll enter the total valuation."}},{"id":"56b176ce50617568bba40d00","status":"awaiting_transcriptions","name":"Total Value","created_in_workflow":"transcribe","confidence":0.3333333333333333,"data":{"value":"$9,000"},"versions":[{"data":{"value":"$9,000"},"votes":1,"confidence":0.3333333333333333,"instances":[{"created":"2016-01-07T04:44:55Z","user_id":"568de79535656200036f0900","duration":4.098}]}],"region":{"x":114.06063462755846,"y":723.5183346130876,"width":706.7443912754068,"height":118.53623410971761,"label":"Valuation","shape":"rectangle"},"task_key":"em_record_valuation_total","instructions":{"mark":"Valuation","transcribe":"Enter the valuation ***total*** (if one is given)"}},{"id":"56b176ce50617568bba50d00","status":"awaiting_votes","name":"Amount Loaned","created_in_workflow":"transcribe","confidence":0.6666666666666666,"data":{"value":"$2800."},"versions":[{"data":{"value":"$2800."},"votes":2,"confidence":0.6666666666666666,"instances":[{"created":"2016-01-07T19:32:08Z","user_id":"568eb6db6263390003600000","duration":10.032},{"created":"2016-01-07T23:28:32Z","user_id":"568ef46f6636620003210800","duration":7.862}]},{"data":{"value":"$ 2800."},"votes":1,"confidence":0.3333333333333333,"instances":[{"created":"2016-01-07T19:04:28Z","user_id":"568eb0c262633900031d0000","duration":7.846}]}],"region":{"x":1159.6397577960795,"y":735.8192645678696,"width":150.9659696553481,"height":63.74118249296134,"label":"Amount Loaned","shape":"rectangle"},"task_key":"em_record_amount_loaned","instructions":{"mark":"Amount Loaned","transcribe":"Enter the Amount Loaned"}}]}]}