{"id":"56b100957061755afb281000","meta_data":{"capture_uuid":"e258dbe0-00b1-0133-9f0d-58d385a7bbd0","page_uri":"http://digitalcollections.nypl.org/items/e258dbe0-00b1-0133-9f0d-58d385a7bbd0","book_uri":"http://digitalcollections.nypl.org/items/df712aa0-00b1-0133-fbd7-58d385a7bbd0","source_rotated":"1.09095","source_x":"0","source_y":"968.1999999999999","source_w":"1376.97","source_h":"1091.8"},"type":"final_subject_set","search_terms_by_field":{"Record Number":["475","475"],"Mortgager":["Dennis Loonie"],"Street Address":["Nos 248 \u0026 250 E. 60th Street"],"Land \u0026 Building Dimensions":["40 x 100.5","20 x 50"],"Stories \u0026 Materials":["4","Stone \u0026 brick"],"Additional Info":["Houses"],"Record Date":["1871 June 7"],"Total Value":["$27,000."],"Amount Loaned":["$16000."]},"subjects":[{"id":"56b176e350617568bbf50e00","type":"root","location":{"standard":"https://s3.amazonaws.com/scribe.nypl.org/emigrant-s4/full/e258dbe0-00b1-0133-9f0d-58d385a7bbd0.left-bottom.jpg","thumbnail":"https://s3.amazonaws.com/scribe.nypl.org/emigrant-s4/thumb/e258dbe0-00b1-0133-9f0d-58d385a7bbd0.left-bottom.jpg"},"status":"retired","width":1376,"height":1091,"meta_data":{"capture_uuid":"e258dbe0-00b1-0133-9f0d-58d385a7bbd0","page_uri":"http://digitalcollections.nypl.org/items/e258dbe0-00b1-0133-9f0d-58d385a7bbd0","book_uri":"http://digitalcollections.nypl.org/items/df712aa0-00b1-0133-fbd7-58d385a7bbd0","source_rotated":"1.09095","source_x":"0","source_y":"968.1999999999999","source_w":"1376.97","source_h":"1091.8"},"assertions":[{"id":"56b176e350617568bbf60e00","status":"complete","name":"Record Number","created_in_workflow":"transcribe","confidence":1.0,"data":{"value":"475"},"versions":[{"data":{"value":"475"},"votes":3,"confidence":1.0,"instances":[{"created":"2015-11-28T23:14:25Z","user_id":"565a34ca34663400030f0900","duration":7.067},{"created":"2015-11-28T23:29:13Z","user_id":"565a37b13961610003d20500","duration":14.106},{"created":"2015-11-29T00:21:35Z","user_id":"565a44e03961610003ab0600","duration":25.422}]}],"region":{"x":511.4680866177753,"y":52.62990018480762,"width":540.7687853223731,"height":56.59866434232979,"label":"Record Number","shape":"rectangle"},"task_key":"em_record_number","instructions":{"mark":"Record Number","transcribe":"Enter the record number"}},{"id":"56b176e350617568bbf70e00","status":"awaiting_transcriptions","name":"Record Number","created_in_workflow":"transcribe","confidence":0.6666666666666666,"data":{"value":"475"},"versions":[{"data":{"value":"475"},"votes":2,"confidence":0.6666666666666666,"instances":[{"created":"2015-11-17T02:25:03Z","user_id":"5647496e3562310003960400","duration":3.951},{"created":"2015-11-17T03:06:47Z","user_id":"564a98496237610003350300","duration":9.042}]}],"region":{"x":920.5001606305063,"y":43.63909107422918,"width":129.55187445910838,"height":73.64096618776173,"label":"Record Number","shape":"rectangle"},"task_key":"em_record_number","instructions":{"mark":"Record Number","transcribe":"Enter the record number"}},{"id":"56b176e350617568bbf80e00","status":"complete","name":"Mortgager","created_in_workflow":"transcribe","confidence":1.0,"data":{"value":"Dennis Loonie"},"versions":[{"data":{"value":"Dennis Loonie"},"votes":3,"confidence":1.0,"instances":[{"created":"2015-11-17T02:25:55Z","user_id":"5647496e3562310003960400","duration":13.815},{"created":"2015-11-17T03:07:24Z","user_id":"564a98496237610003350300","duration":5.904},{"created":"2015-11-17T03:21:58Z","user_id":"564a734431643900036d1c00","duration":8.79}]}],"region":{"x":410.4748864441221,"y":526.3965360828895,"width":376.38228790225145,"height":64.09491501527407,"label":"Mortgager Name","shape":"rectangle"},"task_key":"em_record_mortgager","instructions":{"mark":"Mortgager Name","transcribe":"Enter the mortgager's name"}},{"id":"56b176e350617568bbf90e00","status":"awaiting_transcriptions","name":"Street Address","created_in_workflow":"transcribe","confidence":0.3333333333333333,"data":{"value":"Nos 248 \u0026 250 E. 60th Street"},"versions":[{"data":{"value":"Nos 248 \u0026 250 E. 60th Street"},"votes":1,"confidence":0.3333333333333333,"instances":[{"created":"2015-11-17T02:26:17Z","user_id":"5647496e3562310003960400","duration":22.588}]},{"data":{"value":"Nos 248 \u0026 250 E 60th Street"},"votes":1,"confidence":0.3333333333333333,"instances":[{"created":"2015-11-17T04:04:03Z","user_id":"564238183636390003f01400","duration":75.103}]}],"region":{"x":413.20229432747175,"y":564.58074077284,"width":445.9311889276675,"height":54.54886384278643,"label":"Street Address","shape":"rectangle"},"task_key":"em_record_street_address","instructions":{"mark":"Street Address","transcribe":"Enter the street address"}},{"id":"56b176e350617568bbfa0e00","status":"awaiting_transcriptions","name":"Land \u0026 Building Dimensions","created_in_workflow":"transcribe","confidence":0.3333333333333333,"data":{"em_survey_land_dimensions":"40 x 100.5","em_survey_building_dimensions":"20 x 50"},"versions":[{"data":{"em_survey_land_dimensions":"40 x 100.5","em_survey_building_dimensions":"20 x 50"},"votes":1,"confidence":0.3333333333333333,"instances":[{"created":"2015-11-17T04:47:01Z","user_id":"5647496e3562310003960400","duration":27.138}]}],"region":{"x":422.7482219191955,"y":617.7658830195568,"width":571.3919515617513,"height":96.82423332094606,"label":"Dimension \u0026 Description","shape":"rectangle"},"task_key":"em_record_survey","instructions":{"mark":"Dimension \u0026 Description","transcribe":"Enter, as they appear, any land and building dimensions that were recorded. In the next screen, you'll enter the descriptive information."}},{"id":"56b176e350617568bbfb0e00","status":"awaiting_transcriptions","name":"Stories \u0026 Materials","created_in_workflow":"transcribe","confidence":0.3333333333333333,"data":{"em_record_stories":"4","em_record_material":"Stone \u0026 brick"},"versions":[{"data":{"em_record_stories":"4","em_record_material":"Stone \u0026 brick"},"votes":1,"confidence":0.3333333333333333,"instances":[{"created":"2015-11-17T04:47:12Z","user_id":"5647496e3562310003960400","duration":11.374}]}],"region":{"x":422.7482219191955,"y":617.7658830195568,"width":571.3919515617513,"height":96.82423332094606,"label":"Dimension \u0026 Description","shape":"rectangle"},"task_key":"em_record_survey_stories_materials","instructions":{"mark":"Dimension \u0026 Description","transcribe":"Enter, as they appear, the number of stories and the building materials."}},{"id":"56b176e350617568bbfc0e00","status":"awaiting_transcriptions","name":"Additional Info","created_in_workflow":"transcribe","confidence":0.3333333333333333,"data":{"value":"Houses"},"versions":[{"data":{"value":"Houses"},"votes":1,"confidence":0.3333333333333333,"instances":[{"created":"2015-11-17T04:47:15Z","user_id":"5647496e3562310003960400","duration":2.319}]}],"region":{"x":422.7482219191955,"y":617.7658830195568,"width":571.3919515617513,"height":96.82423332094606,"label":"Dimension \u0026 Description","shape":"rectangle"},"task_key":"em_record_survey_additional_info","instructions":{"mark":"Dimension \u0026 Description","transcribe":"Enter any additional information you find about the building's construction or significance."}},{"id":"56b176e350617568bbfd0e00","status":"awaiting_votes","name":"Record Date","created_in_workflow":"verify","confidence":0.3333333333333333,"data":{"value":"1871 June 7"},"versions":[{"data":{"value":"1871 June 7"},"votes":1,"confidence":0.3333333333333333,"instances":[{"created":"2015-12-28T23:31:34Z","user_id":"56748e5e3564620003fd0100","duration":7.231}]},{"data":{"value":"1891 June 7"},"votes":1,"confidence":0.3333333333333333,"instances":[{"created":"2016-01-25T15:06:07Z","user_id":"56980a2d3337650003270200","duration":49.981}]}],"region":{"x":55.91186160866779,"y":92.73306853273701,"width":180.00892030107678,"height":188.19358025761332,"label":"Record Date","shape":"rectangle"},"task_key":"em_transcribed_date","instructions":{"mark":"Record Date","transcribe":"Enter the record date","verify":"Choose the best transcription or enter your own!"}},{"id":"56b176e350617568bbfe0e00","status":"awaiting_transcriptions","name":"Total Value","created_in_workflow":"transcribe","confidence":0.3333333333333333,"data":{"value":"$27,000."},"versions":[{"data":{"value":"$27,000."},"votes":1,"confidence":0.3333333333333333,"instances":[{"created":"2015-11-17T04:07:45Z","user_id":"564238183636390003f01400","duration":17.179}]},{"data":{"value":"27000"},"votes":1,"confidence":0.3333333333333333,"instances":[{"created":"2015-11-17T04:08:50Z","user_id":"564aa7206237610003390500","duration":7.481}]}],"region":{"x":594.5749185702234,"y":775.9575881636376,"width":156.8259532926047,"height":53.18514224671674,"label":"Valuation","shape":"rectangle"},"task_key":"em_record_valuation_total","instructions":{"mark":"Valuation","transcribe":"Enter the valuation ***total*** (if one is given)"}},{"id":"56b176e350617568bbff0e00","status":"awaiting_votes","name":"Amount Loaned","created_in_workflow":"transcribe","confidence":0.5,"data":{"value":"$16000."},"versions":[{"data":{"value":"$16000."},"votes":2,"confidence":0.5,"instances":[{"created":"2015-11-17T02:28:20Z","user_id":"5647496e3562310003960400","duration":40.207},{"created":"2015-11-17T04:06:09Z","user_id":"564238183636390003f01400","duration":104.148}]},{"data":{"value":"16000"},"votes":1,"confidence":0.25,"instances":[{"created":"2015-11-17T03:08:56Z","user_id":"564a98496237610003350300","duration":6.537}]},{"data":{"value":"11000"},"votes":1,"confidence":0.25,"instances":[{"created":"2015-11-17T04:08:03Z","user_id":"564aa7206237610003390500","duration":68.459}]}],"region":{"x":499.1156426529857,"y":718.6812811287118,"width":162.28076905930402,"height":62.731193419204374,"label":"Amount Loaned","shape":"rectangle"},"task_key":"em_record_amount_loaned","instructions":{"mark":"Amount Loaned","transcribe":"Enter the Amount Loaned"}}]}]}