{"id":"56b1012e7061755afb6a1b00","meta_data":{"capture_uuid":"e430af90-00b1-0133-dd0c-58d385a7bbd0","page_uri":"http://digitalcollections.nypl.org/items/e430af90-00b1-0133-dd0c-58d385a7bbd0","book_uri":"http://digitalcollections.nypl.org/items/df712aa0-00b1-0133-fbd7-58d385a7bbd0","source_rotated":"0.587485","source_x":"0","source_y":"956.92","source_w":"1368.46","source_h":"1079.08"},"type":"final_subject_set","search_terms_by_field":{"Record Number":["742"],"Mortgager":["Mrs. Ellen Draddy"],"Street Address":["625 West 48th Street"],"Land \u0026 Building Dimensions":["25 x 74.6","25 x 40"],"Stories \u0026 Materials":["2 1/2","Frame"],"Additional Info":["House"],"Record Date":["1873 Sept 19"],"Valuation Date":["1879 November"],"Land \u0026 Building Value":[],"Total Value":["$6000."],"Amount Loaned":["2000"]},"subjects":[{"id":"56b1777d50617568bb791900","type":"root","location":{"standard":"https://s3.amazonaws.com/scribe.nypl.org/emigrant-s4/full/e430af90-00b1-0133-dd0c-58d385a7bbd0.left-bottom.jpg","thumbnail":"https://s3.amazonaws.com/scribe.nypl.org/emigrant-s4/thumb/e430af90-00b1-0133-dd0c-58d385a7bbd0.left-bottom.jpg"},"status":"active","width":1368,"height":1079,"meta_data":{"capture_uuid":"e430af90-00b1-0133-dd0c-58d385a7bbd0","page_uri":"http://digitalcollections.nypl.org/items/e430af90-00b1-0133-dd0c-58d385a7bbd0","book_uri":"http://digitalcollections.nypl.org/items/df712aa0-00b1-0133-fbd7-58d385a7bbd0","source_rotated":"0.587485","source_x":"0","source_y":"956.92","source_w":"1368.46","source_h":"1079.08"},"assertions":[{"id":"56b1777d50617568bb7a1900","status":"complete","name":"Record Number","created_in_workflow":"transcribe","confidence":1.0,"data":{"value":"742"},"versions":[{"data":{"value":"742"},"votes":3,"confidence":1.0,"instances":[{"created":"2016-01-21T02:50:05Z","user_id":"56a03c846339630003f20300","duration":4.197},{"created":"2016-01-21T19:31:20Z","user_id":"56a131583634350003100000","duration":2.326},{"created":"2016-01-21T21:29:28Z","user_id":"56a14d543833370003c80000","duration":4.929}]}],"region":{"x":912.4851063829788,"y":61.122149447250834,"width":125.15744680851071,"height":65.48801726491162,"label":"Record Number","shape":"rectangle"},"task_key":"em_record_number","instructions":{"mark":"Record Number","transcribe":"Enter the record number"}},{"id":"56b1777d50617568bb7b1900","status":"awaiting_votes","name":"Mortgager","created_in_workflow":"transcribe","confidence":0.6666666666666666,"data":{"value":"Mrs. Ellen Draddy"},"versions":[{"data":{"value":"Mrs. Ellen Draddy"},"votes":2,"confidence":0.6666666666666666,"instances":[{"created":"2016-01-21T02:51:04Z","user_id":"56a03c846339630003f20300","duration":8.386},{"created":"2016-01-21T19:32:24Z","user_id":"56a131583634350003100000","duration":6.439}]},{"data":{"value":"Mrs Ellen Draddy"},"votes":1,"confidence":0.3333333333333333,"instances":[{"created":"2016-01-21T21:30:31Z","user_id":"56a14d543833370003c80000","duration":38.578}]}],"region":{"x":325.9914893617021,"y":547.1887664801503,"width":401.668085106383,"height":68.39859581001883,"label":"Mortgager Name","shape":"rectangle"},"task_key":"em_record_mortgager","instructions":{"mark":"Mortgager Name","transcribe":"Enter the mortgager's name"}},{"id":"56b1777d50617568bb7c1900","status":"awaiting_votes","name":"Street Address","created_in_workflow":"transcribe","confidence":0.6666666666666666,"data":{"value":"625 West 48th Street"},"versions":[{"data":{"value":"625 West 48th Street"},"votes":2,"confidence":0.6666666666666666,"instances":[{"created":"2016-01-21T04:30:07Z","user_id":"56a056f33234330003950500","duration":6.541},{"created":"2016-01-21T19:32:29Z","user_id":"56a131583634350003100000","duration":5.602}]},{"data":{"value":"No 123 W 48th Street"},"votes":1,"confidence":0.3333333333333333,"instances":[{"created":"2016-01-21T02:51:14Z","user_id":"56a03c846339630003f20300","duration":10.483}]}],"region":{"x":404.5787234042553,"y":582.1157090214367,"width":395.84680851063837,"height":62.57743871980438,"label":"Street Address","shape":"rectangle"},"task_key":"em_record_street_address","instructions":{"mark":"Street Address","transcribe":"Enter the street address"}},{"id":"56b1777d50617568bb7d1900","status":"awaiting_transcriptions","name":"Land \u0026 Building Dimensions","created_in_workflow":"transcribe","confidence":0.3333333333333333,"data":{"em_survey_land_dimensions":"25 x 74.6","em_survey_building_dimensions":"25 x 40"},"versions":[{"data":{"em_survey_land_dimensions":"25 x 74.6","em_survey_building_dimensions":"25 x 40"},"votes":1,"confidence":0.3333333333333333,"instances":[{"created":"2016-01-21T04:30:25Z","user_id":"56a056f33234330003950500","duration":10.261}]}],"region":{"x":438.05106382978727,"y":624.3190979254907,"width":506.45106382978724,"height":91.6832241708762,"label":"Dimension \u0026 Description","shape":"rectangle"},"task_key":"em_record_survey","instructions":{"mark":"Dimension \u0026 Description","transcribe":"Enter, as they appear, any land and building dimensions that were recorded. In the next screen, you'll enter the descriptive information."}},{"id":"56b1777d50617568bb7e1900","status":"awaiting_transcriptions","name":"Stories \u0026 Materials","created_in_workflow":"transcribe","confidence":0.3333333333333333,"data":{"em_record_stories":"2 1/2","em_record_material":"Frame"},"versions":[{"data":{"em_record_stories":"2 1/2","em_record_material":"Frame"},"votes":1,"confidence":0.3333333333333333,"instances":[{"created":"2016-01-21T04:30:31Z","user_id":"56a056f33234330003950500","duration":5.415}]}],"region":{"x":438.05106382978727,"y":624.3190979254907,"width":506.45106382978724,"height":91.6832241708762,"label":"Dimension \u0026 Description","shape":"rectangle"},"task_key":"em_record_survey_stories_materials","instructions":{"mark":"Dimension \u0026 Description","transcribe":"Enter, as they appear, the number of stories and the building materials."}},{"id":"56b1777d50617568bb7f1900","status":"awaiting_transcriptions","name":"Additional Info","created_in_workflow":"transcribe","confidence":0.3333333333333333,"data":{"value":"House"},"versions":[{"data":{"value":"House"},"votes":1,"confidence":0.3333333333333333,"instances":[{"created":"2016-01-21T04:30:32Z","user_id":"56a056f33234330003950500","duration":1.537}]}],"region":{"x":438.05106382978727,"y":624.3190979254907,"width":506.45106382978724,"height":91.6832241708762,"label":"Dimension \u0026 Description","shape":"rectangle"},"task_key":"em_record_survey_additional_info","instructions":{"mark":"Dimension \u0026 Description","transcribe":"Enter any additional information you find about the building's construction or significance."}},{"id":"56b1777d50617568bb801900","status":"awaiting_votes","name":"Record Date","created_in_workflow":"transcribe","confidence":0.3333333333333333,"data":{"value":"1873 Sept 19"},"versions":[{"data":{"value":"1873 Sept 19"},"votes":1,"confidence":0.3333333333333333,"instances":[{"created":"2016-01-21T02:50:41Z","user_id":"56a03c846339630003f20300","duration":8.829}]},{"data":{"value":"1873 September 19"},"votes":1,"confidence":0.3333333333333333,"instances":[{"created":"2016-01-21T19:32:02Z","user_id":"56a131583634350003100000","duration":4.687}]},{"data":{"value":"1873. Septr 19."},"votes":1,"confidence":0.3333333333333333,"instances":[{"created":"2016-01-21T21:29:44Z","user_id":"56a14d543833370003c80000","duration":8.362}]}],"region":{"x":34.92765957446809,"y":110.60198471407294,"width":199.3787234042553,"height":130.9760345298232,"label":"Record Date","shape":"rectangle"},"task_key":"em_record_date","instructions":{"mark":"Record Date","transcribe":"Enter the record date"}},{"id":"56b1777d50617568bb811900","status":"awaiting_transcriptions","name":"Valuation Date","created_in_workflow":"transcribe","confidence":0.3333333333333333,"data":{"value":"1879 November"},"versions":[{"data":{"value":"1879 November"},"votes":1,"confidence":0.3333333333333333,"instances":[{"created":"2016-01-21T21:31:19Z","user_id":"56a14d543833370003c80000","duration":11.481}]}],"region":{"x":32.01702127659575,"y":736.3763719121172,"width":707.2851063829787,"height":109.14669544151946,"label":"Valuation","shape":"rectangle"},"task_key":"em_record_valuation","instructions":{"mark":"Valuation","transcribe":"Enter the date of the valuation (if one is given). In the next screen, you'll enter the valuation's dollar amounts."}},{"id":"56b1777d50617568bb821900","status":"awaiting_transcriptions","name":"Land \u0026 Building Value","created_in_workflow":"transcribe","confidence":0.3333333333333333,"data":{"em_valuation_ground":""},"versions":[{"data":{"em_valuation_ground":""},"votes":1,"confidence":0.3333333333333333,"instances":[{"created":"2016-01-21T21:31:22Z","user_id":"56a14d543833370003c80000","duration":3.036}]}],"region":{"x":32.01702127659575,"y":736.3763719121172,"width":707.2851063829787,"height":109.14669544151946,"label":"Valuation","shape":"rectangle"},"task_key":"em_record_valuation_ground_building","instructions":{"mark":"Valuation","transcribe":"Sometimes valuations include itemized dollar values for \"ground\" and \"building\". Enter these amounts if you can find them. In the next screen, you'll enter the total valuation."}},{"id":"56b1777d50617568bb831900","status":"awaiting_transcriptions","name":"Total Value","created_in_workflow":"transcribe","confidence":0.3333333333333333,"data":{"value":"$6000."},"versions":[{"data":{"value":"$6000."},"votes":1,"confidence":0.3333333333333333,"instances":[{"created":"2016-01-21T21:31:28Z","user_id":"56a14d543833370003c80000","duration":6.351}]}],"region":{"x":32.01702127659575,"y":736.3763719121172,"width":707.2851063829787,"height":109.14669544151946,"label":"Valuation","shape":"rectangle"},"task_key":"em_record_valuation_total","instructions":{"mark":"Valuation","transcribe":"Enter the valuation ***total*** (if one is given)"}},{"id":"56b1777d50617568bb841900","status":"awaiting_votes","name":"Amount Loaned","created_in_workflow":"transcribe","confidence":0.3333333333333333,"data":{"value":"2000"},"versions":[{"data":{"value":"2000"},"votes":1,"confidence":0.3333333333333333,"instances":[{"created":"2016-01-21T02:51:26Z","user_id":"56a03c846339630003f20300","duration":2.365}]},{"data":{"value":"$2000"},"votes":1,"confidence":0.3333333333333333,"instances":[{"created":"2016-01-21T19:32:32Z","user_id":"56a131583634350003100000","duration":2.556}]},{"data":{"value":"$2000."},"votes":1,"confidence":0.3333333333333333,"instances":[{"created":"2016-01-21T21:31:34Z","user_id":"56a14d543833370003c80000","duration":5.414}]}],"region":{"x":1066.748936170213,"y":739.2869504572245,"width":149.89787234042547,"height":64.03272799235799,"label":"Amount Loaned","shape":"rectangle"},"task_key":"em_record_amount_loaned","instructions":{"mark":"Amount Loaned","transcribe":"Enter the Amount Loaned"}}]}]}