{"id":"56b100e67061755afb161600","meta_data":{"capture_uuid":"e3773a80-00b1-0133-bd23-58d385a7bbd0","page_uri":"http://digitalcollections.nypl.org/items/e3773a80-00b1-0133-bd23-58d385a7bbd0","book_uri":"http://digitalcollections.nypl.org/items/df712aa0-00b1-0133-fbd7-58d385a7bbd0","source_rotated":"0.587485","source_x":"0","source_y":"0","source_w":"1367.43","source_h":"971.52"},"type":"final_subject_set","search_terms_by_field":{"Record Date":["1879 November","1872 July 6"],"Record Number":["613"],"Mortgager":["Jas. \u0026 Lawrence Hughes"],"Street Address":["No. 339 E. 31st Street"],"Additional Info":["House"],"Land \u0026 Building Dimensions":["20 x 98.9","20 x 46"],"Stories \u0026 Materials":["3","brick"],"Valuation Date":["1879 November"],"Land \u0026 Building Value":["Valuation of these Premises $9000."],"Total Value":["$9000","Valuation of these Premises $9000"],"Amount Loaned":["$2,500"]},"subjects":[{"id":"56b1773550617568bb801400","type":"root","location":{"standard":"https://s3.amazonaws.com/scribe.nypl.org/emigrant-s4/full/e3773a80-00b1-0133-bd23-58d385a7bbd0.left-top.jpg","thumbnail":"https://s3.amazonaws.com/scribe.nypl.org/emigrant-s4/thumb/e3773a80-00b1-0133-bd23-58d385a7bbd0.left-top.jpg"},"status":"retired","width":1367,"height":971,"meta_data":{"capture_uuid":"e3773a80-00b1-0133-bd23-58d385a7bbd0","page_uri":"http://digitalcollections.nypl.org/items/e3773a80-00b1-0133-bd23-58d385a7bbd0","book_uri":"http://digitalcollections.nypl.org/items/df712aa0-00b1-0133-fbd7-58d385a7bbd0","source_rotated":"0.587485","source_x":"0","source_y":"0","source_w":"1367.43","source_h":"971.52"},"assertions":[{"id":"56b1773550617568bb811400","status":"complete","name":"Record Date","created_in_workflow":"verify","confidence":1.0,"data":{"value":"1879 November"},"versions":[{"data":{"value":"1879 November"},"votes":15,"confidence":0.9375,"instances":[{"created":"2015-11-05T16:11:59Z","user_id":"563b7bdb3532620003180900","duration":8.616},{"created":"2015-11-05T16:33:50Z","user_id":"563b85293532620003970c00","duration":4.213},{"created":"2015-11-05T17:17:42Z","user_id":"563b8cd83532620003d40d00","duration":6.026},{"created":"2015-11-05T17:21:55Z","user_id":"563b8dd335326200037f0e00","duration":5.039},{"created":"2015-11-05T17:28:10Z","user_id":"563b8d073532620003ec0d00","duration":4.423},{"created":"2015-11-05T17:51:06Z","user_id":"563b93763532620003de1000","duration":3.851},{"created":"2015-11-05T17:57:43Z","user_id":"563b92db3532620003b41000","duration":4.532},{"created":"2015-11-06T17:10:30Z","user_id":"563cb8ab6532620003060900","duration":5.295},{"created":"2015-11-09T20:14:04Z","user_id":"5640f7566161650003170400","duration":6.87},{"created":"2015-11-10T01:24:43Z","user_id":"563f8b7a3264340003774b00","duration":6.815},{"created":"2015-11-10T03:40:53Z","user_id":"564164996161650003ec6100","duration":9.477},{"created":"2015-11-10T12:34:01Z","user_id":"56413bb26161650003b53900","duration":12.031},{"created":"2015-11-10T14:15:36Z","user_id":"5641f4453636390003420000","duration":6.089},{"created":"2015-11-10T15:34:48Z","user_id":"5642039536363900037c0400","duration":23.752},{"created":"2015-11-11T18:24:05Z","user_id":"563911d436393100030c0000","duration":4.866}]},{"data":{"value":"1872 July 6"},"votes":1,"confidence":0.0625,"instances":[{"created":"2015-11-10T03:39:27Z","user_id":"563eaf056630330003055300","duration":3.262}]}],"region":{"x":67.73667223154492,"y":745.148139266171,"width":163.93257735192856,"height":93.48222110793779,"label":"Record Date","shape":"rectangle"},"task_key":"em_transcribed_date","instructions":{"mark":"Record Date","transcribe":"Enter the record date","verify":"Choose the best transcription or enter your own!"}},{"id":"56b1773550617568bb821400","status":"complete","name":"Record Number","created_in_workflow":"verify","confidence":1.0,"data":{"value":"613"},"versions":[{"data":{"value":"613"},"votes":3,"confidence":1.0,"instances":[{"created":"2015-11-14T19:19:01Z","user_id":"563f8b7a3264340003774b00","duration":5.301},{"created":"2015-11-17T17:41:51Z","user_id":"5647496e3562310003960400","duration":5.529},{"created":"2015-11-17T19:06:25Z","user_id":"564618af6363350003da0c00","duration":8.732}]}],"region":{"x":940.2373318566853,"y":20.322221979986484,"width":102.96591635327752,"height":54.19259194663063,"label":"Record Number","shape":"rectangle"},"task_key":"em_transcribed_record_number","instructions":{"mark":"Record Number","transcribe":"Enter the record number","verify":"Choose the best transcription or enter your own!"}},{"id":"56b1773550617568bb831400","status":"awaiting_votes","name":"Mortgager","created_in_workflow":"verify","confidence":0.6666666666666666,"data":{"value":"Jas. \u0026 Lawrence Hughes"},"versions":[{"data":{"value":"Jas. \u0026 Lawrence Hughes"},"votes":2,"confidence":0.6666666666666666,"instances":[{"created":"2015-11-14T19:22:30Z","user_id":"563f8b7a3264340003774b00","duration":31.804},{"created":"2015-11-17T19:06:40Z","user_id":"564618af6363350003da0c00","duration":15.802}]},{"data":{"value":"J W \u0026 Lawrence Hughes"},"votes":1,"confidence":0.3333333333333333,"instances":[{"created":"2015-11-17T17:45:58Z","user_id":"5647496e3562310003960400","duration":32.586}]}],"region":{"x":384.7633094245307,"y":536.5066602716431,"width":321.09108125956254,"height":48.77333275196759,"label":"Mortgager Name","shape":"rectangle"},"task_key":"em_transcribed_mortgager","instructions":{"mark":"Mortgager Name","transcribe":"Enter the mortgager's name","verify":"Choose the best transcription or enter your own!"}},{"id":"56b1773550617568bb841400","status":"complete","name":"Street Address","created_in_workflow":"verify","confidence":1.0,"data":{"value":"No. 339 E. 31st Street"},"versions":[{"data":{"value":"No. 339 E. 31st Street"},"votes":3,"confidence":0.75,"instances":[{"created":"2015-11-14T03:25:45Z","user_id":"563f8b7a3264340003774b00","duration":15.122},{"created":"2015-11-17T03:26:47Z","user_id":"5647496e3562310003960400","duration":7.071},{"created":"2015-11-18T10:51:46Z","user_id":"5649188c3863370003020e00","duration":8.233}]},{"data":{"value":"339 E 31st Street"},"votes":1,"confidence":0.25,"instances":[{"created":"2015-11-17T03:10:50Z","user_id":"564618af6363350003da0c00","duration":11.564}]}],"region":{"x":447.0847851120407,"y":590.6992522182737,"width":269.6081230829238,"height":21.677036778652223,"label":"Street Address","shape":"rectangle"},"task_key":"em_transcribed_address","instructions":{"mark":"Street Address","transcribe":"Enter the street address","verify":"Choose the best transcription or enter your own!"}},{"id":"56b1773550617568bb851400","status":"complete","name":"Additional Info","created_in_workflow":"transcribe","confidence":1.0,"data":{"value":"House"},"versions":[{"data":{"value":"House"},"votes":2,"confidence":0.6666666666666666,"instances":[{"created":"2015-11-06T17:46:45Z","user_id":"563cca1265326200034f1200","duration":3.493},{"created":"2015-11-14T19:25:02Z","user_id":"563f8b7a3264340003774b00","duration":5.937}]},{"data":{"value":"3 story brick house"},"votes":1,"confidence":0.3333333333333333,"instances":[{"created":"2015-11-06T17:59:28Z","user_id":"563ce63065326200039f1a00","duration":10.261}]}],"region":{"x":478.2455229557957,"y":620.5051777889206,"width":376.638483502778,"height":70.45036953061981,"label":"Dimension \u0026 Description","shape":"rectangle"},"task_key":"em_record_survey_additional_info","instructions":{"mark":"Dimension \u0026 Description","transcribe":"Enter any additional information you find about the building's construction or significance."}},{"id":"56b1773550617568bb861400","status":"contentious","name":"Land \u0026 Building Dimensions","created_in_workflow":"verify","confidence":0.7142857142857143,"data":{"em_survey_land_dimensions":"20 x 98.9","em_survey_building_dimensions":"20 x 46"},"versions":[{"data":{"em_survey_land_dimensions":"20 x 98.9","em_survey_building_dimensions":"20 x 46"},"votes":15,"confidence":0.7142857142857143,"instances":[{"created":"2015-11-17T17:46:35Z","user_id":"5647496e3562310003960400","duration":22.612},{"created":"2015-11-22T02:06:28Z","user_id":"5649188c3863370003020e00","duration":8.078},{"created":"2015-11-23T21:36:47Z","user_id":"563bfc7535326200037f3900","duration":13.821},{"created":"2015-11-24T05:40:10Z","user_id":"5653f76b6138330003f10e00","duration":39.663},{"created":"2015-11-25T03:33:47Z","user_id":"565524486339300003f40700","duration":70.15},{"created":"2015-11-25T08:24:22Z","user_id":"56556e986339300003050a00","duration":413.605},{"created":"2015-11-25T17:19:01Z","user_id":"564f478f6435360003b00300","duration":8.611},{"created":"2015-11-25T21:14:43Z","user_id":"565e4fed3862380003f10900","duration":119.249},{"created":"2015-11-25T21:33:52Z","user_id":"5655d2873437330003e50000","duration":12.026},{"created":"2015-11-25T23:31:50Z","user_id":"565641ba34373300038b0e00","duration":17.954},{"created":"2015-11-26T00:03:49Z","user_id":"5647496e3562310003960400","duration":20.891},{"created":"2015-11-26T01:52:36Z","user_id":"565664483262660003be1000","duration":29.495},{"created":"2015-11-26T04:11:46Z","user_id":"5656865b6332630003b60000","duration":39.365},{"created":"2015-11-26T04:19:48Z","user_id":"56567cb43262660003a91100","duration":21.878},{"created":"2015-11-26T09:48:57Z","user_id":"5656d57663326300034f0300","duration":19.169}]},{"data":{"em_survey_land_dimensions":"20 x 98.9","em_survey_building_dimensions":"20 x 44 "},"votes":3,"confidence":0.14285714285714285,"instances":[{"created":"2015-11-24T16:22:14Z","user_id":"564d46703463650003401900","duration":13.376},{"created":"2015-11-25T11:25:20Z","user_id":"5649e78e3164390003680b00","duration":20.797},{"created":"2015-11-25T22:45:21Z","user_id":"5656341c3262660003a90d00","duration":36.629}]},{"data":{"em_survey_land_dimensions":"20 x 98.9","em_survey_building_dimensions":"\" \" 46"},"votes":2,"confidence":0.09523809523809523,"instances":[{"created":"2015-11-23T17:25:59Z","user_id":"56532da56138330003bd0100","duration":58.142},{"created":"2015-11-25T21:33:00Z","user_id":"5655f0d832626600031d0400","duration":59.407}]},{"data":{"em_survey_land_dimensions":"20 x 98'9","em_survey_building_dimensions":"20 x 46"},"votes":1,"confidence":0.047619047619047616,"instances":[{"created":"2015-11-17T20:56:38Z","user_id":"564618af6363350003da0c00","duration":6.966}]}],"region":{"x":478.2455229557957,"y":620.5051777889206,"width":376.638483502778,"height":70.45036953061981,"label":"Dimension \u0026 Description","shape":"rectangle"},"task_key":"em_transcribed_survey","instructions":{"mark":"Dimension \u0026 Description","transcribe":"Enter, as they appear, any land and building dimensions that were recorded. In the next screen, you'll enter the descriptive information.","verify":"Choose the best transcription or enter your own!"}},{"id":"56b1773550617568bb871400","status":"complete","name":"Stories \u0026 Materials","created_in_workflow":"verify","confidence":1.0,"data":{"em_record_stories":"3","em_record_material":"brick"},"versions":[{"data":{"em_record_stories":"3","em_record_material":"brick"},"votes":3,"confidence":1.0,"instances":[{"created":"2015-11-17T18:00:14Z","user_id":"5647496e3562310003960400","duration":13.519},{"created":"2015-11-17T19:59:52Z","user_id":"564618af6363350003da0c00","duration":4.376},{"created":"2015-11-22T02:29:12Z","user_id":"5649188c3863370003020e00","duration":10.917}]}],"region":{"x":478.2455229557957,"y":620.5051777889206,"width":376.638483502778,"height":70.45036953061981,"label":"Dimension \u0026 Description","shape":"rectangle"},"task_key":"em_transcribed_stories_materials","instructions":{"mark":"Dimension \u0026 Description","transcribe":"Enter, as they appear, the number of stories and the building materials.","verify":"Choose the best transcription or enter your own!"}},{"id":"56b1773550617568bb881400","status":"complete","name":"Record Date","created_in_workflow":"verify","confidence":1.0,"data":{"value":"1872 July 6"},"versions":[{"data":{"value":"1872 July 6"},"votes":6,"confidence":0.8571428571428571,"instances":[{"created":"2015-11-06T17:48:25Z","user_id":"563ce5b16532620003451a00","duration":10.417},{"created":"2015-11-06T17:49:14Z","user_id":"563ce6266532620003951a00","duration":5.066},{"created":"2015-11-06T18:08:25Z","user_id":"563cec036532620003491d00","duration":8.015},{"created":"2015-11-06T19:06:05Z","user_id":"563bb3e03532620003db1d00","duration":11.968},{"created":"2015-11-06T19:20:08Z","user_id":"563bfc7535326200037f3900","duration":13.34},{"created":"2015-11-15T22:28:20Z","user_id":"563f8b7a3264340003774b00","duration":6.554}]},{"data":{"value":"1872. July 6."},"votes":1,"confidence":0.14285714285714285,"instances":[{"created":"2015-11-06T19:05:41Z","user_id":"563cf1dd6532620003741f00","duration":3.222}]}],"region":{"x":83.99444849785188,"y":81.28888791994594,"width":130.0622101304557,"height":138.19110946390805,"label":"Record Date","shape":"rectangle"},"task_key":"em_transcribed_date","instructions":{"mark":"Record Date","transcribe":"Enter the record date","verify":"Choose the best transcription or enter your own!"}},{"id":"56b1773550617568bb891400","status":"awaiting_transcriptions","name":"Valuation Date","created_in_workflow":"transcribe","confidence":0.3333333333333333,"data":{"value":"1879 November"},"versions":[{"data":{"value":"1879 November"},"votes":1,"confidence":0.3333333333333333,"instances":[{"created":"2015-12-06T23:20:41Z","user_id":"5647496e3562310003960400","duration":43.864}]}],"region":{"x":68.95588471985256,"y":745.0248912097476,"width":662.544877483322,"height":104.11418624891212,"label":"Valuation","shape":"rectangle"},"task_key":"em_record_valuation","instructions":{"mark":"Valuation","transcribe":"Enter the date of the valuation (if one is given). In the next screen, you'll enter the valuation's dollar amounts."}},{"id":"56b1773550617568bb8a1400","status":"awaiting_transcriptions","name":"Land \u0026 Building Value","created_in_workflow":"transcribe","confidence":0.3333333333333333,"data":{"em_valuation_ground":""},"versions":[{"data":{"em_valuation_ground":""},"votes":1,"confidence":0.3333333333333333,"instances":[{"created":"2015-12-06T23:21:07Z","user_id":"5647496e3562310003960400","duration":25.614}]}],"region":{"x":68.95588471985256,"y":745.0248912097476,"width":662.544877483322,"height":104.11418624891212,"label":"Valuation","shape":"rectangle"},"task_key":"em_record_valuation_ground_building","instructions":{"mark":"Valuation","transcribe":"Sometimes valuations include itemized dollar values for \"ground\" and \"building\". Enter these amounts if you can find them. In the next screen, you'll enter the total valuation."}},{"id":"56b1773550617568bb8b1400","status":"awaiting_transcriptions","name":"Total Value","created_in_workflow":"transcribe","confidence":0.3333333333333333,"data":{"value":"$9000"},"versions":[{"data":{"value":"$9000"},"votes":1,"confidence":0.3333333333333333,"instances":[{"created":"2015-12-06T23:21:17Z","user_id":"5647496e3562310003960400","duration":10.304}]}],"region":{"x":68.95588471985256,"y":745.0248912097476,"width":662.544877483322,"height":104.11418624891212,"label":"Valuation","shape":"rectangle"},"task_key":"em_record_valuation_total","instructions":{"mark":"Valuation","transcribe":"Enter the valuation ***total*** (if one is given)"}},{"id":"56b1773550617568bb8c1400","status":"awaiting_transcriptions","name":"Valuation Date","created_in_workflow":"transcribe","confidence":0.3333333333333333,"data":{"value":""},"versions":[{"data":{"value":""},"votes":1,"confidence":0.3333333333333333,"instances":[{"created":"2015-11-06T11:04:43Z","user_id":"563c7e176532620003110100","duration":4.626}]}],"region":{"x":269.604060871523,"y":769.5348056421548,"width":453.86292076773606,"height":55.54740674529637,"label":"Valuation","shape":"rectangle"},"task_key":"em_record_valuation","instructions":{"mark":"Valuation","transcribe":"Enter the date of the valuation (if one is given). In the next screen, you'll enter the valuation's dollar amounts."}},{"id":"56b1773550617568bb8d1400","status":"awaiting_transcriptions","name":"Total Value","created_in_workflow":"transcribe","confidence":0.3333333333333333,"data":{"value":"Valuation of these Premises $9000"},"versions":[{"data":{"value":"Valuation of these Premises $9000"},"votes":1,"confidence":0.3333333333333333,"instances":[{"created":"2015-11-06T11:05:01Z","user_id":"563c7e176532620003110100","duration":14.485}]},{"data":{"value":"9000."},"votes":1,"confidence":0.3333333333333333,"instances":[{"created":"2015-11-06T18:01:48Z","user_id":"563ce63065326200039f1a00","duration":9.565}]}],"region":{"x":269.604060871523,"y":769.5348056421548,"width":453.86292076773606,"height":55.54740674529637,"label":"Valuation","shape":"rectangle"},"task_key":"em_record_valuation_total","instructions":{"mark":"Valuation","transcribe":"Enter the valuation ***total*** (if one is given)"}},{"id":"56b1773550617568bb8e1400","status":"awaiting_transcriptions","name":"Land \u0026 Building Value","created_in_workflow":"transcribe","confidence":0.3333333333333333,"data":{"em_valuation_ground":"","em_valuation_building":"Valuation of these Premises $9000."},"versions":[{"data":{"em_valuation_ground":"","em_valuation_building":"Valuation of these Premises $9000."},"votes":1,"confidence":0.3333333333333333,"instances":[{"created":"2015-11-06T18:03:53Z","user_id":"563cead16532620003f51c00","duration":26.502}]}],"region":{"x":269.604060871523,"y":769.5348056421548,"width":453.86292076773606,"height":55.54740674529637,"label":"Valuation","shape":"rectangle"},"task_key":"em_record_valuation_ground_building","instructions":{"mark":"Valuation","transcribe":"Sometimes valuations include itemized dollar values for \"ground\" and \"building\". Enter these amounts if you can find them. In the next screen, you'll enter the total valuation."}},{"id":"56b1773550617568bb8f1400","status":"awaiting_votes","name":"Amount Loaned","created_in_workflow":"verify","confidence":0.3333333333333333,"data":{"value":"$2,500"},"versions":[{"data":{"value":"$2,500"},"votes":1,"confidence":0.3333333333333333,"instances":[{"created":"2015-11-17T03:11:31Z","user_id":"564618af6363350003da0c00","duration":9.729}]},{"data":{"value":"$2500"},"votes":1,"confidence":0.3333333333333333,"instances":[{"created":"2015-11-19T00:54:03Z","user_id":"5649188c3863370003020e00","duration":8.089}]},{"data":{"value":"2500"},"votes":1,"confidence":0.3333333333333333,"instances":[{"created":"2015-11-19T16:24:08Z","user_id":"564df62f3964660003470300","duration":4.718}]}],"region":{"x":1078.4284301202945,"y":735.6644356755106,"width":161.22294797421068,"height":52.83777714796486,"label":"Amount Loaned","shape":"rectangle"},"task_key":"em_transcribed_amount_loaned","instructions":{"mark":"Amount Loaned","transcribe":"Enter the Amount Loaned","verify":"Choose the best transcription or enter your own!"}}]}]}