{"id":"56b0fff57061755afb5d0400","meta_data":{"capture_uuid":"e0809210-00b1-0133-f92b-58d385a7bbd0","page_uri":"http://digitalcollections.nypl.org/items/e0809210-00b1-0133-f92b-58d385a7bbd0","book_uri":"http://digitalcollections.nypl.org/items/df712aa0-00b1-0133-fbd7-58d385a7bbd0","source_rotated":"1.2867","source_x":"1223.85","source_y":"0","source_w":"1380.15","source_h":"1010.38"},"type":"final_subject_set","search_terms_by_field":{"Record Number":["67","5"],"Mortgager":["Most Rev. John McCloskey and College of St. Francis Xavier","Most Rev.  John McCloskey and College of St. Francis Xavier"],"Street Address":["4th Avenue \u0026 84th Street"],"Land \u0026 Building Dimensions":["102.2 x 275"],"Stories \u0026 Materials":["stone and brick"],"Additional Info":["11 lots of 25 x 100 Church of St Lawrence, pastorate and school"],"Record Date":["1879 November"],"Valuation Date":["1879 November","November 1879"],"Land \u0026 Building Value":["$131,000","$100,000"],"Total Value":["$100,000","$131.000","$100.000."],"Amount Loaned":["$44,750"]},"subjects":[{"id":"56b1763d50617568bbdf0300","type":"root","location":{"standard":"https://s3.amazonaws.com/scribe.nypl.org/emigrant-s4/full/e0809210-00b1-0133-f92b-58d385a7bbd0.right-top.jpg","thumbnail":"https://s3.amazonaws.com/scribe.nypl.org/emigrant-s4/thumb/e0809210-00b1-0133-f92b-58d385a7bbd0.right-top.jpg"},"status":"retired","width":1380,"height":1010,"meta_data":{"capture_uuid":"e0809210-00b1-0133-f92b-58d385a7bbd0","page_uri":"http://digitalcollections.nypl.org/items/e0809210-00b1-0133-f92b-58d385a7bbd0","book_uri":"http://digitalcollections.nypl.org/items/df712aa0-00b1-0133-fbd7-58d385a7bbd0","source_rotated":"1.2867","source_x":"1223.85","source_y":"0","source_w":"1380.15","source_h":"1010.38"},"assertions":[{"id":"56b1763d50617568bbe00300","status":"complete","name":"Record Number","created_in_workflow":"transcribe","confidence":1.0,"data":{"value":"67"},"versions":[{"data":{"value":"67"},"votes":3,"confidence":1.0,"instances":[{"created":"2015-12-12T02:56:19Z","user_id":"5647496e3562310003960400","duration":2.91},{"created":"2015-12-12T06:08:07Z","user_id":"566bb72f3832340003260d00","duration":3.007},{"created":"2015-12-12T18:15:37Z","user_id":"566b5a5638323400034b0900","duration":5.687}]}],"region":{"x":992.3494289038548,"y":28.66518847006652,"width":80.5355248897364,"height":60.060394889663186,"label":"Record Number","shape":"rectangle"},"task_key":"em_record_number","instructions":{"mark":"Record Number","transcribe":"Enter the record number"}},{"id":"56b1763d50617568bbe10300","status":"awaiting_votes","name":"Record Number","created_in_workflow":"transcribe","confidence":0.6666666666666666,"data":{"value":"5"},"versions":[{"data":{"value":"5"},"votes":2,"confidence":0.6666666666666666,"instances":[{"created":"2015-12-14T17:48:17Z","user_id":"566eeeda3637340003010100","duration":1.999},{"created":"2015-12-14T19:33:03Z","user_id":"566f13243637340003280400","duration":6.942}]},{"data":{"value":"67"},"votes":1,"confidence":0.3333333333333333,"instances":[{"created":"2015-12-14T19:09:45Z","user_id":"566efed03066300003150000","duration":16.934}]}],"region":{"x":1296.5725871064694,"y":32.82467944648978,"width":47.869319290245585,"height":46.50162921586052,"label":"Record Number","shape":"rectangle"},"task_key":"em_record_number","instructions":{"mark":"Record Number","transcribe":"Enter the record number"}},{"id":"56b1763d50617568bbe20300","status":"awaiting_votes","name":"Mortgager","created_in_workflow":"transcribe","confidence":0.3333333333333333,"data":{"value":"Most Rev. John McCloskey and College of St. Francis Xavier"},"versions":[{"data":{"value":"Most Rev. John McCloskey and College of St. Francis Xavier"},"votes":1,"confidence":0.3333333333333333,"instances":[{"created":"2015-12-12T02:57:41Z","user_id":"5647496e3562310003960400","duration":57.397}]},{"data":{"value":"Rev. John McCloskey and College of St. Francis Xavier"},"votes":1,"confidence":0.3333333333333333,"instances":[{"created":"2015-12-12T06:08:41Z","user_id":"566bb72f3832340003260d00","duration":27.759}]},{"data":{"value":"Most Rev. John McLooskey and College of St. Francis Xavier"},"votes":1,"confidence":0.3333333333333333,"instances":[{"created":"2015-12-12T18:16:26Z","user_id":"566b5a5638323400034b0900","duration":42.743}]}],"region":{"x":458.6309503972969,"y":526.893464259318,"width":727.5497418004998,"height":66.88543976348853,"label":"Mortgager Name","shape":"rectangle"},"task_key":"em_record_mortgager","instructions":{"mark":"Mortgager Name","transcribe":"Enter the mortgager's name"}},{"id":"56b1763d50617568bbe30300","status":"awaiting_transcriptions","name":"Mortgager","created_in_workflow":"transcribe","confidence":0.3333333333333333,"data":{"value":"Most Rev.  John McCloskey and College of St. Francis Xavier"},"versions":[{"data":{"value":"Most Rev.  John McCloskey and College of St. Francis Xavier"},"votes":1,"confidence":0.3333333333333333,"instances":[{"created":"2016-01-15T19:33:48Z","user_id":"5699428533376500030d0a00","duration":80.946}]},{"data":{"value":"Mont Rev John W Closkey and College of St Frances Maria"},"votes":1,"confidence":0.3333333333333333,"instances":[{"created":"2016-01-15T20:34:14Z","user_id":"5699555035343700033a0400","duration":50.811}]}],"region":{"x":466.4899528010032,"y":534.6538124452236,"width":712.5767368352313,"height":47.80017528483779,"label":"Mortgager Name","shape":"rectangle"},"task_key":"em_record_mortgager","instructions":{"mark":"Mortgager Name","transcribe":"Enter the mortgager's name"}},{"id":"56b1763d50617568bbe40300","status":"complete","name":"Street Address","created_in_workflow":"transcribe","confidence":1.0,"data":{"value":"4th Avenue \u0026 84th Street"},"versions":[{"data":{"value":"4th Avenue \u0026 84th Street"},"votes":3,"confidence":1.0,"instances":[{"created":"2015-12-11T23:17:41Z","user_id":"5647496e3562310003960400","duration":37.297},{"created":"2015-12-12T18:32:11Z","user_id":"566c66a13365380003810000","duration":144.227},{"created":"2015-12-12T20:53:45Z","user_id":"5668bbbe3064310003db0500","duration":189.097}]}],"region":{"x":442.2508436400624,"y":573.3037694013304,"width":389.02753548431974,"height":45.04529616724733,"label":"Street Address","shape":"rectangle"},"task_key":"em_record_street_address","instructions":{"mark":"Street Address","transcribe":"Enter the street address"}},{"id":"56b1763d50617568bbe50300","status":"awaiting_transcriptions","name":"Land \u0026 Building Dimensions","created_in_workflow":"transcribe","confidence":0.3333333333333333,"data":{"em_survey_land_dimensions":"102.2 x 275"},"versions":[{"data":{"em_survey_land_dimensions":"102.2 x 275"},"votes":1,"confidence":0.3333333333333333,"instances":[{"created":"2015-12-12T11:00:45Z","user_id":"5640d2b73432660003c51e00","duration":43.947}]}],"region":{"x":419.04569240064683,"y":606.0639847956921,"width":803.9902400009273,"height":83.26554746066938,"label":"Dimension \u0026 Description","shape":"rectangle"},"task_key":"em_record_survey","instructions":{"mark":"Dimension \u0026 Description","transcribe":"Enter, as they appear, any land and building dimensions that were recorded. In the next screen, you'll enter the descriptive information."}},{"id":"56b1763d50617568bbe60300","status":"awaiting_transcriptions","name":"Stories \u0026 Materials","created_in_workflow":"transcribe","confidence":0.3333333333333333,"data":{"em_record_material":"stone and brick"},"versions":[{"data":{"em_record_material":"stone and brick"},"votes":1,"confidence":0.3333333333333333,"instances":[{"created":"2015-12-12T11:01:13Z","user_id":"5640d2b73432660003c51e00","duration":27.922}]}],"region":{"x":419.04569240064683,"y":606.0639847956921,"width":803.9902400009273,"height":83.26554746066938,"label":"Dimension \u0026 Description","shape":"rectangle"},"task_key":"em_record_survey_stories_materials","instructions":{"mark":"Dimension \u0026 Description","transcribe":"Enter, as they appear, the number of stories and the building materials."}},{"id":"56b1763d50617568bbe70300","status":"awaiting_transcriptions","name":"Additional Info","created_in_workflow":"transcribe","confidence":0.3333333333333333,"data":{"value":"11 lots of 25 x 100 Church of St Lawrence, pastorate and school"},"versions":[{"data":{"value":"11 lots of 25 x 100 Church of St Lawrence, pastorate and school"},"votes":1,"confidence":0.3333333333333333,"instances":[{"created":"2015-12-12T11:02:01Z","user_id":"5640d2b73432660003c51e00","duration":47.639}]}],"region":{"x":419.04569240064683,"y":606.0639847956921,"width":803.9902400009273,"height":83.26554746066938,"label":"Dimension \u0026 Description","shape":"rectangle"},"task_key":"em_record_survey_additional_info","instructions":{"mark":"Dimension \u0026 Description","transcribe":"Enter any additional information you find about the building's construction or significance."}},{"id":"56b1763d50617568bbe80300","status":"awaiting_votes","name":"Record Date","created_in_workflow":"transcribe","confidence":0.3333333333333333,"data":{"value":"1879 November"},"versions":[{"data":{"value":"1879 November"},"votes":1,"confidence":0.3333333333333333,"instances":[{"created":"2015-12-14T17:49:15Z","user_id":"566eeeda3637340003010100","duration":4.672}]},{"data":{"value":"November 1879"},"votes":1,"confidence":0.3333333333333333,"instances":[{"created":"2015-12-14T19:16:03Z","user_id":"566efed03066300003150000","duration":15.78}]},{"data":{"value":"1879. November"},"votes":1,"confidence":0.3333333333333333,"instances":[{"created":"2015-12-14T19:34:38Z","user_id":"566f13243637340003280400","duration":16.018}]}],"region":{"x":116.25194289270114,"y":723.5106427997123,"width":187.3741926503896,"height":120.35715797046248,"label":"Record Date","shape":"rectangle"},"task_key":"em_record_date","instructions":{"mark":"Record Date","transcribe":"Enter the record date"}},{"id":"56b1763d50617568bbe90300","status":"awaiting_transcriptions","name":"Valuation Date","created_in_workflow":"transcribe","confidence":0.3333333333333333,"data":{"value":"1879 November"},"versions":[{"data":{"value":"1879 November"},"votes":1,"confidence":0.3333333333333333,"instances":[{"created":"2015-12-11T23:18:20Z","user_id":"5647496e3562310003960400","duration":6.427}]}],"region":{"x":121.47375297755316,"y":728.9147925245486,"width":667.4893503573064,"height":101.01066413261537,"label":"Valuation","shape":"rectangle"},"task_key":"em_record_valuation","instructions":{"mark":"Valuation","transcribe":"Enter the date of the valuation (if one is given). In the next screen, you'll enter the valuation's dollar amounts."}},{"id":"56b1763d50617568bbea0300","status":"awaiting_transcriptions","name":"Land \u0026 Building Value","created_in_workflow":"transcribe","confidence":0.3333333333333333,"data":{"em_valuation_ground":""},"versions":[{"data":{"em_valuation_ground":""},"votes":1,"confidence":0.3333333333333333,"instances":[{"created":"2015-12-11T23:18:21Z","user_id":"5647496e3562310003960400","duration":0.876}]}],"region":{"x":121.47375297755316,"y":728.9147925245486,"width":667.4893503573064,"height":101.01066413261537,"label":"Valuation","shape":"rectangle"},"task_key":"em_record_valuation_ground_building","instructions":{"mark":"Valuation","transcribe":"Sometimes valuations include itemized dollar values for \"ground\" and \"building\". Enter these amounts if you can find them. In the next screen, you'll enter the total valuation."}},{"id":"56b1763d50617568bbeb0300","status":"awaiting_transcriptions","name":"Total Value","created_in_workflow":"transcribe","confidence":0.3333333333333333,"data":{"value":"$100,000"},"versions":[{"data":{"value":"$100,000"},"votes":1,"confidence":0.3333333333333333,"instances":[{"created":"2015-12-11T23:18:25Z","user_id":"5647496e3562310003960400","duration":4.743}]}],"region":{"x":121.47375297755316,"y":728.9147925245486,"width":667.4893503573064,"height":101.01066413261537,"label":"Valuation","shape":"rectangle"},"task_key":"em_record_valuation_total","instructions":{"mark":"Valuation","transcribe":"Enter the valuation ***total*** (if one is given)"}},{"id":"56b1763d50617568bbec0300","status":"awaiting_transcriptions","name":"Valuation Date","created_in_workflow":"transcribe","confidence":0.3333333333333333,"data":{"value":""},"versions":[{"data":{"value":""},"votes":1,"confidence":0.3333333333333333,"instances":[{"created":"2015-12-14T17:48:52Z","user_id":"566eeeda3637340003010100","duration":6.307}]},{"data":{"value":"November 1879"},"votes":1,"confidence":0.3333333333333333,"instances":[{"created":"2015-12-14T19:13:06Z","user_id":"566efed03066300003150000","duration":27.564}]}],"region":{"x":358.3339290176571,"y":667.4351487452922,"width":530.6655967032932,"height":68.38474884685377,"label":"Valuation","shape":"rectangle"},"task_key":"em_record_valuation","instructions":{"mark":"Valuation","transcribe":"Enter the date of the valuation (if one is given). In the next screen, you'll enter the valuation's dollar amounts."}},{"id":"56b1763d50617568bbed0300","status":"awaiting_transcriptions","name":"Total Value","created_in_workflow":"transcribe","confidence":0.3333333333333333,"data":{"value":"$131.000"},"versions":[{"data":{"value":"$131.000"},"votes":1,"confidence":0.3333333333333333,"instances":[{"created":"2015-12-14T17:49:10Z","user_id":"566eeeda3637340003010100","duration":12.052}]},{"data":{"value":"$100,000"},"votes":1,"confidence":0.3333333333333333,"instances":[{"created":"2015-12-14T19:15:27Z","user_id":"566efed03066300003150000","duration":33.976}]}],"region":{"x":358.3339290176571,"y":667.4351487452922,"width":530.6655967032932,"height":68.38474884685377,"label":"Valuation","shape":"rectangle"},"task_key":"em_record_valuation_total","instructions":{"mark":"Valuation","transcribe":"Enter the valuation ***total*** (if one is given)"}},{"id":"56b1763d50617568bbee0300","status":"awaiting_transcriptions","name":"Valuation Date","created_in_workflow":"transcribe","confidence":0.3333333333333333,"data":{"value":"November 1879"},"versions":[{"data":{"value":"November 1879"},"votes":1,"confidence":0.3333333333333333,"instances":[{"created":"2016-01-15T19:17:14Z","user_id":"569938483337650003e70800","duration":50.526}]},{"data":{"value":""},"votes":1,"confidence":0.3333333333333333,"instances":[{"created":"2016-01-15T19:34:44Z","user_id":"5699428533376500030d0a00","duration":2.891}]}],"region":{"x":481.5381571813745,"y":688.6765994741453,"width":395.67925635447006,"height":128.35232252410174,"label":"Valuation","shape":"rectangle"},"task_key":"em_record_valuation","instructions":{"mark":"Valuation","transcribe":"Enter the date of the valuation (if one is given). In the next screen, you'll enter the valuation's dollar amounts."}},{"id":"56b1763d50617568bbef0300","status":"awaiting_transcriptions","name":"Land \u0026 Building Value","created_in_workflow":"transcribe","confidence":0.3333333333333333,"data":{"em_valuation_ground":"$131,000","em_valuation_building":"$100,000"},"versions":[{"data":{"em_valuation_ground":"$131,000","em_valuation_building":"$100,000"},"votes":1,"confidence":0.3333333333333333,"instances":[{"created":"2016-01-15T19:17:54Z","user_id":"569938483337650003e70800","duration":40.333}]},{"data":{"em_valuation_ground":""},"votes":1,"confidence":0.3333333333333333,"instances":[{"created":"2016-01-15T19:34:45Z","user_id":"5699428533376500030d0a00","duration":1.07}]}],"region":{"x":481.5381571813745,"y":688.6765994741453,"width":395.67925635447006,"height":128.35232252410174,"label":"Valuation","shape":"rectangle"},"task_key":"em_record_valuation_ground_building","instructions":{"mark":"Valuation","transcribe":"Sometimes valuations include itemized dollar values for \"ground\" and \"building\". Enter these amounts if you can find them. In the next screen, you'll enter the total valuation."}},{"id":"56b1763d50617568bbf00300","status":"awaiting_transcriptions","name":"Total Value","created_in_workflow":"transcribe","confidence":0.3333333333333333,"data":{"value":"$100.000."},"versions":[{"data":{"value":"$100.000."},"votes":1,"confidence":0.3333333333333333,"instances":[{"created":"2016-01-15T19:34:54Z","user_id":"5699428533376500030d0a00","duration":8.676}]}],"region":{"x":481.5381571813745,"y":688.6765994741453,"width":395.67925635447006,"height":128.35232252410174,"label":"Valuation","shape":"rectangle"},"task_key":"em_record_valuation_total","instructions":{"mark":"Valuation","transcribe":"Enter the valuation ***total*** (if one is given)"}},{"id":"56b1763d50617568bbf10300","status":"awaiting_votes","name":"Amount Loaned","created_in_workflow":"transcribe","confidence":0.6666666666666666,"data":{"value":"$44,750"},"versions":[{"data":{"value":"$44,750"},"votes":2,"confidence":0.6666666666666666,"instances":[{"created":"2015-12-11T23:19:15Z","user_id":"5647496e3562310003960400","duration":49.954},{"created":"2015-12-12T21:29:12Z","user_id":"566c905b3832630003d10400","duration":12.719}]},{"data":{"value":"now due $44,750."},"votes":1,"confidence":0.3333333333333333,"instances":[{"created":"2015-12-12T20:54:26Z","user_id":"5668bbbe3064310003db0500","duration":32.095}]}],"region":{"x":970.5092865608755,"y":737.1048463731391,"width":349.4422774876697,"height":62.79041283919332,"label":"Amount Loaned","shape":"rectangle"},"task_key":"em_record_amount_loaned","instructions":{"mark":"Amount Loaned","transcribe":"Enter the Amount Loaned"}}]}]}