{"id":"56b100b87061755afbca1200","meta_data":{"capture_uuid":"e2f8e280-00b1-0133-a17a-58d385a7bbd0","page_uri":"http://digitalcollections.nypl.org/items/e2f8e280-00b1-0133-a17a-58d385a7bbd0","book_uri":"http://digitalcollections.nypl.org/items/df712aa0-00b1-0133-fbd7-58d385a7bbd0","source_rotated":"0.559511","source_x":"0","source_y":"0","source_w":"1367.43","source_h":"970.56"},"type":"final_subject_set","search_terms_by_field":{"Land \u0026 Building Dimensions":["246 x 101"],"Record Number":["124","539"],"Mortgager":["James Lynch now Estate of James Lynch"],"Street Address":["Kingsbridge Road \u0026 154th Streets"],"Stories \u0026 Materials":["Frame mansion \u0026 stable"],"Additional Info":["Mansion"],"Record Date":["1872 Jany 5","1879 November"],"Valuation Date":["1879 November","1879 November"],"Total Value":["55000","55000"],"Amount Loaned":["$25000"]},"subjects":[{"id":"56b1770850617568bb681100","type":"root","location":{"standard":"https://s3.amazonaws.com/scribe.nypl.org/emigrant-s4/full/e2f8e280-00b1-0133-a17a-58d385a7bbd0.left-top.jpg","thumbnail":"https://s3.amazonaws.com/scribe.nypl.org/emigrant-s4/thumb/e2f8e280-00b1-0133-a17a-58d385a7bbd0.left-top.jpg"},"status":"retired","width":1367,"height":970,"meta_data":{"capture_uuid":"e2f8e280-00b1-0133-a17a-58d385a7bbd0","page_uri":"http://digitalcollections.nypl.org/items/e2f8e280-00b1-0133-a17a-58d385a7bbd0","book_uri":"http://digitalcollections.nypl.org/items/df712aa0-00b1-0133-fbd7-58d385a7bbd0","source_rotated":"0.559511","source_x":"0","source_y":"0","source_w":"1367.43","source_h":"970.56"},"assertions":[{"id":"56b1770850617568bb691100","status":"awaiting_transcriptions","name":"Land \u0026 Building Dimensions","created_in_workflow":"transcribe","confidence":0.3333333333333333,"data":{"em_survey_land_dimensions":"246 x 101"},"versions":[{"data":{"em_survey_land_dimensions":"246 x 101"},"votes":1,"confidence":0.3333333333333333,"instances":[{"created":"2016-01-06T17:55:19Z","user_id":"568d4eec3130650003540200","duration":42.384}]}],"region":{"x":853.3941450906849,"y":232.52618071783772,"width":283.15691325338355,"height":210.02364709998247,"label":"Dimension \u0026 Description","shape":"rectangle"},"task_key":"em_record_survey","instructions":{"mark":"Dimension \u0026 Description","transcribe":"Enter, as they appear, any land and building dimensions that were recorded. In the next screen, you'll enter the descriptive information."}},{"id":"56b1770850617568bb6a1100","status":"awaiting_transcriptions","name":"Record Number","created_in_workflow":"transcribe","confidence":0.6666666666666666,"data":{"value":"124"},"versions":[{"data":{"value":"124"},"votes":2,"confidence":0.6666666666666666,"instances":[{"created":"2015-11-18T13:31:37Z","user_id":"564c675865316600033b0100","duration":6.344},{"created":"2015-11-18T15:41:36Z","user_id":"564c68d234636500036e0100","duration":6.191}]}],"region":{"x":1.5195362269052164,"y":27.63728363555297,"width":134.1625052863192,"height":48.21507240616313,"label":"Record Number","shape":"rectangle"},"task_key":"em_record_number","instructions":{"mark":"Record Number","transcribe":"Enter the record number"}},{"id":"56b1770850617568bb6b1100","status":"complete","name":"Record Number","created_in_workflow":"transcribe","confidence":1.0,"data":{"value":"539"},"versions":[{"data":{"value":"539"},"votes":3,"confidence":1.0,"instances":[{"created":"2016-01-06T05:25:20Z","user_id":"568c9ce06136360003eb0300","duration":3.216},{"created":"2016-01-06T09:22:09Z","user_id":"568cc44631306500035d0100","duration":7.65},{"created":"2016-01-06T16:31:02Z","user_id":"568d3d083565620003000000","duration":9.085}]}],"region":{"x":851.518933744636,"y":18.75211134821272,"width":247.52789767845468,"height":78.75886766249342,"label":"Record Number","shape":"rectangle"},"task_key":"em_record_number","instructions":{"mark":"Record Number","transcribe":"Enter the record number"}},{"id":"56b1770850617568bb6c1100","status":"awaiting_votes","name":"Mortgager","created_in_workflow":"transcribe","confidence":0.6666666666666666,"data":{"value":"James Lynch now Estate of James Lynch"},"versions":[{"data":{"value":"James Lynch now Estate of James Lynch"},"votes":2,"confidence":0.6666666666666666,"instances":[{"created":"2015-11-18T13:32:53Z","user_id":"564c675865316600033b0100","duration":32.204},{"created":"2015-11-18T17:14:10Z","user_id":"564618af6363350003da0c00","duration":20.293}]},{"data":{"value":"James Lynch now estate of James Lynch"},"votes":1,"confidence":0.3333333333333333,"instances":[{"created":"2015-11-18T15:42:18Z","user_id":"564c68d234636500036e0100","duration":18.716}]}],"region":{"x":364.55536112804117,"y":523.443880830152,"width":791.4258729423286,"height":66.30169445386741,"label":"Mortgager Name","shape":"rectangle"},"task_key":"em_record_mortgager","instructions":{"mark":"Mortgager Name","transcribe":"Enter the mortgager's name"}},{"id":"56b1770850617568bb6d1100","status":"awaiting_votes","name":"Street Address","created_in_workflow":"transcribe","confidence":0.6666666666666666,"data":{"value":"Kingsbridge Road \u0026 154th Streets"},"versions":[{"data":{"value":"Kingsbridge Road \u0026 154th Streets"},"votes":2,"confidence":0.6666666666666666,"instances":[{"created":"2015-11-18T13:33:32Z","user_id":"564c675865316600033b0100","duration":39.599},{"created":"2015-11-18T16:24:24Z","user_id":"564b62033863320003ba0500","duration":10.803}]},{"data":{"value":"Kingsbridge Road \u0026 154th Street"},"votes":1,"confidence":0.3333333333333333,"instances":[{"created":"2015-11-18T13:36:51Z","user_id":"564c68d234636500036e0100","duration":51.005}]}],"region":{"x":384.1510734708615,"y":580.7101114431914,"width":557.7653059436037,"height":42.202053724167286,"label":"Street Address","shape":"rectangle"},"task_key":"em_record_street_address","instructions":{"mark":"Street Address","transcribe":"Enter the street address"}},{"id":"56b1770850617568bb6e1100","status":"awaiting_transcriptions","name":"Land \u0026 Building Dimensions","created_in_workflow":"transcribe","confidence":0.3333333333333333,"data":{"em_survey_land_dimensions":""},"versions":[{"data":{"em_survey_land_dimensions":""},"votes":1,"confidence":0.3333333333333333,"instances":[{"created":"2015-11-18T13:35:00Z","user_id":"564c675865316600033b0100","duration":87.89}]},{"data":{"em_survey_land_dimensions":"about 10 lots as above","em_survey_building_dimensions":"Frame mansion \u0026 Slate"},"votes":1,"confidence":0.3333333333333333,"instances":[{"created":"2015-11-18T13:37:27Z","user_id":"564c68d234636500036e0100","duration":35.662}]}],"region":{"x":409.7773987963164,"y":619.8898648795981,"width":465.81745382174023,"height":69.3239947416281,"label":"Dimension \u0026 Description","shape":"rectangle"},"task_key":"em_record_survey","instructions":{"mark":"Dimension \u0026 Description","transcribe":"Enter, as they appear, any land and building dimensions that were recorded. In the next screen, you'll enter the descriptive information."}},{"id":"56b1770850617568bb6f1100","status":"awaiting_transcriptions","name":"Stories \u0026 Materials","created_in_workflow":"transcribe","confidence":0.3333333333333333,"data":{"em_record_material":"Frame mansion \u0026 stable"},"versions":[{"data":{"em_record_material":"Frame mansion \u0026 stable"},"votes":1,"confidence":0.3333333333333333,"instances":[{"created":"2015-11-18T13:36:02Z","user_id":"564c675865316600033b0100","duration":61.834}]}],"region":{"x":409.7773987963164,"y":619.8898648795981,"width":465.81745382174023,"height":69.3239947416281,"label":"Dimension \u0026 Description","shape":"rectangle"},"task_key":"em_record_survey_stories_materials","instructions":{"mark":"Dimension \u0026 Description","transcribe":"Enter, as they appear, the number of stories and the building materials."}},{"id":"56b1770850617568bb701100","status":"awaiting_transcriptions","name":"Additional Info","created_in_workflow":"transcribe","confidence":0.3333333333333333,"data":{"value":"Mansion"},"versions":[{"data":{"value":"Mansion"},"votes":1,"confidence":0.3333333333333333,"instances":[{"created":"2015-11-18T13:37:46Z","user_id":"564c68d234636500036e0100","duration":7.487}]}],"region":{"x":409.7773987963164,"y":619.8898648795981,"width":465.81745382174023,"height":69.3239947416281,"label":"Dimension \u0026 Description","shape":"rectangle"},"task_key":"em_record_survey_additional_info","instructions":{"mark":"Dimension \u0026 Description","transcribe":"Enter any additional information you find about the building's construction or significance."}},{"id":"56b1770850617568bb711100","status":"awaiting_votes","name":"Record Date","created_in_workflow":"verify","confidence":0.6666666666666666,"data":{"value":"1872 Jany 5"},"versions":[{"data":{"value":"1872 Jany 5"},"votes":2,"confidence":0.6666666666666666,"instances":[{"created":"2016-01-02T16:51:02Z","user_id":"56748e5e3564620003fd0100","duration":6.253},{"created":"2016-01-30T15:19:09Z","user_id":"56980a2d3337650003270200","duration":6.464}]}],"region":{"x":35.923677300036495,"y":80.37794721774361,"width":197.47658719790593,"height":114.53255780679336,"label":"Record Date","shape":"rectangle"},"task_key":"em_transcribed_date","instructions":{"mark":"Record Date","transcribe":"Enter the record date","verify":"Choose the best transcription or enter your own!"}},{"id":"56b1770850617568bb721100","status":"awaiting_transcriptions","name":"Record Date","created_in_workflow":"transcribe","confidence":0.3333333333333333,"data":{"value":"1879 November"},"versions":[{"data":{"value":"1879 November"},"votes":1,"confidence":0.3333333333333333,"instances":[{"created":"2016-01-28T03:08:45Z","user_id":"568ae6fe32373500039f0700","duration":10.357}]}],"region":{"x":840.4786585220652,"y":699.1513472019182,"width":0.0,"height":0.0,"label":"Record Date","shape":"rectangle"},"task_key":"em_record_date","instructions":{"mark":"Record Date","transcribe":"Enter the record date"}},{"id":"56b1770850617568bb731100","status":"awaiting_transcriptions","name":"Valuation Date","created_in_workflow":"transcribe","confidence":0.6666666666666666,"data":{"value":"1879 November"},"versions":[{"data":{"value":"1879 November"},"votes":2,"confidence":0.6666666666666666,"instances":[{"created":"2015-11-18T13:37:35Z","user_id":"564c675865316600033b0100","duration":15.231},{"created":"2015-11-18T13:39:15Z","user_id":"564c68d234636500036e0100","duration":10.016}]}],"region":{"x":54.01567323854614,"y":743.4577416561481,"width":655.7596150230972,"height":99.46838091792108,"label":"Valuation","shape":"rectangle"},"task_key":"em_record_valuation","instructions":{"mark":"Valuation","transcribe":"Enter the date of the valuation (if one is given). In the next screen, you'll enter the valuation's dollar amounts."}},{"id":"56b1770850617568bb741100","status":"awaiting_transcriptions","name":"Total Value","created_in_workflow":"transcribe","confidence":0.3333333333333333,"data":{"value":"55000"},"versions":[{"data":{"value":"55000"},"votes":1,"confidence":0.3333333333333333,"instances":[{"created":"2015-11-18T13:37:54Z","user_id":"564c675865316600033b0100","duration":6.322}]},{"data":{"value":"$55000"},"votes":1,"confidence":0.3333333333333333,"instances":[{"created":"2015-11-18T13:39:40Z","user_id":"564c68d234636500036e0100","duration":8.853}]}],"region":{"x":54.01567323854614,"y":743.4577416561481,"width":655.7596150230972,"height":99.46838091792108,"label":"Valuation","shape":"rectangle"},"task_key":"em_record_valuation_total","instructions":{"mark":"Valuation","transcribe":"Enter the valuation ***total*** (if one is given)"}},{"id":"56b1770850617568bb751100","status":"awaiting_transcriptions","name":"Valuation Date","created_in_workflow":"transcribe","confidence":0.6666666666666666,"data":{"value":"1879 November"},"versions":[{"data":{"value":"1879 November"},"votes":2,"confidence":0.6666666666666666,"instances":[{"created":"2015-11-18T13:38:12Z","user_id":"564c675865316600033b0100","duration":12.144},{"created":"2015-11-18T13:40:26Z","user_id":"564c68d234636500036e0100","duration":8.875}]}],"region":{"x":256.0192053195778,"y":755.5155540750937,"width":471.8322228293794,"height":81.3817105798596,"label":"Valuation","shape":"rectangle"},"task_key":"em_record_valuation","instructions":{"mark":"Valuation","transcribe":"Enter the date of the valuation (if one is given). In the next screen, you'll enter the valuation's dollar amounts."}},{"id":"56b1770850617568bb761100","status":"awaiting_transcriptions","name":"Total Value","created_in_workflow":"transcribe","confidence":0.3333333333333333,"data":{"value":"55000"},"versions":[{"data":{"value":"55000"},"votes":1,"confidence":0.3333333333333333,"instances":[{"created":"2015-11-18T13:38:27Z","user_id":"564c675865316600033b0100","duration":5.459}]},{"data":{"value":"$55000"},"votes":1,"confidence":0.3333333333333333,"instances":[{"created":"2015-11-18T13:40:38Z","user_id":"564c68d234636500036e0100","duration":7.952}]}],"region":{"x":256.0192053195778,"y":755.5155540750937,"width":471.8322228293794,"height":81.3817105798596,"label":"Valuation","shape":"rectangle"},"task_key":"em_record_valuation_total","instructions":{"mark":"Valuation","transcribe":"Enter the valuation ***total*** (if one is given)"}},{"id":"56b1770850617568bb771100","status":"awaiting_votes","name":"Amount Loaned","created_in_workflow":"transcribe","confidence":0.6666666666666666,"data":{"value":"$25000"},"versions":[{"data":{"value":"$25000"},"votes":2,"confidence":0.6666666666666666,"instances":[{"created":"2015-11-18T13:39:05Z","user_id":"564c68d234636500036e0100","duration":9.349},{"created":"2015-11-18T16:24:42Z","user_id":"564b62033863320003ba0500","duration":5.155}]},{"data":{"value":"$25,000"},"votes":1,"confidence":0.3333333333333333,"instances":[{"created":"2015-11-18T17:23:52Z","user_id":"564cae443463650003eb0800","duration":5.048}]}],"region":{"x":1053.4757395493427,"y":705.7813153257762,"width":170.34649716333843,"height":110.02281794047497,"label":"Amount Loaned","shape":"rectangle"},"task_key":"em_record_amount_loaned","instructions":{"mark":"Amount Loaned","transcribe":"Enter the Amount Loaned"}}]}]}