{"id":"56b0ffe47061755afb030300","meta_data":{"capture_uuid":"e04ebd40-00b1-0133-b08f-58d385a7bbd0","page_uri":"http://digitalcollections.nypl.org/items/e04ebd40-00b1-0133-b08f-58d385a7bbd0","book_uri":"http://digitalcollections.nypl.org/items/df712aa0-00b1-0133-fbd7-58d385a7bbd0","source_rotated":"0","source_x":"1202.23","source_y":"944.2299999999999","source_w":"1355.77","source_h":"1064.77"},"type":"final_subject_set","search_terms_by_field":{},"subjects":[{"id":"56b1762a50617568bba60200","type":"root","location":{"standard":"https://s3.amazonaws.com/scribe.nypl.org/emigrant-s4/full/e04ebd40-00b1-0133-b08f-58d385a7bbd0.right-bottom.jpg","thumbnail":"https://s3.amazonaws.com/scribe.nypl.org/emigrant-s4/thumb/e04ebd40-00b1-0133-b08f-58d385a7bbd0.right-bottom.jpg"},"status":"bad","width":1355,"height":1064,"meta_data":{"capture_uuid":"e04ebd40-00b1-0133-b08f-58d385a7bbd0","page_uri":"http://digitalcollections.nypl.org/items/e04ebd40-00b1-0133-b08f-58d385a7bbd0","book_uri":"http://digitalcollections.nypl.org/items/df712aa0-00b1-0133-fbd7-58d385a7bbd0","source_rotated":"0","source_x":"1202.23","source_y":"944.2299999999999","source_w":"1355.77","source_h":"1064.77"},"assertions":[]}]}