{"id":"56b100267061755afbfb0700","meta_data":{"capture_uuid":"e1258b60-00b1-0133-6737-58d385a7bbd0","page_uri":"http://digitalcollections.nypl.org/items/e1258b60-00b1-0133-6737-58d385a7bbd0","book_uri":"http://digitalcollections.nypl.org/items/df712aa0-00b1-0133-fbd7-58d385a7bbd0","source_rotated":"1.45446","source_x":"1226.67","source_y":"977.6","source_w":"1383.33","source_h":"1102.4"},"type":"final_subject_set","search_terms_by_field":{"Land \u0026 Building Dimensions":["319.11 x 184.11 x 271.4 x 201","319.11 x 184.11 x 201 x 211.4"],"Additional Info":["church"],"Record Number":["297"],"Mortgager":["Trustees of St. Patrick's Cathedral"],"Street Address":["Mulberry, Mott and Prince Sts"],"Stories \u0026 Materials":[],"Record Date":["1875 Decemb. 31","1867 July 31","1879 November"],"Valuation Date":["1879 November","1879 November"],"Land \u0026 Building Value":["$200,000"],"Total Value":["$200,000"],"Amount Loaned":["$50,000 and $30,000"]},"subjects":[{"id":"56b1767050617568bb460700","type":"root","location":{"standard":"https://s3.amazonaws.com/scribe.nypl.org/emigrant-s4/full/e1258b60-00b1-0133-6737-58d385a7bbd0.right-bottom.jpg","thumbnail":"https://s3.amazonaws.com/scribe.nypl.org/emigrant-s4/thumb/e1258b60-00b1-0133-6737-58d385a7bbd0.right-bottom.jpg"},"status":"retired","width":1383,"height":1102,"meta_data":{"capture_uuid":"e1258b60-00b1-0133-6737-58d385a7bbd0","page_uri":"http://digitalcollections.nypl.org/items/e1258b60-00b1-0133-6737-58d385a7bbd0","book_uri":"http://digitalcollections.nypl.org/items/df712aa0-00b1-0133-fbd7-58d385a7bbd0","source_rotated":"1.45446","source_x":"1226.67","source_y":"977.6","source_w":"1383.33","source_h":"1102.4"},"assertions":[{"id":"56b1767050617568bb470700","status":"awaiting_transcriptions","name":"Land \u0026 Building Dimensions","created_in_workflow":"transcribe","confidence":0.3333333333333333,"data":{"em_survey_land_dimensions":"319.11 x 184.11 x 271.4 x 201","em_survey_building_dimensions":""},"versions":[{"data":{"em_survey_land_dimensions":"319.11 x 184.11 x 271.4 x 201","em_survey_building_dimensions":""},"votes":1,"confidence":0.3333333333333333,"instances":[{"created":"2015-11-12T19:31:43Z","user_id":"5644d1ee6135300003541200","duration":73.58}]}],"region":{"x":276.7133992231095,"y":606.9240362607751,"width":511.4330020466938,"height":76.24673912316109,"label":"Dimension \u0026 Description","shape":"rectangle"},"task_key":"em_record_survey","instructions":{"mark":"Dimension \u0026 Description","transcribe":"Enter, as they appear, any land and building dimensions that were recorded. In the next screen, you'll enter the descriptive information."}},{"id":"56b1767050617568bb480700","status":"awaiting_transcriptions","name":"Additional Info","created_in_workflow":"transcribe","confidence":0.3333333333333333,"data":{"value":"church"},"versions":[{"data":{"value":"church"},"votes":1,"confidence":0.3333333333333333,"instances":[{"created":"2015-11-12T19:32:22Z","user_id":"5644d1ee6135300003541200","duration":5.751}]}],"region":{"x":276.7133992231095,"y":606.9240362607751,"width":511.4330020466938,"height":76.24673912316109,"label":"Dimension \u0026 Description","shape":"rectangle"},"task_key":"em_record_survey_additional_info","instructions":{"mark":"Dimension \u0026 Description","transcribe":"Enter any additional information you find about the building's construction or significance."}},{"id":"56b1767050617568bb490700","status":"complete","name":"Record Number","created_in_workflow":"transcribe","confidence":1.0,"data":{"value":"297"},"versions":[{"data":{"value":"297"},"votes":3,"confidence":1.0,"instances":[{"created":"2015-11-12T19:25:21Z","user_id":"563ff09d32643400030da100","duration":5.005},{"created":"2015-11-12T21:43:49Z","user_id":"5644d1ee6135300003541200","duration":4.947},{"created":"2015-11-12T22:58:28Z","user_id":"5645182c6135300003981b00","duration":4.961}]}],"region":{"x":932.4268123976549,"y":21.114481603336916,"width":150.1454684907726,"height":79.7658193903839,"label":"Record Number","shape":"rectangle"},"task_key":"em_record_number","instructions":{"mark":"Record Number","transcribe":"Enter the record number"}},{"id":"56b1767050617568bb4a0700","status":"awaiting_votes","name":"Mortgager","created_in_workflow":"transcribe","confidence":0.6666666666666666,"data":{"value":"Trustees of St. Patrick's Cathedral"},"versions":[{"data":{"value":"Trustees of St. Patrick's Cathedral"},"votes":2,"confidence":0.6666666666666666,"instances":[{"created":"2015-11-12T21:49:41Z","user_id":"5644f83e6334620003670400","duration":27.742},{"created":"2015-11-12T23:19:28Z","user_id":"5644ff4061353000039c1700","duration":10.804}]},{"data":{"value":"Trustess of St Patrick's Cathedral"},"votes":1,"confidence":0.3333333333333333,"instances":[{"created":"2015-11-12T21:44:26Z","user_id":"5644d1ee6135300003541200","duration":13.443}]}],"region":{"x":435.0699480219711,"y":504.8707085113133,"width":554.8344265323077,"height":75.07371236742017,"label":"Mortgager Name","shape":"rectangle"},"task_key":"em_record_mortgager","instructions":{"mark":"Mortgager Name","transcribe":"Enter the mortgager's name"}},{"id":"56b1767050617568bb4b0700","status":"awaiting_votes","name":"Street Address","created_in_workflow":"transcribe","confidence":0.6666666666666666,"data":{"value":"Mulberry, Mott and Prince Sts"},"versions":[{"data":{"value":"Mulberry, Mott and Prince Sts"},"votes":2,"confidence":0.6666666666666666,"instances":[{"created":"2015-11-12T21:45:02Z","user_id":"5644d1ee6135300003541200","duration":23.071},{"created":"2015-11-12T23:19:46Z","user_id":"5644ff4061353000039c1700","duration":8.871}]},{"data":{"value":"Mulberry, Mott and Prince St"},"votes":1,"confidence":0.3333333333333333,"instances":[{"created":"2015-11-12T21:58:14Z","user_id":"5644f83e6334620003670400","duration":495.808}]}],"region":{"x":457.35716600107014,"y":561.1759927868784,"width":431.66822191097083,"height":58.651337787047055,"label":"Street Address","shape":"rectangle"},"task_key":"em_record_street_address","instructions":{"mark":"Street Address","transcribe":"Enter the street address"}},{"id":"56b1767050617568bb4c0700","status":"awaiting_transcriptions","name":"Land \u0026 Building Dimensions","created_in_workflow":"transcribe","confidence":0.3333333333333333,"data":{"em_survey_land_dimensions":""},"versions":[{"data":{"em_survey_land_dimensions":""},"votes":1,"confidence":0.3333333333333333,"instances":[{"created":"2016-01-09T04:36:22Z","user_id":"56907bc46133390003720500","duration":9.074}]}],"region":{"x":402.1761131655526,"y":604.6390596815176,"width":361.1418859554991,"height":62.926236980429394,"label":"Dimension \u0026 Description","shape":"rectangle"},"task_key":"em_record_survey","instructions":{"mark":"Dimension \u0026 Description","transcribe":"Enter, as they appear, any land and building dimensions that were recorded. In the next screen, you'll enter the descriptive information."}},{"id":"56b1767050617568bb4d0700","status":"awaiting_transcriptions","name":"Stories \u0026 Materials","created_in_workflow":"transcribe","confidence":0.3333333333333333,"data":{"em_record_stories":""},"versions":[{"data":{"em_record_stories":""},"votes":1,"confidence":0.3333333333333333,"instances":[{"created":"2016-01-09T04:36:25Z","user_id":"56907bc46133390003720500","duration":3.412}]}],"region":{"x":402.1761131655526,"y":604.6390596815176,"width":361.1418859554991,"height":62.926236980429394,"label":"Dimension \u0026 Description","shape":"rectangle"},"task_key":"em_record_survey_stories_materials","instructions":{"mark":"Dimension \u0026 Description","transcribe":"Enter, as they appear, the number of stories and the building materials."}},{"id":"56b1767050617568bb4e0700","status":"awaiting_transcriptions","name":"Additional Info","created_in_workflow":"transcribe","confidence":0.3333333333333333,"data":{"value":""},"versions":[{"data":{"value":""},"votes":1,"confidence":0.3333333333333333,"instances":[{"created":"2016-01-09T04:36:28Z","user_id":"56907bc46133390003720500","duration":2.646}]}],"region":{"x":402.1761131655526,"y":604.6390596815176,"width":361.1418859554991,"height":62.926236980429394,"label":"Dimension \u0026 Description","shape":"rectangle"},"task_key":"em_record_survey_additional_info","instructions":{"mark":"Dimension \u0026 Description","transcribe":"Enter any additional information you find about the building's construction or significance."}},{"id":"56b1767050617568bb4f0700","status":"awaiting_transcriptions","name":"Land \u0026 Building Dimensions","created_in_workflow":"transcribe","confidence":0.3333333333333333,"data":{"em_survey_land_dimensions":"319.11 x 184.11 x 201 x 211.4"},"versions":[{"data":{"em_survey_land_dimensions":"319.11 x 184.11 x 201 x 211.4"},"votes":1,"confidence":0.3333333333333333,"instances":[{"created":"2015-11-12T19:28:20Z","user_id":"563ff09d32643400030da100","duration":40.143}]}],"region":{"x":492.5475101785949,"y":140.05938747588107,"width":722.5750671118426,"height":306.15998324838523,"label":"Dimension \u0026 Description","shape":"rectangle"},"task_key":"em_record_survey","instructions":{"mark":"Dimension \u0026 Description","transcribe":"Enter, as they appear, any land and building dimensions that were recorded. In the next screen, you'll enter the descriptive information."}},{"id":"56b1767050617568bb500700","status":"awaiting_votes","name":"Record Date","created_in_workflow":"transcribe","confidence":0.6666666666666666,"data":{"value":"1875 Decemb. 31"},"versions":[{"data":{"value":"1875 Decemb. 31"},"votes":2,"confidence":0.6666666666666666,"instances":[{"created":"2015-11-12T19:25:49Z","user_id":"563ff09d32643400030da100","duration":7.783},{"created":"2015-11-12T21:36:04Z","user_id":"5644ff4061353000039c1700","duration":8.185}]},{"data":{"value":"1875 Dec 31"},"votes":1,"confidence":0.3333333333333333,"instances":[{"created":"2015-11-12T21:44:06Z","user_id":"5644d1ee6135300003541200","duration":12.733}]}],"region":{"x":59.70627679503989,"y":175.95401336114097,"width":224.04519126357454,"height":146.62834446761744,"label":"Record Date","shape":"rectangle"},"task_key":"em_record_date","instructions":{"mark":"Record Date","transcribe":"Enter the record date"}},{"id":"56b1767050617568bb510700","status":"complete","name":"Record Date","created_in_workflow":"transcribe","confidence":1.0,"data":{"value":"1867 July 31"},"versions":[{"data":{"value":"1867 July 31"},"votes":3,"confidence":1.0,"instances":[{"created":"2015-11-12T19:25:33Z","user_id":"563ff09d32643400030da100","duration":7.291},{"created":"2015-11-12T21:35:50Z","user_id":"5644ff4061353000039c1700","duration":6.331},{"created":"2015-11-12T22:25:17Z","user_id":"5644d1ee6135300003541200","duration":10.41}]}],"region":{"x":70.26338004829734,"y":75.07371236742014,"width":206.45001917481216,"height":114.9566220626121,"label":"Record Date","shape":"rectangle"},"task_key":"em_record_date","instructions":{"mark":"Record Date","transcribe":"Enter the record date"}},{"id":"56b1767050617568bb520700","status":"awaiting_transcriptions","name":"Record Date","created_in_workflow":"transcribe","confidence":0.3333333333333333,"data":{"value":"1879 November"},"versions":[{"data":{"value":"1879 November"},"votes":1,"confidence":0.3333333333333333,"instances":[{"created":"2015-12-02T14:16:52Z","user_id":"565ef8663539650003f20100","duration":12.973}]},{"data":{"value":"1870 November"},"votes":1,"confidence":0.3333333333333333,"instances":[{"created":"2015-12-02T16:32:56Z","user_id":"565f1a213539650003350300","duration":17.397}]}],"region":{"x":97.242643917733,"y":714.1386924748776,"width":182.98978972312898,"height":117.302675574094,"label":"Record Date","shape":"rectangle"},"task_key":"em_record_date","instructions":{"mark":"Record Date","transcribe":"Enter the record date"}},{"id":"56b1767050617568bb530700","status":"awaiting_transcriptions","name":"Valuation Date","created_in_workflow":"transcribe","confidence":0.3333333333333333,"data":{"value":"1879 November"},"versions":[{"data":{"value":"1879 November"},"votes":1,"confidence":0.3333333333333333,"instances":[{"created":"2016-01-09T04:20:16Z","user_id":"569087146133390003bb0500","duration":4.716}]}],"region":{"x":105.3284266036461,"y":729.1235719688888,"width":767.4265076554356,"height":90.28547045018138,"label":"Valuation","shape":"rectangle"},"task_key":"em_record_valuation","instructions":{"mark":"Valuation","transcribe":"Enter the date of the valuation (if one is given). In the next screen, you'll enter the valuation's dollar amounts."}},{"id":"56b1767050617568bb540700","status":"awaiting_transcriptions","name":"Land \u0026 Building Value","created_in_workflow":"transcribe","confidence":0.3333333333333333,"data":{"em_valuation_ground":""},"versions":[{"data":{"em_valuation_ground":""},"votes":1,"confidence":0.3333333333333333,"instances":[{"created":"2016-01-09T04:20:23Z","user_id":"569087146133390003bb0500","duration":6.679}]}],"region":{"x":105.3284266036461,"y":729.1235719688888,"width":767.4265076554356,"height":90.28547045018138,"label":"Valuation","shape":"rectangle"},"task_key":"em_record_valuation_ground_building","instructions":{"mark":"Valuation","transcribe":"Sometimes valuations include itemized dollar values for \"ground\" and \"building\". Enter these amounts if you can find them. In the next screen, you'll enter the total valuation."}},{"id":"56b1767050617568bb550700","status":"awaiting_transcriptions","name":"Total Value","created_in_workflow":"transcribe","confidence":0.3333333333333333,"data":{"value":"$200,000"},"versions":[{"data":{"value":"$200,000"},"votes":1,"confidence":0.3333333333333333,"instances":[{"created":"2016-01-09T04:20:28Z","user_id":"569087146133390003bb0500","duration":5.188}]}],"region":{"x":105.3284266036461,"y":729.1235719688888,"width":767.4265076554356,"height":90.28547045018138,"label":"Valuation","shape":"rectangle"},"task_key":"em_record_valuation_total","instructions":{"mark":"Valuation","transcribe":"Enter the valuation ***total*** (if one is given)"}},{"id":"56b1767050617568bb560700","status":"awaiting_transcriptions","name":"Valuation Date","created_in_workflow":"transcribe","confidence":0.3333333333333333,"data":{"value":"1879 November"},"versions":[{"data":{"value":"1879 November"},"votes":1,"confidence":0.3333333333333333,"instances":[{"created":"2015-11-12T22:33:24Z","user_id":"5644f83e6334620003670400","duration":24.953}]}],"region":{"x":303.69266309254516,"y":752.3793539726515,"width":563.0455068403967,"height":53.95923076408326,"label":"Valuation","shape":"rectangle"},"task_key":"em_record_valuation","instructions":{"mark":"Valuation","transcribe":"Enter the date of the valuation (if one is given). In the next screen, you'll enter the valuation's dollar amounts."}},{"id":"56b1767050617568bb570700","status":"awaiting_transcriptions","name":"Land \u0026 Building Value","created_in_workflow":"transcribe","confidence":0.3333333333333333,"data":{"em_valuation_ground":"$200,000"},"versions":[{"data":{"em_valuation_ground":"$200,000"},"votes":1,"confidence":0.3333333333333333,"instances":[{"created":"2015-11-12T22:33:34Z","user_id":"5644f83e6334620003670400","duration":9.925}]}],"region":{"x":303.69266309254516,"y":752.3793539726515,"width":563.0455068403967,"height":53.95923076408326,"label":"Valuation","shape":"rectangle"},"task_key":"em_record_valuation_ground_building","instructions":{"mark":"Valuation","transcribe":"Sometimes valuations include itemized dollar values for \"ground\" and \"building\". Enter these amounts if you can find them. In the next screen, you'll enter the total valuation."}},{"id":"56b1767050617568bb580700","status":"awaiting_votes","name":"Amount Loaned","created_in_workflow":"transcribe","confidence":0.75,"data":{"value":"$50,000 and $30,000"},"versions":[{"data":{"value":"$50,000 and $30,000"},"votes":3,"confidence":0.75,"instances":[{"created":"2015-11-12T22:33:00Z","user_id":"5644f83e6334620003670400","duration":2005.354},{"created":"2015-11-13T00:17:10Z","user_id":"563f8b7a3264340003774b00","duration":43.834},{"created":"2015-11-13T00:18:30Z","user_id":"5641647a6161650003ce6100","duration":36.446}]},{"data":{"value":"$50,000 \u0026 $38,000"},"votes":1,"confidence":0.25,"instances":[{"created":"2015-11-12T21:45:41Z","user_id":"5644d1ee6135300003541200","duration":38.435}]}],"region":{"x":450.31909716556515,"y":724.226711834869,"width":361.2875335559213,"height":39.882909695191984,"label":"Amount Loaned","shape":"rectangle"},"task_key":"em_record_amount_loaned","instructions":{"mark":"Amount Loaned","transcribe":"Enter the Amount Loaned"}}]}]}