{"id":"56b100ce7061755afb501400","meta_data":{"capture_uuid":"e3330730-00b1-0133-f0b0-58d385a7bbd0","page_uri":"http://digitalcollections.nypl.org/items/e3330730-00b1-0133-f0b0-58d385a7bbd0","book_uri":"http://digitalcollections.nypl.org/items/df712aa0-00b1-0133-fbd7-58d385a7bbd0","source_rotated":"0.475589","source_x":"1210.69","source_y":"952.22","source_w":"1365.31","source_h":"1073.78"},"type":"final_subject_set","search_terms_by_field":{"Total Value":["$16,000","$16,000","$16,000"],"Valuation Date":["16000","1879 November","1879 November"],"Land \u0026 Building Value":["$14,000"],"Record Number":["579"],"Mortgager":["Andrew Ewald"],"Street Address":["No. 439 W. 50th Street"],"Additional Info":["25 x 30 3 story house in the rear"],"Land \u0026 Building Dimensions":["25 x 100.5","25 x 50"],"Stories \u0026 Materials":["4","Brick"],"Record Date":["1872 May 1"],"Amount Loaned":["$9,000"]},"subjects":[{"id":"56b1771d50617568bbd61200","type":"root","location":{"standard":"https://s3.amazonaws.com/scribe.nypl.org/emigrant-s4/full/e3330730-00b1-0133-f0b0-58d385a7bbd0.right-bottom.jpg","thumbnail":"https://s3.amazonaws.com/scribe.nypl.org/emigrant-s4/thumb/e3330730-00b1-0133-f0b0-58d385a7bbd0.right-bottom.jpg"},"status":"retired","width":1365,"height":1073,"meta_data":{"capture_uuid":"e3330730-00b1-0133-f0b0-58d385a7bbd0","page_uri":"http://digitalcollections.nypl.org/items/e3330730-00b1-0133-f0b0-58d385a7bbd0","book_uri":"http://digitalcollections.nypl.org/items/df712aa0-00b1-0133-fbd7-58d385a7bbd0","source_rotated":"0.475589","source_x":"1210.69","source_y":"952.22","source_w":"1365.31","source_h":"1073.78"},"assertions":[{"id":"56b1771d50617568bbd71200","status":"awaiting_transcriptions","name":"Total Value","created_in_workflow":"transcribe","confidence":0.3333333333333333,"data":{"value":"$16,000"},"versions":[{"data":{"value":"$16,000"},"votes":1,"confidence":0.3333333333333333,"instances":[{"created":"2015-11-04T17:04:22Z","user_id":"563a384f3732630003d50300","duration":5.611}]},{"data":{"value":"$14,000"},"votes":1,"confidence":0.3333333333333333,"instances":[{"created":"2015-11-04T20:10:36Z","user_id":"563a65983732630003920a00","duration":7.244}]}],"region":{"x":308.5783590847533,"y":770.9045319346276,"width":540.2920626440568,"height":66.98743083762433,"label":"Valuation","shape":"rectangle"},"task_key":"em_record_valuation_total","instructions":{"mark":"Valuation","transcribe":"Enter the valuation ***total*** (if one is given)"}},{"id":"56b1771d50617568bbd81200","status":"awaiting_transcriptions","name":"Valuation Date","created_in_workflow":"transcribe","confidence":0.3333333333333333,"data":{"value":"16000"},"versions":[{"data":{"value":"16000"},"votes":1,"confidence":0.3333333333333333,"instances":[{"created":"2015-11-04T18:40:55Z","user_id":"563a4eba3732630003b30900","duration":6.159}]},{"data":{"value":"Valuation of these Premises $14,000"},"votes":1,"confidence":0.3333333333333333,"instances":[{"created":"2015-11-04T20:10:04Z","user_id":"563a65983732630003920a00","duration":31.55}]}],"region":{"x":308.5783590847533,"y":770.9045319346276,"width":540.2920626440568,"height":66.98743083762433,"label":"Valuation","shape":"rectangle"},"task_key":"em_record_valuation","instructions":{"mark":"Valuation","transcribe":"Enter the date of the valuation (if one is given). In the next screen, you'll enter the valuation's dollar amounts."}},{"id":"56b1771d50617568bbd91200","status":"awaiting_transcriptions","name":"Land \u0026 Building Value","created_in_workflow":"transcribe","confidence":0.3333333333333333,"data":{"em_valuation_ground":"","em_valuation_building":"$14,000"},"versions":[{"data":{"em_valuation_ground":"","em_valuation_building":"$14,000"},"votes":1,"confidence":0.3333333333333333,"instances":[{"created":"2015-11-04T20:10:28Z","user_id":"563a65983732630003920a00","duration":24.223}]}],"region":{"x":308.5783590847533,"y":770.9045319346276,"width":540.2920626440568,"height":66.98743083762433,"label":"Valuation","shape":"rectangle"},"task_key":"em_record_valuation_ground_building","instructions":{"mark":"Valuation","transcribe":"Sometimes valuations include itemized dollar values for \"ground\" and \"building\". Enter these amounts if you can find them. In the next screen, you'll enter the total valuation."}},{"id":"56b1771d50617568bbda1200","status":"complete","name":"Record Number","created_in_workflow":"transcribe","confidence":1.0,"data":{"value":"579"},"versions":[{"data":{"value":"579"},"votes":3,"confidence":1.0,"instances":[{"created":"2015-11-04T17:02:30Z","user_id":"563a384f3732630003d50300","duration":3.719},{"created":"2015-11-04T17:23:51Z","user_id":"563a3d0237326300038e0500","duration":8.717},{"created":"2015-11-04T18:03:58Z","user_id":"563a46fb3732630003b40800","duration":15.939}]}],"region":{"x":912.5633884632722,"y":52.71142098698308,"width":191.07890020338584,"height":72.47820385710173,"label":"Record Number","shape":"rectangle"},"task_key":"em_record_number","instructions":{"mark":"Record Number","transcribe":"Enter the record number"}},{"id":"56b1771d50617568bbdb1200","status":"complete","name":"Mortgager","created_in_workflow":"transcribe","confidence":1.0,"data":{"value":"Andrew Ewald"},"versions":[{"data":{"value":"Andrew Ewald"},"votes":3,"confidence":1.0,"instances":[{"created":"2015-11-04T17:02:53Z","user_id":"563a384f3732630003d50300","duration":9.807},{"created":"2015-11-04T18:06:12Z","user_id":"563a46fb3732630003b40800","duration":8.317},{"created":"2015-11-04T18:38:57Z","user_id":"563a4eba3732630003b30900","duration":6.951}]}],"region":{"x":444.74952934463755,"y":539.1939105126808,"width":364.58732682485123,"height":53.80957559087855,"label":"Mortgager Name","shape":"rectangle"},"task_key":"em_record_mortgager","instructions":{"mark":"Mortgager Name","transcribe":"Enter the mortgager's name"}},{"id":"56b1771d50617568bbdc1200","status":"complete","name":"Street Address","created_in_workflow":"verify","confidence":1.0,"data":{"value":"No. 439 W. 50th Street"},"versions":[{"data":{"value":"No. 439 W. 50th Street"},"votes":30,"confidence":0.8108108108108109,"instances":[{"created":"2015-11-05T02:15:42Z","user_id":"563ab0a33236380003f80500","duration":9.139},{"created":"2015-11-05T14:14:50Z","user_id":"563b54cb3532620003040100","duration":20.623},{"created":"2015-11-05T15:36:29Z","user_id":"563b85293532620003970c00","duration":8.215},{"created":"2015-11-06T21:08:56Z","user_id":"563d0c2865326200033c2800","duration":9.695},{"created":"2015-11-08T21:19:28Z","user_id":"563f7c4e3264340003313300","duration":17.336},{"created":"2015-11-08T21:33:54Z","user_id":"563fce0932643400031e8600","duration":8.279},{"created":"2015-11-08T21:57:53Z","user_id":"563fb44b3264340003697200","duration":10.739},{"created":"2015-11-08T22:31:19Z","user_id":"563fbd9a3264340003507900","duration":2240.396},{"created":"2015-11-09T01:11:07Z","user_id":"563ff1c83264340003e4a100","duration":7.361},{"created":"2015-11-09T01:42:36Z","user_id":"563ff9353264340003c8a800","duration":14.322},{"created":"2015-11-09T01:50:08Z","user_id":"563f8b7a3264340003774b00","duration":34.104},{"created":"2015-11-09T02:36:19Z","user_id":"5640060232643400036cb700","duration":11.447},{"created":"2015-11-09T02:37:37Z","user_id":"563ff452326434000379a400","duration":12.711},{"created":"2015-11-09T02:50:48Z","user_id":"5640074b3264340003b7b800","duration":10.453},{"created":"2015-11-09T02:56:20Z","user_id":"563f60f33264340003531000","duration":10.356},{"created":"2015-11-09T03:15:43Z","user_id":"56400ce73264340003debc00","duration":20.381},{"created":"2015-11-09T03:20:48Z","user_id":"56400fc76639340003f90000","duration":26.332},{"created":"2015-11-09T03:51:24Z","user_id":"5640195c6639340003c70900","duration":13.256},{"created":"2015-11-09T03:54:30Z","user_id":"564013406639340003770400","duration":12.012},{"created":"2015-11-09T04:17:11Z","user_id":"56401d366639340003060e00","duration":11.15},{"created":"2015-11-09T04:54:18Z","user_id":"5640222b66393400030b1300","duration":10.236},{"created":"2015-11-09T05:10:08Z","user_id":"564022406639340003191300","duration":14.913},{"created":"2015-11-09T05:11:32Z","user_id":"5640266c6639340003451700","duration":12.469},{"created":"2015-11-09T05:41:42Z","user_id":"56402db96639340003411c00","duration":20.637},{"created":"2015-11-09T07:22:59Z","user_id":"5640480d6639340003b82500","duration":9.392},{"created":"2015-11-09T08:21:20Z","user_id":"56404e946639340003cf2700","duration":12.633},{"created":"2015-11-09T09:30:56Z","user_id":"564053776639340003c32800","duration":17.891},{"created":"2015-11-09T11:06:25Z","user_id":"56407bbf3432660003470100","duration":20.889},{"created":"2015-11-09T12:35:38Z","user_id":"5640918f3432660003990300","duration":19.829},{"created":"2015-12-11T00:11:04Z","user_id":"5647496e3562310003960400","duration":15.264}]},{"data":{"value":"439 W 50th Street"},"votes":6,"confidence":0.16216216216216217,"instances":[{"created":"2015-11-04T23:42:45Z","user_id":"563a8a393732630003310b00","duration":9.131},{"created":"2015-11-06T16:57:27Z","user_id":"563cb8ab6532620003060900","duration":6.375},{"created":"2015-11-08T03:50:05Z","user_id":"563e09116630330003dc1000","duration":10.398},{"created":"2015-11-08T20:24:10Z","user_id":"563f831832643400038c3d00","duration":19.459},{"created":"2015-11-09T06:04:46Z","user_id":"56402b3e66393400032b1b00","duration":15.71},{"created":"2015-11-09T06:31:43Z","user_id":"56403a5b6639340003a22100","duration":16.322}]},{"data":{"value":"No 439 W 50th Street"},"votes":1,"confidence":0.02702702702702703,"instances":[{"created":"2015-11-08T17:34:50Z","user_id":"563f73723264340003902500","duration":10.327}]}],"region":{"x":480.9886311073487,"y":595.1997953113504,"width":389.84488259886217,"height":35.140947324655386,"label":"Street Address","shape":"rectangle"},"task_key":"em_transcribed_address","instructions":{"mark":"Street Address","transcribe":"Enter the street address","verify":"Choose the best transcription or enter your own!"}},{"id":"56b1771d50617568bbdd1200","status":"complete","name":"Additional Info","created_in_workflow":"transcribe","confidence":1.0,"data":{"value":"25 x 30 3 story house in the rear"},"versions":[{"data":{"value":"2 buildings"},"votes":2,"confidence":0.6666666666666666,"instances":[{"created":"2015-11-06T19:32:38Z","user_id":"563bfc7535326200037f3900","duration":16.885},{"created":"2015-11-16T23:06:32Z","user_id":"563f8b7a3264340003774b00","duration":9.865}]},{"data":{"value":"25 x 30 3 story house in the rear"},"votes":1,"confidence":0.3333333333333333,"instances":[{"created":"2015-11-04T17:03:52Z","user_id":"563a384f3732630003d50300","duration":17.471}]}],"region":{"x":516.1295782711898,"y":628.1444334282146,"width":758.8248278191936,"height":81.26344068826562,"label":"Dimension \u0026 Description","shape":"rectangle"},"task_key":"em_record_survey_additional_info","instructions":{"mark":"Dimension \u0026 Description","transcribe":"Enter any additional information you find about the building's construction or significance."}},{"id":"56b1771d50617568bbde1200","status":"contentious","name":"Land \u0026 Building Dimensions","created_in_workflow":"verify","confidence":0.47619047619047616,"data":{"em_survey_land_dimensions":"25 x 100.5","em_survey_building_dimensions":"25 x 50"},"versions":[{"data":{"em_survey_land_dimensions":"25 x 100.5","em_survey_building_dimensions":"25 x 50"},"votes":10,"confidence":0.47619047619047616,"instances":[{"created":"2015-11-05T18:01:39Z","user_id":"563b92db3532620003b41000","duration":15.07},{"created":"2015-11-05T23:28:09Z","user_id":"563bdd463532620003333200","duration":14.737},{"created":"2015-11-05T23:51:06Z","user_id":"563be2643532620003ef3300","duration":12.24},{"created":"2015-11-06T01:23:12Z","user_id":"563aa55e3236380003100400","duration":20.755},{"created":"2015-11-06T15:11:25Z","user_id":"563cb8ab6532620003060900","duration":14.783},{"created":"2015-11-06T17:49:13Z","user_id":"563ce5b16532620003451a00","duration":6.906},{"created":"2015-11-06T22:42:09Z","user_id":"563b750f35326200037a0500","duration":9.315},{"created":"2015-11-06T22:42:45Z","user_id":"563d288f6532620003182e00","duration":23.447},{"created":"2015-11-07T04:35:46Z","user_id":"563d776d6532620003be4100","duration":17.096},{"created":"2015-11-07T05:50:23Z","user_id":"563d87186532620003de4300","duration":12.224}]},{"data":{"em_survey_land_dimensions":"25x100.5","em_survey_building_dimensions":"25x50 4 story; 25x30 3 story in the rear"},"votes":5,"confidence":0.23809523809523808,"instances":[{"created":"2015-11-06T14:33:41Z","user_id":"563ca6986532620003f20400","duration":32.779},{"created":"2015-11-06T19:40:04Z","user_id":"563cd42165326200037d1500","duration":25.029},{"created":"2015-11-06T22:42:02Z","user_id":"563d2b5c65326200032a2f00","duration":14.977},{"created":"2015-11-06T23:46:54Z","user_id":"563cbf4b65326200030e0d00","duration":16.782},{"created":"2015-11-07T05:36:15Z","user_id":"563d8d8b6532620003c94400","duration":35.207}]},{"data":{"em_survey_land_dimensions":"25 x 100.5","em_survey_building_dimensions":"25 x 50 and 25 x 30"},"votes":4,"confidence":0.19047619047619047,"instances":[{"created":"2015-11-06T19:33:21Z","user_id":"563bfc7535326200037f3900","duration":16.339},{"created":"2015-11-06T23:46:46Z","user_id":"563d2f2a65326200039f3000","duration":16.271},{"created":"2015-11-07T00:40:30Z","user_id":"563d3ef96532620003813400","duration":35.059},{"created":"2015-11-19T00:22:50Z","user_id":"5647496e3562310003960400","duration":43.969}]},{"data":{"em_survey_land_dimensions":"25x100.5","em_survey_building_dimensions":"25x50, 4 story brick house 25 x 30 3 story in the rear"},"votes":2,"confidence":0.09523809523809523,"instances":[{"created":"2015-11-06T22:28:44Z","user_id":"563d28e36532620003492e00","duration":13.601},{"created":"2015-11-07T00:16:34Z","user_id":"563d425a6532620003653500","duration":61.065}]}],"region":{"x":516.1295782711898,"y":628.1444334282146,"width":758.8248278191936,"height":81.26344068826562,"label":"Dimension \u0026 Description","shape":"rectangle"},"task_key":"em_transcribed_survey","instructions":{"mark":"Dimension \u0026 Description","transcribe":"Enter, as they appear, any land and building dimensions that were recorded. In the next screen, you'll enter the descriptive information.","verify":"Choose the best transcription or enter your own!"}},{"id":"56b1771d50617568bbdf1200","status":"contentious","name":"Stories \u0026 Materials","created_in_workflow":"verify","confidence":0.2608695652173913,"data":{"em_record_stories":"4","em_record_material":"Brick"},"versions":[{"data":{"em_record_stories":"4","em_record_material":"Brick"},"votes":6,"confidence":0.2608695652173913,"instances":[{"created":"2015-11-05T19:33:47Z","user_id":"563b85293532620003970c00","duration":8.603},{"created":"2015-11-06T05:17:42Z","user_id":"563c2f413532620003894600","duration":25.668},{"created":"2015-11-06T14:39:13Z","user_id":"563ca6986532620003f20400","duration":29.065},{"created":"2015-11-06T15:22:26Z","user_id":"563cc35065326200037b0f00","duration":29.211},{"created":"2015-11-06T19:39:39Z","user_id":"563cd42165326200037d1500","duration":10775.812},{"created":"2015-11-07T05:50:11Z","user_id":"563d87186532620003de4300","duration":18.118}]},{"data":{"em_record_stories":"4 story house and 3 story in the rear","em_record_material":"brick"},"votes":6,"confidence":0.2608695652173913,"instances":[{"created":"2015-11-06T22:29:07Z","user_id":"563d28e36532620003492e00","duration":22.862},{"created":"2015-11-06T22:39:21Z","user_id":"563d2a7d6532620003f42e00","duration":18.524},{"created":"2015-11-06T22:41:47Z","user_id":"563d2b5c65326200032a2f00","duration":28.591},{"created":"2015-11-06T22:42:22Z","user_id":"563d288f6532620003182e00","duration":33.716},{"created":"2015-11-07T00:22:46Z","user_id":"563d425a6532620003653500","duration":105.093},{"created":"2015-11-07T05:39:53Z","user_id":"563d8d8b6532620003c94400","duration":27.464}]},{"data":{"em_record_stories":"4; 3","em_record_material":"brick"},"votes":5,"confidence":0.21739130434782608,"instances":[{"created":"2015-11-06T01:22:51Z","user_id":"563aa55e3236380003100400","duration":13.108},{"created":"2015-11-06T17:49:06Z","user_id":"563ce5b16532620003451a00","duration":25.459},{"created":"2015-11-06T22:42:00Z","user_id":"563b750f35326200037a0500","duration":26.334},{"created":"2015-11-06T23:46:37Z","user_id":"563cbf4b65326200030e0d00","duration":16.774},{"created":"2015-11-07T04:31:59Z","user_id":"563d776d6532620003be4100","duration":33.353}]},{"data":{"em_record_stories":"4","em_record_material":"brick house"},"votes":3,"confidence":0.13043478260869565,"instances":[{"created":"2015-11-06T01:54:33Z","user_id":"563c01553532620003973a00","duration":9.72},{"created":"2015-11-06T15:12:46Z","user_id":"563cb8ab6532620003060900","duration":19.444},{"created":"2015-11-06T19:08:39Z","user_id":"563bb3e03532620003db1d00","duration":27.697}]},{"data":{"em_record_stories":"4, 3 in the sides","em_record_material":"brick"},"votes":1,"confidence":0.043478260869565216,"instances":[{"created":"2015-11-06T16:34:23Z","user_id":"563cd4566532620003871500","duration":23.617}]},{"data":{"em_record_stories":"4 and 3","em_record_material":"brick"},"votes":1,"confidence":0.043478260869565216,"instances":[{"created":"2015-11-06T19:33:04Z","user_id":"563bfc7535326200037f3900","duration":18.153}]},{"data":{"em_record_stories":"4 \u0026 3","em_record_material":"brick"},"votes":1,"confidence":0.043478260869565216,"instances":[{"created":"2015-11-19T00:23:35Z","user_id":"5647496e3562310003960400","duration":44.683}]}],"region":{"x":516.1295782711898,"y":628.1444334282146,"width":758.8248278191936,"height":81.26344068826562,"label":"Dimension \u0026 Description","shape":"rectangle"},"task_key":"em_transcribed_stories_materials","instructions":{"mark":"Dimension \u0026 Description","transcribe":"Enter, as they appear, the number of stories and the building materials.","verify":"Choose the best transcription or enter your own!"}},{"id":"56b1771d50617568bbe01200","status":"complete","name":"Record Date","created_in_workflow":"transcribe","confidence":1.0,"data":{"value":"1872 May 1"},"versions":[{"data":{"value":"1872 May 1"},"votes":3,"confidence":1.0,"instances":[{"created":"2015-11-04T17:02:44Z","user_id":"563a384f3732630003d50300","duration":8.567},{"created":"2015-11-04T17:24:01Z","user_id":"563a3d0237326300038e0500","duration":7.401},{"created":"2015-11-04T17:44:19Z","user_id":"563a431a3732630003330700","duration":5.779}]}],"region":{"x":110.91053128814714,"y":106.52099657786164,"width":174.60658122033544,"height":147.15271692199443,"label":"Record Date","shape":"rectangle"},"task_key":"em_record_date","instructions":{"mark":"Record Date","transcribe":"Enter the record date"}},{"id":"56b1771d50617568bbe11200","status":"awaiting_transcriptions","name":"Valuation Date","created_in_workflow":"transcribe","confidence":0.3333333333333333,"data":{"value":"1879 November"},"versions":[{"data":{"value":"1879 November"},"votes":1,"confidence":0.3333333333333333,"instances":[{"created":"2015-12-13T16:25:04Z","user_id":"563f8b7a3264340003774b00","duration":14.941}]}],"region":{"x":102.60492084178009,"y":758.7917109040148,"width":726.3878470235614,"height":74.2589752664071,"label":"Valuation","shape":"rectangle"},"task_key":"em_record_valuation","instructions":{"mark":"Valuation","transcribe":"Enter the date of the valuation (if one is given). In the next screen, you'll enter the valuation's dollar amounts."}},{"id":"56b1771d50617568bbe21200","status":"awaiting_transcriptions","name":"Land \u0026 Building Value","created_in_workflow":"transcribe","confidence":0.3333333333333333,"data":{"em_valuation_ground":""},"versions":[{"data":{"em_valuation_ground":""},"votes":1,"confidence":0.3333333333333333,"instances":[{"created":"2015-12-13T16:25:07Z","user_id":"563f8b7a3264340003774b00","duration":2.698}]}],"region":{"x":102.60492084178009,"y":758.7917109040148,"width":726.3878470235614,"height":74.2589752664071,"label":"Valuation","shape":"rectangle"},"task_key":"em_record_valuation_ground_building","instructions":{"mark":"Valuation","transcribe":"Sometimes valuations include itemized dollar values for \"ground\" and \"building\". Enter these amounts if you can find them. In the next screen, you'll enter the total valuation."}},{"id":"56b1771d50617568bbe31200","status":"awaiting_transcriptions","name":"Total Value","created_in_workflow":"transcribe","confidence":0.3333333333333333,"data":{"value":"$16,000"},"versions":[{"data":{"value":"$16,000"},"votes":1,"confidence":0.3333333333333333,"instances":[{"created":"2015-12-13T16:25:40Z","user_id":"563f8b7a3264340003774b00","duration":32.592}]}],"region":{"x":102.60492084178009,"y":758.7917109040148,"width":726.3878470235614,"height":74.2589752664071,"label":"Valuation","shape":"rectangle"},"task_key":"em_record_valuation_total","instructions":{"mark":"Valuation","transcribe":"Enter the valuation ***total*** (if one is given)"}},{"id":"56b1771d50617568bbe41200","status":"awaiting_transcriptions","name":"Valuation Date","created_in_workflow":"transcribe","confidence":0.3333333333333333,"data":{"value":"1879 November"},"versions":[{"data":{"value":"1879 November"},"votes":1,"confidence":0.3333333333333333,"instances":[{"created":"2015-12-18T03:20:32Z","user_id":"5647496e3562310003960400","duration":10.445}]}],"region":{"x":289.94133604827925,"y":696.9116783030016,"width":542.3334938553097,"height":134.49172739180742,"label":"Valuation","shape":"rectangle"},"task_key":"em_record_valuation","instructions":{"mark":"Valuation","transcribe":"Enter the date of the valuation (if one is given). In the next screen, you'll enter the valuation's dollar amounts."}},{"id":"56b1771d50617568bbe51200","status":"awaiting_transcriptions","name":"Land \u0026 Building Value","created_in_workflow":"transcribe","confidence":0.3333333333333333,"data":{"em_valuation_ground":""},"versions":[{"data":{"em_valuation_ground":""},"votes":1,"confidence":0.3333333333333333,"instances":[{"created":"2015-12-18T03:20:37Z","user_id":"5647496e3562310003960400","duration":4.884}]}],"region":{"x":289.94133604827925,"y":696.9116783030016,"width":542.3334938553097,"height":134.49172739180742,"label":"Valuation","shape":"rectangle"},"task_key":"em_record_valuation_ground_building","instructions":{"mark":"Valuation","transcribe":"Sometimes valuations include itemized dollar values for \"ground\" and \"building\". Enter these amounts if you can find them. In the next screen, you'll enter the total valuation."}},{"id":"56b1771d50617568bbe61200","status":"awaiting_transcriptions","name":"Total Value","created_in_workflow":"transcribe","confidence":0.3333333333333333,"data":{"value":"$16,000"},"versions":[{"data":{"value":"$16,000"},"votes":1,"confidence":0.3333333333333333,"instances":[{"created":"2015-12-18T03:20:45Z","user_id":"5647496e3562310003960400","duration":7.921}]}],"region":{"x":289.94133604827925,"y":696.9116783030016,"width":542.3334938553097,"height":134.49172739180742,"label":"Valuation","shape":"rectangle"},"task_key":"em_record_valuation_total","instructions":{"mark":"Valuation","transcribe":"Enter the valuation ***total*** (if one is given)"}},{"id":"56b1771d50617568bbe71200","status":"contentious","name":"Amount Loaned","created_in_workflow":"verify","confidence":0.6190476190476191,"data":{"value":"$9,000"},"versions":[{"data":{"value":"$9,000"},"votes":13,"confidence":0.6190476190476191,"instances":[{"created":"2015-11-04T23:42:54Z","user_id":"563a8a393732630003310b00","duration":1.398},{"created":"2015-11-05T02:16:46Z","user_id":"563ab0a33236380003f80500","duration":38.305},{"created":"2015-11-05T14:15:48Z","user_id":"563b54cb3532620003040100","duration":4.664},{"created":"2015-11-05T15:36:53Z","user_id":"563b85293532620003970c00","duration":2.569},{"created":"2015-11-06T17:10:19Z","user_id":"563cb8ab6532620003060900","duration":3.631},{"created":"2015-11-10T01:24:30Z","user_id":"563f8b7a3264340003774b00","duration":4.207},{"created":"2015-11-10T02:21:04Z","user_id":"564152816161650003354e00","duration":2.742},{"created":"2015-11-10T03:40:38Z","user_id":"564164996161650003ec6100","duration":5.676},{"created":"2015-11-10T14:15:25Z","user_id":"5641f4453636390003420000","duration":7.623},{"created":"2015-11-11T22:41:39Z","user_id":"5643c0703936300003e00600","duration":8.675},{"created":"2015-11-11T22:58:02Z","user_id":"5643b2713736390003c80400","duration":9.687},{"created":"2015-11-12T01:21:29Z","user_id":"5643e72d3936300003ac0e00","duration":4.06},{"created":"2015-11-12T03:31:19Z","user_id":"564407713936300003d31300","duration":10.663}]},{"data":{"value":"$9000"},"votes":5,"confidence":0.23809523809523808,"instances":[{"created":"2015-11-10T03:38:30Z","user_id":"563eaf056630330003055300","duration":4.543},{"created":"2015-11-10T12:42:19Z","user_id":"56413bb26161650003b53900","duration":4.425},{"created":"2015-11-11T18:23:27Z","user_id":"563911d436393100030c0000","duration":4.158},{"created":"2015-11-11T23:33:35Z","user_id":"5643cef639363000033f0a00","duration":7.469},{"created":"2015-11-12T01:14:13Z","user_id":"56429bc93564380003350600","duration":6.994}]},{"data":{"value":"9000"},"votes":3,"confidence":0.14285714285714285,"instances":[{"created":"2015-11-05T17:29:17Z","user_id":"563b8d073532620003ec0d00","duration":3.577},{"created":"2015-11-05T17:51:54Z","user_id":"563b93763532620003de1000","duration":2.022},{"created":"2015-11-11T23:24:36Z","user_id":"5643cd996135300003a60100","duration":2.839}]}],"region":{"x":1194.789120372871,"y":730.2728115904947,"width":119.69885127683382,"height":77.96897687657908,"label":"Amount Loaned","shape":"rectangle"},"task_key":"em_transcribed_amount_loaned","instructions":{"mark":"Amount Loaned","transcribe":"Enter the Amount Loaned","verify":"Choose the best transcription or enter your own!"}}]}]}