{"id":"56b100937061755afb021000","meta_data":{"capture_uuid":"e24f79c0-00b1-0133-00cb-58d385a7bbd0","page_uri":"http://digitalcollections.nypl.org/items/e24f79c0-00b1-0133-00cb-58d385a7bbd0","book_uri":"http://digitalcollections.nypl.org/items/df712aa0-00b1-0133-fbd7-58d385a7bbd0","source_rotated":"0.923143","source_x":"1219.18","source_y":"964.4399999999999","source_w":"1374.82","source_h":"1087.56"},"type":"final_subject_set","search_terms_by_field":{"Record Number":["473"],"Mortgager":["Michael Kennedy"],"Street Address":["No 123. W. 24th Street"],"Land \u0026 Building Dimensions":["25 x 98.9","25 x 70"],"Stories \u0026 Materials":["6","brick"],"Additional Info":["store \u0026 Tenements"],"Record Date":["1871 June 1st","1879 November"],"Valuation Date":["1879 November"],"Land \u0026 Building Value":["not listed ","not listed "],"Total Value":["$20,000","$20000"],"Amount Loaned":["$11,000","$2000"]},"subjects":[{"id":"56b176e150617568bbd10e00","type":"root","location":{"standard":"https://s3.amazonaws.com/scribe.nypl.org/emigrant-s4/full/e24f79c0-00b1-0133-00cb-58d385a7bbd0.right-bottom.jpg","thumbnail":"https://s3.amazonaws.com/scribe.nypl.org/emigrant-s4/thumb/e24f79c0-00b1-0133-00cb-58d385a7bbd0.right-bottom.jpg"},"status":"retired","width":1374,"height":1087,"meta_data":{"capture_uuid":"e24f79c0-00b1-0133-00cb-58d385a7bbd0","page_uri":"http://digitalcollections.nypl.org/items/e24f79c0-00b1-0133-00cb-58d385a7bbd0","book_uri":"http://digitalcollections.nypl.org/items/df712aa0-00b1-0133-fbd7-58d385a7bbd0","source_rotated":"0.923143","source_x":"1219.18","source_y":"964.4399999999999","source_w":"1374.82","source_h":"1087.56"},"assertions":[{"id":"56b176e150617568bbd20e00","status":"complete","name":"Record Number","created_in_workflow":"transcribe","confidence":1.0,"data":{"value":"473"},"versions":[{"data":{"value":"473"},"votes":3,"confidence":1.0,"instances":[{"created":"2015-11-19T20:05:09Z","user_id":"564b62033863320003ba0500","duration":8.559},{"created":"2015-11-19T21:09:41Z","user_id":"564e39593964660003c80900","duration":8.599},{"created":"2015-11-19T21:40:35Z","user_id":"564f478f6435360003b00300","duration":10.211}]}],"region":{"x":541.8588521209988,"y":34.238418248346996,"width":528.4625169384444,"height":74.43134401814564,"label":"Record Number","shape":"rectangle"},"task_key":"em_record_number","instructions":{"mark":"Record Number","transcribe":"Enter the record number"}},{"id":"56b176e150617568bbd30e00","status":"complete","name":"Mortgager","created_in_workflow":"transcribe","confidence":1.0,"data":{"value":"Michael Kennedy"},"versions":[{"data":{"value":"Michael Kennedy"},"votes":3,"confidence":1.0,"instances":[{"created":"2015-11-19T20:05:47Z","user_id":"564b62033863320003ba0500","duration":5.016},{"created":"2015-11-19T21:12:55Z","user_id":"564e39593964660003c80900","duration":8.31},{"created":"2015-11-19T21:18:10Z","user_id":"564e3aa73964660003e70900","duration":27.868}]}],"region":{"x":273.90602663108325,"y":504.6445124430274,"width":574.6099479950411,"height":83.36310530032318,"label":"Mortgager Name","shape":"rectangle"},"task_key":"em_record_mortgager","instructions":{"mark":"Mortgager Name","transcribe":"Enter the mortgager's name"}},{"id":"56b176e150617568bbd40e00","status":"awaiting_votes","name":"Street Address","created_in_workflow":"transcribe","confidence":0.3333333333333333,"data":{"value":"No 123. W. 24th Street"},"versions":[{"data":{"value":"No 123. W. 24th Street"},"votes":1,"confidence":0.3333333333333333,"instances":[{"created":"2015-11-19T20:06:38Z","user_id":"564b62033863320003ba0500","duration":16.983}]},{"data":{"value":"No. 123 W 24th Street"},"votes":1,"confidence":0.3333333333333333,"instances":[{"created":"2015-11-19T21:13:13Z","user_id":"564e39593964660003c80900","duration":18.359}]},{"data":{"value":"no 123 W. 24th Street"},"votes":1,"confidence":0.3333333333333333,"instances":[{"created":"2015-11-19T21:18:42Z","user_id":"564e3aa73964660003e70900","duration":32.013}]}],"region":{"x":281.3491606724698,"y":567.1668414182698,"width":532.9283973632764,"height":56.56782145379066,"label":"Street Address","shape":"rectangle"},"task_key":"em_record_street_address","instructions":{"mark":"Street Address","transcribe":"Enter the street address"}},{"id":"56b176e150617568bbd50e00","status":"awaiting_transcriptions","name":"Land \u0026 Building Dimensions","created_in_workflow":"transcribe","confidence":0.3333333333333333,"data":{"em_survey_land_dimensions":"25 x 98.9","em_survey_building_dimensions":"25 x 70"},"versions":[{"data":{"em_survey_land_dimensions":"25 x 98.9","em_survey_building_dimensions":"25 x 70"},"votes":1,"confidence":0.3333333333333333,"instances":[{"created":"2015-11-23T21:23:53Z","user_id":"5647496e3562310003960400","duration":26.269}]}],"region":{"x":283.0613072702411,"y":615.3581763271285,"width":741.9461269700042,"height":72.96389805021677,"label":"Dimension \u0026 Description","shape":"rectangle"},"task_key":"em_record_survey","instructions":{"mark":"Dimension \u0026 Description","transcribe":"Enter, as they appear, any land and building dimensions that were recorded. In the next screen, you'll enter the descriptive information."}},{"id":"56b176e150617568bbd60e00","status":"awaiting_transcriptions","name":"Stories \u0026 Materials","created_in_workflow":"transcribe","confidence":0.3333333333333333,"data":{"em_record_stories":"6","em_record_material":"brick"},"versions":[{"data":{"em_record_stories":"6","em_record_material":"brick"},"votes":1,"confidence":0.3333333333333333,"instances":[{"created":"2015-11-23T21:24:04Z","user_id":"5647496e3562310003960400","duration":10.759}]}],"region":{"x":283.0613072702411,"y":615.3581763271285,"width":741.9461269700042,"height":72.96389805021677,"label":"Dimension \u0026 Description","shape":"rectangle"},"task_key":"em_record_survey_stories_materials","instructions":{"mark":"Dimension \u0026 Description","transcribe":"Enter, as they appear, the number of stories and the building materials."}},{"id":"56b176e150617568bbd70e00","status":"awaiting_transcriptions","name":"Additional Info","created_in_workflow":"transcribe","confidence":0.3333333333333333,"data":{"value":"store \u0026 Tenements"},"versions":[{"data":{"value":"store \u0026 Tenements"},"votes":1,"confidence":0.3333333333333333,"instances":[{"created":"2015-11-23T21:24:22Z","user_id":"5647496e3562310003960400","duration":18.123}]}],"region":{"x":283.0613072702411,"y":615.3581763271285,"width":741.9461269700042,"height":72.96389805021677,"label":"Dimension \u0026 Description","shape":"rectangle"},"task_key":"em_record_survey_additional_info","instructions":{"mark":"Dimension \u0026 Description","transcribe":"Enter any additional information you find about the building's construction or significance."}},{"id":"56b176e150617568bbd80e00","status":"awaiting_transcriptions","name":"Record Date","created_in_workflow":"transcribe","confidence":0.3333333333333333,"data":{"value":"1871 June 1st"},"versions":[{"data":{"value":"1871 June 1st"},"votes":1,"confidence":0.3333333333333333,"instances":[{"created":"2015-11-19T20:05:30Z","user_id":"564b62033863320003ba0500","duration":15.4}]},{"data":{"value":"1871 June 1"},"votes":1,"confidence":0.3333333333333333,"instances":[{"created":"2015-11-19T21:41:00Z","user_id":"564f478f6435360003b00300","duration":24.927}]}],"region":{"x":93.78218282952896,"y":107.18113538612971,"width":209.89637996710047,"height":162.2603299595575,"label":"Record Date","shape":"rectangle"},"task_key":"em_record_date","instructions":{"mark":"Record Date","transcribe":"Enter the record date"}},{"id":"56b176e150617568bbd90e00","status":"awaiting_transcriptions","name":"Record Date","created_in_workflow":"transcribe","confidence":0.3333333333333333,"data":{"value":"1879 November"},"versions":[{"data":{"value":"1879 November"},"votes":1,"confidence":0.3333333333333333,"instances":[{"created":"2015-11-24T00:14:57Z","user_id":"564e49d539646600031a0b00","duration":6.433}]}],"region":{"x":101.9701909718751,"y":743.7043102467871,"width":184.60744865367408,"height":78.23839670444931,"label":"Record Date","shape":"rectangle"},"task_key":"em_record_date","instructions":{"mark":"Record Date","transcribe":"Enter the record date"}},{"id":"56b176e150617568bbda0e00","status":"awaiting_transcriptions","name":"Valuation Date","created_in_workflow":"transcribe","confidence":0.3333333333333333,"data":{"value":""},"versions":[{"data":{"value":""},"votes":1,"confidence":0.3333333333333333,"instances":[{"created":"2015-11-23T21:25:35Z","user_id":"5647496e3562310003960400","duration":2.206}]}],"region":{"x":282.1822241814141,"y":688.3220743773456,"width":574.0412570040437,"height":42.195989233860246,"label":"Valuation","shape":"rectangle"},"task_key":"em_record_valuation","instructions":{"mark":"Valuation","transcribe":"Enter the date of the valuation (if one is given). In the next screen, you'll enter the valuation's dollar amounts."}},{"id":"56b176e150617568bbdb0e00","status":"awaiting_transcriptions","name":"Land \u0026 Building Value","created_in_workflow":"transcribe","confidence":0.3333333333333333,"data":{"em_valuation_ground":""},"versions":[{"data":{"em_valuation_ground":""},"votes":1,"confidence":0.3333333333333333,"instances":[{"created":"2015-11-23T21:25:36Z","user_id":"5647496e3562310003960400","duration":0.91}]}],"region":{"x":282.1822241814141,"y":688.3220743773456,"width":574.0412570040437,"height":42.195989233860246,"label":"Valuation","shape":"rectangle"},"task_key":"em_record_valuation_ground_building","instructions":{"mark":"Valuation","transcribe":"Sometimes valuations include itemized dollar values for \"ground\" and \"building\". Enter these amounts if you can find them. In the next screen, you'll enter the total valuation."}},{"id":"56b176e150617568bbdc0e00","status":"awaiting_transcriptions","name":"Total Value","created_in_workflow":"transcribe","confidence":0.3333333333333333,"data":{"value":""},"versions":[{"data":{"value":""},"votes":1,"confidence":0.3333333333333333,"instances":[{"created":"2015-11-23T21:25:37Z","user_id":"5647496e3562310003960400","duration":1.791}]}],"region":{"x":282.1822241814141,"y":688.3220743773456,"width":574.0412570040437,"height":42.195989233860246,"label":"Valuation","shape":"rectangle"},"task_key":"em_record_valuation_total","instructions":{"mark":"Valuation","transcribe":"Enter the valuation ***total*** (if one is given)"}},{"id":"56b176e150617568bbdd0e00","status":"awaiting_transcriptions","name":"Land \u0026 Building Value","created_in_workflow":"transcribe","confidence":0.3333333333333333,"data":{"em_valuation_ground":"not listed ","em_valuation_building":"not listed "},"versions":[{"data":{"em_valuation_ground":"not listed ","em_valuation_building":"not listed "},"votes":1,"confidence":0.3333333333333333,"instances":[{"created":"2015-11-19T19:50:05Z","user_id":"564e1f123964660003e30500","duration":20.206}]}],"region":{"x":297.7240555635202,"y":747.2906939421822,"width":1009.288976012015,"height":84.85173218068599,"label":"Valuation","shape":"rectangle"},"task_key":"em_record_valuation_ground_building","instructions":{"mark":"Valuation","transcribe":"Sometimes valuations include itemized dollar values for \"ground\" and \"building\". Enter these amounts if you can find them. In the next screen, you'll enter the total valuation."}},{"id":"56b176e150617568bbde0e00","status":"awaiting_transcriptions","name":"Total Value","created_in_workflow":"transcribe","confidence":0.3333333333333333,"data":{"value":"$20,000"},"versions":[{"data":{"value":"$20,000"},"votes":1,"confidence":0.3333333333333333,"instances":[{"created":"2015-11-19T19:50:13Z","user_id":"564e1f123964660003e30500","duration":7.898}]}],"region":{"x":297.7240555635202,"y":747.2906939421822,"width":1009.288976012015,"height":84.85173218068599,"label":"Valuation","shape":"rectangle"},"task_key":"em_record_valuation_total","instructions":{"mark":"Valuation","transcribe":"Enter the valuation ***total*** (if one is given)"}},{"id":"56b176e150617568bbdf0e00","status":"awaiting_transcriptions","name":"Valuation Date","created_in_workflow":"transcribe","confidence":0.3333333333333333,"data":{"value":"1879 November"},"versions":[{"data":{"value":"1879 November"},"votes":1,"confidence":0.3333333333333333,"instances":[{"created":"2015-11-24T00:15:08Z","user_id":"564e49d539646600031a0b00","duration":10.877}]}],"region":{"x":306.79655066857066,"y":756.0114737733297,"width":536.2406841844818,"height":57.14040208751919,"label":"Valuation","shape":"rectangle"},"task_key":"em_record_valuation","instructions":{"mark":"Valuation","transcribe":"Enter the date of the valuation (if one is given). In the next screen, you'll enter the valuation's dollar amounts."}},{"id":"56b176e150617568bbe00e00","status":"awaiting_transcriptions","name":"Land \u0026 Building Value","created_in_workflow":"transcribe","confidence":0.3333333333333333,"data":{"em_valuation_ground":""},"versions":[{"data":{"em_valuation_ground":""},"votes":1,"confidence":0.3333333333333333,"instances":[{"created":"2015-11-24T00:15:13Z","user_id":"564e49d539646600031a0b00","duration":5.118}]}],"region":{"x":306.79655066857066,"y":756.0114737733297,"width":536.2406841844818,"height":57.14040208751919,"label":"Valuation","shape":"rectangle"},"task_key":"em_record_valuation_ground_building","instructions":{"mark":"Valuation","transcribe":"Sometimes valuations include itemized dollar values for \"ground\" and \"building\". Enter these amounts if you can find them. In the next screen, you'll enter the total valuation."}},{"id":"56b176e150617568bbe10e00","status":"awaiting_transcriptions","name":"Total Value","created_in_workflow":"transcribe","confidence":0.3333333333333333,"data":{"value":"$20000"},"versions":[{"data":{"value":"$20000"},"votes":1,"confidence":0.3333333333333333,"instances":[{"created":"2015-11-24T00:15:18Z","user_id":"564e49d539646600031a0b00","duration":4.643}]}],"region":{"x":306.79655066857066,"y":756.0114737733297,"width":536.2406841844818,"height":57.14040208751919,"label":"Valuation","shape":"rectangle"},"task_key":"em_record_valuation_total","instructions":{"mark":"Valuation","transcribe":"Enter the valuation ***total*** (if one is given)"}},{"id":"56b176e150617568bbe20e00","status":"awaiting_votes","name":"Amount Loaned","created_in_workflow":"transcribe","confidence":0.6666666666666666,"data":{"value":"$11,000"},"versions":[{"data":{"value":"$11,000"},"votes":2,"confidence":0.6666666666666666,"instances":[{"created":"2015-11-19T19:49:32Z","user_id":"564e1f123964660003e30500","duration":8.015},{"created":"2015-11-19T20:04:33Z","user_id":"5647496e3562310003960400","duration":6.182}]},{"data":{"value":"$11,000."},"votes":1,"confidence":0.3333333333333333,"instances":[{"created":"2015-11-19T20:07:02Z","user_id":"564b62033863320003ba0500","duration":7.56}]}],"region":{"x":284.32641428902446,"y":738.3589326600047,"width":360.2476876031086,"height":43.17017953052448,"label":"Amount Loaned","shape":"rectangle"},"task_key":"em_record_amount_loaned","instructions":{"mark":"Amount Loaned","transcribe":"Enter the Amount Loaned"}},{"id":"56b176e150617568bbe30e00","status":"awaiting_transcriptions","name":"Amount Loaned","created_in_workflow":"transcribe","confidence":0.3333333333333333,"data":{"value":"$2000"},"versions":[{"data":{"value":"$2000"},"votes":1,"confidence":0.3333333333333333,"instances":[{"created":"2015-11-24T00:15:25Z","user_id":"564e49d539646600031a0b00","duration":7.076}]},{"data":{"value":"Add'l loan $2000"},"votes":1,"confidence":0.3333333333333333,"instances":[{"created":"2015-11-24T05:06:14Z","user_id":"5653dcce3131380003920c00","duration":25.542}]}],"region":{"x":875.5633091396522,"y":756.8905568823685,"width":416.6853841040071,"height":43.075072342899034,"label":"Amount Loaned","shape":"rectangle"},"task_key":"em_record_amount_loaned","instructions":{"mark":"Amount Loaned","transcribe":"Enter the Amount Loaned"}}]}]}