{"id":"56b100b07061755afb341200","meta_data":{"capture_uuid":"e2db9110-00b1-0133-55b2-58d385a7bbd0","page_uri":"http://digitalcollections.nypl.org/items/e2db9110-00b1-0133-55b2-58d385a7bbd0","book_uri":"http://digitalcollections.nypl.org/items/df712aa0-00b1-0133-fbd7-58d385a7bbd0","source_rotated":"0.923143","source_x":"1218.21","source_y":"0","source_w":"1373.79","source_h":"1011.8499999999999"},"type":"final_subject_set","search_terms_by_field":{},"subjects":[{"id":"56b176fe50617568bbdc1000","type":"root","location":{"standard":"https://s3.amazonaws.com/scribe.nypl.org/emigrant-s4/full/e2db9110-00b1-0133-55b2-58d385a7bbd0.right-top.jpg","thumbnail":"https://s3.amazonaws.com/scribe.nypl.org/emigrant-s4/thumb/e2db9110-00b1-0133-55b2-58d385a7bbd0.right-top.jpg"},"status":"active","width":1373,"height":1011,"meta_data":{"capture_uuid":"e2db9110-00b1-0133-55b2-58d385a7bbd0","page_uri":"http://digitalcollections.nypl.org/items/e2db9110-00b1-0133-55b2-58d385a7bbd0","book_uri":"http://digitalcollections.nypl.org/items/df712aa0-00b1-0133-fbd7-58d385a7bbd0","source_rotated":"0.923143","source_x":"1218.21","source_y":"0","source_w":"1373.79","source_h":"1011.8499999999999"},"assertions":[]}]}