{"id":"56b1008c7061755afb7d0f00","meta_data":{"capture_uuid":"e23c6d50-00b1-0133-dbee-58d385a7bbd0","page_uri":"http://digitalcollections.nypl.org/items/e23c6d50-00b1-0133-dbee-58d385a7bbd0","book_uri":"http://digitalcollections.nypl.org/items/df712aa0-00b1-0133-fbd7-58d385a7bbd0","source_rotated":"0.699377","source_x":"1214.45","source_y":"0","source_w":"1369.55","source_h":"994.2099999999999"},"type":"final_subject_set","search_terms_by_field":{"Record Date":["1879 November","1871 Feby 25","1874 Feby 2"],"Record Number":["462"],"Mortgager":["R. C. Sisters of Charity of Brooklyn"],"Street Address":["Willioughby \u0026 ---Avenue \u0026 Witherspoon St."],"Land \u0026 Building Dimensions":["as above, about 50 lots"],"Stories \u0026 Materials":["Stone, brick \u0026 slate"],"Additional Info":["St. Joseph's Female Orphan Asyum, Chapel"],"Valuation Date":["1879 November","1879 November "],"Land \u0026 Building Value":[],"Total Value":["$160,000.","$160,000."],"Amount Loaned":["$80000"]},"subjects":[{"id":"56b176da50617568bb550e00","type":"root","location":{"standard":"https://s3.amazonaws.com/scribe.nypl.org/emigrant-s4/full/e23c6d50-00b1-0133-dbee-58d385a7bbd0.right-top.jpg","thumbnail":"https://s3.amazonaws.com/scribe.nypl.org/emigrant-s4/thumb/e23c6d50-00b1-0133-dbee-58d385a7bbd0.right-top.jpg"},"status":"active","width":1369,"height":994,"meta_data":{"capture_uuid":"e23c6d50-00b1-0133-dbee-58d385a7bbd0","page_uri":"http://digitalcollections.nypl.org/items/e23c6d50-00b1-0133-dbee-58d385a7bbd0","book_uri":"http://digitalcollections.nypl.org/items/df712aa0-00b1-0133-fbd7-58d385a7bbd0","source_rotated":"0.699377","source_x":"1214.45","source_y":"0","source_w":"1369.55","source_h":"994.2099999999999"},"assertions":[{"id":"56b176da50617568bb560e00","status":"awaiting_transcriptions","name":"Record Date","created_in_workflow":"transcribe","confidence":0.6666666666666666,"data":{"value":"1879 November"},"versions":[{"data":{"value":"1879 November"},"votes":2,"confidence":0.6666666666666666,"instances":[{"created":"2015-11-09T11:03:46Z","user_id":"564077996639340003f83400","duration":14.666},{"created":"2015-11-17T04:37:16Z","user_id":"564aa1d36237610003c30400","duration":30.876}]}],"region":{"x":112.50150720147447,"y":726.8392163096561,"width":180.7608486495601,"height":97.33325157538002,"label":"Record Date","shape":"rectangle"},"task_key":"em_record_date","instructions":{"mark":"Record Date","transcribe":"Enter the record date"}},{"id":"56b176da50617568bb570e00","status":"complete","name":"Record Number","created_in_workflow":"transcribe","confidence":1.0,"data":{"value":"462"},"versions":[{"data":{"value":"462"},"votes":3,"confidence":1.0,"instances":[{"created":"2015-11-17T00:39:24Z","user_id":"564a733465323800038d1400","duration":4.245},{"created":"2015-11-17T00:40:14Z","user_id":"564a724a3164390003431c00","duration":11.057},{"created":"2015-11-17T01:41:48Z","user_id":"564a734431643900036d1c00","duration":3.873}]}],"region":{"x":942.9901614865163,"y":24.01729584327559,"width":147.8952398041855,"height":60.67527370932781,"label":"Record Number","shape":"rectangle"},"task_key":"em_record_number","instructions":{"mark":"Record Number","transcribe":"Enter the record number"}},{"id":"56b176da50617568bb580e00","status":"awaiting_votes","name":"Mortgager","created_in_workflow":"transcribe","confidence":0.6666666666666666,"data":{"value":"R. C. Sisters of Charity of Brooklyn"},"versions":[{"data":{"value":"R. C. Sisters of Charity of Brooklyn"},"votes":2,"confidence":0.6666666666666666,"instances":[{"created":"2015-11-17T00:42:40Z","user_id":"564a724a3164390003431c00","duration":17.628},{"created":"2015-11-17T01:31:54Z","user_id":"564a733465323800038d1400","duration":19.685}]},{"data":{"value":"R.C. Sisters of Charity of Brooklyn"},"votes":1,"confidence":0.3333333333333333,"instances":[{"created":"2015-11-17T01:42:12Z","user_id":"564a734431643900036d1c00","duration":10.446}]}],"region":{"x":451.2700906845661,"y":527.1164403497854,"width":544.8106697060168,"height":55.61900090021709,"label":"Mortgager Name","shape":"rectangle"},"task_key":"em_record_mortgager","instructions":{"mark":"Mortgager Name","transcribe":"Enter the mortgager's name"}},{"id":"56b176da50617568bb590e00","status":"awaiting_votes","name":"Street Address","created_in_workflow":"transcribe","confidence":0.3333333333333333,"data":{"value":"Willioughby \u0026 ---Avenue \u0026 Witherspoon St."},"versions":[{"data":{"value":"Willioughby \u0026 ---Avenue \u0026 Witherspoon St."},"votes":1,"confidence":0.3333333333333333,"instances":[{"created":"2015-11-16T21:50:01Z","user_id":"5649f5b33164390003d40b00","duration":19.374}]},{"data":{"value":"Willoughby \u0026 Yates Ave \u0026 Witherspoon St."},"votes":1,"confidence":0.3333333333333333,"instances":[{"created":"2015-11-17T00:43:20Z","user_id":"564a724a3164390003431c00","duration":40.043}]},{"data":{"value":"Willoughby \u0026 Yates Avenue # Witherspoon Street"},"votes":1,"confidence":0.3333333333333333,"instances":[{"created":"2015-11-17T01:08:57Z","user_id":"564a7c533164390003641d00","duration":27.352}]}],"region":{"x":480.34351389393595,"y":561.2462818112823,"width":587.7887735807374,"height":51.82679629338418,"label":"Street Address","shape":"rectangle"},"task_key":"em_record_street_address","instructions":{"mark":"Street Address","transcribe":"Enter the street address"}},{"id":"56b176da50617568bb5a0e00","status":"awaiting_transcriptions","name":"Land \u0026 Building Dimensions","created_in_workflow":"transcribe","confidence":0.3333333333333333,"data":{"em_survey_land_dimensions":"as above, about 50 lots","em_survey_building_dimensions":""},"versions":[{"data":{"em_survey_land_dimensions":"as above, about 50 lots","em_survey_building_dimensions":""},"votes":1,"confidence":0.3333333333333333,"instances":[{"created":"2015-11-17T00:08:27Z","user_id":"5647496e3562310003960400","duration":58.918}]}],"region":{"x":471.49508074325814,"y":611.8090099023888,"width":862.0902012517483,"height":78.37222854121512,"label":"Dimension \u0026 Description","shape":"rectangle"},"task_key":"em_record_survey","instructions":{"mark":"Dimension \u0026 Description","transcribe":"Enter, as they appear, any land and building dimensions that were recorded. In the next screen, you'll enter the descriptive information."}},{"id":"56b176da50617568bb5b0e00","status":"awaiting_transcriptions","name":"Stories \u0026 Materials","created_in_workflow":"transcribe","confidence":0.3333333333333333,"data":{"em_record_stories":"","em_record_material":"Stone, brick \u0026 slate"},"versions":[{"data":{"em_record_stories":"","em_record_material":"Stone, brick \u0026 slate"},"votes":1,"confidence":0.3333333333333333,"instances":[{"created":"2015-11-17T00:08:53Z","user_id":"5647496e3562310003960400","duration":26.512}]}],"region":{"x":471.49508074325814,"y":611.8090099023888,"width":862.0902012517483,"height":78.37222854121512,"label":"Dimension \u0026 Description","shape":"rectangle"},"task_key":"em_record_survey_stories_materials","instructions":{"mark":"Dimension \u0026 Description","transcribe":"Enter, as they appear, the number of stories and the building materials."}},{"id":"56b176da50617568bb5c0e00","status":"awaiting_transcriptions","name":"Additional Info","created_in_workflow":"transcribe","confidence":0.3333333333333333,"data":{"value":"St. Joseph's Female Orphan Asyum, Chapel"},"versions":[{"data":{"value":"St. Joseph's Female Orphan Asyum, Chapel"},"votes":1,"confidence":0.3333333333333333,"instances":[{"created":"2015-11-17T00:10:25Z","user_id":"5647496e3562310003960400","duration":90.974}]}],"region":{"x":471.49508074325814,"y":611.8090099023888,"width":862.0902012517483,"height":78.37222854121512,"label":"Dimension \u0026 Description","shape":"rectangle"},"task_key":"em_record_survey_additional_info","instructions":{"mark":"Dimension \u0026 Description","transcribe":"Enter any additional information you find about the building's construction or significance."}},{"id":"56b176da50617568bb5d0e00","status":"awaiting_votes","name":"Record Date","created_in_workflow":"transcribe","confidence":0.3333333333333333,"data":{"value":"1871 Feby 25"},"versions":[{"data":{"value":"1871 Feby 25"},"votes":1,"confidence":0.3333333333333333,"instances":[{"created":"2016-01-04T23:24:16Z","user_id":"568af39c6233660003640600","duration":14.085}]},{"data":{"value":"1871 February 25"},"votes":1,"confidence":0.3333333333333333,"instances":[{"created":"2016-01-05T01:14:11Z","user_id":"568b15be6233660003f90800","duration":7.429}]},{"data":{"value":"1897 February 25"},"votes":1,"confidence":0.3333333333333333,"instances":[{"created":"2016-01-05T15:52:35Z","user_id":"568be6ad6136360003d40000","duration":21.781}]}],"region":{"x":96.32981183134416,"y":78.69405165610937,"width":187.2375817331304,"height":97.68916757310129,"label":"Record Date","shape":"rectangle"},"task_key":"em_record_date","instructions":{"mark":"Record Date","transcribe":"Enter the record date"}},{"id":"56b176da50617568bb5e0e00","status":"awaiting_votes","name":"Record Date","created_in_workflow":"transcribe","confidence":0.6666666666666666,"data":{"value":"1874 Feby 2"},"versions":[{"data":{"value":"1874 Feby 2"},"votes":2,"confidence":0.6666666666666666,"instances":[{"created":"2016-01-27T23:42:23Z","user_id":"56a948a83038370003a50000","duration":10.734},{"created":"2016-01-28T02:55:15Z","user_id":"568ae6fe32373500039f0700","duration":11.127}]},{"data":{"value":"1874 July 2"},"votes":1,"confidence":0.3333333333333333,"instances":[{"created":"2016-01-28T14:45:03Z","user_id":"56aa288630383700037c0700","duration":63.801}]}],"region":{"x":110.45099330988832,"y":167.48994695361483,"width":175.40884111088207,"height":98.4569282767871,"label":"Record Date","shape":"rectangle"},"task_key":"em_record_date","instructions":{"mark":"Record Date","transcribe":"Enter the record date"}},{"id":"56b176da50617568bb5f0e00","status":"awaiting_transcriptions","name":"Valuation Date","created_in_workflow":"transcribe","confidence":0.3333333333333333,"data":{"value":"1879 November"},"versions":[{"data":{"value":"1879 November"},"votes":1,"confidence":0.3333333333333333,"instances":[{"created":"2016-01-27T23:43:48Z","user_id":"56a948a83038370003a50000","duration":8.93}]}],"region":{"x":130.82105227760366,"y":740.4074175297466,"width":658.6319066227959,"height":72.42808516913067,"label":"Valuation","shape":"rectangle"},"task_key":"em_record_valuation","instructions":{"mark":"Valuation","transcribe":"Enter the date of the valuation (if one is given). In the next screen, you'll enter the valuation's dollar amounts."}},{"id":"56b176da50617568bb600e00","status":"awaiting_transcriptions","name":"Land \u0026 Building Value","created_in_workflow":"transcribe","confidence":0.3333333333333333,"data":{"em_valuation_ground":""},"versions":[{"data":{"em_valuation_ground":""},"votes":1,"confidence":0.3333333333333333,"instances":[{"created":"2016-01-27T23:43:48Z","user_id":"56a948a83038370003a50000","duration":0.721}]}],"region":{"x":130.82105227760366,"y":740.4074175297466,"width":658.6319066227959,"height":72.42808516913067,"label":"Valuation","shape":"rectangle"},"task_key":"em_record_valuation_ground_building","instructions":{"mark":"Valuation","transcribe":"Sometimes valuations include itemized dollar values for \"ground\" and \"building\". Enter these amounts if you can find them. In the next screen, you'll enter the total valuation."}},{"id":"56b176da50617568bb610e00","status":"awaiting_transcriptions","name":"Total Value","created_in_workflow":"transcribe","confidence":0.3333333333333333,"data":{"value":"$160,000."},"versions":[{"data":{"value":"$160,000."},"votes":1,"confidence":0.3333333333333333,"instances":[{"created":"2016-01-27T23:43:55Z","user_id":"56a948a83038370003a50000","duration":7.084}]}],"region":{"x":130.82105227760366,"y":740.4074175297466,"width":658.6319066227959,"height":72.42808516913067,"label":"Valuation","shape":"rectangle"},"task_key":"em_record_valuation_total","instructions":{"mark":"Valuation","transcribe":"Enter the valuation ***total*** (if one is given)"}},{"id":"56b176da50617568bb620e00","status":"awaiting_transcriptions","name":"Valuation Date","created_in_workflow":"transcribe","confidence":0.3333333333333333,"data":{"value":"1879 November "},"versions":[{"data":{"value":"1879 November "},"votes":1,"confidence":0.3333333333333333,"instances":[{"created":"2015-11-17T00:12:15Z","user_id":"5647496e3562310003960400","duration":13.334}]}],"region":{"x":321.0717171817361,"y":755.9127849620423,"width":475.2872663792629,"height":56.8830691024948,"label":"Valuation","shape":"rectangle"},"task_key":"em_record_valuation","instructions":{"mark":"Valuation","transcribe":"Enter the date of the valuation (if one is given). In the next screen, you'll enter the valuation's dollar amounts."}},{"id":"56b176da50617568bb630e00","status":"awaiting_transcriptions","name":"Land \u0026 Building Value","created_in_workflow":"transcribe","confidence":0.3333333333333333,"data":{"em_valuation_ground":""},"versions":[{"data":{"em_valuation_ground":""},"votes":1,"confidence":0.3333333333333333,"instances":[{"created":"2015-11-17T00:12:19Z","user_id":"5647496e3562310003960400","duration":4.478}]}],"region":{"x":321.0717171817361,"y":755.9127849620423,"width":475.2872663792629,"height":56.8830691024948,"label":"Valuation","shape":"rectangle"},"task_key":"em_record_valuation_ground_building","instructions":{"mark":"Valuation","transcribe":"Sometimes valuations include itemized dollar values for \"ground\" and \"building\". Enter these amounts if you can find them. In the next screen, you'll enter the total valuation."}},{"id":"56b176da50617568bb640e00","status":"awaiting_transcriptions","name":"Total Value","created_in_workflow":"transcribe","confidence":0.3333333333333333,"data":{"value":"$160,000."},"versions":[{"data":{"value":"$160,000."},"votes":1,"confidence":0.3333333333333333,"instances":[{"created":"2015-11-17T00:12:28Z","user_id":"5647496e3562310003960400","duration":9.039}]}],"region":{"x":321.0717171817361,"y":755.9127849620423,"width":475.2872663792629,"height":56.8830691024948,"label":"Valuation","shape":"rectangle"},"task_key":"em_record_valuation_total","instructions":{"mark":"Valuation","transcribe":"Enter the valuation ***total*** (if one is given)"}},{"id":"56b176da50617568bb650e00","status":"awaiting_votes","name":"Amount Loaned","created_in_workflow":"transcribe","confidence":0.5,"data":{"value":"$80000"},"versions":[{"data":{"value":"$80000"},"votes":2,"confidence":0.5,"instances":[{"created":"2015-11-17T01:42:26Z","user_id":"564a734431643900036d1c00","duration":5.095},{"created":"2015-11-17T01:51:23Z","user_id":"564a733465323800038d1400","duration":17.422}]},{"data":{"value":"$80,000"},"votes":1,"confidence":0.25,"instances":[{"created":"2015-11-17T01:10:35Z","user_id":"564a7c533164390003641d00","duration":9.912}]},{"data":{"value":"80000"},"votes":1,"confidence":0.25,"instances":[{"created":"2015-11-16T21:50:16Z","user_id":"5649f5b33164390003d40b00","duration":2.694}]}],"region":{"x":1162.9369283747922,"y":709.1422614777688,"width":159.27179671219983,"height":66.99561472071616,"label":"Amount Loaned","shape":"rectangle"},"task_key":"em_record_amount_loaned","instructions":{"mark":"Amount Loaned","transcribe":"Enter the Amount Loaned"}}]}]}