{"id":"56b100917061755afbd60f00","meta_data":{"capture_uuid":"e24f79c0-00b1-0133-00cb-58d385a7bbd0","page_uri":"http://digitalcollections.nypl.org/items/e24f79c0-00b1-0133-00cb-58d385a7bbd0","book_uri":"http://digitalcollections.nypl.org/items/df712aa0-00b1-0133-fbd7-58d385a7bbd0","source_rotated":"0.923143","source_x":"0","source_y":"0","source_w":"1374.82","source_h":"984.9599999999999"},"type":"final_subject_set","search_terms_by_field":{"Record Number":["468"],"Mortgager":["Sylvester Murphy"],"Street Address":["N0. 328. E. 52.d Street"],"Land \u0026 Building Dimensions":["21'6\" x 100'5\"","21'6\" x 54'"],"Stories \u0026 Materials":["3","Brick and stone with basement"],"Additional Info":[],"Record Date":["1871 May 8","1879 november"],"Valuation Date":["1879 November","12000"],"Total Value":["12000","12000"],"Land \u0026 Building Value":[],"Amount Loaned":["$6000."]},"subjects":[{"id":"56b176de50617568bba80e00","type":"root","location":{"standard":"https://s3.amazonaws.com/scribe.nypl.org/emigrant-s4/full/e24f79c0-00b1-0133-00cb-58d385a7bbd0.left-top.jpg","thumbnail":"https://s3.amazonaws.com/scribe.nypl.org/emigrant-s4/thumb/e24f79c0-00b1-0133-00cb-58d385a7bbd0.left-top.jpg"},"status":"retired","width":1374,"height":984,"meta_data":{"capture_uuid":"e24f79c0-00b1-0133-00cb-58d385a7bbd0","page_uri":"http://digitalcollections.nypl.org/items/e24f79c0-00b1-0133-00cb-58d385a7bbd0","book_uri":"http://digitalcollections.nypl.org/items/df712aa0-00b1-0133-fbd7-58d385a7bbd0","source_rotated":"0.923143","source_x":"0","source_y":"0","source_w":"1374.82","source_h":"984.9599999999999"},"assertions":[{"id":"56b176de50617568bba90e00","status":"complete","name":"Record Number","created_in_workflow":"transcribe","confidence":1.0,"data":{"value":"468"},"versions":[{"data":{"value":"468"},"votes":3,"confidence":1.0,"instances":[{"created":"2015-12-11T15:10:48Z","user_id":"566adfa33666650003f20e00","duration":3.385},{"created":"2015-12-11T18:49:26Z","user_id":"566b18ed3930640003a00000","duration":10.415},{"created":"2015-12-11T19:43:13Z","user_id":"564b62033863320003ba0500","duration":4.961}]}],"region":{"x":929.5318181818182,"y":16.65444323572163,"width":129.0727272727272,"height":64.53596753842132,"label":"Record Number","shape":"rectangle"},"task_key":"em_record_number","instructions":{"mark":"Record Number","transcribe":"Enter the record number"}},{"id":"56b176de50617568bbaa0e00","status":"complete","name":"Mortgager","created_in_workflow":"transcribe","confidence":1.0,"data":{"value":"Sylvester Murphy"},"versions":[{"data":{"value":"Sylvester Murphy"},"votes":3,"confidence":1.0,"instances":[{"created":"2015-12-11T15:12:31Z","user_id":"566adfa33666650003f20e00","duration":15.722},{"created":"2015-12-11T18:51:40Z","user_id":"566b18ed3930640003a00000","duration":16.996},{"created":"2015-12-11T19:15:15Z","user_id":"566b1f683832340003010500","duration":13.234}]}],"region":{"x":373.68636363636347,"y":531.9012808408595,"width":364.31818181818187,"height":69.74048104958433,"label":"Mortgager Name","shape":"rectangle"},"task_key":"em_record_mortgager","instructions":{"mark":"Mortgager Name","transcribe":"Enter the mortgager's name"}},{"id":"56b176de50617568bbab0e00","status":"awaiting_votes","name":"Street Address","created_in_workflow":"transcribe","confidence":0.3333333333333333,"data":{"value":"N0. 328. E. 52.d Street"},"versions":[{"data":{"value":"N0. 328. E. 52.d Street"},"votes":1,"confidence":0.3333333333333333,"instances":[{"created":"2015-12-11T18:52:28Z","user_id":"566b18ed3930640003a00000","duration":47.987}]},{"data":{"value":"No 328 E. 52d Street"},"votes":1,"confidence":0.3333333333333333,"instances":[{"created":"2015-12-11T19:15:30Z","user_id":"566b1f683832340003010500","duration":16.024}]},{"data":{"value":"No. 328. E. 52d Street"},"votes":1,"confidence":0.3333333333333333,"instances":[{"created":"2015-12-11T19:44:13Z","user_id":"564b62033863320003ba0500","duration":9.135}]}],"region":{"x":449.6727272727273,"y":578.7419024413267,"width":374.7272727272727,"height":52.04513511163009,"label":"Street Address","shape":"rectangle"},"task_key":"em_record_street_address","instructions":{"mark":"Street Address","transcribe":"Enter the street address"}},{"id":"56b176de50617568bbac0e00","status":"awaiting_transcriptions","name":"Land \u0026 Building Dimensions","created_in_workflow":"transcribe","confidence":0.3333333333333333,"data":{"em_survey_land_dimensions":"21'6\" x 100'5\"","em_survey_building_dimensions":"21'6\" x 54'"},"versions":[{"data":{"em_survey_land_dimensions":"21'6\" x 100'5\"","em_survey_building_dimensions":"21'6\" x 54'"},"votes":1,"confidence":0.3333333333333333,"instances":[{"created":"2015-12-11T16:40:51Z","user_id":"566ad47a36666500036b0e00","duration":60.304}]},{"data":{"em_survey_land_dimensions":"21.6x100.0","em_survey_building_dimensions":"21.6x54"},"votes":1,"confidence":0.3333333333333333,"instances":[{"created":"2015-12-11T19:03:49Z","user_id":"566b1cd23832340003c10400","duration":17.949}]}],"region":{"x":417.4045454545454,"y":615.1734970194677,"width":630.7909090909092,"height":86.39492428530593,"label":"Dimension \u0026 Description","shape":"rectangle"},"task_key":"em_record_survey","instructions":{"mark":"Dimension \u0026 Description","transcribe":"Enter, as they appear, any land and building dimensions that were recorded. In the next screen, you'll enter the descriptive information."}},{"id":"56b176de50617568bbad0e00","status":"awaiting_transcriptions","name":"Stories \u0026 Materials","created_in_workflow":"transcribe","confidence":0.3333333333333333,"data":{"em_record_stories":"3","em_record_material":"Brick and stone with basement"},"versions":[{"data":{"em_record_stories":"3","em_record_material":"Brick and stone with basement"},"votes":1,"confidence":0.3333333333333333,"instances":[{"created":"2015-12-11T16:41:16Z","user_id":"566ad47a36666500036b0e00","duration":26.7}]},{"data":{"em_record_stories":"3","em_record_material":"B.S.F home and basement"},"votes":1,"confidence":0.3333333333333333,"instances":[{"created":"2015-12-11T19:04:03Z","user_id":"566b1cd23832340003c10400","duration":13.888}]}],"region":{"x":417.4045454545454,"y":615.1734970194677,"width":630.7909090909092,"height":86.39492428530593,"label":"Dimension \u0026 Description","shape":"rectangle"},"task_key":"em_record_survey_stories_materials","instructions":{"mark":"Dimension \u0026 Description","transcribe":"Enter, as they appear, the number of stories and the building materials."}},{"id":"56b176de50617568bbae0e00","status":"awaiting_transcriptions","name":"Additional Info","created_in_workflow":"transcribe","confidence":0.3333333333333333,"data":{"value":""},"versions":[{"data":{"value":""},"votes":1,"confidence":0.3333333333333333,"instances":[{"created":"2015-12-11T19:04:04Z","user_id":"566b1cd23832340003c10400","duration":0.79}]}],"region":{"x":417.4045454545454,"y":615.1734970194677,"width":630.7909090909092,"height":86.39492428530593,"label":"Dimension \u0026 Description","shape":"rectangle"},"task_key":"em_record_survey_additional_info","instructions":{"mark":"Dimension \u0026 Description","transcribe":"Enter any additional information you find about the building's construction or significance."}},{"id":"56b176de50617568bbaf0e00","status":"complete","name":"Record Date","created_in_workflow":"transcribe","confidence":1.0,"data":{"value":"1871 May 8"},"versions":[{"data":{"value":"1871 May 8"},"votes":3,"confidence":1.0,"instances":[{"created":"2015-12-11T15:11:05Z","user_id":"566adfa33666650003f20e00","duration":4.974},{"created":"2015-12-11T16:11:11Z","user_id":"566ad47a36666500036b0e00","duration":23.564},{"created":"2015-12-11T18:49:52Z","user_id":"566b18ed3930640003a00000","duration":11.341}]}],"region":{"x":39.554545454545455,"y":82.23131347637555,"width":197.77272727272725,"height":116.58110265005142,"label":"Record Date","shape":"rectangle"},"task_key":"em_record_date","instructions":{"mark":"Record Date","transcribe":"Enter the record date"}},{"id":"56b176de50617568bbb00e00","status":"awaiting_transcriptions","name":"Record Date","created_in_workflow":"transcribe","confidence":0.3333333333333333,"data":{"value":"1879 november"},"versions":[{"data":{"value":"1879 november"},"votes":1,"confidence":0.3333333333333333,"instances":[{"created":"2016-01-27T23:41:44Z","user_id":"56a951fe3038370003e30100","duration":17.551}]}],"region":{"x":520.6901562487591,"y":898.0732394366197,"width":15.0,"height":15.0,"label":"Record Date","shape":"rectangle"},"task_key":"em_record_date","instructions":{"mark":"Record Date","transcribe":"Enter the record date"}},{"id":"56b176de50617568bbb10e00","status":"awaiting_transcriptions","name":"Valuation Date","created_in_workflow":"transcribe","confidence":0.3333333333333333,"data":{"value":"1879 November"},"versions":[{"data":{"value":"1879 November"},"votes":1,"confidence":0.3333333333333333,"instances":[{"created":"2016-01-25T21:37:48Z","user_id":"56a69a4865366600032a0300","duration":8.95}]}],"region":{"x":54.298972141014225,"y":734.2346997800331,"width":724.9237114951715,"height":98.43001410094655,"label":"Valuation","shape":"rectangle"},"task_key":"em_record_valuation","instructions":{"mark":"Valuation","transcribe":"Enter the date of the valuation (if one is given). In the next screen, you'll enter the valuation's dollar amounts."}},{"id":"56b176de50617568bbb20e00","status":"awaiting_transcriptions","name":"Total Value","created_in_workflow":"transcribe","confidence":0.3333333333333333,"data":{"value":"12000"},"versions":[{"data":{"value":"12000"},"votes":1,"confidence":0.3333333333333333,"instances":[{"created":"2016-01-25T21:37:57Z","user_id":"56a69a4865366600032a0300","duration":4.156}]}],"region":{"x":54.298972141014225,"y":734.2346997800331,"width":724.9237114951715,"height":98.43001410094655,"label":"Valuation","shape":"rectangle"},"task_key":"em_record_valuation_total","instructions":{"mark":"Valuation","transcribe":"Enter the valuation ***total*** (if one is given)"}},{"id":"56b176de50617568bbb30e00","status":"awaiting_transcriptions","name":"Valuation Date","created_in_workflow":"transcribe","confidence":0.3333333333333333,"data":{"value":"12000"},"versions":[{"data":{"value":"12000"},"votes":1,"confidence":0.3333333333333333,"instances":[{"created":"2015-12-11T16:42:13Z","user_id":"566ad47a36666500036b0e00","duration":8.226}]}],"region":{"x":247.73636363636362,"y":773.3907077588233,"width":567.2954545454545,"height":65.57687024065388,"label":"Valuation","shape":"rectangle"},"task_key":"em_record_valuation","instructions":{"mark":"Valuation","transcribe":"Enter the date of the valuation (if one is given). In the next screen, you'll enter the valuation's dollar amounts."}},{"id":"56b176de50617568bbb40e00","status":"awaiting_transcriptions","name":"Land \u0026 Building Value","created_in_workflow":"transcribe","confidence":0.3333333333333333,"data":{"em_valuation_ground":""},"versions":[{"data":{"em_valuation_ground":""},"votes":1,"confidence":0.3333333333333333,"instances":[{"created":"2015-12-11T16:42:23Z","user_id":"566ad47a36666500036b0e00","duration":9.614}]}],"region":{"x":247.73636363636362,"y":773.3907077588233,"width":567.2954545454545,"height":65.57687024065388,"label":"Valuation","shape":"rectangle"},"task_key":"em_record_valuation_ground_building","instructions":{"mark":"Valuation","transcribe":"Sometimes valuations include itemized dollar values for \"ground\" and \"building\". Enter these amounts if you can find them. In the next screen, you'll enter the total valuation."}},{"id":"56b176de50617568bbb50e00","status":"awaiting_transcriptions","name":"Total Value","created_in_workflow":"transcribe","confidence":0.3333333333333333,"data":{"value":"12000"},"versions":[{"data":{"value":"12000"},"votes":1,"confidence":0.3333333333333333,"instances":[{"created":"2015-12-11T16:42:29Z","user_id":"566ad47a36666500036b0e00","duration":5.705}]}],"region":{"x":247.73636363636362,"y":773.3907077588233,"width":567.2954545454545,"height":65.57687024065388,"label":"Valuation","shape":"rectangle"},"task_key":"em_record_valuation_total","instructions":{"mark":"Valuation","transcribe":"Enter the valuation ***total*** (if one is given)"}},{"id":"56b176de50617568bbb60e00","status":"awaiting_votes","name":"Amount Loaned","created_in_workflow":"transcribe","confidence":0.6666666666666666,"data":{"value":"$6000."},"versions":[{"data":{"value":"$6000."},"votes":2,"confidence":0.6666666666666666,"instances":[{"created":"2015-12-11T18:52:39Z","user_id":"566b18ed3930640003a00000","duration":10.614},{"created":"2015-12-11T19:44:42Z","user_id":"564b62033863320003ba0500","duration":6.007}]},{"data":{"value":"$6,000"},"votes":1,"confidence":0.3333333333333333,"instances":[{"created":"2015-12-11T19:16:20Z","user_id":"566b1f683832340003010500","duration":16.58}]}],"region":{"x":1116.8954545454544,"y":721.3455726471932,"width":140.52272727272748,"height":86.39492428530593,"label":"Amount Loaned","shape":"rectangle"},"task_key":"em_record_amount_loaned","instructions":{"mark":"Amount Loaned","transcribe":"Enter the Amount Loaned"}}]}]}