{"id":"56b0ffef7061755afbe70300","meta_data":{"capture_uuid":"e061e860-00b1-0133-0490-58d385a7bbd0","page_uri":"http://digitalcollections.nypl.org/items/e061e860-00b1-0133-0490-58d385a7bbd0","book_uri":"http://digitalcollections.nypl.org/items/df712aa0-00b1-0133-fbd7-58d385a7bbd0","source_rotated":"-0.391664","source_x":"1209.75","source_y":"0","source_w":"1364.25","source_h":"995.1899999999999"},"type":"final_subject_set","search_terms_by_field":{},"subjects":[{"id":"56b1763650617568bb750300","type":"root","location":{"standard":"https://s3.amazonaws.com/scribe.nypl.org/emigrant-s4/full/e061e860-00b1-0133-0490-58d385a7bbd0.right-top.jpg","thumbnail":"https://s3.amazonaws.com/scribe.nypl.org/emigrant-s4/thumb/e061e860-00b1-0133-0490-58d385a7bbd0.right-top.jpg"},"status":"retired","width":1364,"height":995,"meta_data":{"capture_uuid":"e061e860-00b1-0133-0490-58d385a7bbd0","page_uri":"http://digitalcollections.nypl.org/items/e061e860-00b1-0133-0490-58d385a7bbd0","book_uri":"http://digitalcollections.nypl.org/items/df712aa0-00b1-0133-fbd7-58d385a7bbd0","source_rotated":"-0.391664","source_x":"1209.75","source_y":"0","source_w":"1364.25","source_h":"995.1899999999999"},"assertions":[]}]}