{"id":"56b100ee7061755afbaa1600","meta_data":{"capture_uuid":"e38ae1d0-00b1-0133-2ced-58d385a7bbd0","page_uri":"http://digitalcollections.nypl.org/items/e38ae1d0-00b1-0133-2ced-58d385a7bbd0","book_uri":"http://digitalcollections.nypl.org/items/df712aa0-00b1-0133-fbd7-58d385a7bbd0","source_rotated":"0.699377","source_x":"1215.42","source_y":"0","source_w":"1370.58","source_h":"996.66"},"type":"final_subject_set","search_terms_by_field":{"Record Number":["626"],"Mortgager":["Martin Delany"],"Street Address":[],"Land \u0026 Building Dimensions":["about 4 lots"],"Stories \u0026 Materials":["2","Frame"],"Additional Info":["Frame store, saloon, \u0026 dwelling with frame barn \u0026 stables"],"Record Date":["1872 October 11   1875 May 10"],"Valuation Date":["1879 November","1879 November"],"Land \u0026 Building Value":["$6000","$3000"],"Total Value":["$6000","6,000"],"Amount Loaned":["$3000"]},"subjects":[{"id":"56b1773c50617568bb0a1500","type":"root","location":{"standard":"https://s3.amazonaws.com/scribe.nypl.org/emigrant-s4/full/e38ae1d0-00b1-0133-2ced-58d385a7bbd0.right-top.jpg","thumbnail":"https://s3.amazonaws.com/scribe.nypl.org/emigrant-s4/thumb/e38ae1d0-00b1-0133-2ced-58d385a7bbd0.right-top.jpg"},"status":"active","width":1370,"height":996,"meta_data":{"capture_uuid":"e38ae1d0-00b1-0133-2ced-58d385a7bbd0","page_uri":"http://digitalcollections.nypl.org/items/e38ae1d0-00b1-0133-2ced-58d385a7bbd0","book_uri":"http://digitalcollections.nypl.org/items/df712aa0-00b1-0133-fbd7-58d385a7bbd0","source_rotated":"0.699377","source_x":"1215.42","source_y":"0","source_w":"1370.58","source_h":"996.66"},"assertions":[{"id":"56b1773c50617568bb0b1500","status":"complete","name":"Record Number","created_in_workflow":"transcribe","confidence":1.0,"data":{"value":"626"},"versions":[{"data":{"value":"626"},"votes":3,"confidence":1.0,"instances":[{"created":"2015-11-11T00:08:40Z","user_id":"5641537261616500034e4f00","duration":3.016},{"created":"2015-11-11T01:55:57Z","user_id":"56429aa13564380003aa0500","duration":4.142},{"created":"2015-11-11T02:07:58Z","user_id":"563f8b7a3264340003774b00","duration":24.649}]}],"region":{"x":967.7026399308259,"y":25.370746268656717,"width":105.10738148831115,"height":61.614669509594876,"label":"Record Number","shape":"rectangle"},"task_key":"em_record_number","instructions":{"mark":"Record Number","transcribe":"Enter the record number"}},{"id":"56b1773c50617568bb0c1500","status":"complete","name":"Mortgager","created_in_workflow":"transcribe","confidence":1.0,"data":{"value":"Martin Delany"},"versions":[{"data":{"value":"Martin Delany"},"votes":3,"confidence":1.0,"instances":[{"created":"2015-11-11T02:00:43Z","user_id":"563f8b7a3264340003774b00","duration":11.49},{"created":"2015-11-11T02:36:01Z","user_id":"564175bb6161650003536a00","duration":5.418},{"created":"2015-11-11T04:30:28Z","user_id":"5642b89c35643800037e0f00","duration":13.156}]}],"region":{"x":404.1096116055714,"y":530.9734754797441,"width":291.76359344169117,"height":65.23906183368865,"label":"Mortgager Name","shape":"rectangle"},"task_key":"em_record_mortgager","instructions":{"mark":"Mortgager Name","transcribe":"Enter the mortgager's name"}},{"id":"56b1773c50617568bb0d1500","status":"awaiting_votes","name":"Street Address","created_in_workflow":"transcribe","confidence":0.3333333333333333,"data":{"value":""},"versions":[{"data":{"value":""},"votes":1,"confidence":0.3333333333333333,"instances":[{"created":"2015-11-11T01:54:42Z","user_id":"56429aa13564380003aa0500","duration":11.75}]},{"data":{"value":"Fork of Roads leading to Williams Bridge and West Farms"},"votes":1,"confidence":0.3333333333333333,"instances":[{"created":"2015-11-11T02:05:47Z","user_id":"563f8b7a3264340003774b00","duration":283.989}]},{"data":{"value":"of Roads leading to Wms. Bridge and West Farms"},"votes":1,"confidence":0.3333333333333333,"instances":[{"created":"2015-11-11T02:18:17Z","user_id":"564289833564380003a50200","duration":459.008}]}],"region":{"x":458.47549858228405,"y":574.46618336887,"width":697.6955495344789,"height":52.553688699360286,"label":"Street Address","shape":"rectangle"},"task_key":"em_record_street_address","instructions":{"mark":"Street Address","transcribe":"Enter the street address"}},{"id":"56b1773c50617568bb0e1500","status":"awaiting_votes","name":"Land \u0026 Building Dimensions","created_in_workflow":"transcribe","confidence":0.3333333333333333,"data":{"em_survey_land_dimensions":"about 4 lots"},"versions":[{"data":{"em_survey_land_dimensions":"about 4 lots"},"votes":1,"confidence":0.3333333333333333,"instances":[{"created":"2015-11-11T03:17:06Z","user_id":"563f8b7a3264340003774b00","duration":43.676}]},{"data":{"em_survey_land_dimensions":"1 about 4 lofts"},"votes":1,"confidence":0.3333333333333333,"instances":[{"created":"2015-11-11T04:32:42Z","user_id":"5642b89c35643800037e0f00","duration":88.965}]},{"data":{"em_survey_land_dimensions":"about 4 lots","em_survey_building_dimensions":"2 Story frame store, Saloon \u0026 dwelling with frame Barn \u0026 Half"},"votes":1,"confidence":0.3333333333333333,"instances":[{"created":"2015-11-11T04:44:36Z","user_id":"5642c7b43564380003561300","duration":172.708}]}],"region":{"x":463.9120872799553,"y":617.9588912579957,"width":811.8639121855754,"height":94.2342004264392,"label":"Dimension \u0026 Description","shape":"rectangle"},"task_key":"em_record_survey","instructions":{"mark":"Dimension \u0026 Description","transcribe":"Enter, as they appear, any land and building dimensions that were recorded. In the next screen, you'll enter the descriptive information."}},{"id":"56b1773c50617568bb0f1500","status":"awaiting_votes","name":"Stories \u0026 Materials","created_in_workflow":"transcribe","confidence":0.3333333333333333,"data":{"em_record_stories":"2","em_record_material":"Frame"},"versions":[{"data":{"em_record_stories":"2","em_record_material":"Frame"},"votes":1,"confidence":0.3333333333333333,"instances":[{"created":"2015-11-11T03:19:04Z","user_id":"563f8b7a3264340003774b00","duration":116.996}]},{"data":{"em_record_stories":"2","em_record_material":""},"votes":1,"confidence":0.3333333333333333,"instances":[{"created":"2015-11-11T04:38:28Z","user_id":"5642b89c35643800037e0f00","duration":345.969}]},{"data":{"em_record_stories":"2"},"votes":1,"confidence":0.3333333333333333,"instances":[{"created":"2015-11-11T04:45:03Z","user_id":"5642c7b43564380003561300","duration":26.81}]}],"region":{"x":463.9120872799553,"y":617.9588912579957,"width":811.8639121855754,"height":94.2342004264392,"label":"Dimension \u0026 Description","shape":"rectangle"},"task_key":"em_record_survey_stories_materials","instructions":{"mark":"Dimension \u0026 Description","transcribe":"Enter, as they appear, the number of stories and the building materials."}},{"id":"56b1773c50617568bb101500","status":"awaiting_transcriptions","name":"Additional Info","created_in_workflow":"transcribe","confidence":0.3333333333333333,"data":{"value":"Frame store, saloon, \u0026 dwelling with frame barn \u0026 stables"},"versions":[{"data":{"value":"Frame store, saloon, \u0026 dwelling with frame barn \u0026 stables"},"votes":1,"confidence":0.3333333333333333,"instances":[{"created":"2015-11-11T03:20:23Z","user_id":"563f8b7a3264340003774b00","duration":79.096}]},{"data":{"value":"Salon \u0026 dwelling with frame Barn \u0026 Study"},"votes":1,"confidence":0.3333333333333333,"instances":[{"created":"2015-11-11T04:39:07Z","user_id":"5642b89c35643800037e0f00","duration":38.973}]}],"region":{"x":463.9120872799553,"y":617.9588912579957,"width":811.8639121855754,"height":94.2342004264392,"label":"Dimension \u0026 Description","shape":"rectangle"},"task_key":"em_record_survey_additional_info","instructions":{"mark":"Dimension \u0026 Description","transcribe":"Enter any additional information you find about the building's construction or significance."}},{"id":"56b1773c50617568bb111500","status":"awaiting_votes","name":"Record Date","created_in_workflow":"verify","confidence":0.6666666666666666,"data":{"value":"1872 October 11   1875 May 10"},"versions":[{"data":{"value":"1872 October 11   1875 May 10"},"votes":2,"confidence":0.6666666666666666,"instances":[{"created":"2015-11-19T23:05:20Z","user_id":"564e51b86438310003d10b00","duration":12.296},{"created":"2015-11-19T23:28:13Z","user_id":"563bfc7535326200037f3900","duration":78.062}]},{"data":{"value":"1872 Oct 11, 1875 May 10"},"votes":1,"confidence":0.3333333333333333,"instances":[{"created":"2015-11-19T23:36:45Z","user_id":"563cbf4b65326200030e0d00","duration":62.442}]}],"region":{"x":104.33876269180983,"y":89.43673469387755,"width":188.35916435559807,"height":172.09795918367348,"label":"Record Date","shape":"rectangle"},"task_key":"em_transcribed_date","instructions":{"mark":"Record Date","transcribe":"Enter the record date","verify":"Choose the best transcription or enter your own!"}},{"id":"56b1773c50617568bb121500","status":"awaiting_transcriptions","name":"Valuation Date","created_in_workflow":"transcribe","confidence":0.6666666666666666,"data":{"value":"1879 November"},"versions":[{"data":{"value":"1879 November"},"votes":2,"confidence":0.6666666666666666,"instances":[{"created":"2015-11-19T23:29:24Z","user_id":"564e54173964660003ec0b00","duration":17.007},{"created":"2015-11-19T23:32:58Z","user_id":"564e5a493964660003ba0c00","duration":18.32}]}],"region":{"x":96.20815128077682,"y":733.1102040816327,"width":668.0652376065457,"height":102.98775510204086,"label":"Valuation","shape":"rectangle"},"task_key":"em_record_valuation","instructions":{"mark":"Valuation","transcribe":"Enter the date of the valuation (if one is given). In the next screen, you'll enter the valuation's dollar amounts."}},{"id":"56b1773c50617568bb131500","status":"awaiting_transcriptions","name":"Land \u0026 Building Value","created_in_workflow":"transcribe","confidence":0.3333333333333333,"data":{"em_valuation_ground":"$6000"},"versions":[{"data":{"em_valuation_ground":"$6000"},"votes":1,"confidence":0.3333333333333333,"instances":[{"created":"2015-11-19T23:29:39Z","user_id":"564e54173964660003ec0b00","duration":15.156}]},{"data":{"em_valuation_ground":"","em_valuation_building":"$6000"},"votes":1,"confidence":0.3333333333333333,"instances":[{"created":"2015-11-19T23:33:22Z","user_id":"564e5a493964660003ba0c00","duration":24.058}]}],"region":{"x":96.20815128077682,"y":733.1102040816327,"width":668.0652376065457,"height":102.98775510204086,"label":"Valuation","shape":"rectangle"},"task_key":"em_record_valuation_ground_building","instructions":{"mark":"Valuation","transcribe":"Sometimes valuations include itemized dollar values for \"ground\" and \"building\". Enter these amounts if you can find them. In the next screen, you'll enter the total valuation."}},{"id":"56b1773c50617568bb141500","status":"awaiting_transcriptions","name":"Total Value","created_in_workflow":"transcribe","confidence":0.6666666666666666,"data":{"value":"$6000"},"versions":[{"data":{"value":"$6000"},"votes":2,"confidence":0.6666666666666666,"instances":[{"created":"2015-11-19T23:29:48Z","user_id":"564e54173964660003ec0b00","duration":8.648},{"created":"2015-11-19T23:33:29Z","user_id":"564e5a493964660003ba0c00","duration":7.193}]}],"region":{"x":96.20815128077682,"y":733.1102040816327,"width":668.0652376065457,"height":102.98775510204086,"label":"Valuation","shape":"rectangle"},"task_key":"em_record_valuation_total","instructions":{"mark":"Valuation","transcribe":"Enter the valuation ***total*** (if one is given)"}},{"id":"56b1773c50617568bb151500","status":"awaiting_transcriptions","name":"Valuation Date","created_in_workflow":"transcribe","confidence":0.3333333333333333,"data":{"value":"1879 November"},"versions":[{"data":{"value":"1879 November"},"votes":1,"confidence":0.3333333333333333,"instances":[{"created":"2015-11-11T03:09:48Z","user_id":"5642adc13564380003a90b00","duration":12.536}]},{"data":{"value":"1872 October 11 1875 May 10"},"votes":1,"confidence":0.3333333333333333,"instances":[{"created":"2015-11-11T04:42:53Z","user_id":"5642c20335643800030f1200","duration":60.802}]}],"region":{"x":1154.358851884206,"y":690.446737739872,"width":141.35130613945284,"height":59.802473347548016,"label":"Valuation","shape":"rectangle"},"task_key":"em_record_valuation","instructions":{"mark":"Valuation","transcribe":"Enter the date of the valuation (if one is given). In the next screen, you'll enter the valuation's dollar amounts."}},{"id":"56b1773c50617568bb161500","status":"awaiting_transcriptions","name":"Total Value","created_in_workflow":"transcribe","confidence":0.3333333333333333,"data":{"value":"6,000"},"versions":[{"data":{"value":"6,000"},"votes":1,"confidence":0.3333333333333333,"instances":[{"created":"2015-11-11T03:10:04Z","user_id":"5642adc13564380003a90b00","duration":4.336}]},{"data":{"value":"3000"},"votes":1,"confidence":0.3333333333333333,"instances":[{"created":"2015-11-11T04:39:50Z","user_id":"5642b89c35643800037e0f00","duration":2.916}]}],"region":{"x":1154.358851884206,"y":690.446737739872,"width":141.35130613945284,"height":59.802473347548016,"label":"Valuation","shape":"rectangle"},"task_key":"em_record_valuation_total","instructions":{"mark":"Valuation","transcribe":"Enter the valuation ***total*** (if one is given)"}},{"id":"56b1773c50617568bb171500","status":"awaiting_transcriptions","name":"Land \u0026 Building Value","created_in_workflow":"transcribe","confidence":0.3333333333333333,"data":{"em_valuation_building":"$3000"},"versions":[{"data":{"em_valuation_building":"$3000"},"votes":1,"confidence":0.3333333333333333,"instances":[{"created":"2015-11-11T04:43:44Z","user_id":"5642c20335643800030f1200","duration":50.672}]}],"region":{"x":1154.358851884206,"y":690.446737739872,"width":141.35130613945284,"height":59.802473347548016,"label":"Valuation","shape":"rectangle"},"task_key":"em_record_valuation_ground_building","instructions":{"mark":"Valuation","transcribe":"Sometimes valuations include itemized dollar values for \"ground\" and \"building\". Enter these amounts if you can find them. In the next screen, you'll enter the total valuation."}},{"id":"56b1773c50617568bb181500","status":"awaiting_votes","name":"Amount Loaned","created_in_workflow":"transcribe","confidence":0.75,"data":{"value":"$3000"},"versions":[{"data":{"value":"$3000"},"votes":3,"confidence":0.75,"instances":[{"created":"2015-11-19T22:43:16Z","user_id":"564e3aa73964660003e70900","duration":14.309},{"created":"2015-11-19T23:28:27Z","user_id":"564e54173964660003ec0b00","duration":10.888},{"created":"2015-11-19T23:30:01Z","user_id":"564e5a493964660003ba0c00","duration":12.954}]},{"data":{"value":"$3,000"},"votes":1,"confidence":0.25,"instances":[{"created":"2015-11-19T20:26:46Z","user_id":"564e1f123964660003e30500","duration":9.733}]}],"region":{"x":1180.289672751845,"y":715.4938775510204,"width":124.66937496917262,"height":46.07346938775515,"label":"Amount Loaned","shape":"rectangle"},"task_key":"em_record_amount_loaned","instructions":{"mark":"Amount Loaned","transcribe":"Enter the Amount Loaned"}}]}]}