{"id":"56b100f07061755afbd81600","meta_data":{"capture_uuid":"e394a0c0-00b1-0133-224a-58d385a7bbd0","page_uri":"http://digitalcollections.nypl.org/items/e394a0c0-00b1-0133-224a-58d385a7bbd0","book_uri":"http://digitalcollections.nypl.org/items/df712aa0-00b1-0133-fbd7-58d385a7bbd0","source_rotated":"0.727349","source_x":"0","source_y":"956.92","source_w":"1370.61","source_h":"1079.08"},"type":"final_subject_set","search_terms_by_field":{"Total Value":["$16,000","Valuation of these Premises $16,000","$16000."],"Valuation Date":["1879 November","1879 November"],"Record Number":["630"],"Mortgager":["Andrew Ewald and Geo. Wernderle","Andrew Ewald"],"Street Address":["No. 441 W. 38th Street"],"Land \u0026 Building Dimensions":["25 x 98.9","25 x 63.","25 x 98.9","25 x 63","25 x 63."],"Additional Info":["tenement","tenement"],"Stories \u0026 Materials":["5","brick tenement","5 ","brick"],"Record Date":["1879 November","October 18, 1872"],"Land \u0026 Building Value":[],"Amount Loaned":["$10,000"]},"subjects":[{"id":"56b1773f50617568bb351500","type":"root","location":{"standard":"https://s3.amazonaws.com/scribe.nypl.org/emigrant-s4/full/e394a0c0-00b1-0133-224a-58d385a7bbd0.left-bottom.jpg","thumbnail":"https://s3.amazonaws.com/scribe.nypl.org/emigrant-s4/thumb/e394a0c0-00b1-0133-224a-58d385a7bbd0.left-bottom.jpg"},"status":"active","width":1370,"height":1079,"meta_data":{"capture_uuid":"e394a0c0-00b1-0133-224a-58d385a7bbd0","page_uri":"http://digitalcollections.nypl.org/items/e394a0c0-00b1-0133-224a-58d385a7bbd0","book_uri":"http://digitalcollections.nypl.org/items/df712aa0-00b1-0133-fbd7-58d385a7bbd0","source_rotated":"0.727349","source_x":"0","source_y":"956.92","source_w":"1370.61","source_h":"1079.08"},"assertions":[{"id":"56b1773f50617568bb361500","status":"awaiting_votes","name":"Total Value","created_in_workflow":"verify","confidence":0.5,"data":{"value":"$16,000"},"versions":[{"data":{"value":"$16,000"},"votes":2,"confidence":0.5,"instances":[{"created":"2015-11-12T01:55:04Z","user_id":"563f8b7a3264340003774b00","duration":2.797},{"created":"2015-11-14T19:26:20Z","user_id":"563cbf4b65326200030e0d00","duration":4.631}]},{"data":{"value":"$16000"},"votes":2,"confidence":0.5,"instances":[{"created":"2015-11-14T01:54:28Z","user_id":"564618af6363350003da0c00","duration":8.625},{"created":"2015-11-14T20:29:32Z","user_id":"5647496e3562310003960400","duration":15.593}]}],"region":{"x":581.8405217249556,"y":768.872152007566,"width":143.97799267833327,"height":62.34098529791076,"label":"Valuation","shape":"rectangle"},"task_key":"em_transcribed_valuation_total","instructions":{"mark":"Valuation","transcribe":"Enter the valuation ***total*** (if one is given)","verify":"Choose the best transcription or enter your own!"}},{"id":"56b1773f50617568bb371500","status":"awaiting_transcriptions","name":"Valuation Date","created_in_workflow":"transcribe","confidence":0.3333333333333333,"data":{"value":"1879 November"},"versions":[{"data":{"value":"1879 November"},"votes":1,"confidence":0.3333333333333333,"instances":[{"created":"2015-11-05T22:27:05Z","user_id":"563bc2b035326200039d2400","duration":20.971}]},{"data":{"value":"$16000"},"votes":1,"confidence":0.3333333333333333,"instances":[{"created":"2015-11-05T22:28:16Z","user_id":"563bd6453532620003fe2d00","duration":10.628}]}],"region":{"x":581.8405217249556,"y":768.872152007566,"width":143.97799267833327,"height":62.34098529791076,"label":"Valuation","shape":"rectangle"},"task_key":"em_record_valuation","instructions":{"mark":"Valuation","transcribe":"Enter the date of the valuation (if one is given). In the next screen, you'll enter the valuation's dollar amounts."}},{"id":"56b1773f50617568bb381500","status":"complete","name":"Record Number","created_in_workflow":"verify","confidence":1.0,"data":{"value":"630"},"versions":[{"data":{"value":"630"},"votes":3,"confidence":1.0,"instances":[{"created":"2015-11-12T02:56:06Z","user_id":"563f8b7a3264340003774b00","duration":7.071},{"created":"2015-11-14T02:01:22Z","user_id":"564618af6363350003da0c00","duration":10.133},{"created":"2015-11-15T00:45:09Z","user_id":"563bfc7535326200037f3900","duration":15.786}]}],"region":{"x":930.6531843992689,"y":60.85667612415098,"width":97.96440738938145,"height":56.403748602871644,"label":"Record Number","shape":"rectangle"},"task_key":"em_transcribed_record_number","instructions":{"mark":"Record Number","transcribe":"Enter the record number","verify":"Choose the best transcription or enter your own!"}},{"id":"56b1773f50617568bb391500","status":"complete","name":"Mortgager","created_in_workflow":"verify","confidence":1.0,"data":{"value":"Andrew Ewald and Geo. Wernderle"},"versions":[{"data":{"value":"Andrew Ewald and Geo. Wernderle"},"votes":3,"confidence":1.0,"instances":[{"created":"2015-11-12T02:56:39Z","user_id":"563f8b7a3264340003774b00","duration":32.235},{"created":"2015-11-14T02:01:53Z","user_id":"564618af6363350003da0c00","duration":27.347},{"created":"2015-11-15T00:46:20Z","user_id":"563bfc7535326200037f3900","duration":54.855}]}],"region":{"x":338.41381245437185,"y":537.3199209010404,"width":654.5803584654125,"height":62.34098529791072,"label":"Mortgager Name","shape":"rectangle"},"task_key":"em_transcribed_mortgager","instructions":{"mark":"Mortgager Name","transcribe":"Enter the mortgager's name","verify":"Choose the best transcription or enter your own!"}},{"id":"56b1773f50617568bb3a1500","status":"awaiting_transcriptions","name":"Mortgager","created_in_workflow":"transcribe","confidence":0.6666666666666666,"data":{"value":"Andrew Ewald"},"versions":[{"data":{"value":"Andrew Ewald"},"votes":2,"confidence":0.6666666666666666,"instances":[{"created":"2016-01-31T17:22:04Z","user_id":"56ae3e993234360003fa0100","duration":13.0},{"created":"2016-01-31T19:51:02Z","user_id":"569d34553933320003390000","duration":21.853}]}],"region":{"x":353.41617889603106,"y":543.4583236663985,"width":306.9140500939217,"height":53.47744667978603,"label":"Mortgager Name","shape":"rectangle"},"task_key":"em_record_mortgager","instructions":{"mark":"Mortgager Name","transcribe":"Enter the mortgager's name"}},{"id":"56b1773f50617568bb3b1500","status":"awaiting_votes","name":"Street Address","created_in_workflow":"verify","confidence":0.6666666666666666,"data":{"value":"No. 441 W. 38th Street"},"versions":[{"data":{"value":"No. 441 W. 38th Street"},"votes":2,"confidence":0.6666666666666666,"instances":[{"created":"2015-11-12T01:54:34Z","user_id":"563f8b7a3264340003774b00","duration":11.601},{"created":"2015-11-14T01:18:36Z","user_id":"564618af6363350003da0c00","duration":10.247}]}],"region":{"x":454.1899302781863,"y":587.7864328088729,"width":368.10868231161515,"height":48.98220273407276,"label":"Street Address","shape":"rectangle"},"task_key":"em_transcribed_address","instructions":{"mark":"Street Address","transcribe":"Enter the street address","verify":"Choose the best transcription or enter your own!"}},{"id":"56b1773f50617568bb3c1500","status":"awaiting_transcriptions","name":"Land \u0026 Building Dimensions","created_in_workflow":"transcribe","confidence":0.3333333333333333,"data":{"em_survey_land_dimensions":"25 x 98.9","em_survey_building_dimensions":"25 x 63."},"versions":[{"data":{"em_survey_land_dimensions":"25 x 98.9","em_survey_building_dimensions":"25 x 63."},"votes":1,"confidence":0.3333333333333333,"instances":[{"created":"2016-01-31T17:22:24Z","user_id":"56ae3e993234360003fa0100","duration":19.846}]}],"region":{"x":473.1591605614626,"y":622.5119404973868,"width":172.05787656780467,"height":58.12765943455008,"label":"Dimension \u0026 Description","shape":"rectangle"},"task_key":"em_record_survey","instructions":{"mark":"Dimension \u0026 Description","transcribe":"Enter, as they appear, any land and building dimensions that were recorded. In the next screen, you'll enter the descriptive information."}},{"id":"56b1773f50617568bb3d1500","status":"complete","name":"Additional Info","created_in_workflow":"transcribe","confidence":1.0,"data":{"value":"tenement"},"versions":[{"data":{"value":"tenement"},"votes":2,"confidence":0.6666666666666666,"instances":[{"created":"2015-11-05T21:49:29Z","user_id":"563bc29e3532620003872400","duration":5.798},{"created":"2015-11-05T21:55:38Z","user_id":"563bbf4835326200035f2200","duration":2.944}]},{"data":{"value":"Tenement"},"votes":1,"confidence":0.3333333333333333,"instances":[{"created":"2015-11-12T01:56:58Z","user_id":"563f8b7a3264340003774b00","duration":5.006}]}],"region":{"x":474.9702591183581,"y":626.3784713266272,"width":391.85762955752585,"height":74.21545868798898,"label":"Dimension \u0026 Description","shape":"rectangle"},"task_key":"em_record_survey_additional_info","instructions":{"mark":"Dimension \u0026 Description","transcribe":"Enter any additional information you find about the building's construction or significance."}},{"id":"56b1773f50617568bb3e1500","status":"complete","name":"Land \u0026 Building Dimensions","created_in_workflow":"verify","confidence":1.0,"data":{"em_survey_land_dimensions":"25 x 98.9","em_survey_building_dimensions":"25 x 63"},"versions":[{"data":{"em_survey_land_dimensions":"25 x 98.9","em_survey_building_dimensions":"25 x 63"},"votes":9,"confidence":0.75,"instances":[{"created":"2015-11-14T19:27:13Z","user_id":"563cbf4b65326200030e0d00","duration":16.317},{"created":"2015-11-15T00:34:14Z","user_id":"563bfc7535326200037f3900","duration":19.482},{"created":"2015-11-15T20:55:10Z","user_id":"564930f131643900035f0000","duration":15.319},{"created":"2015-11-16T03:03:35Z","user_id":"5649188c3863370003020e00","duration":14.553},{"created":"2015-11-16T14:24:39Z","user_id":"564930f131643900035f0000","duration":18.851},{"created":"2015-11-16T16:08:30Z","user_id":"5649fcb665323800035d0500","duration":20.403},{"created":"2015-11-16T21:23:29Z","user_id":"564a394a6532380003720a00","duration":21.468},{"created":"2015-11-16T23:34:10Z","user_id":"564a61a13164390003ca1900","duration":31.675},{"created":"2015-11-17T07:18:36Z","user_id":"5649e78e3164390003680b00","duration":31.914}]},{"data":{"em_survey_land_dimensions":"25 x 98'9","em_survey_building_dimensions":"25 x 63"},"votes":2,"confidence":0.16666666666666666,"instances":[{"created":"2015-11-14T02:05:19Z","user_id":"564618af6363350003da0c00","duration":8.211},{"created":"2015-11-14T20:33:17Z","user_id":"5647496e3562310003960400","duration":32.03}]},{"data":{"em_survey_land_dimensions":"215 x 98.9","em_survey_building_dimensions":"215 x 63"},"votes":1,"confidence":0.08333333333333333,"instances":[{"created":"2015-11-15T16:15:39Z","user_id":"5648ac223666390003620c00","duration":53.949}]}],"region":{"x":474.9702591183581,"y":626.3784713266272,"width":391.85762955752585,"height":74.21545868798898,"label":"Dimension \u0026 Description","shape":"rectangle"},"task_key":"em_transcribed_survey","instructions":{"mark":"Dimension \u0026 Description","transcribe":"Enter, as they appear, any land and building dimensions that were recorded. In the next screen, you'll enter the descriptive information.","verify":"Choose the best transcription or enter your own!"}},{"id":"56b1773f50617568bb3f1500","status":"contentious","name":"Stories \u0026 Materials","created_in_workflow":"verify","confidence":0.42857142857142855,"data":{"em_record_stories":"5","em_record_material":"brick tenement"},"versions":[{"data":{"em_record_stories":"5","em_record_material":"brick tenement"},"votes":9,"confidence":0.42857142857142855,"instances":[{"created":"2015-11-14T19:46:44Z","user_id":"563cbf4b65326200030e0d00","duration":7.699},{"created":"2015-11-17T06:02:50Z","user_id":"564238183636390003f01400","duration":40.743},{"created":"2015-11-17T07:30:42Z","user_id":"5649e78e3164390003680b00","duration":17.305},{"created":"2015-11-17T16:07:45Z","user_id":"564b504e38633200039b0400","duration":9.175},{"created":"2015-11-17T21:17:28Z","user_id":"564b91ce3164360003350a00","duration":192.624},{"created":"2015-11-17T21:59:35Z","user_id":"564ba32d38633200033c0e00","duration":13.069},{"created":"2015-11-18T00:34:00Z","user_id":"564bb9563863320003290f00","duration":20.955},{"created":"2015-11-18T01:29:25Z","user_id":"564b62033863320003ba0500","duration":31.272},{"created":"2015-11-18T02:24:28Z","user_id":"564be1123164360003381300","duration":32.004}]},{"data":{"em_record_stories":"5","em_record_material":"brick"},"votes":7,"confidence":0.3333333333333333,"instances":[{"created":"2015-11-15T00:42:31Z","user_id":"563bfc7535326200037f3900","duration":9.267},{"created":"2015-11-15T04:42:55Z","user_id":"5647496e3562310003960400","duration":24.811},{"created":"2015-11-16T03:11:48Z","user_id":"5649188c3863370003020e00","duration":25.237},{"created":"2015-11-16T21:29:16Z","user_id":"564a394a6532380003720a00","duration":6.452},{"created":"2015-11-17T13:56:16Z","user_id":"564b2e9c3863320003e60100","duration":26.993},{"created":"2015-11-17T20:36:55Z","user_id":"564b8f8e3863320003990a00","duration":18.204},{"created":"2015-11-17T21:02:52Z","user_id":"564b8a4c3164360003a20900","duration":32.767}]},{"data":{"em_record_stories":"5","em_record_material":"Brick tenement"},"votes":3,"confidence":0.14285714285714285,"instances":[{"created":"2015-11-16T14:06:11Z","user_id":"5649da336532380003200300","duration":12.7},{"created":"2015-11-16T15:59:38Z","user_id":"5649fcb665323800035d0500","duration":9.95},{"created":"2015-11-16T20:15:32Z","user_id":"564a34933164390003f21100","duration":15.115}]},{"data":{"em_record_stories":"5","em_record_material":"Brick"},"votes":2,"confidence":0.09523809523809523,"instances":[{"created":"2015-11-14T02:06:18Z","user_id":"564618af6363350003da0c00","duration":15.793},{"created":"2015-11-17T20:03:57Z","user_id":"564b83b43863320003820900","duration":10.686}]}],"region":{"x":474.9702591183581,"y":626.3784713266272,"width":391.85762955752585,"height":74.21545868798898,"label":"Dimension \u0026 Description","shape":"rectangle"},"task_key":"em_transcribed_stories_materials","instructions":{"mark":"Dimension \u0026 Description","transcribe":"Enter, as they appear, the number of stories and the building materials.","verify":"Choose the best transcription or enter your own!"}},{"id":"56b1773f50617568bb401500","status":"awaiting_transcriptions","name":"Land \u0026 Building Dimensions","created_in_workflow":"transcribe","confidence":0.3333333333333333,"data":{"em_survey_building_dimensions":"25 x 63."},"versions":[{"data":{"em_survey_building_dimensions":"25 x 63."},"votes":1,"confidence":0.3333333333333333,"instances":[{"created":"2016-01-31T17:22:42Z","user_id":"56ae3e993234360003fa0100","duration":11.612}]}],"region":{"x":475.4842670015681,"y":650.4132170259709,"width":399.91830769814044,"height":62.77787218931397,"label":"Dimension \u0026 Description","shape":"rectangle"},"task_key":"em_record_survey","instructions":{"mark":"Dimension \u0026 Description","transcribe":"Enter, as they appear, any land and building dimensions that were recorded. In the next screen, you'll enter the descriptive information."}},{"id":"56b1773f50617568bb411500","status":"awaiting_transcriptions","name":"Stories \u0026 Materials","created_in_workflow":"transcribe","confidence":0.3333333333333333,"data":{"em_record_stories":"5 ","em_record_material":"brick"},"versions":[{"data":{"em_record_stories":"5 ","em_record_material":"brick"},"votes":1,"confidence":0.3333333333333333,"instances":[{"created":"2016-01-31T17:22:58Z","user_id":"56ae3e993234360003fa0100","duration":15.791}]}],"region":{"x":475.4842670015681,"y":650.4132170259709,"width":399.91830769814044,"height":62.77787218931397,"label":"Dimension \u0026 Description","shape":"rectangle"},"task_key":"em_record_survey_stories_materials","instructions":{"mark":"Dimension \u0026 Description","transcribe":"Enter, as they appear, the number of stories and the building materials."}},{"id":"56b1773f50617568bb421500","status":"awaiting_transcriptions","name":"Additional Info","created_in_workflow":"transcribe","confidence":0.3333333333333333,"data":{"value":"tenement"},"versions":[{"data":{"value":"tenement"},"votes":1,"confidence":0.3333333333333333,"instances":[{"created":"2016-01-31T17:23:02Z","user_id":"56ae3e993234360003fa0100","duration":3.602}]}],"region":{"x":475.4842670015681,"y":650.4132170259709,"width":399.91830769814044,"height":62.77787218931397,"label":"Dimension \u0026 Description","shape":"rectangle"},"task_key":"em_record_survey_additional_info","instructions":{"mark":"Dimension \u0026 Description","transcribe":"Enter any additional information you find about the building's construction or significance."}},{"id":"56b1773f50617568bb431500","status":"awaiting_transcriptions","name":"Record Date","created_in_workflow":"transcribe","confidence":0.6666666666666666,"data":{"value":"1879 November"},"versions":[{"data":{"value":"1879 November"},"votes":2,"confidence":0.6666666666666666,"instances":[{"created":"2016-01-31T17:23:10Z","user_id":"56ae3e993234360003fa0100","duration":8.63},{"created":"2016-01-31T19:52:46Z","user_id":"569d34553933320003390000","duration":14.969}]}],"region":{"x":62.77787388284762,"y":738.767259366487,"width":149.96936538680265,"height":90.6791487178981,"label":"Record Date","shape":"rectangle"},"task_key":"em_record_date","instructions":{"mark":"Record Date","transcribe":"Enter the record date"}},{"id":"56b1773f50617568bb441500","status":"contentious","name":"Record Date","created_in_workflow":"verify","confidence":0.3055555555555556,"data":{"value":"October 18, 1872"},"versions":[{"data":{"value":"October 18, 1872"},"votes":11,"confidence":0.3055555555555556,"instances":[{"created":"2015-11-08T03:04:22Z","user_id":"563eb9c56630330003515700","duration":7.872},{"created":"2015-11-08T03:39:53Z","user_id":"563e09116630330003dc1000","duration":12.394},{"created":"2015-11-08T04:26:17Z","user_id":"563ecfb46630330003836100","duration":5.821},{"created":"2015-11-08T08:20:25Z","user_id":"563ef7416630330003316700","duration":14.867},{"created":"2015-11-08T13:39:07Z","user_id":"563f50523264340003830400","duration":41.649},{"created":"2015-11-08T14:00:58Z","user_id":"563f54693264340003860500","duration":26.747},{"created":"2015-11-08T14:03:04Z","user_id":"563f561832643400037d0600","duration":30.272},{"created":"2015-11-08T14:05:24Z","user_id":"563f56473264340003960600","duration":11.341},{"created":"2015-11-08T14:30:15Z","user_id":"563f5b483264340003b30a00","duration":14.362},{"created":"2015-11-08T14:34:45Z","user_id":"563f5d853264340003900c00","duration":63.919},{"created":"2015-11-08T14:44:45Z","user_id":"563f5e423264340003500d00","duration":27.115}]},{"data":{"value":"1872 Octb 18"},"votes":11,"confidence":0.3055555555555556,"instances":[{"created":"2015-11-08T03:23:59Z","user_id":"563e9a906630330003db4d00","duration":16.717},{"created":"2015-11-08T05:40:54Z","user_id":"563eaf056630330003055300","duration":5.7},{"created":"2015-11-08T07:15:50Z","user_id":"563ef3b86630330003356600","duration":18.983},{"created":"2015-11-08T08:02:33Z","user_id":"563f01896630330003d06800","duration":16.433},{"created":"2015-11-08T08:42:56Z","user_id":"563f08d56630330003856a00","duration":20.313},{"created":"2015-11-08T09:09:39Z","user_id":"563f016d6630330003c86800","duration":50.026},{"created":"2015-11-08T13:38:30Z","user_id":"563f4eda3264340003710400","duration":26.731},{"created":"2015-11-08T13:55:43Z","user_id":"563f542a32643400035c0500","duration":18.259},{"created":"2015-11-08T14:09:12Z","user_id":"563f558a32643400032c0600","duration":28.631},{"created":"2015-11-08T14:17:58Z","user_id":"563f55563264340003070600","duration":17.111},{"created":"2015-11-08T14:34:31Z","user_id":"563f55bf3264340003470600","duration":21.785}]},{"data":{"value":"1872 October 18"},"votes":11,"confidence":0.3055555555555556,"instances":[{"created":"2015-11-08T05:43:33Z","user_id":"563edd7966303300033f6400","duration":5.454},{"created":"2015-11-08T05:48:34Z","user_id":"563ee2326630330003496500","duration":7.675},{"created":"2015-11-08T08:03:26Z","user_id":"563f01826630330003cf6800","duration":13.108},{"created":"2015-11-08T10:51:32Z","user_id":"563f1eae32643400037e0100","duration":9.383},{"created":"2015-11-08T12:22:18Z","user_id":"563e4f936630330003b13100","duration":8.435},{"created":"2015-11-08T13:37:54Z","user_id":"563f4fb23264340003720400","duration":21.478},{"created":"2015-11-08T13:49:23Z","user_id":"563f52c93264340003010500","duration":25.888},{"created":"2015-11-08T14:28:36Z","user_id":"563f5b4a3264340003b80a00","duration":27.068},{"created":"2015-11-08T14:33:10Z","user_id":"563f5c9f3264340003c70b00","duration":12.741},{"created":"2015-11-08T14:36:31Z","user_id":"563f5d4332643400034c0c00","duration":18.518},{"created":"2015-11-08T14:50:03Z","user_id":"563f5d5232643400035e0c00","duration":10.61}]},{"data":{"value":"1872 Octob 18"},"votes":2,"confidence":0.05555555555555555,"instances":[{"created":"2015-11-08T14:47:43Z","user_id":"563f576b3264340003320700","duration":10.153},{"created":"2015-11-29T02:56:37Z","user_id":"5647496e3562310003960400","duration":12.691}]},{"data":{"value":"j1872 Octob 18"},"votes":1,"confidence":0.027777777777777776,"instances":[{"created":"2015-11-08T13:59:34Z","user_id":"563f53be3264340003380500","duration":4.785}]}],"region":{"x":69.75384673500751,"y":115.77611555326284,"width":164.75832151850517,"height":94.9957871206259,"label":"Record Date","shape":"rectangle"},"task_key":"em_transcribed_date","instructions":{"mark":"Record Date","transcribe":"Enter the record date","verify":"Choose the best transcription or enter your own!"}},{"id":"56b1773f50617568bb451500","status":"awaiting_transcriptions","name":"Valuation Date","created_in_workflow":"transcribe","confidence":0.3333333333333333,"data":{"value":"1879 November"},"versions":[{"data":{"value":"1879 November"},"votes":1,"confidence":0.3333333333333333,"instances":[{"created":"2015-11-30T16:43:18Z","user_id":"565c6f643663610003730100","duration":3.975}]}],"region":{"x":56.910196127450604,"y":741.2408163265306,"width":669.4203395083846,"height":111.11836734693884,"label":"Valuation","shape":"rectangle"},"task_key":"em_record_valuation","instructions":{"mark":"Valuation","transcribe":"Enter the date of the valuation (if one is given). In the next screen, you'll enter the valuation's dollar amounts."}},{"id":"56b1773f50617568bb461500","status":"awaiting_transcriptions","name":"Land \u0026 Building Value","created_in_workflow":"transcribe","confidence":0.3333333333333333,"data":{"em_valuation_ground":""},"versions":[{"data":{"em_valuation_ground":""},"votes":1,"confidence":0.3333333333333333,"instances":[{"created":"2015-11-30T16:43:23Z","user_id":"565c6f643663610003730100","duration":4.783}]}],"region":{"x":56.910196127450604,"y":741.2408163265306,"width":669.4203395083846,"height":111.11836734693884,"label":"Valuation","shape":"rectangle"},"task_key":"em_record_valuation_ground_building","instructions":{"mark":"Valuation","transcribe":"Sometimes valuations include itemized dollar values for \"ground\" and \"building\". Enter these amounts if you can find them. In the next screen, you'll enter the total valuation."}},{"id":"56b1773f50617568bb471500","status":"awaiting_transcriptions","name":"Total Value","created_in_workflow":"transcribe","confidence":0.3333333333333333,"data":{"value":"Valuation of these Premises $16,000"},"versions":[{"data":{"value":"Valuation of these Premises $16,000"},"votes":1,"confidence":0.3333333333333333,"instances":[{"created":"2015-11-30T16:43:32Z","user_id":"565c6f643663610003730100","duration":9.273}]}],"region":{"x":56.910196127450604,"y":741.2408163265306,"width":669.4203395083846,"height":111.11836734693884,"label":"Valuation","shape":"rectangle"},"task_key":"em_record_valuation_total","instructions":{"mark":"Valuation","transcribe":"Enter the valuation ***total*** (if one is given)"}},{"id":"56b1773f50617568bb481500","status":"awaiting_transcriptions","name":"Total Value","created_in_workflow":"transcribe","confidence":0.3333333333333333,"data":{"value":"$16000."},"versions":[{"data":{"value":"$16000."},"votes":1,"confidence":0.3333333333333333,"instances":[{"created":"2016-01-31T17:23:41Z","user_id":"56ae3e993234360003fa0100","duration":6.104}]}],"region":{"x":588.2519293466833,"y":768.993642272453,"width":130.2059606459062,"height":56.96510624585903,"label":"Valuation","shape":"rectangle"},"task_key":"em_record_valuation_total","instructions":{"mark":"Valuation","transcribe":"Enter the valuation ***total*** (if one is given)"}},{"id":"56b1773f50617568bb491500","status":"awaiting_votes","name":"Amount Loaned","created_in_workflow":"verify","confidence":0.4,"data":{"value":"$10,000"},"versions":[{"data":{"value":"$10,000"},"votes":2,"confidence":0.4,"instances":[{"created":"2015-11-12T01:55:01Z","user_id":"563f8b7a3264340003774b00","duration":4.457},{"created":"2015-11-15T00:36:22Z","user_id":"563bfc7535326200037f3900","duration":5.852}]},{"data":{"value":"$10000"},"votes":2,"confidence":0.4,"instances":[{"created":"2015-11-14T01:19:04Z","user_id":"564618af6363350003da0c00","duration":7.07},{"created":"2015-11-14T20:29:16Z","user_id":"5647496e3562310003960400","duration":5.99}]},{"data":{"value":"$10.000."},"votes":1,"confidence":0.2,"instances":[{"created":"2015-11-14T19:26:16Z","user_id":"563cbf4b65326200030e0d00","duration":5.388}]}],"region":{"x":1065.7253218603857,"y":737.7016593586106,"width":175.1484859385912,"height":56.4037486028717,"label":"Amount Loaned","shape":"rectangle"},"task_key":"em_transcribed_amount_loaned","instructions":{"mark":"Amount Loaned","transcribe":"Enter the Amount Loaned","verify":"Choose the best transcription or enter your own!"}}]}]}