{"id":"56b1007a7061755afb1c0e00","meta_data":{"capture_uuid":"e2035de0-00b1-0133-d264-58d385a7bbd0","page_uri":"http://digitalcollections.nypl.org/items/e2035de0-00b1-0133-d264-58d385a7bbd0","book_uri":"http://digitalcollections.nypl.org/items/df712aa0-00b1-0133-fbd7-58d385a7bbd0","source_rotated":"0.951112","source_x":"1218.21","source_y":"0","source_w":"1373.79","source_h":"1000.0899999999999"},"type":"final_subject_set","search_terms_by_field":{"Record Number":["429"],"Mortgager":["W. H. \u0026 R. E. Johnston"],"Street Address":["E.S. 1.st avenue 75 S. of 75.th Street."],"Land \u0026 Building Dimensions":["15 x 88 x 89 x 28.7","15 front x 50 deep x 22.6 "],"Stories \u0026 Materials":["4","brick"],"Additional Info":["in the rear house and store"],"Record Date":["1870 Decemb 29"],"Valuation Date":[],"Land \u0026 Building Value":[],"Total Value":["$9000."],"Amount Loaned":["$4000"]},"subjects":[{"id":"56b176c650617568bb0c0d00","type":"root","location":{"standard":"https://s3.amazonaws.com/scribe.nypl.org/emigrant-s4/full/e2035de0-00b1-0133-d264-58d385a7bbd0.right-top.jpg","thumbnail":"https://s3.amazonaws.com/scribe.nypl.org/emigrant-s4/thumb/e2035de0-00b1-0133-d264-58d385a7bbd0.right-top.jpg"},"status":"active","width":1373,"height":1000,"meta_data":{"capture_uuid":"e2035de0-00b1-0133-d264-58d385a7bbd0","page_uri":"http://digitalcollections.nypl.org/items/e2035de0-00b1-0133-d264-58d385a7bbd0","book_uri":"http://digitalcollections.nypl.org/items/df712aa0-00b1-0133-fbd7-58d385a7bbd0","source_rotated":"0.951112","source_x":"1218.21","source_y":"0","source_w":"1373.79","source_h":"1000.0899999999999"},"assertions":[{"id":"56b176c650617568bb0d0d00","status":"awaiting_transcriptions","name":"Record Number","created_in_workflow":"transcribe","confidence":0.6666666666666666,"data":{"value":"429"},"versions":[{"data":{"value":"429"},"votes":2,"confidence":0.6666666666666666,"instances":[{"created":"2016-01-10T03:00:43Z","user_id":"5691c8523931660003000000","duration":6.728},{"created":"2016-01-10T14:24:48Z","user_id":"569269b03931660003a50000","duration":26.723}]}],"region":{"x":912.7780327445723,"y":33.6861664140691,"width":246.25747095430688,"height":60.40278115626183,"label":"Record Number","shape":"rectangle"},"task_key":"em_record_number","instructions":{"mark":"Record Number","transcribe":"Enter the record number"}},{"id":"56b176c650617568bb0e0d00","status":"awaiting_transcriptions","name":"Mortgager","created_in_workflow":"transcribe","confidence":0.3333333333333333,"data":{"value":"W. H. \u0026 R. E. Johnston"},"versions":[{"data":{"value":"W. H. \u0026 R. E. Johnston"},"votes":1,"confidence":0.3333333333333333,"instances":[{"created":"2016-01-09T23:52:04Z","user_id":"56919a883063390003ba0500","duration":16.155}]}],"region":{"x":278.5488858528196,"y":534.3322948438547,"width":479.7374316232489,"height":46.463677812509104,"label":"Mortgager Name","shape":"rectangle"},"task_key":"em_record_mortgager","instructions":{"mark":"Mortgager Name","transcribe":"Enter the mortgager's name"}},{"id":"56b176c650617568bb0f0d00","status":"awaiting_transcriptions","name":"Street Address","created_in_workflow":"transcribe","confidence":0.3333333333333333,"data":{"value":"E.S. 1.st avenue 75 S. of 75.th Street."},"versions":[{"data":{"value":"E.S. 1.st avenue 75 S. of 75.th Street."},"votes":1,"confidence":0.3333333333333333,"instances":[{"created":"2016-01-09T23:52:42Z","user_id":"56919a883063390003ba0500","duration":37.651}]},{"data":{"value":"E.S. 1.st avenue 75' S. of 75.st Street"},"votes":1,"confidence":0.3333333333333333,"instances":[{"created":"2016-01-10T00:21:03Z","user_id":"56919dff3063390003170600","duration":234.206}]}],"region":{"x":279.71047769694366,"y":572.6648290391747,"width":647.0066571771179,"height":42.97890197657091,"label":"Street Address","shape":"rectangle"},"task_key":"em_record_street_address","instructions":{"mark":"Street Address","transcribe":"Enter the street address"}},{"id":"56b176c650617568bb100d00","status":"awaiting_transcriptions","name":"Land \u0026 Building Dimensions","created_in_workflow":"transcribe","confidence":0.3333333333333333,"data":{"em_survey_land_dimensions":"15 x 88 x 89 x 28.7","em_survey_building_dimensions":"15 front x 50 deep x 22.6 "},"versions":[{"data":{"em_survey_land_dimensions":"15 x 88 x 89 x 28.7","em_survey_building_dimensions":"15 front x 50 deep x 22.6 "},"votes":1,"confidence":0.3333333333333333,"instances":[{"created":"2016-01-09T18:06:11Z","user_id":"56913cca3063390003280300","duration":114.21}]}],"region":{"x":273.9025184763232,"y":606.3509954532437,"width":856.0931891194539,"height":75.50347644532735,"label":"Dimension \u0026 Description","shape":"rectangle"},"task_key":"em_record_survey","instructions":{"mark":"Dimension \u0026 Description","transcribe":"Enter, as they appear, any land and building dimensions that were recorded. In the next screen, you'll enter the descriptive information."}},{"id":"56b176c650617568bb110d00","status":"awaiting_transcriptions","name":"Stories \u0026 Materials","created_in_workflow":"transcribe","confidence":0.3333333333333333,"data":{"em_record_stories":"4","em_record_material":"brick"},"versions":[{"data":{"em_record_stories":"4","em_record_material":"brick"},"votes":1,"confidence":0.3333333333333333,"instances":[{"created":"2016-01-09T18:06:22Z","user_id":"56913cca3063390003280300","duration":11.528}]}],"region":{"x":273.9025184763232,"y":606.3509954532437,"width":856.0931891194539,"height":75.50347644532735,"label":"Dimension \u0026 Description","shape":"rectangle"},"task_key":"em_record_survey_stories_materials","instructions":{"mark":"Dimension \u0026 Description","transcribe":"Enter, as they appear, the number of stories and the building materials."}},{"id":"56b176c650617568bb120d00","status":"awaiting_transcriptions","name":"Additional Info","created_in_workflow":"transcribe","confidence":0.3333333333333333,"data":{"value":"in the rear house and store"},"versions":[{"data":{"value":"in the rear house and store"},"votes":1,"confidence":0.3333333333333333,"instances":[{"created":"2016-01-09T18:06:45Z","user_id":"56913cca3063390003280300","duration":22.295}]}],"region":{"x":273.9025184763232,"y":606.3509954532437,"width":856.0931891194539,"height":75.50347644532735,"label":"Dimension \u0026 Description","shape":"rectangle"},"task_key":"em_record_survey_additional_info","instructions":{"mark":"Dimension \u0026 Description","transcribe":"Enter any additional information you find about the building's construction or significance."}},{"id":"56b176c650617568bb130d00","status":"awaiting_votes","name":"Record Date","created_in_workflow":"transcribe","confidence":0.6666666666666666,"data":{"value":"1870 Decemb 29"},"versions":[{"data":{"value":"1870 Decemb 29"},"votes":2,"confidence":0.6666666666666666,"instances":[{"created":"2016-01-10T03:01:03Z","user_id":"5691c8523931660003000000","duration":12.139},{"created":"2016-01-10T10:38:31Z","user_id":"56914c1d3063390003ca0300","duration":67.846}]},{"data":{"value":"1870 December 29"},"votes":1,"confidence":0.3333333333333333,"instances":[{"created":"2016-01-10T14:25:14Z","user_id":"569269b03931660003a50000","duration":13.142}]}],"region":{"x":104.31010923420621,"y":69.69551671876366,"width":184.69310321573016,"height":112.67441869533457,"label":"Record Date","shape":"rectangle"},"task_key":"em_record_date","instructions":{"mark":"Record Date","transcribe":"Enter the record date"}},{"id":"56b176c650617568bb140d00","status":"awaiting_transcriptions","name":"Valuation Date","created_in_workflow":"transcribe","confidence":0.3333333333333333,"data":{"value":""},"versions":[{"data":{"value":""},"votes":1,"confidence":0.3333333333333333,"instances":[{"created":"2016-01-09T18:07:29Z","user_id":"56913cca3063390003280300","duration":2.832}]}],"region":{"x":299.4575390470532,"y":766.6506839064002,"width":485.54539084386926,"height":51.11004559375999,"label":"Valuation","shape":"rectangle"},"task_key":"em_record_valuation","instructions":{"mark":"Valuation","transcribe":"Enter the date of the valuation (if one is given). In the next screen, you'll enter the valuation's dollar amounts."}},{"id":"56b176c650617568bb150d00","status":"awaiting_transcriptions","name":"Land \u0026 Building Value","created_in_workflow":"transcribe","confidence":0.3333333333333333,"data":{"em_valuation_ground":""},"versions":[{"data":{"em_valuation_ground":""},"votes":1,"confidence":0.3333333333333333,"instances":[{"created":"2016-01-09T18:07:30Z","user_id":"56913cca3063390003280300","duration":1.309}]}],"region":{"x":299.4575390470532,"y":766.6506839064002,"width":485.54539084386926,"height":51.11004559375999,"label":"Valuation","shape":"rectangle"},"task_key":"em_record_valuation_ground_building","instructions":{"mark":"Valuation","transcribe":"Sometimes valuations include itemized dollar values for \"ground\" and \"building\". Enter these amounts if you can find them. In the next screen, you'll enter the total valuation."}},{"id":"56b176c650617568bb160d00","status":"awaiting_transcriptions","name":"Total Value","created_in_workflow":"transcribe","confidence":0.3333333333333333,"data":{"value":"$9000."},"versions":[{"data":{"value":"$9000."},"votes":1,"confidence":0.3333333333333333,"instances":[{"created":"2016-01-09T18:07:36Z","user_id":"56913cca3063390003280300","duration":5.185}]}],"region":{"x":299.4575390470532,"y":766.6506839064002,"width":485.54539084386926,"height":51.11004559375999,"label":"Valuation","shape":"rectangle"},"task_key":"em_record_valuation_total","instructions":{"mark":"Valuation","transcribe":"Enter the valuation ***total*** (if one is given)"}},{"id":"56b176c650617568bb170d00","status":"awaiting_transcriptions","name":"Valuation Date","created_in_workflow":"transcribe","confidence":0.3333333333333333,"data":{"value":""},"versions":[{"data":{"value":""},"votes":1,"confidence":0.3333333333333333,"instances":[{"created":"2016-01-09T18:07:46Z","user_id":"56913cca3063390003280300","duration":10.08}]}],"region":{"x":345.9212128120168,"y":801.498442265782,"width":441.40490076715395,"height":15.0,"label":"Valuation","shape":"rectangle"},"task_key":"em_record_valuation","instructions":{"mark":"Valuation","transcribe":"Enter the date of the valuation (if one is given). In the next screen, you'll enter the valuation's dollar amounts."}},{"id":"56b176c650617568bb180d00","status":"awaiting_transcriptions","name":"Total Value","created_in_workflow":"transcribe","confidence":0.3333333333333333,"data":{"value":""},"versions":[{"data":{"value":""},"votes":1,"confidence":0.3333333333333333,"instances":[{"created":"2016-01-09T18:07:53Z","user_id":"56913cca3063390003280300","duration":0.497}]}],"region":{"x":345.9212128120168,"y":801.498442265782,"width":441.40490076715395,"height":15.0,"label":"Valuation","shape":"rectangle"},"task_key":"em_record_valuation_total","instructions":{"mark":"Valuation","transcribe":"Enter the valuation ***total*** (if one is given)"}},{"id":"56b176c650617568bb190d00","status":"awaiting_votes","name":"Amount Loaned","created_in_workflow":"transcribe","confidence":0.6666666666666666,"data":{"value":"$4000"},"versions":[{"data":{"value":"$4000"},"votes":2,"confidence":0.6666666666666666,"instances":[{"created":"2016-01-09T23:54:31Z","user_id":"56919a883063390003ba0500","duration":6.573},{"created":"2016-01-10T00:21:18Z","user_id":"56919dff3063390003170600","duration":7.937}]},{"data":{"value":"$4000."},"votes":1,"confidence":0.3333333333333333,"instances":[{"created":"2016-01-09T18:07:15Z","user_id":"56913cca3063390003280300","duration":6.44}]}],"region":{"x":256.4786408144619,"y":734.1261094376438,"width":1054.7253944646732,"height":37.17094225000733,"label":"Amount Loaned","shape":"rectangle"},"task_key":"em_record_amount_loaned","instructions":{"mark":"Amount Loaned","transcribe":"Enter the Amount Loaned"}}]}]}