{"id":"56b100877061755afb220f00","meta_data":{"capture_uuid":"e2330500-00b1-0133-8df6-58d385a7bbd0","page_uri":"http://digitalcollections.nypl.org/items/e2330500-00b1-0133-8df6-58d385a7bbd0","book_uri":"http://digitalcollections.nypl.org/items/df712aa0-00b1-0133-fbd7-58d385a7bbd0","source_rotated":"0.699377","source_x":"0","source_y":"0","source_w":"1369.55","source_h":"978.7199999999999"},"type":"final_subject_set","search_terms_by_field":{"Record Number":["456"],"Mortgager":["Thomas Loughran"],"Street Address":["No. 20 7th Ave \u0026 52nd St","No. 721 being S.E. corner of 7th Ave and 52nd St"],"Stories \u0026 Materials":["5","B. S. Fr."],"Land \u0026 Building Dimensions":["25.5 x 70","25.5 x 50"],"Record Date":["1871 March 21","1879 November"],"Valuation Date":["1879 November","1879 November"],"Total Value":["$20000","$20,000"],"Land \u0026 Building Value":["$20,000","20000"],"Amount Loaned":["10000"]},"subjects":[{"id":"56b176d550617568bb000e00","type":"root","location":{"standard":"https://s3.amazonaws.com/scribe.nypl.org/emigrant-s4/full/e2330500-00b1-0133-8df6-58d385a7bbd0.left-top.jpg","thumbnail":"https://s3.amazonaws.com/scribe.nypl.org/emigrant-s4/thumb/e2330500-00b1-0133-8df6-58d385a7bbd0.left-top.jpg"},"status":"retired","width":1369,"height":978,"meta_data":{"capture_uuid":"e2330500-00b1-0133-8df6-58d385a7bbd0","page_uri":"http://digitalcollections.nypl.org/items/e2330500-00b1-0133-8df6-58d385a7bbd0","book_uri":"http://digitalcollections.nypl.org/items/df712aa0-00b1-0133-fbd7-58d385a7bbd0","source_rotated":"0.699377","source_x":"0","source_y":"0","source_w":"1369.55","source_h":"978.7199999999999"},"assertions":[{"id":"56b176d550617568bb010e00","status":"complete","name":"Record Number","created_in_workflow":"transcribe","confidence":1.0,"data":{"value":"456"},"versions":[{"data":{"value":"456"},"votes":3,"confidence":1.0,"instances":[{"created":"2015-11-11T06:31:04Z","user_id":"5642da2235643800031c1800","duration":4.398},{"created":"2015-11-11T11:46:01Z","user_id":"564329c035643800039a2100","duration":4.101},{"created":"2015-11-11T11:54:58Z","user_id":"564326ae3564380003802100","duration":47.209}]}],"region":{"x":927.1538194136646,"y":21.73018949804716,"width":115.89434831393362,"height":61.56887024446694,"label":"Record Number","shape":"rectangle"},"task_key":"em_record_number","instructions":{"mark":"Record Number","transcribe":"Enter the record number"}},{"id":"56b176d550617568bb020e00","status":"awaiting_votes","name":"Mortgager","created_in_workflow":"transcribe","confidence":0.5,"data":{"value":"Thomas Loughran"},"versions":[{"data":{"value":"Thomas Loughran"},"votes":2,"confidence":0.5,"instances":[{"created":"2015-11-11T03:41:12Z","user_id":"564289833564380003a50200","duration":11.843},{"created":"2015-11-11T12:36:45Z","user_id":"564333cc3564380003432300","duration":61.724}]},{"data":{"value":"Thomas Loughman"},"votes":1,"confidence":0.25,"instances":[{"created":"2015-11-11T11:47:35Z","user_id":"564329c035643800039a2100","duration":8.011}]},{"data":{"value":"Thomas Loughian"},"votes":1,"confidence":0.25,"instances":[{"created":"2015-11-11T12:38:01Z","user_id":"564334013564380003482300","duration":87.993}]}],"region":{"x":412.8726487705839,"y":536.0113409518299,"width":420.1170126380095,"height":59.75802111962969,"label":"Mortgager Name","shape":"rectangle"},"task_key":"em_record_mortgager","instructions":{"mark":"Mortgager Name","transcribe":"Enter the mortgager's name"}},{"id":"56b176d550617568bb030e00","status":"awaiting_transcriptions","name":"Street Address","created_in_workflow":"transcribe","confidence":0.3333333333333333,"data":{"value":"No. 20 7th Ave \u0026 52nd St"},"versions":[{"data":{"value":"No. 20 7th Ave \u0026 52nd St"},"votes":1,"confidence":0.3333333333333333,"instances":[{"created":"2015-11-18T10:54:13Z","user_id":"564c4cfb6531660003180000","duration":40.206}]},{"data":{"value":"721 S.E. corner of 7th Av and 52nd St."},"votes":1,"confidence":0.3333333333333333,"instances":[{"created":"2015-11-18T12:14:23Z","user_id":"564c66213463650003210100","duration":132.247}]}],"region":{"x":404.812688036091,"y":93.08274642947333,"width":454.87605691326826,"height":356.52448160722804,"label":"Street Address","shape":"rectangle"},"task_key":"em_record_street_address","instructions":{"mark":"Street Address","transcribe":"Enter the street address"}},{"id":"56b176d550617568bb040e00","status":"complete","name":"Street Address","created_in_workflow":"verify","confidence":1.0,"data":{"value":"No. 721 being S.E. corner of 7th Ave and 52nd St"},"versions":[{"data":{"value":"No. 721 being S.E. corner of 7th Ave and 52nd St"},"votes":6,"confidence":0.75,"instances":[{"created":"2015-12-07T01:50:51Z","user_id":"563f8b7a3264340003774b00","duration":42.786},{"created":"2015-12-19T00:18:54Z","user_id":"56748e5e3564620003fd0100","duration":31.32},{"created":"2015-12-21T01:44:40Z","user_id":"5677558f6666370003510100","duration":28.804},{"created":"2015-12-21T03:27:00Z","user_id":"5676eb206432620003a00100","duration":24.958},{"created":"2015-12-23T21:26:11Z","user_id":"563bfc7535326200037f3900","duration":26.495},{"created":"2015-12-26T03:41:03Z","user_id":"567e04f264373600034b0100","duration":125.204}]},{"data":{"value":"No. 721 being S.E corner of 7th and 52d St. "},"votes":2,"confidence":0.25,"instances":[{"created":"2015-11-29T21:29:06Z","user_id":"5647496e3562310003960400","duration":59.44},{"created":"2015-12-12T19:04:48Z","user_id":"5668bbbe3064310003db0500","duration":27.119}]}],"region":{"x":440.03538665666207,"y":581.2825690727612,"width":606.6344794557465,"height":48.89292637060612,"label":"Street Address","shape":"rectangle"},"task_key":"em_transcribed_address","instructions":{"mark":"Street Address","transcribe":"Enter the street address","verify":"Choose the best transcription or enter your own!"}},{"id":"56b176d550617568bb050e00","status":"awaiting_votes","name":"Stories \u0026 Materials","created_in_workflow":"transcribe","confidence":0.3333333333333333,"data":{"em_record_stories":"5","em_record_material":"B. S. Fr."},"versions":[{"data":{"em_record_stories":"5","em_record_material":"B. S. Fr."},"votes":1,"confidence":0.3333333333333333,"instances":[{"created":"2015-11-11T09:15:53Z","user_id":"5642db573564380003651800","duration":14.475}]},{"data":{"em_record_stories":"4"},"votes":1,"confidence":0.3333333333333333,"instances":[{"created":"2015-11-11T12:09:43Z","user_id":"564326ae3564380003802100","duration":585.238}]},{"data":{"em_record_stories":"5","em_record_material":"brick face house"},"votes":1,"confidence":0.3333333333333333,"instances":[{"created":"2015-11-11T12:35:32Z","user_id":"5643381f3564380003382400","duration":294.219}]}],"region":{"x":450.90048181109336,"y":628.3646463185304,"width":403.8193699063626,"height":65.19056849414142,"label":"Dimension \u0026 Description","shape":"rectangle"},"task_key":"em_record_survey_stories_materials","instructions":{"mark":"Dimension \u0026 Description","transcribe":"Enter, as they appear, the number of stories and the building materials."}},{"id":"56b176d550617568bb060e00","status":"complete","name":"Land \u0026 Building Dimensions","created_in_workflow":"transcribe","confidence":1.0,"data":{"em_survey_land_dimensions":"25.5 x 70","em_survey_building_dimensions":"25.5 x 50"},"versions":[{"data":{"em_survey_land_dimensions":"25.5 x 70","em_survey_building_dimensions":"25.5 x 50"},"votes":3,"confidence":1.0,"instances":[{"created":"2015-11-11T09:15:38Z","user_id":"5642db573564380003651800","duration":15.383},{"created":"2015-11-11T11:59:57Z","user_id":"564326ae3564380003802100","duration":31.2},{"created":"2015-11-11T12:30:38Z","user_id":"5643381f3564380003382400","duration":107.867}]}],"region":{"x":450.90048181109336,"y":628.3646463185304,"width":403.8193699063626,"height":65.19056849414142,"label":"Dimension \u0026 Description","shape":"rectangle"},"task_key":"em_record_survey","instructions":{"mark":"Dimension \u0026 Description","transcribe":"Enter, as they appear, any land and building dimensions that were recorded. In the next screen, you'll enter the descriptive information."}},{"id":"56b176d550617568bb070e00","status":"awaiting_votes","name":"Record Date","created_in_workflow":"transcribe","confidence":0.6666666666666666,"data":{"value":"1871 March 21"},"versions":[{"data":{"value":"1871 March 21"},"votes":2,"confidence":0.6666666666666666,"instances":[{"created":"2016-01-28T00:17:17Z","user_id":"56a94e0830383700035a0100","duration":7.682},{"created":"2016-01-28T03:05:35Z","user_id":"568ae6fe32373500039f0700","duration":8.877}]},{"data":{"value":"1871 March 21 and 1873 April 29"},"votes":1,"confidence":0.3333333333333333,"instances":[{"created":"2016-01-28T14:27:48Z","user_id":"56aa219233633700038f0200","duration":28.594}]}],"region":{"x":50.405531235898906,"y":77.9248626876602,"width":212.38344076505044,"height":238.3584035151959,"label":"Record Date","shape":"rectangle"},"task_key":"em_record_date","instructions":{"mark":"Record Date","transcribe":"Enter the record date"}},{"id":"56b176d550617568bb080e00","status":"complete","name":"Record Date","created_in_workflow":"verify","confidence":1.0,"data":{"value":"1879 November"},"versions":[{"data":{"value":"1879 November"},"votes":3,"confidence":0.75,"instances":[{"created":"2015-11-18T13:37:30Z","user_id":"563bfc7535326200037f3900","duration":10.515},{"created":"2015-11-18T14:06:11Z","user_id":"564c66213463650003210100","duration":48.85},{"created":"2015-11-18T14:25:08Z","user_id":"564c68d234636500036e0100","duration":5.347}]},{"data":{"value":"1879. November"},"votes":1,"confidence":0.25,"instances":[{"created":"2015-11-18T14:03:32Z","user_id":"564c85296531660003e60400","duration":10.898}]}],"region":{"x":64.97285401015507,"y":744.6619714357867,"width":172.1152647779934,"height":89.57018996043666,"label":"Record Date","shape":"rectangle"},"task_key":"em_transcribed_date","instructions":{"mark":"Record Date","transcribe":"Enter the record date","verify":"Choose the best transcription or enter your own!"}},{"id":"56b176d550617568bb090e00","status":"awaiting_transcriptions","name":"Valuation Date","created_in_workflow":"transcribe","confidence":0.6666666666666666,"data":{"value":"1879 November"},"versions":[{"data":{"value":"1879 November"},"votes":2,"confidence":0.6666666666666666,"instances":[{"created":"2016-01-28T00:18:20Z","user_id":"56a94e0830383700035a0100","duration":6.698},{"created":"2016-01-28T11:48:47Z","user_id":"56a9fbf83038370003d80600","duration":12.023}]}],"region":{"x":53.4614080814392,"y":731.8825338703772,"width":751.7457040029124,"height":119.17920175759798,"label":"Valuation","shape":"rectangle"},"task_key":"em_record_valuation","instructions":{"mark":"Valuation","transcribe":"Enter the date of the valuation (if one is given). In the next screen, you'll enter the valuation's dollar amounts."}},{"id":"56b176d550617568bb0a0e00","status":"awaiting_transcriptions","name":"Total Value","created_in_workflow":"transcribe","confidence":0.3333333333333333,"data":{"value":"$20000"},"versions":[{"data":{"value":"$20000"},"votes":1,"confidence":0.3333333333333333,"instances":[{"created":"2016-01-28T00:18:29Z","user_id":"56a94e0830383700035a0100","duration":5.869}]},{"data":{"value":"$20,000"},"votes":1,"confidence":0.3333333333333333,"instances":[{"created":"2016-01-28T11:49:05Z","user_id":"56a9fbf83038370003d80600","duration":8.297}]}],"region":{"x":53.4614080814392,"y":731.8825338703772,"width":751.7457040029124,"height":119.17920175759798,"label":"Valuation","shape":"rectangle"},"task_key":"em_record_valuation_total","instructions":{"mark":"Valuation","transcribe":"Enter the valuation ***total*** (if one is given)"}},{"id":"56b176d550617568bb0b0e00","status":"awaiting_transcriptions","name":"Land \u0026 Building Value","created_in_workflow":"transcribe","confidence":0.3333333333333333,"data":{"em_valuation_building":"$20,000"},"versions":[{"data":{"em_valuation_building":"$20,000"},"votes":1,"confidence":0.3333333333333333,"instances":[{"created":"2016-01-28T11:48:57Z","user_id":"56a9fbf83038370003d80600","duration":9.39}]}],"region":{"x":53.4614080814392,"y":731.8825338703772,"width":751.7457040029124,"height":119.17920175759798,"label":"Valuation","shape":"rectangle"},"task_key":"em_record_valuation_ground_building","instructions":{"mark":"Valuation","transcribe":"Sometimes valuations include itemized dollar values for \"ground\" and \"building\". Enter these amounts if you can find them. In the next screen, you'll enter the total valuation."}},{"id":"56b176d550617568bb0c0e00","status":"awaiting_transcriptions","name":"Total Value","created_in_workflow":"transcribe","confidence":0.3333333333333333,"data":{"value":"$20,000"},"versions":[{"data":{"value":"$20,000"},"votes":1,"confidence":0.3333333333333333,"instances":[{"created":"2015-11-11T03:42:15Z","user_id":"564289833564380003a50200","duration":16.482}]},{"data":{"value":"20000"},"votes":1,"confidence":0.3333333333333333,"instances":[{"created":"2015-11-11T09:16:20Z","user_id":"5642db573564380003651800","duration":6.242}]}],"region":{"x":662.7698373225033,"y":764.1783306813251,"width":144.86793539241705,"height":68.81226674381605,"label":"Valuation","shape":"rectangle"},"task_key":"em_record_valuation_total","instructions":{"mark":"Valuation","transcribe":"Enter the valuation ***total*** (if one is given)"}},{"id":"56b176d550617568bb0d0e00","status":"awaiting_transcriptions","name":"Valuation Date","created_in_workflow":"transcribe","confidence":0.3333333333333333,"data":{"value":"1879 November"},"versions":[{"data":{"value":"1879 November"},"votes":1,"confidence":0.3333333333333333,"instances":[{"created":"2015-11-11T09:16:12Z","user_id":"5642db573564380003651800","duration":6.374}]},{"data":{"value":"20,000"},"votes":1,"confidence":0.3333333333333333,"instances":[{"created":"2015-11-11T13:21:42Z","user_id":"56433f2535643800034d2500","duration":8.039}]}],"region":{"x":662.7698373225033,"y":764.1783306813251,"width":144.86793539241705,"height":68.81226674381605,"label":"Valuation","shape":"rectangle"},"task_key":"em_record_valuation","instructions":{"mark":"Valuation","transcribe":"Enter the date of the valuation (if one is given). In the next screen, you'll enter the valuation's dollar amounts."}},{"id":"56b176d550617568bb0e0e00","status":"awaiting_transcriptions","name":"Land \u0026 Building Value","created_in_workflow":"transcribe","confidence":0.3333333333333333,"data":{"em_valuation_ground":"20000"},"versions":[{"data":{"em_valuation_ground":"20000"},"votes":1,"confidence":0.3333333333333333,"instances":[{"created":"2015-11-11T09:16:13Z","user_id":"5642db573564380003651800","duration":1.776}]}],"region":{"x":662.7698373225033,"y":764.1783306813251,"width":144.86793539241705,"height":68.81226674381605,"label":"Valuation","shape":"rectangle"},"task_key":"em_record_valuation_ground_building","instructions":{"mark":"Valuation","transcribe":"Sometimes valuations include itemized dollar values for \"ground\" and \"building\". Enter these amounts if you can find them. In the next screen, you'll enter the total valuation."}},{"id":"56b176d550617568bb0f0e00","status":"awaiting_votes","name":"Amount Loaned","created_in_workflow":"transcribe","confidence":0.3333333333333333,"data":{"value":"10000"},"versions":[{"data":{"value":"10000"},"votes":1,"confidence":0.3333333333333333,"instances":[{"created":"2015-11-11T09:15:57Z","user_id":"5642db573564380003651800","duration":2.792}]},{"data":{"value":"$10,000"},"votes":1,"confidence":0.3333333333333333,"instances":[{"created":"2015-11-11T12:13:53Z","user_id":"564326ae3564380003802100","duration":8.302}]},{"data":{"value":"10,000"},"votes":1,"confidence":0.3333333333333333,"instances":[{"created":"2015-11-11T13:21:33Z","user_id":"56433f2535643800034d2500","duration":12.736}]}],"region":{"x":1122.7255321934276,"y":737.0155938087661,"width":144.86793539241694,"height":63.37971936930421,"label":"Amount Loaned","shape":"rectangle"},"task_key":"em_record_amount_loaned","instructions":{"mark":"Amount Loaned","transcribe":"Enter the Amount Loaned"}}]}]}