{"id":"56b0ffc77061755afb850000","meta_data":{"capture_uuid":"df8efee0-00b1-0133-bbb9-58d385a7bbd0","page_uri":"http://digitalcollections.nypl.org/items/df8efee0-00b1-0133-bbb9-58d385a7bbd0","book_uri":"http://digitalcollections.nypl.org/items/df712aa0-00b1-0133-fbd7-58d385a7bbd0","source_rotated":"0.671404","source_x":"1215.42","source_y":"0","source_w":"1370.58","source_h":"1001.0699999999999"},"type":"final_subject_set","search_terms_by_field":{},"subjects":[{"id":"56b1760d50617568bb790000","type":"root","location":{"standard":"https://s3.amazonaws.com/scribe.nypl.org/emigrant-s4/full/df8efee0-00b1-0133-bbb9-58d385a7bbd0.right-top.jpg","thumbnail":"https://s3.amazonaws.com/scribe.nypl.org/emigrant-s4/thumb/df8efee0-00b1-0133-bbb9-58d385a7bbd0.right-top.jpg"},"status":"bad","width":1370,"height":1001,"meta_data":{"capture_uuid":"df8efee0-00b1-0133-bbb9-58d385a7bbd0","page_uri":"http://digitalcollections.nypl.org/items/df8efee0-00b1-0133-bbb9-58d385a7bbd0","book_uri":"http://digitalcollections.nypl.org/items/df712aa0-00b1-0133-fbd7-58d385a7bbd0","source_rotated":"0.671404","source_x":"1215.42","source_y":"0","source_w":"1370.58","source_h":"1001.0699999999999"},"assertions":[]}]}