{"id":"56b0ffe27061755afbe30200","meta_data":{"capture_uuid":"e04ebd40-00b1-0133-b08f-58d385a7bbd0","page_uri":"http://digitalcollections.nypl.org/items/e04ebd40-00b1-0133-b08f-58d385a7bbd0","book_uri":"http://digitalcollections.nypl.org/items/df712aa0-00b1-0133-fbd7-58d385a7bbd0","source_rotated":"0","source_x":"0","source_y":"0","source_w":"1355.77","source_h":"964.3199999999999"},"type":"final_subject_set","search_terms_by_field":{},"subjects":[{"id":"56b1762850617568bb890200","type":"root","location":{"standard":"https://s3.amazonaws.com/scribe.nypl.org/emigrant-s4/full/e04ebd40-00b1-0133-b08f-58d385a7bbd0.left-top.jpg","thumbnail":"https://s3.amazonaws.com/scribe.nypl.org/emigrant-s4/thumb/e04ebd40-00b1-0133-b08f-58d385a7bbd0.left-top.jpg"},"status":"bad","width":1355,"height":964,"meta_data":{"capture_uuid":"e04ebd40-00b1-0133-b08f-58d385a7bbd0","page_uri":"http://digitalcollections.nypl.org/items/e04ebd40-00b1-0133-b08f-58d385a7bbd0","book_uri":"http://digitalcollections.nypl.org/items/df712aa0-00b1-0133-fbd7-58d385a7bbd0","source_rotated":"0","source_x":"0","source_y":"0","source_w":"1355.77","source_h":"964.3199999999999"},"assertions":[]}]}