{"id":"56b100fa7061755afb951700","meta_data":{"capture_uuid":"e3b1f950-00b1-0133-3a2e-58d385a7bbd0","page_uri":"http://digitalcollections.nypl.org/items/e3b1f950-00b1-0133-3a2e-58d385a7bbd0","book_uri":"http://digitalcollections.nypl.org/items/df712aa0-00b1-0133-fbd7-58d385a7bbd0","source_rotated":"0.699377","source_x":"0","source_y":"0","source_w":"1369.55","source_h":"979.1999999999999"},"type":"final_subject_set","search_terms_by_field":{"Record Number":["653"],"Mortgager":["Terrence McManus"],"Street Address":["No. 316 E. 47th Street"],"Land \u0026 Building Dimensions":["25 x 100.5","25 x 60"],"Stories \u0026 Materials":["5","Brick"],"Additional Info":["House"],"Record Date":["1872 Decemb 2"],"Valuation Date":["1879 November"],"Land \u0026 Building Value":[],"Total Value":["$15,000"],"Amount Loaned":["$8,500"]},"subjects":[{"id":"56b1774950617568bbe71500","type":"root","location":{"standard":"https://s3.amazonaws.com/scribe.nypl.org/emigrant-s4/full/e3b1f950-00b1-0133-3a2e-58d385a7bbd0.left-top.jpg","thumbnail":"https://s3.amazonaws.com/scribe.nypl.org/emigrant-s4/thumb/e3b1f950-00b1-0133-3a2e-58d385a7bbd0.left-top.jpg"},"status":"retired","width":1369,"height":979,"meta_data":{"capture_uuid":"e3b1f950-00b1-0133-3a2e-58d385a7bbd0","page_uri":"http://digitalcollections.nypl.org/items/e3b1f950-00b1-0133-3a2e-58d385a7bbd0","book_uri":"http://digitalcollections.nypl.org/items/df712aa0-00b1-0133-fbd7-58d385a7bbd0","source_rotated":"0.699377","source_x":"0","source_y":"0","source_w":"1369.55","source_h":"979.1999999999999"},"assertions":[{"id":"56b1774950617568bbe81500","status":"complete","name":"Record Number","created_in_workflow":"transcribe","confidence":1.0,"data":{"value":"653"},"versions":[{"data":{"value":"653"},"votes":3,"confidence":1.0,"instances":[{"created":"2016-01-10T21:04:50Z","user_id":"5668bbbe3064310003db0500","duration":6.529},{"created":"2016-01-11T18:00:11Z","user_id":"568ac34a3237350003b80500","duration":2.63},{"created":"2016-01-11T18:09:25Z","user_id":"5693ee7e3637360003b10600","duration":13.853}]}],"region":{"x":887.7988711352865,"y":24.409738266399472,"width":194.26374442793474,"height":44.75118682173236,"label":"Record Number","shape":"rectangle"},"task_key":"em_record_number","instructions":{"mark":"Record Number","transcribe":"Enter the record number"}},{"id":"56b1774950617568bbe91500","status":"awaiting_votes","name":"Mortgager","created_in_workflow":"transcribe","confidence":0.3333333333333333,"data":{"value":"Terrence McManus"},"versions":[{"data":{"value":"Terrence McManus"},"votes":1,"confidence":0.3333333333333333,"instances":[{"created":"2016-01-10T21:05:08Z","user_id":"5668bbbe3064310003db0500","duration":7.621}]},{"data":{"value":"Terence McManus"},"votes":1,"confidence":0.3333333333333333,"instances":[{"created":"2016-01-11T05:39:40Z","user_id":"56933da93637360003b10400","duration":8.281}]},{"data":{"value":"Terrence W. Manus"},"votes":1,"confidence":0.3333333333333333,"instances":[{"created":"2016-01-11T18:00:25Z","user_id":"568ac34a3237350003b80500","duration":6.702}]}],"region":{"x":418.9214565736223,"y":543.1166764273883,"width":370.2199108469539,"height":45.76825924949901,"label":"Mortgager Name","shape":"rectangle"},"task_key":"em_record_mortgager","instructions":{"mark":"Mortgager Name","transcribe":"Enter the mortgager's name"}},{"id":"56b1774950617568bbea1500","status":"awaiting_votes","name":"Street Address","created_in_workflow":"transcribe","confidence":0.6666666666666666,"data":{"value":"No. 316 E. 47th Street"},"versions":[{"data":{"value":"No. 316 E. 47th Street"},"votes":2,"confidence":0.6666666666666666,"instances":[{"created":"2016-01-10T21:05:19Z","user_id":"5668bbbe3064310003db0500","duration":10.329},{"created":"2016-01-11T18:00:32Z","user_id":"568ac34a3237350003b80500","duration":6.39}]},{"data":{"value":"316 East 47th Street"},"votes":1,"confidence":0.3333333333333333,"instances":[{"created":"2016-01-11T05:39:45Z","user_id":"56933da93637360003b10400","duration":5.429}]}],"region":{"x":447.39991125415725,"y":583.799573538054,"width":349.87815750371476,"height":39.66582468289914,"label":"Street Address","shape":"rectangle"},"task_key":"em_record_street_address","instructions":{"mark":"Street Address","transcribe":"Enter the street address"}},{"id":"56b1774950617568bbeb1500","status":"awaiting_transcriptions","name":"Land \u0026 Building Dimensions","created_in_workflow":"transcribe","confidence":0.3333333333333333,"data":{"em_survey_land_dimensions":"25 x 100.5","em_survey_building_dimensions":"25 x 60"},"versions":[{"data":{"em_survey_land_dimensions":"25 x 100.5","em_survey_building_dimensions":"25 x 60"},"votes":1,"confidence":0.3333333333333333,"instances":[{"created":"2016-01-11T05:40:14Z","user_id":"56933da93637360003b10400","duration":9.618}]}],"region":{"x":361.96454721255253,"y":617.3629636543534,"width":520.7488855869242,"height":92.55359092676474,"label":"Dimension \u0026 Description","shape":"rectangle"},"task_key":"em_record_survey","instructions":{"mark":"Dimension \u0026 Description","transcribe":"Enter, as they appear, any land and building dimensions that were recorded. In the next screen, you'll enter the descriptive information."}},{"id":"56b1774950617568bbec1500","status":"awaiting_transcriptions","name":"Stories \u0026 Materials","created_in_workflow":"transcribe","confidence":0.3333333333333333,"data":{"em_record_stories":"5","em_record_material":"Brick"},"versions":[{"data":{"em_record_stories":"5","em_record_material":"Brick"},"votes":1,"confidence":0.3333333333333333,"instances":[{"created":"2016-01-11T05:40:18Z","user_id":"56933da93637360003b10400","duration":3.873}]}],"region":{"x":361.96454721255253,"y":617.3629636543534,"width":520.7488855869242,"height":92.55359092676474,"label":"Dimension \u0026 Description","shape":"rectangle"},"task_key":"em_record_survey_stories_materials","instructions":{"mark":"Dimension \u0026 Description","transcribe":"Enter, as they appear, the number of stories and the building materials."}},{"id":"56b1774950617568bbed1500","status":"awaiting_transcriptions","name":"Additional Info","created_in_workflow":"transcribe","confidence":0.3333333333333333,"data":{"value":"House"},"versions":[{"data":{"value":"House"},"votes":1,"confidence":0.3333333333333333,"instances":[{"created":"2016-01-11T05:40:20Z","user_id":"56933da93637360003b10400","duration":1.845}]}],"region":{"x":361.96454721255253,"y":617.3629636543534,"width":520.7488855869242,"height":92.55359092676474,"label":"Dimension \u0026 Description","shape":"rectangle"},"task_key":"em_record_survey_additional_info","instructions":{"mark":"Dimension \u0026 Description","transcribe":"Enter any additional information you find about the building's construction or significance."}},{"id":"56b1774950617568bbee1500","status":"complete","name":"Record Date","created_in_workflow":"transcribe","confidence":1.0,"data":{"value":"1872 Decemb 2"},"versions":[{"data":{"value":"1872 Decemb 2"},"votes":3,"confidence":1.0,"instances":[{"created":"2016-01-10T21:05:01Z","user_id":"5668bbbe3064310003db0500","duration":7.32},{"created":"2016-01-11T18:00:19Z","user_id":"568ac34a3237350003b80500","duration":4.958},{"created":"2016-01-11T18:19:36Z","user_id":"5693ee7e3637360003b10600","duration":11.846}]}],"region":{"x":60.906597732611964,"y":84.4170115046315,"width":183.07578008915303,"height":91.536518498998,"label":"Record Date","shape":"rectangle"},"task_key":"em_record_date","instructions":{"mark":"Record Date","transcribe":"Enter the record date"}},{"id":"56b1774950617568bbef1500","status":"awaiting_transcriptions","name":"Valuation Date","created_in_workflow":"transcribe","confidence":0.3333333333333333,"data":{"value":"1879 November"},"versions":[{"data":{"value":"1879 November"},"votes":1,"confidence":0.3333333333333333,"instances":[{"created":"2016-01-11T05:40:41Z","user_id":"56933da93637360003b10400","duration":4.924}]}],"region":{"x":59.88951006545001,"y":753.6506689750836,"width":702.8075780089152,"height":90.5194460712313,"label":"Valuation","shape":"rectangle"},"task_key":"em_record_valuation","instructions":{"mark":"Valuation","transcribe":"Enter the date of the valuation (if one is given). In the next screen, you'll enter the valuation's dollar amounts."}},{"id":"56b1774950617568bbf01500","status":"awaiting_transcriptions","name":"Land \u0026 Building Value","created_in_workflow":"transcribe","confidence":0.3333333333333333,"data":{"em_valuation_ground":"","em_valuation_building":""},"versions":[{"data":{"em_valuation_ground":"","em_valuation_building":""},"votes":1,"confidence":0.3333333333333333,"instances":[{"created":"2016-01-11T05:40:45Z","user_id":"56933da93637360003b10400","duration":3.547}]}],"region":{"x":59.88951006545001,"y":753.6506689750836,"width":702.8075780089152,"height":90.5194460712313,"label":"Valuation","shape":"rectangle"},"task_key":"em_record_valuation_ground_building","instructions":{"mark":"Valuation","transcribe":"Sometimes valuations include itemized dollar values for \"ground\" and \"building\". Enter these amounts if you can find them. In the next screen, you'll enter the total valuation."}},{"id":"56b1774950617568bbf11500","status":"awaiting_transcriptions","name":"Total Value","created_in_workflow":"transcribe","confidence":0.3333333333333333,"data":{"value":"$15,000"},"versions":[{"data":{"value":"$15,000"},"votes":1,"confidence":0.3333333333333333,"instances":[{"created":"2016-01-11T05:40:47Z","user_id":"56933da93637360003b10400","duration":2.462}]}],"region":{"x":59.88951006545001,"y":753.6506689750836,"width":702.8075780089152,"height":90.5194460712313,"label":"Valuation","shape":"rectangle"},"task_key":"em_record_valuation_total","instructions":{"mark":"Valuation","transcribe":"Enter the valuation ***total*** (if one is given)"}},{"id":"56b1774950617568bbf21500","status":"awaiting_votes","name":"Amount Loaned","created_in_workflow":"transcribe","confidence":0.3333333333333333,"data":{"value":"$8,500"},"versions":[{"data":{"value":"$8,500"},"votes":1,"confidence":0.3333333333333333,"instances":[{"created":"2016-01-11T05:40:37Z","user_id":"56933da93637360003b10400","duration":3.21}]},{"data":{"value":"8500"},"votes":1,"confidence":0.3333333333333333,"instances":[{"created":"2016-01-11T17:53:18Z","user_id":"568ac34a3237350003b80500","duration":3.486}]},{"data":{"value":"$8500."},"votes":1,"confidence":0.3333333333333333,"instances":[{"created":"2016-01-11T18:10:39Z","user_id":"5693ee7e3637360003b10600","duration":9.501}]}],"region":{"x":1063.7550375543058,"y":733.3092204197508,"width":160.69985141158986,"height":65.09263537706522,"label":"Amount Loaned","shape":"rectangle"},"task_key":"em_record_amount_loaned","instructions":{"mark":"Amount Loaned","transcribe":"Enter the Amount Loaned"}}]}]}