{"id":"56b100337061755afbee0800","meta_data":{"capture_uuid":"e14ca810-00b1-0133-476e-58d385a7bbd0","page_uri":"http://digitalcollections.nypl.org/items/e14ca810-00b1-0133-476e-58d385a7bbd0","book_uri":"http://digitalcollections.nypl.org/items/df712aa0-00b1-0133-fbd7-58d385a7bbd0","source_rotated":"1.25874","source_x":"0","source_y":"0","source_w":"1380.15","source_h":"990.24"},"type":"final_subject_set","search_terms_by_field":{"Record Number":["314"],"Mortgager":["St. Stephen's R.I. Church, Brooklyn, L.J."],"Street Address":["Hicks, Carroll and Sommit Streets"],"Land \u0026 Building Dimensions":["100 x 175","100 x 175"],"Additional Info":["Church, Pastorate and School Buildings"],"Stories \u0026 Materials":[],"Record Date":["1871 July 29","1874 Aug 24","1876 March 4","1867 Decemb 19"],"Valuation Date":["1879 November"],"Total Value":["$130,000"],"Amount Loaned":["$65,000"]},"subjects":[{"id":"56b1767d50617568bb2c0800","type":"root","location":{"standard":"https://s3.amazonaws.com/scribe.nypl.org/emigrant-s4/full/e14ca810-00b1-0133-476e-58d385a7bbd0.left-top.jpg","thumbnail":"https://s3.amazonaws.com/scribe.nypl.org/emigrant-s4/thumb/e14ca810-00b1-0133-476e-58d385a7bbd0.left-top.jpg"},"status":"retired","width":1380,"height":990,"meta_data":{"capture_uuid":"e14ca810-00b1-0133-476e-58d385a7bbd0","page_uri":"http://digitalcollections.nypl.org/items/e14ca810-00b1-0133-476e-58d385a7bbd0","book_uri":"http://digitalcollections.nypl.org/items/df712aa0-00b1-0133-fbd7-58d385a7bbd0","source_rotated":"1.25874","source_x":"0","source_y":"0","source_w":"1380.15","source_h":"990.24"},"assertions":[{"id":"56b1767d50617568bb2d0800","status":"complete","name":"Record Number","created_in_workflow":"transcribe","confidence":1.0,"data":{"value":"314"},"versions":[{"data":{"value":"314"},"votes":3,"confidence":1.0,"instances":[{"created":"2016-01-22T19:19:02Z","user_id":"569a88c06635320003890000","duration":3.938},{"created":"2016-01-22T20:54:19Z","user_id":"56968eef6133640003bd0100","duration":3.409},{"created":"2016-01-22T22:26:27Z","user_id":"56a150ed3634350003f30000","duration":4.321}]}],"region":{"x":902.1092103955297,"y":11.277766849735258,"width":184.54680534918282,"height":53.31307965329394,"label":"Record Number","shape":"rectangle"},"task_key":"em_record_number","instructions":{"mark":"Record Number","transcribe":"Enter the record number"}},{"id":"56b1767d50617568bb2e0800","status":"awaiting_votes","name":"Mortgager","created_in_workflow":"transcribe","confidence":0.3333333333333333,"data":{"value":"St. Stephen's R.I. Church, Brooklyn, L.J."},"versions":[{"data":{"value":"St. Stephen's R.I. Church, Brooklyn, L.J."},"votes":1,"confidence":0.3333333333333333,"instances":[{"created":"2016-01-22T19:20:11Z","user_id":"569a88c06635320003890000","duration":23.157}]},{"data":{"value":"St. Stephen's R.C. Church, Brooklyn L.I."},"votes":1,"confidence":0.3333333333333333,"instances":[{"created":"2016-01-22T20:26:16Z","user_id":"56a28d6b32646600031e0100","duration":14.776}]},{"data":{"value":"St. Stephen's R.B. Church"},"votes":1,"confidence":0.3333333333333333,"instances":[{"created":"2016-01-22T22:27:35Z","user_id":"56a150ed3634350003f30000","duration":24.993}]}],"region":{"x":434.5906368442666,"y":514.932581843594,"width":757.667161961367,"height":78.9443679481468,"label":"Mortgager Name","shape":"rectangle"},"task_key":"em_record_mortgager","instructions":{"mark":"Mortgager Name","transcribe":"Enter the mortgager's name"}},{"id":"56b1767d50617568bb2f0800","status":"awaiting_votes","name":"Street Address","created_in_workflow":"transcribe","confidence":0.3333333333333333,"data":{"value":"Hicks, Carroll and Sommit Streets"},"versions":[{"data":{"value":"Hicks, Carroll and Sommit Streets"},"votes":1,"confidence":0.3333333333333333,"instances":[{"created":"2016-01-22T19:20:30Z","user_id":"569a88c06635320003890000","duration":18.627}]},{"data":{"value":"Hicks, Carroll and Summit Streets"},"votes":1,"confidence":0.3333333333333333,"instances":[{"created":"2016-01-22T20:26:32Z","user_id":"56a28d6b32646600031e0100","duration":15.344}]},{"data":{"value":"Hicks, Carrolll and Summit Streets  Brooklyn"},"votes":1,"confidence":0.3333333333333333,"instances":[{"created":"2016-01-22T22:38:29Z","user_id":"56a2ae703935320003f40000","duration":54.275}]}],"region":{"x":452.0200573494672,"y":570.2961645604761,"width":597.7265973254086,"height":45.11106739894103,"label":"Street Address","shape":"rectangle"},"task_key":"em_record_street_address","instructions":{"mark":"Street Address","transcribe":"Enter the street address"}},{"id":"56b1767d50617568bb300800","status":"awaiting_transcriptions","name":"Land \u0026 Building Dimensions","created_in_workflow":"transcribe","confidence":0.3333333333333333,"data":{"em_survey_land_dimensions":"100 x 175","em_survey_building_dimensions":"100 x 175"},"versions":[{"data":{"em_survey_land_dimensions":"100 x 175","em_survey_building_dimensions":"100 x 175"},"votes":1,"confidence":0.3333333333333333,"instances":[{"created":"2016-01-22T19:20:49Z","user_id":"569a88c06635320003890000","duration":19.233}]},{"data":{"em_survey_land_dimensions":"100 x 175 and 100 x 90","em_survey_building_dimensions":""},"votes":1,"confidence":0.3333333333333333,"instances":[{"created":"2016-01-22T20:26:56Z","user_id":"56a28d6b32646600031e0100","duration":11.968}]}],"region":{"x":461.2473976169263,"y":610.2809743004465,"width":557.7414561664191,"height":83.04537407532325,"label":"Dimension \u0026 Description","shape":"rectangle"},"task_key":"em_record_survey","instructions":{"mark":"Dimension \u0026 Description","transcribe":"Enter, as they appear, any land and building dimensions that were recorded. In the next screen, you'll enter the descriptive information."}},{"id":"56b1767d50617568bb310800","status":"awaiting_transcriptions","name":"Additional Info","created_in_workflow":"transcribe","confidence":0.6666666666666666,"data":{"value":"Church, Pastorate and School Buildings"},"versions":[{"data":{"value":"Church, Pastorate and School Buildings"},"votes":2,"confidence":0.6666666666666666,"instances":[{"created":"2016-01-22T19:21:07Z","user_id":"569a88c06635320003890000","duration":13.431},{"created":"2016-01-22T20:27:13Z","user_id":"56a28d6b32646600031e0100","duration":9.949}]}],"region":{"x":461.2473976169263,"y":610.2809743004465,"width":557.7414561664191,"height":83.04537407532325,"label":"Dimension \u0026 Description","shape":"rectangle"},"task_key":"em_record_survey_additional_info","instructions":{"mark":"Dimension \u0026 Description","transcribe":"Enter any additional information you find about the building's construction or significance."}},{"id":"56b1767d50617568bb320800","status":"awaiting_transcriptions","name":"Stories \u0026 Materials","created_in_workflow":"transcribe","confidence":0.3333333333333333,"data":{"em_record_stories":"","em_record_material":""},"versions":[{"data":{"em_record_stories":"","em_record_material":""},"votes":1,"confidence":0.3333333333333333,"instances":[{"created":"2016-01-22T20:27:03Z","user_id":"56a28d6b32646600031e0100","duration":7.047}]}],"region":{"x":461.2473976169263,"y":610.2809743004465,"width":557.7414561664191,"height":83.04537407532325,"label":"Dimension \u0026 Description","shape":"rectangle"},"task_key":"em_record_survey_stories_materials","instructions":{"mark":"Dimension \u0026 Description","transcribe":"Enter, as they appear, the number of stories and the building materials."}},{"id":"56b1767d50617568bb330800","status":"awaiting_votes","name":"Record Date","created_in_workflow":"transcribe","confidence":0.6666666666666666,"data":{"value":"1871 July 29"},"versions":[{"data":{"value":"1871 July 29"},"votes":2,"confidence":0.6666666666666666,"instances":[{"created":"2016-01-22T20:54:38Z","user_id":"56968eef6133640003bd0100","duration":7.938},{"created":"2016-01-22T22:26:43Z","user_id":"56a150ed3634350003f30000","duration":7.454}]},{"data":{"value":"1871.  July 29"},"votes":1,"confidence":0.3333333333333333,"instances":[{"created":"2016-01-22T22:37:01Z","user_id":"56a2ae703935320003f40000","duration":15.599}]}],"region":{"x":55.244425848724234,"y":161.98974202347006,"width":188.6478454680535,"height":79.96961947994092,"label":"Record Date","shape":"rectangle"},"task_key":"em_record_date","instructions":{"mark":"Record Date","transcribe":"Enter the record date"}},{"id":"56b1767d50617568bb340800","status":"complete","name":"Record Date","created_in_workflow":"transcribe","confidence":1.0,"data":{"value":"1874 Aug 24"},"versions":[{"data":{"value":"1874 Aug 24"},"votes":3,"confidence":1.0,"instances":[{"created":"2016-01-22T22:26:51Z","user_id":"56a150ed3634350003f30000","duration":7.99},{"created":"2016-01-22T22:37:19Z","user_id":"56a2ae703935320003f40000","duration":17.338},{"created":"2016-01-23T00:55:36Z","user_id":"56a2cf6e32646600034c0400","duration":8.378}]}],"region":{"x":57.2949459081596,"y":235.80785231264628,"width":174.29420505200594,"height":96.37364398864673,"label":"Record Date","shape":"rectangle"},"task_key":"em_record_date","instructions":{"mark":"Record Date","transcribe":"Enter the record date"}},{"id":"56b1767d50617568bb350800","status":"awaiting_votes","name":"Record Date","created_in_workflow":"transcribe","confidence":0.6666666666666666,"data":{"value":"1876 March 4"},"versions":[{"data":{"value":"1876 March 4"},"votes":2,"confidence":0.6666666666666666,"instances":[{"created":"2016-01-22T19:19:48Z","user_id":"569a88c06635320003890000","duration":12.711},{"created":"2016-01-22T22:27:10Z","user_id":"56a150ed3634350003f30000","duration":19.545}]},{"data":{"value":"1876 March 4."},"votes":1,"confidence":0.3333333333333333,"instances":[{"created":"2016-01-22T22:37:35Z","user_id":"56a2ae703935320003f40000","duration":16.568}]}],"region":{"x":61.395986027030325,"y":322.954232515146,"width":172.2436849925706,"height":110.72716543376436,"label":"Record Date","shape":"rectangle"},"task_key":"em_record_date","instructions":{"mark":"Record Date","transcribe":"Enter the record date"}},{"id":"56b1767d50617568bb360800","status":"awaiting_votes","name":"Record Date","created_in_workflow":"transcribe","confidence":0.6666666666666666,"data":{"value":"1867 Decemb 19"},"versions":[{"data":{"value":"1867 Decemb 19"},"votes":2,"confidence":0.6666666666666666,"instances":[{"created":"2016-01-22T20:54:30Z","user_id":"56968eef6133640003bd0100","duration":10.911},{"created":"2016-01-22T22:36:46Z","user_id":"56a2ae703935320003f40000","duration":25.658}]},{"data":{"value":"1867 Deceb 19"},"votes":1,"confidence":0.3333333333333333,"instances":[{"created":"2016-01-22T22:26:35Z","user_id":"56a150ed3634350003f30000","duration":7.855}]}],"region":{"x":65.49702614590105,"y":65.6160980348233,"width":176.3447251114413,"height":98.42414705223499,"label":"Record Date","shape":"rectangle"},"task_key":"em_record_date","instructions":{"mark":"Record Date","transcribe":"Enter the record date"}},{"id":"56b1767d50617568bb370800","status":"awaiting_transcriptions","name":"Valuation Date","created_in_workflow":"transcribe","confidence":0.6666666666666666,"data":{"value":"1879 November"},"versions":[{"data":{"value":"1879 November"},"votes":2,"confidence":0.6666666666666666,"instances":[{"created":"2016-01-22T19:21:29Z","user_id":"569a88c06635320003890000","duration":8.457},{"created":"2016-01-22T20:27:25Z","user_id":"56a28d6b32646600031e0100","duration":5.425}]}],"region":{"x":62.421246056748004,"y":740.4879188382992,"width":717.6820208023775,"height":69.71710416199974,"label":"Valuation","shape":"rectangle"},"task_key":"em_record_valuation","instructions":{"mark":"Valuation","transcribe":"Enter the date of the valuation (if one is given). In the next screen, you'll enter the valuation's dollar amounts."}},{"id":"56b1767d50617568bb380800","status":"awaiting_transcriptions","name":"Total Value","created_in_workflow":"transcribe","confidence":0.6666666666666666,"data":{"value":"$130,000"},"versions":[{"data":{"value":"$130,000"},"votes":2,"confidence":0.6666666666666666,"instances":[{"created":"2016-01-22T19:21:38Z","user_id":"569a88c06635320003890000","duration":5.917},{"created":"2016-01-22T20:27:34Z","user_id":"56a28d6b32646600031e0100","duration":3.913}]}],"region":{"x":62.421246056748004,"y":740.4879188382992,"width":717.6820208023775,"height":69.71710416199974,"label":"Valuation","shape":"rectangle"},"task_key":"em_record_valuation_total","instructions":{"mark":"Valuation","transcribe":"Enter the valuation ***total*** (if one is given)"}},{"id":"56b1767d50617568bb390800","status":"awaiting_votes","name":"Amount Loaned","created_in_workflow":"transcribe","confidence":0.6666666666666666,"data":{"value":"$65,000"},"versions":[{"data":{"value":"$65,000"},"votes":2,"confidence":0.6666666666666666,"instances":[{"created":"2016-01-22T19:21:20Z","user_id":"569a88c06635320003890000","duration":13.475},{"created":"2016-01-22T20:27:19Z","user_id":"56a28d6b32646600031e0100","duration":6.13}]},{"data":{"value":"$65,000."},"votes":1,"confidence":0.3333333333333333,"instances":[{"created":"2016-01-22T22:39:14Z","user_id":"56a2ae703935320003f40000","duration":9.77}]}],"region":{"x":425.36329657680744,"y":731.2606550521521,"width":859.1679049034176,"height":44.085815867146835,"label":"Amount Loaned","shape":"rectangle"},"task_key":"em_record_amount_loaned","instructions":{"mark":"Amount Loaned","transcribe":"Enter the Amount Loaned"}}]}]}