{"id":"56b1010b7061755afbd61800","meta_data":{"capture_uuid":"e3e33970-00b1-0133-5e72-58d385a7bbd0","page_uri":"http://digitalcollections.nypl.org/items/e3e33970-00b1-0133-5e72-58d385a7bbd0","book_uri":"http://digitalcollections.nypl.org/items/df712aa0-00b1-0133-fbd7-58d385a7bbd0","source_rotated":"0.811263","source_x":"0","source_y":"963.5","source_w":"1372.7","source_h":"1086.5"},"type":"final_subject_set","search_terms_by_field":{"Record Number":["680 to 683"],"Mortgager":["Wm. L. Loen now David McMullen and John McBride"],"Street Address":["Nos: 189, 191 \u0026 193 Avenue C and 654 E. 12th Street"],"Land \u0026 Building Dimensions":["on Avenue 19.6 x 67 each and 16 x 77.6 on 12th St.","19.6 x 67 each; 12th street 16 x 77.6 ; 16 x 60"],"Stories \u0026 Materials":["5","B.S.F. and brick"],"Additional Info":["houses \u0026 stores"],"Record Date":["1873 Feby 1"],"Valuation Date":["1879 November"],"Land \u0026 Building Value":[],"Total Value":["$42,000"],"Amount Loaned":["#27,000"]},"subjects":[{"id":"56b1775a50617568bb131700","type":"root","location":{"standard":"https://s3.amazonaws.com/scribe.nypl.org/emigrant-s4/full/e3e33970-00b1-0133-5e72-58d385a7bbd0.left-bottom.jpg","thumbnail":"https://s3.amazonaws.com/scribe.nypl.org/emigrant-s4/thumb/e3e33970-00b1-0133-5e72-58d385a7bbd0.left-bottom.jpg"},"status":"retired","width":1372,"height":1086,"meta_data":{"capture_uuid":"e3e33970-00b1-0133-5e72-58d385a7bbd0","page_uri":"http://digitalcollections.nypl.org/items/e3e33970-00b1-0133-5e72-58d385a7bbd0","book_uri":"http://digitalcollections.nypl.org/items/df712aa0-00b1-0133-fbd7-58d385a7bbd0","source_rotated":"0.811263","source_x":"0","source_y":"963.5","source_w":"1372.7","source_h":"1086.5"},"assertions":[{"id":"56b1775a50617568bb141700","status":"complete","name":"Record Number","created_in_workflow":"transcribe","confidence":1.0,"data":{"value":"680 to 683"},"versions":[{"data":{"value":"680 to 683"},"votes":3,"confidence":1.0,"instances":[{"created":"2015-12-13T16:30:45Z","user_id":"563f8b7a3264340003774b00","duration":23.045},{"created":"2015-12-13T18:28:34Z","user_id":"566dab6f3562640003610000","duration":16.32},{"created":"2015-12-13T21:21:29Z","user_id":"566ddbbc3562640003eb0100","duration":22.741}]}],"region":{"x":899.7395513522948,"y":51.5688847235239,"width":164.20620281949425,"height":69.21087160262417,"label":"Record Number","shape":"rectangle"},"task_key":"em_record_number","instructions":{"mark":"Record Number","transcribe":"Enter the record number"}},{"id":"56b1775a50617568bb151700","status":"awaiting_votes","name":"Mortgager","created_in_workflow":"transcribe","confidence":0.3333333333333333,"data":{"value":"Wm. L. Loen now David McMullen and John McBride"},"versions":[{"data":{"value":"Wm. L. Loen now David McMullen and John McBride"},"votes":1,"confidence":0.3333333333333333,"instances":[{"created":"2015-12-13T16:34:30Z","user_id":"563f8b7a3264340003774b00","duration":78.246}]},{"data":{"value":"Wm. L. Loen now David McMullen and John W. Bride"},"votes":1,"confidence":0.3333333333333333,"instances":[{"created":"2015-12-13T21:23:43Z","user_id":"566ddbbc3562640003eb0100","duration":113.225}]},{"data":{"value":"Wm L. Loew now David W. Mullen and John W. Bride"},"votes":1,"confidence":0.3333333333333333,"instances":[{"created":"2015-12-13T21:39:29Z","user_id":"566de34a36613500030d0400","duration":39.477}]}],"region":{"x":318.91099923044777,"y":536.0449859418932,"width":925.5258704371488,"height":61.068416119962535,"label":"Mortgager Name","shape":"rectangle"},"task_key":"em_record_mortgager","instructions":{"mark":"Mortgager Name","transcribe":"Enter the mortgager's name"}},{"id":"56b1775a50617568bb161700","status":"awaiting_votes","name":"Street Address","created_in_workflow":"transcribe","confidence":0.3333333333333333,"data":{"value":"Nos: 189, 191 \u0026 193 Avenue C and 654 E. 12th Street"},"versions":[{"data":{"value":"Nos: 189, 191 \u0026 193 Avenue C and 654 E. 12th Street"},"votes":1,"confidence":0.3333333333333333,"instances":[{"created":"2015-12-13T16:35:36Z","user_id":"563f8b7a3264340003774b00","duration":65.28}]},{"data":{"value":"Nos: 189.191 \u0026 193 Avenue C and No. 654 E. 12th Street"},"votes":1,"confidence":0.3333333333333333,"instances":[{"created":"2015-12-13T21:25:07Z","user_id":"566ddbbc3562640003eb0100","duration":83.735}]},{"data":{"value":"Nos: 189, 191 to 193 Avenue and No. 654. E 12th Streets"},"votes":1,"confidence":0.3333333333333333,"instances":[{"created":"2015-12-13T21:40:17Z","user_id":"566de34a36613500030d0400","duration":48.902}]}],"region":{"x":398.97848655565565,"y":598.4704779756325,"width":719.2503098705116,"height":32.569821930646754,"label":"Street Address","shape":"rectangle"},"task_key":"em_record_street_address","instructions":{"mark":"Street Address","transcribe":"Enter the street address"}},{"id":"56b1775a50617568bb171700","status":"awaiting_transcriptions","name":"Land \u0026 Building Dimensions","created_in_workflow":"transcribe","confidence":0.3333333333333333,"data":{"em_survey_land_dimensions":"on Avenue 19.6 x 67 each and 16 x 77.6 on 12th St.","em_survey_building_dimensions":"19.6 x 67 each; 12th street 16 x 77.6 ; 16 x 60"},"versions":[{"data":{"em_survey_land_dimensions":"on Avenue 19.6 x 67 each and 16 x 77.6 on 12th St.","em_survey_building_dimensions":"19.6 x 67 each; 12th street 16 x 77.6 ; 16 x 60"},"votes":1,"confidence":0.3333333333333333,"instances":[{"created":"2015-12-13T16:41:02Z","user_id":"563f8b7a3264340003774b00","duration":326.211}]}],"region":{"x":390.8360302174989,"y":628.3261480787254,"width":659.5389633906956,"height":100.42361761949394,"label":"Dimension \u0026 Description","shape":"rectangle"},"task_key":"em_record_survey","instructions":{"mark":"Dimension \u0026 Description","transcribe":"Enter, as they appear, any land and building dimensions that were recorded. In the next screen, you'll enter the descriptive information."}},{"id":"56b1775a50617568bb181700","status":"awaiting_transcriptions","name":"Stories \u0026 Materials","created_in_workflow":"transcribe","confidence":0.3333333333333333,"data":{"em_record_stories":"5","em_record_material":"B.S.F. and brick"},"versions":[{"data":{"em_record_stories":"5","em_record_material":"B.S.F. and brick"},"votes":1,"confidence":0.3333333333333333,"instances":[{"created":"2015-12-13T16:41:40Z","user_id":"563f8b7a3264340003774b00","duration":38.108}]}],"region":{"x":390.8360302174989,"y":628.3261480787254,"width":659.5389633906956,"height":100.42361761949394,"label":"Dimension \u0026 Description","shape":"rectangle"},"task_key":"em_record_survey_stories_materials","instructions":{"mark":"Dimension \u0026 Description","transcribe":"Enter, as they appear, the number of stories and the building materials."}},{"id":"56b1775a50617568bb191700","status":"awaiting_transcriptions","name":"Additional Info","created_in_workflow":"transcribe","confidence":0.3333333333333333,"data":{"value":"houses \u0026 stores"},"versions":[{"data":{"value":"houses \u0026 stores"},"votes":1,"confidence":0.3333333333333333,"instances":[{"created":"2015-12-13T16:41:50Z","user_id":"563f8b7a3264340003774b00","duration":10.275}]}],"region":{"x":390.8360302174989,"y":628.3261480787254,"width":659.5389633906956,"height":100.42361761949394,"label":"Dimension \u0026 Description","shape":"rectangle"},"task_key":"em_record_survey_additional_info","instructions":{"mark":"Dimension \u0026 Description","transcribe":"Enter any additional information you find about the building's construction or significance."}},{"id":"56b1775a50617568bb1a1700","status":"complete","name":"Record Date","created_in_workflow":"transcribe","confidence":1.0,"data":{"value":"1873 Feby 1"},"versions":[{"data":{"value":"1873 Feby 1"},"votes":3,"confidence":1.0,"instances":[{"created":"2015-12-13T16:32:00Z","user_id":"563f8b7a3264340003774b00","duration":74.464},{"created":"2015-12-13T21:38:38Z","user_id":"566de34a36613500030d0400","duration":9.777},{"created":"2015-12-13T23:33:44Z","user_id":"566dff1e3562640003880300","duration":16.35}]}],"region":{"x":36.63917950768094,"y":104.49484536082474,"width":177.7769633830887,"height":120.77975632614806,"label":"Record Date","shape":"rectangle"},"task_key":"em_record_date","instructions":{"mark":"Record Date","transcribe":"Enter the record date"}},{"id":"56b1775a50617568bb1b1700","status":"awaiting_transcriptions","name":"Valuation Date","created_in_workflow":"transcribe","confidence":0.3333333333333333,"data":{"value":"1879 November"},"versions":[{"data":{"value":"1879 November"},"votes":1,"confidence":0.3333333333333333,"instances":[{"created":"2015-12-13T16:42:01Z","user_id":"563f8b7a3264340003774b00","duration":10.784}]}],"region":{"x":39.35333162039986,"y":746.3917525773196,"width":1046.3056394531404,"height":89.56701030927832,"label":"Valuation","shape":"rectangle"},"task_key":"em_record_valuation","instructions":{"mark":"Valuation","transcribe":"Enter the date of the valuation (if one is given). In the next screen, you'll enter the valuation's dollar amounts."}},{"id":"56b1775a50617568bb1c1700","status":"awaiting_transcriptions","name":"Land \u0026 Building Value","created_in_workflow":"transcribe","confidence":0.3333333333333333,"data":{"em_valuation_ground":""},"versions":[{"data":{"em_valuation_ground":""},"votes":1,"confidence":0.3333333333333333,"instances":[{"created":"2015-12-13T16:42:47Z","user_id":"563f8b7a3264340003774b00","duration":46.226}]}],"region":{"x":39.35333162039986,"y":746.3917525773196,"width":1046.3056394531404,"height":89.56701030927832,"label":"Valuation","shape":"rectangle"},"task_key":"em_record_valuation_ground_building","instructions":{"mark":"Valuation","transcribe":"Sometimes valuations include itemized dollar values for \"ground\" and \"building\". Enter these amounts if you can find them. In the next screen, you'll enter the total valuation."}},{"id":"56b1775a50617568bb1d1700","status":"awaiting_transcriptions","name":"Total Value","created_in_workflow":"transcribe","confidence":0.3333333333333333,"data":{"value":"$42,000"},"versions":[{"data":{"value":"$42,000"},"votes":1,"confidence":0.3333333333333333,"instances":[{"created":"2015-12-13T16:43:12Z","user_id":"563f8b7a3264340003774b00","duration":24.403}]}],"region":{"x":39.35333162039986,"y":746.3917525773196,"width":1046.3056394531404,"height":89.56701030927832,"label":"Valuation","shape":"rectangle"},"task_key":"em_record_valuation_total","instructions":{"mark":"Valuation","transcribe":"Enter the valuation ***total*** (if one is given)"}},{"id":"56b1775a50617568bb1e1700","status":"awaiting_votes","name":"Amount Loaned","created_in_workflow":"transcribe","confidence":0.3333333333333333,"data":{"value":"#27,000"},"versions":[{"data":{"value":"#27,000"},"votes":1,"confidence":0.3333333333333333,"instances":[{"created":"2015-12-13T16:43:28Z","user_id":"563f8b7a3264340003774b00","duration":16.175}]},{"data":{"value":"$27,000."},"votes":1,"confidence":0.3333333333333333,"instances":[{"created":"2015-12-13T21:25:50Z","user_id":"566ddbbc3562640003eb0100","duration":43.623}]},{"data":{"value":"in each of the Asuming houses $7000 in the Street house $6000 total $27,000."},"votes":1,"confidence":0.3333333333333333,"instances":[{"created":"2015-12-13T21:42:28Z","user_id":"566de34a36613500030d0400","duration":90.156}]}],"region":{"x":223.91567528528586,"y":751.8200562324273,"width":1030.020726776827,"height":39.35520149953148,"label":"Amount Loaned","shape":"rectangle"},"task_key":"em_record_amount_loaned","instructions":{"mark":"Amount Loaned","transcribe":"Enter the Amount Loaned"}}]}]}