{"id":"56b0ffd97061755afb000200","meta_data":{"capture_uuid":"dff8d2e0-00b1-0133-be4f-58d385a7bbd0","page_uri":"http://digitalcollections.nypl.org/items/dff8d2e0-00b1-0133-be4f-58d385a7bbd0","book_uri":"http://digitalcollections.nypl.org/items/df712aa0-00b1-0133-fbd7-58d385a7bbd0","source_rotated":"0","source_x":"1203.2","source_y":"0","source_w":"1356.8","source_h":"1002.05"},"type":"final_subject_set","search_terms_by_field":{},"subjects":[{"id":"56b1761f50617568bbc80100","type":"root","location":{"standard":"https://s3.amazonaws.com/scribe.nypl.org/emigrant-s4/full/dff8d2e0-00b1-0133-be4f-58d385a7bbd0.right-top.jpg","thumbnail":"https://s3.amazonaws.com/scribe.nypl.org/emigrant-s4/thumb/dff8d2e0-00b1-0133-be4f-58d385a7bbd0.right-top.jpg"},"status":"bad","width":1356,"height":1002,"meta_data":{"capture_uuid":"dff8d2e0-00b1-0133-be4f-58d385a7bbd0","page_uri":"http://digitalcollections.nypl.org/items/dff8d2e0-00b1-0133-be4f-58d385a7bbd0","book_uri":"http://digitalcollections.nypl.org/items/df712aa0-00b1-0133-fbd7-58d385a7bbd0","source_rotated":"0","source_x":"1203.2","source_y":"0","source_w":"1356.8","source_h":"1002.05"},"assertions":[]}]}