{"id":"56b100e87061755afb451600","meta_data":{"capture_uuid":"e3773a80-00b1-0133-bd23-58d385a7bbd0","page_uri":"http://digitalcollections.nypl.org/items/e3773a80-00b1-0133-bd23-58d385a7bbd0","book_uri":"http://digitalcollections.nypl.org/items/df712aa0-00b1-0133-fbd7-58d385a7bbd0","source_rotated":"0.587485","source_x":"1212.57","source_y":"951.28","source_w":"1367.43","source_h":"1072.72"},"type":"final_subject_set","search_terms_by_field":{"Record Number":["616"],"Mortgager":["Ann Edwards"],"Street Address":["No. 282 7th Avenue"],"Land \u0026 Building Dimensions":["24.9 x 88.6","24.9 x 50"],"Stories \u0026 Materials":["3","brick"],"Additional Info":["house"],"Record Date":["1872 July 23"],"Valuation Date":["1879 November"],"Land \u0026 Building Value":[],"Total Value":["$15000"],"Amount Loaned":["$4500"]},"subjects":[{"id":"56b1773750617568bbac1400","type":"root","location":{"standard":"https://s3.amazonaws.com/scribe.nypl.org/emigrant-s4/full/e3773a80-00b1-0133-bd23-58d385a7bbd0.right-bottom.jpg","thumbnail":"https://s3.amazonaws.com/scribe.nypl.org/emigrant-s4/thumb/e3773a80-00b1-0133-bd23-58d385a7bbd0.right-bottom.jpg"},"status":"active","width":1367,"height":1072,"meta_data":{"capture_uuid":"e3773a80-00b1-0133-bd23-58d385a7bbd0","page_uri":"http://digitalcollections.nypl.org/items/e3773a80-00b1-0133-bd23-58d385a7bbd0","book_uri":"http://digitalcollections.nypl.org/items/df712aa0-00b1-0133-fbd7-58d385a7bbd0","source_rotated":"0.587485","source_x":"1212.57","source_y":"951.28","source_w":"1367.43","source_h":"1072.72"},"assertions":[{"id":"56b1773750617568bbad1400","status":"complete","name":"Record Number","created_in_workflow":"transcribe","confidence":1.0,"data":{"value":"616"},"versions":[{"data":{"value":"616"},"votes":3,"confidence":1.0,"instances":[{"created":"2016-01-31T20:36:06Z","user_id":"5668bbbe3064310003db0500","duration":3.543},{"created":"2016-01-31T21:25:00Z","user_id":"56980a2d3337650003270200","duration":6.802},{"created":"2016-02-01T00:03:18Z","user_id":"56ae9eec3234360003fa0400","duration":8.359}]}],"region":{"x":970.8314629019872,"y":43.26874260938116,"width":98.70681551996017,"height":66.2552621206149,"label":"Record Number","shape":"rectangle"},"task_key":"em_record_number","instructions":{"mark":"Record Number","transcribe":"Enter the record number"}},{"id":"56b1773750617568bbae1400","status":"complete","name":"Mortgager","created_in_workflow":"transcribe","confidence":1.0,"data":{"value":"Ann Edwards"},"versions":[{"data":{"value":"Ann Edwards"},"votes":3,"confidence":1.0,"instances":[{"created":"2016-01-31T20:36:22Z","user_id":"5668bbbe3064310003db0500","duration":4.693},{"created":"2016-01-31T21:27:14Z","user_id":"56980a2d3337650003270200","duration":9.332},{"created":"2016-02-01T00:04:17Z","user_id":"56ae9eec3234360003fa0400","duration":7.751}]}],"region":{"x":435.3807924101483,"y":532.7463933780056,"width":312.34622445357263,"height":59.4945210878991,"label":"Mortgager Name","shape":"rectangle"},"task_key":"em_record_mortgager","instructions":{"mark":"Mortgager Name","transcribe":"Enter the mortgager's name"}},{"id":"56b1773750617568bbaf1400","status":"awaiting_votes","name":"Street Address","created_in_workflow":"transcribe","confidence":0.3333333333333333,"data":{"value":"No. 282 7th Avenue"},"versions":[{"data":{"value":"No. 282 7th Avenue"},"votes":1,"confidence":0.3333333333333333,"instances":[{"created":"2016-01-31T20:36:30Z","user_id":"5668bbbe3064310003db0500","duration":8.489}]},{"data":{"value":"No. 282. 7th Avenue"},"votes":1,"confidence":0.3333333333333333,"instances":[{"created":"2016-01-31T21:27:31Z","user_id":"56980a2d3337650003270200","duration":16.631}]},{"data":{"value":"No. 282 7th. Avenue"},"votes":1,"confidence":0.3333333333333333,"instances":[{"created":"2016-02-01T00:04:34Z","user_id":"56ae9eec3234360003fa0400","duration":17.622}]}],"region":{"x":519.2139781942241,"y":576.0151359873867,"width":316.4026689269957,"height":55.43807646826963,"label":"Street Address","shape":"rectangle"},"task_key":"em_record_street_address","instructions":{"mark":"Street Address","transcribe":"Enter the street address"}},{"id":"56b1773750617568bbb01400","status":"awaiting_transcriptions","name":"Land \u0026 Building Dimensions","created_in_workflow":"transcribe","confidence":0.3333333333333333,"data":{"em_survey_land_dimensions":"24.9 x 88.6","em_survey_building_dimensions":"24.9 x 50"},"versions":[{"data":{"em_survey_land_dimensions":"24.9 x 88.6","em_survey_building_dimensions":"24.9 x 50"},"votes":1,"confidence":0.3333333333333333,"instances":[{"created":"2016-01-31T20:36:47Z","user_id":"5668bbbe3064310003db0500","duration":16.424}]}],"region":{"x":412.39427372741784,"y":621.9881750098542,"width":550.3243002277233,"height":82.48104059913291,"label":"Dimension \u0026 Description","shape":"rectangle"},"task_key":"em_record_survey","instructions":{"mark":"Dimension \u0026 Description","transcribe":"Enter, as they appear, any land and building dimensions that were recorded. In the next screen, you'll enter the descriptive information."}},{"id":"56b1773750617568bbb11400","status":"awaiting_transcriptions","name":"Stories \u0026 Materials","created_in_workflow":"transcribe","confidence":0.3333333333333333,"data":{"em_record_stories":"3","em_record_material":"brick"},"versions":[{"data":{"em_record_stories":"3","em_record_material":"brick"},"votes":1,"confidence":0.3333333333333333,"instances":[{"created":"2016-01-31T20:36:50Z","user_id":"5668bbbe3064310003db0500","duration":3.775}]}],"region":{"x":412.39427372741784,"y":621.9881750098542,"width":550.3243002277233,"height":82.48104059913291,"label":"Dimension \u0026 Description","shape":"rectangle"},"task_key":"em_record_survey_stories_materials","instructions":{"mark":"Dimension \u0026 Description","transcribe":"Enter, as they appear, the number of stories and the building materials."}},{"id":"56b1773750617568bbb21400","status":"awaiting_transcriptions","name":"Additional Info","created_in_workflow":"transcribe","confidence":0.3333333333333333,"data":{"value":"house"},"versions":[{"data":{"value":"house"},"votes":1,"confidence":0.3333333333333333,"instances":[{"created":"2016-01-31T20:36:52Z","user_id":"5668bbbe3064310003db0500","duration":1.75}]}],"region":{"x":412.39427372741784,"y":621.9881750098542,"width":550.3243002277233,"height":82.48104059913291,"label":"Dimension \u0026 Description","shape":"rectangle"},"task_key":"em_record_survey_additional_info","instructions":{"mark":"Dimension \u0026 Description","transcribe":"Enter any additional information you find about the building's construction or significance."}},{"id":"56b1773750617568bbb31400","status":"complete","name":"Record Date","created_in_workflow":"transcribe","confidence":1.0,"data":{"value":"1872 July 23"},"versions":[{"data":{"value":"1872 July 23"},"votes":3,"confidence":1.0,"instances":[{"created":"2016-01-31T20:36:12Z","user_id":"5668bbbe3064310003db0500","duration":5.682},{"created":"2016-01-31T21:00:06Z","user_id":"56980a2d3337650003270200","duration":13.967},{"created":"2016-02-01T00:03:58Z","user_id":"56ae9eec3234360003fa0400","duration":12.031}]}],"region":{"x":105.45664190507583,"y":97.35467087110761,"width":182.540001304036,"height":163.60993299172253,"label":"Record Date","shape":"rectangle"},"task_key":"em_record_date","instructions":{"mark":"Record Date","transcribe":"Enter the record date"}},{"id":"56b1773750617568bbb41400","status":"awaiting_transcriptions","name":"Valuation Date","created_in_workflow":"transcribe","confidence":0.3333333333333333,"data":{"value":"1879 November"},"versions":[{"data":{"value":"1879 November"},"votes":1,"confidence":0.3333333333333333,"instances":[{"created":"2016-01-31T20:37:03Z","user_id":"5668bbbe3064310003db0500","duration":6.698}]}],"region":{"x":102.75234558946049,"y":753.1465510445408,"width":728.8078570583363,"height":90.59392983839177,"label":"Valuation","shape":"rectangle"},"task_key":"em_record_valuation","instructions":{"mark":"Valuation","transcribe":"Enter the date of the valuation (if one is given). In the next screen, you'll enter the valuation's dollar amounts."}},{"id":"56b1773750617568bbb51400","status":"awaiting_transcriptions","name":"Land \u0026 Building Value","created_in_workflow":"transcribe","confidence":0.3333333333333333,"data":{"em_valuation_ground":""},"versions":[{"data":{"em_valuation_ground":""},"votes":1,"confidence":0.3333333333333333,"instances":[{"created":"2016-01-31T20:37:04Z","user_id":"5668bbbe3064310003db0500","duration":1.034}]}],"region":{"x":102.75234558946049,"y":753.1465510445408,"width":728.8078570583363,"height":90.59392983839177,"label":"Valuation","shape":"rectangle"},"task_key":"em_record_valuation_ground_building","instructions":{"mark":"Valuation","transcribe":"Sometimes valuations include itemized dollar values for \"ground\" and \"building\". Enter these amounts if you can find them. In the next screen, you'll enter the total valuation."}},{"id":"56b1773750617568bbb61400","status":"awaiting_transcriptions","name":"Total Value","created_in_workflow":"transcribe","confidence":0.3333333333333333,"data":{"value":"$15000"},"versions":[{"data":{"value":"$15000"},"votes":1,"confidence":0.3333333333333333,"instances":[{"created":"2016-01-31T20:37:10Z","user_id":"5668bbbe3064310003db0500","duration":6.698}]}],"region":{"x":102.75234558946049,"y":753.1465510445408,"width":728.8078570583363,"height":90.59392983839177,"label":"Valuation","shape":"rectangle"},"task_key":"em_record_valuation_total","instructions":{"mark":"Valuation","transcribe":"Enter the valuation ***total*** (if one is given)"}},{"id":"56b1773750617568bbb71400","status":"awaiting_votes","name":"Amount Loaned","created_in_workflow":"transcribe","confidence":0.3333333333333333,"data":{"value":"$4500"},"versions":[{"data":{"value":"$4500"},"votes":1,"confidence":0.3333333333333333,"instances":[{"created":"2016-01-31T20:36:56Z","user_id":"5668bbbe3064310003db0500","duration":3.763}]},{"data":{"value":"$4500."},"votes":1,"confidence":0.3333333333333333,"instances":[{"created":"2016-01-31T21:28:24Z","user_id":"56980a2d3337650003270200","duration":9.882}]},{"data":{"value":"$4,500"},"votes":1,"confidence":0.3333333333333333,"instances":[{"created":"2016-02-01T00:05:42Z","user_id":"56ae9eec3234360003fa0400","duration":17.383}]}],"region":{"x":1164.1886494684845,"y":715.2864012613322,"width":167.6663715681516,"height":81.1288923925897,"label":"Amount Loaned","shape":"rectangle"},"task_key":"em_record_amount_loaned","instructions":{"mark":"Amount Loaned","transcribe":"Enter the Amount Loaned"}}]}]}