{"id":"56b0ffe17061755afbbd0200","meta_data":{"capture_uuid":"e0321da0-00b1-0133-e275-58d385a7bbd0","page_uri":"http://digitalcollections.nypl.org/items/e0321da0-00b1-0133-e275-58d385a7bbd0","book_uri":"http://digitalcollections.nypl.org/items/df712aa0-00b1-0133-fbd7-58d385a7bbd0","source_rotated":"1.73401","source_x":"1231.37","source_y":"979.4799999999999","source_w":"1388.63","source_h":"1104.52"},"type":"final_subject_set","search_terms_by_field":{},"subjects":[{"id":"56b1762750617568bb6c0200","type":"root","location":{"standard":"https://s3.amazonaws.com/scribe.nypl.org/emigrant-s4/full/e0321da0-00b1-0133-e275-58d385a7bbd0.right-bottom.jpg","thumbnail":"https://s3.amazonaws.com/scribe.nypl.org/emigrant-s4/thumb/e0321da0-00b1-0133-e275-58d385a7bbd0.right-bottom.jpg"},"status":"bad","width":1388,"height":1104,"meta_data":{"capture_uuid":"e0321da0-00b1-0133-e275-58d385a7bbd0","page_uri":"http://digitalcollections.nypl.org/items/e0321da0-00b1-0133-e275-58d385a7bbd0","book_uri":"http://digitalcollections.nypl.org/items/df712aa0-00b1-0133-fbd7-58d385a7bbd0","source_rotated":"1.73401","source_x":"1231.37","source_y":"979.4799999999999","source_w":"1388.63","source_h":"1104.52"},"assertions":[]}]}